n,m,n_over_m,sparsity,condition,seed,feature,w_norm,represented,D_groundtruth,top1_evr,pr,r_set1,r_set2,sat_set1,sat_set2
20,10,2,0.8,baseline,0,0,1.2402334213256836,1,0.4970605969429016,0.2703213691711426,7.104071140289307,0.12571504712104797,0.503468930721283,0.0,0.0
20,10,2,0.8,baseline,0,1,1.1817131042480469,1,0.5087412595748901,0.244064062833786,7.521100997924805,0.12387002259492874,0.503876805305481,0.0,0.0
20,10,2,0.8,baseline,0,2,1.2881896495819092,1,0.5445354580879211,0.2744435667991638,6.948285102844238,0.13417202234268188,0.5454182624816895,0.0,0.0
20,10,2,0.8,baseline,0,3,1.2812713384628296,1,0.5082149505615234,0.2721307873725891,7.022648811340332,0.13040894269943237,0.5284261107444763,0.0,0.0
20,10,2,0.8,baseline,0,4,1.275713562965393,1,0.4918763041496277,0.2811002731323242,6.906734943389893,0.14162373542785645,0.5545496940612793,0.0,0.0
20,10,2,0.8,baseline,0,5,1.2170894145965576,1,0.4785016179084778,0.2602287828922272,7.240633010864258,0.13048171997070312,0.5203419923782349,0.0,0.0
20,10,2,0.8,baseline,0,6,1.4427324533462524,1,0.5230309963226318,0.33173510432243347,6.005226135253906,0.14563587307929993,0.5869288444519043,0.0,0.0
20,10,2,0.8,baseline,0,7,1.262330174446106,1,0.481733113527298,0.27382418513298035,7.037200450897217,0.13604700565338135,0.5499905943870544,0.0,0.0
20,10,2,0.8,baseline,0,8,1.146340250968933,1,0.4787132441997528,0.24764622747898102,7.474468231201172,0.12870600819587708,0.5189602375030518,0.0,0.0
20,10,2,0.8,baseline,0,9,1.4628807306289673,1,0.49493473768234253,0.3540651202201843,5.601383686065674,0.15312953293323517,0.6111863255500793,0.0,0.0
20,10,2,0.8,baseline,0,10,1.5093543529510498,1,0.5029572248458862,0.36877089738845825,5.372376441955566,0.15827657282352448,0.6365232467651367,0.0,0.0
20,10,2,0.8,baseline,0,11,1.2333531379699707,1,0.47043105959892273,0.2693507671356201,7.068481922149658,0.1389121264219284,0.5549281239509583,0.0,0.0
20,10,2,0.8,baseline,0,12,1.4468868970870972,1,0.4843931794166565,0.3512948155403137,5.659743309020996,0.1578044444322586,0.6101425886154175,0.0,0.0
20,10,2,0.8,baseline,0,13,1.486538052558899,1,0.4879665672779083,0.3569616377353668,5.550398826599121,0.16220203042030334,0.6380478739738464,0.0,0.0
20,10,2,0.8,baseline,0,14,1.4187617301940918,1,0.49203595519065857,0.3279465138912201,6.041945934295654,0.14930659532546997,0.593701958656311,0.0,0.0
20,10,2,0.8,baseline,0,15,1.4145673513412476,1,0.4884873032569885,0.3339357078075409,5.939040660858154,0.15351590514183044,0.5990906953811646,0.0,0.0
20,10,2,0.8,baseline,0,16,1.1661299467086792,1,0.44600483775138855,0.25740641355514526,7.2763142585754395,0.15101374685764313,0.6039636135101318,0.0,0.0
20,10,2,0.8,baseline,0,17,0.6759036183357239,1,0.4223288595676422,0.15770721435546875,9.24933910369873,0.06496040523052216,0.2599942982196808,0.0,0.0
20,10,2,0.8,baseline,0,18,0.22946128249168396,0,0.04971601814031601,0.15139451622962952,8.831716537475586,0.1701602190732956,0.7541588544845581,0.0,0.0
20,10,2,0.8,baseline,0,19,1.3214852809906006,1,0.43851685523986816,0.31125926971435547,6.353302478790283,0.16378018260002136,0.6489366292953491,0.0,0.0
20,10,2,0.8,baseline,1,0,1.0820316076278687,1,0.8535017371177673,0.17507368326187134,8.509915351867676,0.10124789923429489,0.40254926681518555,0.0,0.0
20,10,2,0.8,baseline,1,1,1.291251540184021,1,0.5397335886955261,0.2577223479747772,7.053607940673828,0.13721249997615814,0.5452481508255005,0.0,0.0
20,10,2,0.8,baseline,1,2,1.3358049392700195,1,0.46152737736701965,0.2869631052017212,6.601511001586914,0.12993629276752472,0.526401698589325,0.0,0.0
20,10,2,0.8,baseline,1,3,1.3237541913986206,1,0.4532608389854431,0.2870542109012604,6.6540045738220215,0.1252671331167221,0.48823994398117065,0.0,0.0
20,10,2,0.8,baseline,1,4,1.527904987335205,1,0.5502386689186096,0.3252479135990143,5.941123962402344,0.15868224203586578,0.6251453161239624,0.0,0.0
20,10,2,0.8,baseline,1,5,1.5463303327560425,1,0.5024370551109314,0.3385033905506134,5.769340991973877,0.16015514731407166,0.6263712644577026,0.0,0.0
20,10,2,0.8,baseline,1,6,1.4974440336227417,1,0.4923277497291565,0.33611205220222473,5.786131381988525,0.15681298077106476,0.6269983053207397,0.0,0.0
20,10,2,0.8,baseline,1,7,1.563376545906067,1,0.5092543363571167,0.34606650471687317,5.58647346496582,0.16574546694755554,0.6461096405982971,0.0,0.0
20,10,2,0.8,baseline,1,8,1.4796799421310425,1,0.48090142011642456,0.3250294327735901,5.937206268310547,0.15412484109401703,0.605987548828125,0.0,0.0
20,10,2,0.8,baseline,1,9,1.5392283201217651,1,0.49150121212005615,0.3445591628551483,5.628773212432861,0.16411155462265015,0.649483859539032,0.0,0.0
20,10,2,0.8,baseline,1,10,1.5871193408966064,1,0.492011159658432,0.3657152056694031,5.302670955657959,0.1601676344871521,0.6239745616912842,0.0,0.0
20,10,2,0.8,baseline,1,11,1.5238275527954102,1,0.4817119538784027,0.351041704416275,5.54367733001709,0.1658128947019577,0.6765946745872498,0.0,0.0
20,10,2,0.8,baseline,1,12,1.5706418752670288,1,0.48172104358673096,0.36452287435531616,5.325310230255127,0.16579703986644745,0.6569619178771973,0.0,0.0
20,10,2,0.8,baseline,1,13,1.5210460424423218,1,0.48217132687568665,0.32959654927253723,5.858724117279053,0.17054159939289093,0.6663116812705994,0.0,0.0
20,10,2,0.8,baseline,1,14,1.185904860496521,1,0.4553401470184326,0.2353682667016983,7.430259704589844,0.15082742273807526,0.5966159105300903,0.0,0.0
20,10,2,0.8,baseline,1,15,0.8334810137748718,1,0.3297887444496155,0.17444650828838348,8.536494255065918,0.07085547596216202,0.27471041679382324,0.0,0.0
20,10,2,0.8,baseline,1,16,1.4458454847335815,1,0.43911218643188477,0.31632426381111145,6.11582088470459,0.17008382081985474,0.6737856268882751,0.0,0.0
20,10,2,0.8,baseline,1,17,0.22547978162765503,0,0.024678288027644157,0.17040255665779114,8.28014850616455,0.22558943927288055,1.0249522924423218,0.0,0.0
20,10,2,0.8,baseline,1,18,0.1939426064491272,0,0.018114784732460976,0.16931338608264923,8.211990356445312,0.2638520896434784,1.21402108669281,0.0,0.0
20,10,2,0.8,baseline,1,19,1.350277304649353,1,0.42940467596054077,0.29927366971969604,6.378019332885742,0.18691043555736542,0.7384151220321655,0.0,0.0
20,10,2,0.8,baseline,2,0,1.0190404653549194,1,0.7783148884773254,0.20359712839126587,7.926999568939209,0.08721954375505447,0.3580605685710907,0.0,0.0
20,10,2,0.8,baseline,2,1,0.8971994519233704,1,0.8097348809242249,0.16783952713012695,8.449451446533203,0.08096414804458618,0.32717403769493103,0.0,0.0
20,10,2,0.8,baseline,2,2,1.3080976009368896,1,0.5133845210075378,0.3218251168727875,5.933775424957275,0.13385549187660217,0.5317821502685547,0.0,0.0
20,10,2,0.8,baseline,2,3,1.3613742589950562,1,0.5341632962226868,0.33385205268859863,5.756389141082764,0.13743896782398224,0.5560725927352905,0.0,0.0
20,10,2,0.8,baseline,2,4,1.3815782070159912,1,0.4951041340827942,0.35459837317466736,5.4026594161987305,0.1502618044614792,0.596707820892334,0.0,0.0
20,10,2,0.8,baseline,2,5,1.3768068552017212,1,0.4917283058166504,0.3783359229564667,5.061607360839844,0.14452408254146576,0.5562230944633484,0.0,0.0
20,10,2,0.8,baseline,2,6,1.3664661645889282,1,0.5004028677940369,0.35326915979385376,5.446746349334717,0.1418563276529312,0.5707554817199707,0.0,0.0
20,10,2,0.8,baseline,2,7,1.4485925436019897,1,0.5247364640235901,0.37184977531433105,5.166361331939697,0.1484365463256836,0.5855969786643982,0.0,0.0
20,10,2,0.8,baseline,2,8,1.398803949356079,1,0.5081850290298462,0.3615869879722595,5.300107002258301,0.14573423564434052,0.5794170498847961,0.0,0.0
20,10,2,0.8,baseline,2,9,1.317422866821289,1,0.49675628542900085,0.35093992948532104,5.457930088043213,0.14068475365638733,0.5652174949645996,0.0,0.0
20,10,2,0.8,baseline,2,10,1.3068699836730957,1,0.48885229229927063,0.32394933700561523,5.893308162689209,0.14001668989658356,0.5683355927467346,0.0,0.0
20,10,2,0.8,baseline,2,11,1.3366645574569702,1,0.4787217378616333,0.34902581572532654,5.512046813964844,0.14509323239326477,0.5859072804450989,0.0,0.0
20,10,2,0.8,baseline,2,12,1.2334532737731934,1,0.45671704411506653,0.30024048686027527,6.272812843322754,0.14197467267513275,0.5666189789772034,0.0,0.0
20,10,2,0.8,baseline,2,13,1.3584100008010864,1,0.47944748401641846,0.34707194566726685,5.516024589538574,0.1512528359889984,0.6010761857032776,0.0,0.0
20,10,2,0.8,baseline,2,14,0.8661696910858154,1,0.6573378443717957,0.1619431972503662,8.393814086914062,0.0806673914194107,0.3151359260082245,0.0,0.0
20,10,2,0.8,baseline,2,15,0.2781066298484802,0,0.06767883896827698,0.1561543047428131,8.247028350830078,0.2186296582221985,0.9612917304039001,0.0,0.0
20,10,2,0.8,baseline,2,16,1.2468847036361694,1,0.4479576051235199,0.30246859788894653,6.1936163902282715,0.1532626450061798,0.6067981719970703,0.0,0.0
20,10,2,0.8,baseline,2,17,0.18844789266586304,0,0.031005632132291794,0.15588080883026123,8.12004280090332,0.31749460101127625,1.457420825958252,0.0,0.0
20,10,2,0.8,baseline,2,18,0.12346062809228897,0,0.013371369801461697,0.16308410465717316,8.022789001464844,0.4766102731227875,2.249277353286743,0.0,0.0
20,10,2,0.8,baseline,2,19,1.3418265581130981,1,0.4497791528701782,0.34550854563713074,5.572271347045898,0.16193373501300812,0.6492323279380798,0.0,0.0
20,10,2,0.8,baseline,3,0,1.0842024087905884,1,0.6870190501213074,0.19695518910884857,7.994621753692627,0.09296828508377075,0.3647617697715759,0.0,0.0
20,10,2,0.8,baseline,3,1,1.4787054061889648,1,0.47185611724853516,0.3433608114719391,5.598569869995117,0.1427706629037857,0.524911642074585,0.0,0.0
20,10,2,0.8,baseline,3,2,1.0619877576828003,1,0.7526979446411133,0.19492128491401672,7.953299045562744,0.09497935324907303,0.3907014727592468,0.0,0.0
20,10,2,0.8,baseline,3,3,1.3094347715377808,1,0.49318814277648926,0.29603710770606995,6.326404094696045,0.13967680931091309,0.5507906079292297,0.0,0.0
20,10,2,0.8,baseline,3,4,1.3037275075912476,1,0.48896661400794983,0.282687246799469,6.516071319580078,0.1380806416273117,0.5493893623352051,0.0,0.0
20,10,2,0.8,baseline,3,5,1.344892978668213,1,0.5023168921470642,0.29617708921432495,6.3054327964782715,0.13647669553756714,0.5443538427352905,0.0,0.0
20,10,2,0.8,baseline,3,6,1.39093816280365,1,0.48936593532562256,0.3212989568710327,5.891450881958008,0.14561326801776886,0.5944601893424988,0.0,0.0
20,10,2,0.8,baseline,3,7,1.3870173692703247,1,0.486206978559494,0.3004501760005951,6.207763195037842,0.15126027166843414,0.6114410758018494,0.0,0.0
20,10,2,0.8,baseline,3,8,1.4352531433105469,1,0.4445900321006775,0.3358480930328369,5.666449546813965,0.14285483956336975,0.5525517463684082,0.0,0.0
20,10,2,0.8,baseline,3,9,1.4407368898391724,1,0.4328985810279846,0.33278727531433105,5.75411319732666,0.11726638674736023,0.4469776451587677,0.0,0.0
20,10,2,0.8,baseline,3,10,1.5354291200637817,1,0.47782468795776367,0.3778057098388672,5.0776591300964355,0.1557454764842987,0.6182152032852173,0.0,0.0
20,10,2,0.8,baseline,3,11,1.4007090330123901,1,0.38932323455810547,0.33555540442466736,5.746975898742676,0.11607558280229568,0.4651317596435547,0.0,0.0
20,10,2,0.8,baseline,3,12,1.3840593099594116,1,0.38037848472595215,0.34670647978782654,5.599917411804199,0.11327345669269562,0.4608113169670105,0.0,0.0
20,10,2,0.8,baseline,3,13,1.489145278930664,1,0.4279007315635681,0.35348355770111084,5.455541133880615,0.12682712078094482,0.49833551049232483,0.0,0.0
20,10,2,0.8,baseline,3,14,1.2848238945007324,1,0.458279550075531,0.27767086029052734,6.5872883796691895,0.14555221796035767,0.5868048071861267,0.0,0.0
20,10,2,0.8,baseline,3,15,1.3946245908737183,1,0.40508416295051575,0.3252037465572357,5.855752944946289,0.12693825364112854,0.5027430057525635,0.0,0.0
20,10,2,0.8,baseline,3,16,1.493617057800293,1,0.4520578980445862,0.36609289050102234,5.237370491027832,0.16237862408161163,0.6348090767860413,0.0,0.0
20,10,2,0.8,baseline,3,17,0.012413104996085167,0,8.177848212653771e-05,0.1844755858182907,7.871040344238281,4.539609432220459,25.710365295410156,0.0,1.0
20,10,2,0.8,baseline,3,18,0.009139356203377247,0,2.9317592634470202e-05,0.18016557395458221,7.866808891296387,13.998453140258789,25.280712127685547,0.0,1.0
20,10,2,0.8,baseline,3,19,1.4475830793380737,1,0.4044012427330017,0.34665653109550476,5.537619113922119,0.1316337138414383,0.5255019068717957,0.0,0.0
20,10,2,0.8,baseline,4,0,1.2285586595535278,1,0.5061464309692383,0.27927762269973755,6.6994123458862305,0.1345800757408142,0.556452751159668,0.0,0.0
20,10,2,0.8,baseline,4,1,1.3645129203796387,1,0.5034134387969971,0.3317939043045044,5.850556373596191,0.14108216762542725,0.5642532706260681,0.0,0.0
20,10,2,0.8,baseline,4,2,1.232903003692627,1,0.5021512508392334,0.287793904542923,6.522705078125,0.1345456838607788,0.538169264793396,0.0,0.0
20,10,2,0.8,baseline,4,3,1.0888447761535645,1,0.9440993666648865,0.20400480926036835,7.992120265960693,0.10394886136054993,0.41733813285827637,0.0,0.0
20,10,2,0.8,baseline,4,4,1.2602016925811768,1,0.7168557047843933,0.275138795375824,6.853799343109131,0.10354293882846832,0.41960445046424866,0.0,0.0
20,10,2,0.8,baseline,4,5,1.2176607847213745,1,0.4899844527244568,0.27282950282096863,6.696279525756836,0.13565443456172943,0.5362891554832458,0.0,0.0
20,10,2,0.8,baseline,4,6,1.4749634265899658,1,0.4965935945510864,0.3661118745803833,5.2713398933410645,0.14849722385406494,0.6139644384384155,0.0,0.0
20,10,2,0.8,baseline,4,7,1.423722743988037,1,0.5068727731704712,0.34850478172302246,5.534618377685547,0.15108029544353485,0.5989086031913757,0.0,0.0
20,10,2,0.8,baseline,4,8,1.1879948377609253,1,0.47314217686653137,0.26779884099960327,6.820798397064209,0.13151352107524872,0.5270081162452698,0.0,0.0
20,10,2,0.8,baseline,4,9,1.3055521249771118,1,0.4605966806411743,0.30352815985679626,6.258796215057373,0.15003806352615356,0.5969053506851196,0.0,0.0
20,10,2,0.8,baseline,4,10,1.4493213891983032,1,0.4794842004776001,0.36465853452682495,5.281942367553711,0.15218187868595123,0.5928257703781128,0.0,0.0
20,10,2,0.8,baseline,4,11,1.5213263034820557,1,0.4904445707798004,0.3891490399837494,4.918408393859863,0.15671712160110474,0.6303516626358032,0.0,0.0
20,10,2,0.8,baseline,4,12,1.4515020847320557,1,0.49896422028541565,0.3599434494972229,5.357119083404541,0.1490337997674942,0.5971335768699646,0.0,0.0
20,10,2,0.8,baseline,4,13,0.8962888717651367,1,0.5752670764923096,0.1734607070684433,8.377676963806152,0.07449119538068771,0.28930097818374634,0.0,0.0
20,10,2,0.8,baseline,4,14,1.5027414560317993,1,0.4784111976623535,0.39422091841697693,4.869898796081543,0.15812553465366364,0.6437744498252869,0.0,0.0
20,10,2,0.8,baseline,4,15,1.3695579767227173,1,0.46911460161209106,0.3350246250629425,5.750605583190918,0.1547534316778183,0.6058343648910522,0.0,0.0
20,10,2,0.8,baseline,4,16,1.4268429279327393,1,0.48195382952690125,0.35152819752693176,5.486642837524414,0.15646712481975555,0.6189037561416626,0.0,0.0
20,10,2,0.8,baseline,4,17,0.1697363704442978,0,0.02091890200972557,0.1653304100036621,8.12100887298584,0.35027411580085754,1.6357429027557373,0.0,0.0
20,10,2,0.8,baseline,4,18,0.15091435611248016,0,0.017314990982413292,0.1721467673778534,8.167793273925781,0.3763699531555176,1.751897931098938,0.0,0.0
20,10,2,0.8,baseline,4,19,0.1144186332821846,0,0.009632236324250698,0.16755329072475433,8.049314498901367,0.5072901248931885,2.4196760654449463,0.0,0.0
20,10,2,0.8,input_at,0,0,0.943175196647644,1,0.8380522131919861,0.2205612063407898,6.971258640289307,0.08593163639307022,0.3425324857234955,0.0,0.0
20,10,2,0.8,input_at,0,1,1.1406160593032837,1,0.489143043756485,0.28116026520729065,5.903576850891113,0.12483032047748566,0.5083433389663696,0.0,0.0
20,10,2,0.8,input_at,0,2,1.0738941431045532,1,0.8156402707099915,0.24065189063549042,6.733160972595215,0.10101079940795898,0.4183061122894287,0.0,0.0
20,10,2,0.8,input_at,0,3,1.0392886400222778,1,0.818463921546936,0.22044672071933746,6.857011318206787,0.09012027829885483,0.3653574585914612,0.0,0.0
20,10,2,0.8,input_at,0,4,1.2517989873886108,1,0.4839845597743988,0.3270925283432007,5.390640735626221,0.1434335708618164,0.5595842599868774,0.0,0.0
20,10,2,0.8,input_at,0,5,1.0525010824203491,1,0.8214511275291443,0.23485399782657623,6.784053802490234,0.09434666484594345,0.37623509764671326,0.0,0.0
20,10,2,0.8,input_at,0,6,1.0907301902770996,1,0.7111213803291321,0.2552773356437683,6.527731895446777,0.09016770124435425,0.36782681941986084,0.0,0.0
20,10,2,0.8,input_at,0,7,1.251704454421997,1,0.48389914631843567,0.32014235854148865,5.4340972900390625,0.1357446014881134,0.5538092851638794,0.0,0.0
20,10,2,0.8,input_at,0,8,1.138601541519165,1,0.4873848855495453,0.29754775762557983,5.7646942138671875,0.12501473724842072,0.5066605806350708,0.0,0.0
20,10,2,0.8,input_at,0,9,1.5124096870422363,1,0.4834919571876526,0.44466373324394226,3.98944354057312,0.16327935457229614,0.6414468884468079,0.0,0.0
20,10,2,0.8,input_at,0,10,1.4877684116363525,1,0.4942137897014618,0.4251660704612732,4.193685531616211,0.16192251443862915,0.6432669758796692,0.0,0.0
20,10,2,0.8,input_at,0,11,1.7078485488891602,1,0.4772529900074005,0.4979366362094879,3.449570655822754,0.17783214151859283,0.6820590496063232,0.0,0.0
20,10,2,0.8,input_at,0,12,1.5115835666656494,1,0.48303839564323425,0.44070249795913696,4.035926342010498,0.16764214634895325,0.6438081860542297,0.0,0.0
20,10,2,0.8,input_at,0,13,1.4874252080917358,1,0.49399682879447937,0.42047053575515747,4.249033451080322,0.16534742712974548,0.6512554287910461,0.0,0.0
20,10,2,0.8,input_at,0,14,0.06238861009478569,0,0.0035672748927026987,0.250367134809494,6.585791110992432,21.127220153808594,20.43218231201172,1.0,0.25
20,10,2,0.8,input_at,0,15,1.7042269706726074,1,0.47522076964378357,0.5093293786048889,3.3488516807556152,0.18210652470588684,0.6587294340133667,0.0,0.0
20,10,2,0.8,input_at,0,16,0.0015544965863227844,0,1.406503997714026e-06,0.246711865067482,6.587165355682373,22.302082061767578,22.302082061767578,1.0,1.0
20,10,2,0.8,input_at,0,17,0.002473587403073907,0,3.7469085327757057e-06,0.244256854057312,6.673540115356445,21.48267364501953,21.48267364501953,1.0,1.0
20,10,2,0.8,input_at,0,18,0.002042215084657073,0,2.2472124783234904e-06,0.26163917779922485,6.45358419418335,22.091575622558594,22.091575622558594,1.0,1.0
20,10,2,0.8,input_at,0,19,0.006091629154980183,0,6.4880050558713265e-06,0.23887862265110016,6.697912693023682,21.380298614501953,21.380298614501953,1.0,1.0
20,10,2,0.8,input_at,1,0,1.1167292594909668,1,0.9067840576171875,0.22089232504367828,7.449001312255859,0.10733229666948318,0.4280627369880676,0.0,0.0
20,10,2,0.8,input_at,1,1,1.0972812175750732,1,0.8844202160835266,0.21486879885196686,7.385178089141846,0.098732128739357,0.39646241068840027,0.0,0.0
20,10,2,0.8,input_at,1,2,1.1573566198349,1,0.47320035099983215,0.271573930978775,6.497854709625244,0.12478077411651611,0.5077387690544128,0.0,0.0
20,10,2,0.8,input_at,1,3,1.157495141029358,1,0.47328856587409973,0.273361474275589,6.533426284790039,0.11996065825223923,0.47707125544548035,0.0,0.0
20,10,2,0.8,input_at,1,4,1.2947043180465698,1,0.6039144396781921,0.2984725832939148,6.124755382537842,0.13211525976657867,0.5240737795829773,0.0,0.0
20,10,2,0.8,input_at,1,5,1.0877174139022827,1,0.779254138469696,0.2184571772813797,7.4325995445251465,0.09540805220603943,0.3814122676849365,0.0,0.0
20,10,2,0.8,input_at,1,6,1.4127544164657593,1,0.4882661998271942,0.3735119700431824,5.0546674728393555,0.15262503921985626,0.6127193570137024,0.0,0.0
20,10,2,0.8,input_at,1,7,1.4729198217391968,1,0.4998248815536499,0.3828602731227875,4.877763748168945,0.16396857798099518,0.6549467444419861,0.0,0.0
20,10,2,0.8,input_at,1,8,1.4120054244995117,1,0.4877264201641083,0.3593878149986267,5.190587520599365,0.1493884027004242,0.5936667919158936,0.0,0.0
20,10,2,0.8,input_at,1,9,1.530968189239502,1,0.4958122968673706,0.40793004631996155,4.5546464920043945,0.16953420639038086,0.6766265630722046,0.0,0.0
20,10,2,0.8,input_at,1,10,1.5573251247406006,1,0.497065931558609,0.42747390270233154,4.320925235748291,0.17008160054683685,0.6597387790679932,0.0,0.0
20,10,2,0.8,input_at,1,11,1.5288105010986328,1,0.4944269359111786,0.41896840929985046,4.424264430999756,0.17033569514751434,0.6833840012550354,0.0,0.0
20,10,2,0.8,input_at,1,12,1.5546085834503174,1,0.49539461731910706,0.4244333505630493,4.355499744415283,0.17131325602531433,0.6911718249320984,0.0,0.0
20,10,2,0.8,input_at,1,13,1.4677504301071167,1,0.4963470995426178,0.3738786280155182,5.017970561981201,0.16589394211769104,0.6572759747505188,0.0,0.0
20,10,2,0.8,input_at,1,14,0.9229161739349365,1,0.401762455701828,0.20429062843322754,7.50942325592041,0.115095354616642,0.45315492153167725,0.0,0.0
20,10,2,0.8,input_at,1,15,0.6064401865005493,1,0.17365843057632446,0.17561917006969452,7.763707160949707,0.15997806191444397,0.6699560880661011,0.0,0.0
20,10,2,0.8,input_at,1,16,0.25619369745254517,0,0.030910251662135124,0.18923495709896088,7.614893436431885,0.3763352930545807,1.8186876773834229,0.0,0.0
20,10,2,0.8,input_at,1,17,0.15970422327518463,0,0.011959356255829334,0.1844071000814438,7.6025543212890625,0.6050050258636475,3.077024221420288,0.0,0.0
20,10,2,0.8,input_at,1,18,0.06308752298355103,0,0.0018677549669519067,0.1861456334590912,7.434254169464111,1.5411967039108276,8.815220832824707,0.0,0.0
20,10,2,0.8,input_at,1,19,0.963631808757782,1,0.3325096666812897,0.2329854965209961,7.034539222717285,0.19790439307689667,0.8094736337661743,0.0,0.0
20,10,2,0.8,input_at,2,0,0.9725633263587952,1,0.8277967572212219,0.2169395089149475,7.427187919616699,0.08788146078586578,0.35995712876319885,0.0,0.0
20,10,2,0.8,input_at,2,1,0.9300905466079712,1,0.8966814279556274,0.19433249533176422,7.766526699066162,0.08765777200460434,0.3556879758834839,0.0,0.0
20,10,2,0.8,input_at,2,2,1.0198829174041748,1,0.8801156878471375,0.22685900330543518,7.310765743255615,0.0946933701634407,0.37706977128982544,0.0,0.0
20,10,2,0.8,input_at,2,3,1.2718333005905151,1,0.5133602023124695,0.35031282901763916,5.356089115142822,0.13819602131843567,0.5616858601570129,0.0,0.0
20,10,2,0.8,input_at,2,4,1.249617338180542,1,0.49730387330055237,0.35444316267967224,5.257293224334717,0.14262501895427704,0.5685835480690002,0.0,0.0
20,10,2,0.8,input_at,2,5,1.2492790222167969,1,0.49704205989837646,0.3736218810081482,5.001590728759766,0.13522173464298248,0.5249441266059875,0.0,0.0
20,10,2,0.8,input_at,2,6,1.3616423606872559,1,0.49386516213417053,0.40444427728652954,4.589577674865723,0.14624446630477905,0.5887187719345093,0.0,0.0
20,10,2,0.8,input_at,2,7,1.2120683193206787,1,0.8371126055717468,0.3028988540172577,6.139370441436768,0.10672389715909958,0.42628127336502075,0.0,0.0
20,10,2,0.8,input_at,2,8,1.3960398435592651,1,0.4972775876522064,0.4146561026573181,4.467441558837891,0.15232475101947784,0.6077093482017517,0.0,0.0
20,10,2,0.8,input_at,2,9,1.3291144371032715,1,0.4952987730503082,0.4062512516975403,4.561861515045166,0.14600452780723572,0.5875377058982849,0.0,0.0
20,10,2,0.8,input_at,2,10,1.3287062644958496,1,0.4949479401111603,0.3796881437301636,4.933300495147705,0.14450280368328094,0.5912147760391235,0.0,0.0
20,10,2,0.8,input_at,2,11,1.3595497608184814,1,0.49241703748703003,0.40740448236465454,4.574353218078613,0.14646266400814056,0.5859470963478088,0.0,0.0
20,10,2,0.8,input_at,2,12,1.1228388547897339,1,0.6979160904884338,0.27837884426116943,6.445614337921143,0.0875183641910553,0.3536109924316406,0.0,0.0
20,10,2,0.8,input_at,2,13,1.3939119577407837,1,0.49580472707748413,0.40383481979370117,4.5933146476745605,0.15441501140594482,0.6103416085243225,0.0,0.0
20,10,2,0.8,input_at,2,14,0.16306892037391663,0,0.014587614685297012,0.18271827697753906,7.640893936157227,0.6000611782073975,2.945849657058716,0.0,0.0
20,10,2,0.8,input_at,2,15,0.10314135253429413,0,0.005919561721384525,0.1895504593849182,7.581860542297363,0.901123046875,4.683699607849121,0.0,0.0
20,10,2,0.8,input_at,2,16,1.230467677116394,1,0.4804680049419403,0.33734190464019775,5.4971184730529785,0.1440238207578659,0.5725405812263489,0.0,0.0
20,10,2,0.8,input_at,2,17,0.033502962440252304,0,0.0006367909372784197,0.1876254379749298,7.505137920379639,2.7243528366088867,16.652381896972656,0.0,0.0
20,10,2,0.8,input_at,2,18,0.028847437351942062,0,0.00046789279440417886,0.19095318019390106,7.469383716583252,3.202151298522949,19.586097717285156,0.0,0.125
20,10,2,0.8,input_at,2,19,0.021102862432599068,0,0.0002630821836646646,0.17581674456596375,7.65048360824585,4.113077163696289,21.354028701782227,0.0,1.0
20,10,2,0.8,input_at,3,0,1.0970327854156494,1,0.8530584573745728,0.2207736223936081,6.81397819519043,0.10513824969530106,0.4207541346549988,0.0,0.0
20,10,2,0.8,input_at,3,1,1.1176936626434326,1,0.6533263921737671,0.2555899918079376,6.536792278289795,0.09341281652450562,0.38100728392601013,0.0,0.0
20,10,2,0.8,input_at,3,2,1.4246649742126465,1,0.8729292750358582,0.3338121771812439,5.388266086578369,0.1363317370414734,0.5538965463638306,0.0,0.0
20,10,2,0.8,input_at,3,3,0.9797827005386353,1,0.7340999245643616,0.22070454061031342,6.94709587097168,0.08574466407299042,0.3484675884246826,0.0,0.0
20,10,2,0.8,input_at,3,4,1.3521744012832642,1,0.7090266346931458,0.32507798075675964,5.5344109535217285,0.09846539795398712,0.3870532810688019,0.0,0.0
20,10,2,0.8,input_at,3,5,1.2705979347229004,1,0.7358983755111694,0.30584368109703064,5.891276836395264,0.110521599650383,0.4427644908428192,0.0,0.0
20,10,2,0.8,input_at,3,6,1.3496161699295044,1,0.4907722473144531,0.3577539026737213,4.977679252624512,0.14495666325092316,0.5908325910568237,0.0,0.0
20,10,2,0.8,input_at,3,7,1.349268913269043,1,0.4905179738998413,0.3423003852367401,5.192996501922607,0.14892177283763885,0.6085658669471741,0.0,0.0
20,10,2,0.8,input_at,3,8,1.5778042078018188,1,0.4768803119659424,0.44035109877586365,4.012542724609375,0.17100156843662262,0.661320149898529,0.0,0.0
20,10,2,0.8,input_at,3,9,1.7603222131729126,1,0.48781251907348633,0.49571382999420166,3.478868246078491,0.1890716254711151,0.727471649646759,0.0,0.0
20,10,2,0.8,input_at,3,10,1.3889615535736084,1,0.44670748710632324,0.39410215616226196,4.575525283813477,0.13949739933013916,0.552195131778717,0.0,0.0
20,10,2,0.8,input_at,3,11,1.5766668319702148,1,0.47619450092315674,0.4471587538719177,3.9943482875823975,0.17200303077697754,0.6612840294837952,0.0,0.0
20,10,2,0.8,input_at,3,12,1.3875832557678223,1,0.44588205218315125,0.3871636390686035,4.653031826019287,0.1343071311712265,0.5208540558815002,0.0,0.0
20,10,2,0.8,input_at,3,13,1.7580119371414185,1,0.48652568459510803,0.4974522888660431,3.4656405448913574,0.19013755023479462,0.7429875135421753,0.0,0.0
20,10,2,0.8,input_at,3,14,0.08037587255239487,0,0.0046350471675395966,0.23616436123847961,6.741760730743408,22.38003921508789,20.11769676208496,1.0,0.0
20,10,2,0.8,input_at,3,15,0.02096518501639366,0,9.755144128575921e-05,0.25178101658821106,6.638171195983887,21.988842010498047,21.988842010498047,1.0,1.0
20,10,2,0.8,input_at,3,16,0.060843970626592636,0,0.001588492072187364,0.2577782869338989,6.5267252922058105,4.609200477600098,21.63135528564453,0.0,1.0
20,10,2,0.8,input_at,3,17,0.002970637520775199,0,4.315049409342464e-06,0.24797065556049347,6.665414810180664,19.271568298339844,22.149019241333008,0.0,1.0
20,10,2,0.8,input_at,3,18,0.002066266257315874,0,2.720008524192963e-06,0.24869859218597412,6.559797286987305,22.265169143676758,22.265169143676758,1.0,1.0
20,10,2,0.8,input_at,3,19,0.002831800142303109,0,4.6375075726245996e-06,0.24341730773448944,6.584243297576904,23.028230667114258,23.028230667114258,1.0,1.0
20,10,2,0.8,input_at,4,0,1.014281988143921,1,0.8588590025901794,0.17655111849308014,7.956599712371826,0.09365246444940567,0.3787619173526764,0.0,0.0
20,10,2,0.8,input_at,4,1,1.045563817024231,1,0.7564963698387146,0.19960923492908478,7.800379753112793,0.09106256067752838,0.36978879570961,0.0,0.0
20,10,2,0.8,input_at,4,2,1.1804481744766235,1,0.4950242042541504,0.261976957321167,6.705343246459961,0.13324730098247528,0.5352440476417542,0.0,0.0
20,10,2,0.8,input_at,4,3,1.2233883142471313,1,0.4780932068824768,0.2829594612121582,6.386801242828369,0.13350342214107513,0.5417347550392151,0.0,0.0
20,10,2,0.8,input_at,4,4,0.928841769695282,1,0.740604043006897,0.17569227516651154,8.079327583312988,0.08080340921878815,0.32686421275138855,0.0,0.0
20,10,2,0.8,input_at,4,5,1.1797829866409302,1,0.4944925308227539,0.25106069445610046,6.765230655670166,0.13226379454135895,0.5255013704299927,0.0,0.0
20,10,2,0.8,input_at,4,6,1.2227879762649536,1,0.47758305072784424,0.2829509973526001,6.439441204071045,0.1361241638660431,0.5557540059089661,0.0,0.0
20,10,2,0.8,input_at,4,7,1.458582878112793,1,0.4956350028514862,0.3530113399028778,5.301873683929443,0.16329720616340637,0.6457810997962952,0.0,0.0
20,10,2,0.8,input_at,4,8,1.3347151279449463,1,0.4616026282310486,0.3144983649253845,5.9038166999816895,0.13682681322097778,0.5409395694732666,0.0,0.0
20,10,2,0.8,input_at,4,9,1.5206724405288696,1,0.48293501138687134,0.3818301856517792,4.955496788024902,0.16382960975170135,0.6349566578865051,0.0,0.0
20,10,2,0.8,input_at,4,10,1.5199987888336182,1,0.48246708512306213,0.3788526654243469,4.964738368988037,0.16751447319984436,0.6824129819869995,0.0,0.0
20,10,2,0.8,input_at,4,11,1.5650057792663574,1,0.49364256858825684,0.39366957545280457,4.761600017547607,0.1726236492395401,0.6799283027648926,0.0,0.0
20,10,2,0.8,input_at,4,12,1.573042869567871,1,0.46189290285110474,0.4088326096534729,4.597109317779541,0.15570373833179474,0.6251786947250366,0.0,0.0
20,10,2,0.8,input_at,4,13,1.5737806558609009,1,0.4622460901737213,0.41770139336586,4.461827278137207,0.155715212225914,0.5973085165023804,0.0,0.0
20,10,2,0.8,input_at,4,14,1.5633080005645752,1,0.49258729815483093,0.40540751814842224,4.611512660980225,0.1714930385351181,0.6926482319831848,0.0,0.0
20,10,2,0.8,input_at,4,15,1.4478459358215332,1,0.48838621377944946,0.35155728459358215,5.339165210723877,0.16077105700969696,0.6270158886909485,0.0,0.0
20,10,2,0.8,input_at,4,16,1.3221206665039062,1,0.45267555117607117,0.31418612599372864,5.911416530609131,0.14608724415302277,0.5961936712265015,0.0,0.0
20,10,2,0.8,input_at,4,17,0.0011533478973433375,0,2.9413857305371494e-07,0.19641585648059845,7.546571254730225,24.715253829956055,24.715253829956055,1.0,1.0
20,10,2,0.8,input_at,4,18,0.002674928866326809,0,5.949684691586299e-06,0.19124135375022888,7.571716785430908,17.821231842041016,24.17860984802246,0.0,1.0
20,10,2,0.8,input_at,4,19,0.0015929691726341844,0,9.709436881166766e-07,0.1971793919801712,7.530411720275879,24.12744140625,24.12744140625,1.0,1.0
20,10,2,0.8,lat,0,0,2.0909321308135986,1,0.9826943874359131,0.3204030990600586,6.178563594818115,0.20799919962882996,0.8363267779350281,0.0,0.0
20,10,2,0.8,lat,0,1,1.9109766483306885,1,0.5004742741584778,0.3231862187385559,6.091601848602295,0.2122189700603485,0.8604893088340759,0.0,0.0
20,10,2,0.8,lat,0,2,1.7152106761932373,1,0.9787110686302185,0.2315702885389328,7.854665279388428,0.17115381360054016,0.6995521783828735,0.0,0.0
20,10,2,0.8,lat,0,3,1.897275447845459,1,0.5001500248908997,0.3117491900920868,6.313852310180664,0.204713374376297,0.8330138921737671,0.0,0.0
20,10,2,0.8,lat,0,4,1.9059094190597534,1,0.4998655617237091,0.32211366295814514,6.145369052886963,0.221112921833992,0.8723360300064087,0.0,0.0
20,10,2,0.8,lat,0,5,1.8493492603302002,1,0.49674496054649353,0.30471089482307434,6.457529067993164,0.20263510942459106,0.8035346269607544,0.0,0.0
20,10,2,0.8,lat,0,6,1.8486074209213257,1,0.4963032901287079,0.31017619371414185,6.370084285736084,0.20579202473163605,0.8327248096466064,0.0,0.0
20,10,2,0.8,lat,0,7,1.903147578239441,1,0.49842289090156555,0.31865453720092773,6.203022003173828,0.20910559594631195,0.8432556986808777,0.0,0.0
20,10,2,0.8,lat,0,8,1.9056308269500732,1,0.49765026569366455,0.33579879999160767,5.907656669616699,0.21322311460971832,0.8662920594215393,0.0,0.0
20,10,2,0.8,lat,0,9,1.8711391687393188,1,0.49714720249176025,0.32450029253959656,6.076770782470703,0.20595082640647888,0.8204965591430664,0.0,0.0
20,10,2,0.8,lat,0,10,1.9572339057922363,1,0.49803000688552856,0.3435819745063782,5.78672456741333,0.21428517997264862,0.8548226952552795,0.0,0.0
20,10,2,0.8,lat,0,11,1.8870893716812134,1,0.49483513832092285,0.32133764028549194,6.120360374450684,0.2080790400505066,0.8294785022735596,0.0,0.0
20,10,2,0.8,lat,0,12,1.8678451776504517,1,0.4954638183116913,0.3182649612426758,6.221864223480225,0.21060261130332947,0.8205333352088928,0.0,0.0
20,10,2,0.8,lat,0,13,1.9511630535125732,1,0.49498727917671204,0.3361554443836212,5.898141860961914,0.21810850501060486,0.8731896877288818,0.0,0.0
20,10,2,0.8,lat,0,14,1.991416096687317,1,0.4962592124938965,0.34716081619262695,5.709526538848877,0.21469350159168243,0.8622961640357971,0.0,0.0
20,10,2,0.8,lat,0,15,1.990351676940918,1,0.49577340483665466,0.349649041891098,5.652767181396484,0.21993769705295563,0.8767014741897583,0.0,0.0
20,10,2,0.8,lat,0,16,0.5377172231674194,1,0.21089036762714386,0.14218653738498688,9.092266082763672,0.24399688839912415,1.0355230569839478,0.0,0.0
20,10,2,0.8,lat,0,17,1.0051014423370361,1,0.7374680042266846,0.13428491353988647,9.404576301574707,0.1377900093793869,0.5574308037757874,0.0,0.0
20,10,2,0.8,lat,0,18,0.224900484085083,0,0.03702414780855179,0.14327363669872284,8.760672569274902,0.5831307768821716,2.737431526184082,0.0,0.0
20,10,2,0.8,lat,0,19,0.10022345185279846,0,0.007340410258620977,0.14525723457336426,8.789543151855469,1.308737874031067,6.594315052032471,0.0,0.0
20,10,2,0.8,lat,1,0,1.8035823106765747,1,0.9579018950462341,0.24133101105690002,7.667119979858398,0.17894425988197327,0.7144180536270142,0.0,0.0
20,10,2,0.8,lat,1,1,1.8716237545013428,1,0.9839510321617126,0.2518080174922943,7.423711776733398,0.18661388754844666,0.7546147704124451,0.0,0.0
20,10,2,0.8,lat,1,2,2.007101535797119,1,0.4979161024093628,0.3337917625904083,5.87605619430542,0.22546885907649994,0.9024943709373474,0.0,0.0
20,10,2,0.8,lat,1,3,2.007077693939209,1,0.4979189932346344,0.33228179812431335,5.920607089996338,0.2187141478061676,0.8680325746536255,0.0,0.0
20,10,2,0.8,lat,1,4,2.0632028579711914,1,0.5360879898071289,0.33421453833580017,5.863493919372559,0.2307361215353012,0.9408050775527954,0.0,0.0
20,10,2,0.8,lat,1,5,1.8262395858764648,1,0.5091387629508972,0.27545517683029175,6.920604705810547,0.2018899917602539,0.8002194166183472,0.0,0.0
20,10,2,0.8,lat,1,6,2.046165943145752,1,0.4995988607406616,0.3417699635028839,5.763925552368164,0.22848817706108093,0.9193832278251648,0.0,0.0
20,10,2,0.8,lat,1,7,2.141521453857422,1,0.5028232336044312,0.3602066934108734,5.439871311187744,0.23893842101097107,0.9481489062309265,0.0,0.0
20,10,2,0.8,lat,1,8,2.0418338775634766,1,0.4975241720676422,0.3322719931602478,5.871038436889648,0.22477667033672333,0.9163144826889038,0.0,0.0
20,10,2,0.8,lat,1,9,2.0257420539855957,1,0.4994122087955475,0.3331131935119629,5.887176513671875,0.22703301906585693,0.910406768321991,0.0,0.0
20,10,2,0.8,lat,1,10,2.0645663738250732,1,0.4975060522556305,0.3493720293045044,5.62514066696167,0.22531253099441528,0.8881299495697021,0.0,0.0
20,10,2,0.8,lat,1,11,2.021233558654785,1,0.4972333610057831,0.34215080738067627,5.7393574714660645,0.2265581339597702,0.9247642159461975,0.0,0.0
20,10,2,0.8,lat,1,12,2.0563604831695557,1,0.49368980526924133,0.35084855556488037,5.600739002227783,0.22679375112056732,0.9038884043693542,0.0,0.0
20,10,2,0.8,lat,1,13,2.123702049255371,1,0.49450233578681946,0.34633320569992065,5.677488803863525,0.24388913810253143,0.9683994650840759,0.0,0.0
20,10,2,0.8,lat,1,14,1.2071502208709717,1,0.8863134980201721,0.13549497723579407,9.100556373596191,0.1327831894159317,0.5251485109329224,0.0,0.0
20,10,2,0.8,lat,1,15,0.345152348279953,1,0.07278873771429062,0.15083047747612,8.641942977905273,0.4386896789073944,2.0550119876861572,0.0,0.0
20,10,2,0.8,lat,1,16,0.16790661215782166,0,0.01732560247182846,0.15151086449623108,8.502301216125488,0.9008361101150513,4.491241931915283,0.0,0.0
20,10,2,0.8,lat,1,17,1.7723883390426636,1,0.479802668094635,0.2790229618549347,6.852892875671387,0.20646879076957703,0.8324158787727356,0.0,0.0
20,10,2,0.8,lat,1,18,0.03777403384447098,0,0.0008741084020584822,0.14727337658405304,8.446754455566406,4.008549213409424,21.951887130737305,0.0,0.0
20,10,2,0.8,lat,1,19,1.9059574604034424,1,0.4576030671596527,0.31101980805397034,6.285832405090332,0.25529375672340393,1.0000559091567993,0.0,0.0
20,10,2,0.8,lat,2,0,1.8265061378479004,1,0.9879669547080994,0.2709144651889801,7.095139503479004,0.1819324642419815,0.7383280992507935,0.0,0.0
20,10,2,0.8,lat,2,1,1.615178108215332,1,0.9861192107200623,0.21732303500175476,8.083316802978516,0.16128282248973846,0.6598398089408875,0.0,0.0
20,10,2,0.8,lat,2,2,1.9663220643997192,1,0.5053536295890808,0.34464848041534424,5.699373722076416,0.21553054451942444,0.8563809394836426,0.0,0.0
20,10,2,0.8,lat,2,3,2.006221055984497,1,0.5182291269302368,0.347430944442749,5.667509078979492,0.21914507448673248,0.8921277523040771,0.0,0.0
20,10,2,0.8,lat,2,4,1.9698858261108398,1,0.4998789429664612,0.34975528717041016,5.598896503448486,0.22485505044460297,0.8979563117027283,0.0,0.0
20,10,2,0.8,lat,2,5,1.9692814350128174,1,0.4995720386505127,0.3711584806442261,5.270260334014893,0.21329277753829956,0.829012393951416,0.0,0.0
20,10,2,0.8,lat,2,6,1.9344069957733154,1,0.5011342763900757,0.34489941596984863,5.723369121551514,0.21103572845458984,0.8492891788482666,0.0,0.0
20,10,2,0.8,lat,2,7,1.851914405822754,1,0.5162889361381531,0.31080275774002075,6.298379421234131,0.20594950020313263,0.8151923418045044,0.0,0.0
20,10,2,0.8,lat,2,8,1.782958984375,1,0.5012019276618958,0.3012521266937256,6.428345203399658,0.19529280066490173,0.7822609543800354,0.0,0.0
20,10,2,0.8,lat,2,9,1.8498942852020264,1,0.4991319477558136,0.3370697796344757,5.807563781738281,0.20509032905101776,0.8255597352981567,0.0,0.0
20,10,2,0.8,lat,2,10,1.8486229181289673,1,0.4984574019908905,0.312678724527359,6.235903739929199,0.20217816531658173,0.8169978857040405,0.0,0.0
20,10,2,0.8,lat,2,11,1.9280718564987183,1,0.4978478252887726,0.34414130449295044,5.717568397521973,0.21228264272212982,0.8632926940917969,0.0,0.0
20,10,2,0.8,lat,2,12,1.9395920038223267,1,0.49171003699302673,0.33621910214424133,5.8318328857421875,0.2171867936849594,0.8711079955101013,0.0,0.0
20,10,2,0.8,lat,2,13,1.7738555669784546,1,0.4960901141166687,0.2958347797393799,6.5029473304748535,0.19758190214633942,0.7875485420227051,0.0,0.0
20,10,2,0.8,lat,2,14,1.142441987991333,1,0.9065806865692139,0.13282522559165955,9.21046257019043,0.1246594786643982,0.4919435381889343,0.0,0.0
20,10,2,0.8,lat,2,15,0.3281053602695465,1,0.07502927631139755,0.14219020307064056,8.753491401672363,0.4076414406299591,1.8414814472198486,0.0,0.0
20,10,2,0.8,lat,2,16,1.931033730506897,1,0.4801888167858124,0.33474743366241455,5.850815296173096,0.22804145514965057,0.8928515315055847,0.0,0.0
20,10,2,0.8,lat,2,17,0.03333702310919762,0,0.0007439288892783225,0.14705970883369446,8.623790740966797,4.024148941040039,22.55573272705078,0.0,0.0
20,10,2,0.8,lat,2,18,0.020545754581689835,0,0.00028948098770342767,0.1493907868862152,8.51907730102539,6.5127763748168945,33.349674224853516,0.0,1.0
20,10,2,0.8,lat,2,19,1.7868024110794067,1,0.48064693808555603,0.2997860610485077,6.467258930206299,0.21554668247699738,0.8712716102600098,0.0,0.0
20,10,2,0.8,lat,3,0,1.933009147644043,1,0.8824455738067627,0.2522650957107544,7.360294818878174,0.17924755811691284,0.7007982730865479,0.0,0.0
20,10,2,0.8,lat,3,1,2.2260231971740723,1,0.5001800060272217,0.3700149357318878,5.300130844116211,0.25108709931373596,1.000101089477539,0.0,0.0
20,10,2,0.8,lat,3,2,1.6350475549697876,1,0.7571381330490112,0.20910048484802246,8.086098670959473,0.14834804832935333,0.6071701049804688,0.0,0.0
20,10,2,0.8,lat,3,3,2.081228256225586,1,0.49876677989959717,0.35271376371383667,5.573740005493164,0.2301131635904312,0.9173107147216797,0.0,0.0
20,10,2,0.8,lat,3,4,2.079411745071411,1,0.49789005517959595,0.34029924869537354,5.759006977081299,0.22801202535629272,0.9331492781639099,0.0,0.0
20,10,2,0.8,lat,3,5,1.8933134078979492,1,0.5004136562347412,0.29069873690605164,6.578301906585693,0.20362864434719086,0.8207564353942871,0.0,0.0
20,10,2,0.8,lat,3,6,1.9828535318374634,1,0.4925892651081085,0.3300884962081909,5.946786880493164,0.21456396579742432,0.8818619847297668,0.0,0.0
20,10,2,0.8,lat,3,7,1.9810853004455566,1,0.4918350577354431,0.3106074631214142,6.285317420959473,0.22089707851409912,0.9002830386161804,0.0,0.0
20,10,2,0.8,lat,3,8,2.213911771774292,1,0.49480098485946655,0.37302324175834656,5.226766586303711,0.24154727160930634,0.9489220380783081,0.0,0.0
20,10,2,0.8,lat,3,9,2.0970942974090576,1,0.4701807200908661,0.3429091274738312,5.740094184875488,0.21044570207595825,0.8380837440490723,0.0,0.0
20,10,2,0.8,lat,3,10,2.009390115737915,1,0.4710756540298462,0.33786556124687195,5.829599857330322,0.2109820395708084,0.8412669897079468,0.0,0.0
20,10,2,0.8,lat,3,11,1.717750906944275,1,0.4419301152229309,0.25841763615608215,7.1952362060546875,0.1804661750793457,0.7238813042640686,0.0,0.0
20,10,2,0.8,lat,3,12,1.7083817720413208,1,0.43828243017196655,0.26380807161331177,7.117875099182129,0.176887646317482,0.7232061624526978,0.0,0.0
20,10,2,0.8,lat,3,13,1.998152256011963,1,0.4663372337818146,0.3301481604576111,5.929939270019531,0.20304174721240997,0.8148502111434937,0.0,0.0
20,10,2,0.8,lat,3,14,1.8673875331878662,1,0.4870276153087616,0.28789451718330383,6.6738080978393555,0.2094069868326187,0.8463442325592041,0.0,0.0
20,10,2,0.8,lat,3,15,2.074558973312378,1,0.46029946208000183,0.34306836128234863,5.749000549316406,0.21870608627796173,0.8940127491950989,0.0,0.0
20,10,2,0.8,lat,3,16,1.6295745372772217,1,0.40900853276252747,0.2475081831216812,7.446323394775391,0.1696544885635376,0.676443874835968,0.0,0.0
20,10,2,0.8,lat,3,17,0.9219801425933838,1,0.13437828421592712,0.17366132140159607,8.432086944580078,0.27782049775123596,1.1385462284088135,0.0,0.0
20,10,2,0.8,lat,3,18,1.3012481927871704,1,0.26068049669265747,0.21025587618350983,8.065071105957031,0.2033969610929489,0.8271538019180298,0.0,0.0
20,10,2,0.8,lat,3,19,0.004142459481954575,0,3.0294870612124214e-06,0.1612909734249115,8.52642822265625,36.29296112060547,36.29296112060547,1.0,1.0
20,10,2,0.8,lat,4,0,2.0274415016174316,1,0.5013828277587891,0.3317655324935913,5.975325107574463,0.23491144180297852,0.9679046869277954,0.0,0.0
20,10,2,0.8,lat,4,1,2.0760257244110107,1,0.5008192658424377,0.34287014603614807,5.7773051261901855,0.22930777072906494,0.9236935377120972,0.0,0.0
20,10,2,0.8,lat,4,2,1.9655545949935913,1,0.49974262714385986,0.32407549023628235,6.087940216064453,0.22181278467178345,0.8924639821052551,0.0,0.0
20,10,2,0.8,lat,4,3,2.015425205230713,1,0.49942660331726074,0.3370605707168579,5.872570514678955,0.22412294149398804,0.9106255769729614,0.0,0.0
20,10,2,0.8,lat,4,4,1.8292195796966553,1,0.9874520897865295,0.24112871289253235,7.69077730178833,0.18118083477020264,0.7373499870300293,0.0,0.0
20,10,2,0.8,lat,4,5,1.964418888092041,1,0.4991605877876282,0.31252866983413696,6.305357933044434,0.22061297297477722,0.8735719323158264,0.0,0.0
20,10,2,0.8,lat,4,6,2.0143680572509766,1,0.4989036023616791,0.325574666261673,6.0869832038879395,0.2276279628276825,0.9215195178985596,0.0,0.0
20,10,2,0.8,lat,4,7,2.0209569931030273,1,0.5044162273406982,0.3304220139980316,6.0065507888793945,0.22770540416240692,0.9008014798164368,0.0,0.0
20,10,2,0.8,lat,4,8,2.02087140083313,1,0.49814337491989136,0.3288440406322479,6.003040790557861,0.2208736538887024,0.8940419554710388,0.0,0.0
20,10,2,0.8,lat,4,9,2.0667409896850586,1,0.496367871761322,0.33466753363609314,5.890527248382568,0.23287147283554077,0.927003800868988,0.0,0.0
20,10,2,0.8,lat,4,10,1.6444331407546997,1,0.4999021589756012,0.23562867939472198,7.65518856048584,0.1796075403690338,0.7305552363395691,0.0,0.0
20,10,2,0.8,lat,4,11,1.9776899814605713,1,0.49799656867980957,0.3188306391239166,6.1895341873168945,0.2192513644695282,0.8752956986427307,0.0,0.0
20,10,2,0.8,lat,4,12,1.8661307096481323,1,0.49814268946647644,0.2894504964351654,6.674488067626953,0.20178653299808502,0.8090739846229553,0.0,0.0
20,10,2,0.8,lat,4,13,1.0355510711669922,1,0.8940979242324829,0.13102814555168152,9.369976043701172,0.10188248008489609,0.40405505895614624,0.0,0.0
20,10,2,0.8,lat,4,14,1.9744553565979004,1,0.49636146426200867,0.3286430835723877,6.023529052734375,0.21914441883563995,0.8915415406227112,0.0,0.0
20,10,2,0.8,lat,4,15,1.9993195533752441,1,0.49371036887168884,0.32657092809677124,6.042951583862305,0.2250591218471527,0.8808919191360474,0.0,0.0
20,10,2,0.8,lat,4,16,1.8583875894546509,1,0.49406641721725464,0.2865397036075592,6.764404773712158,0.20800963044166565,0.826840341091156,0.0,0.0
20,10,2,0.8,lat,4,17,0.002814134117215872,0,1.5248535873979563e-06,0.1408040076494217,8.618280410766602,35.732330322265625,35.732330322265625,1.0,1.0
20,10,2,0.8,lat,4,18,1.6271116733551025,1,0.4894736111164093,0.23303179442882538,7.746662139892578,0.181400328874588,0.7363983988761902,0.0,0.0
20,10,2,0.8,lat,4,19,0.004123295191675425,0,6.8635636125691235e-06,0.13478074967861176,8.73008918762207,27.80518913269043,34.85763168334961,0.0,1.0
20,10,2,0.9,baseline,0,0,1.2470425367355347,1,0.48657500743865967,0.3823195695877075,5.124768257141113,0.12583670020103455,0.5082875490188599,0.0,0.0
20,10,2,0.9,baseline,0,1,1.1773931980133057,1,0.48459702730178833,0.3188321888446808,6.164228439331055,0.11865124851465225,0.48623186349868774,0.0,0.0
20,10,2,0.9,baseline,0,2,1.355778694152832,1,0.5025738477706909,0.38960814476013184,4.967743396759033,0.13339990377426147,0.5388303399085999,0.0,0.0
20,10,2,0.9,baseline,0,3,1.2666925191879272,1,0.4891871213912964,0.3668566942214966,5.346564292907715,0.12711603939533234,0.5148239135742188,0.0,0.0
20,10,2,0.9,baseline,0,4,1.2421915531158447,1,0.46869081258773804,0.3514429032802582,5.609870433807373,0.1245206668972969,0.49033626914024353,0.0,0.0
20,10,2,0.9,baseline,0,5,1.2399933338165283,1,0.4812173545360565,0.3562939763069153,5.547171592712402,0.1285652369260788,0.5158319473266602,0.0,0.0
20,10,2,0.9,baseline,0,6,1.4931366443634033,1,0.4901241958141327,0.4623429477214813,3.9726548194885254,0.14422151446342468,0.5948827862739563,0.0,0.0
20,10,2,0.9,baseline,0,7,1.2425564527511597,1,0.4688439667224884,0.3635953664779663,5.408268451690674,0.12179345637559891,0.4888538420200348,0.0,0.0
20,10,2,0.9,baseline,0,8,1.1616175174713135,1,0.4715966582298279,0.33334168791770935,5.940323352813721,0.11969976127147675,0.48634278774261475,0.0,0.0
20,10,2,0.9,baseline,0,9,1.4470014572143555,1,0.44094857573509216,0.4711609482765198,3.8714759349823,0.12614691257476807,0.5115068554878235,0.0,0.0
20,10,2,0.9,baseline,0,10,1.4021928310394287,1,0.44588711857795715,0.42894649505615234,4.421669960021973,0.12306474894285202,0.49310943484306335,0.0,0.0
20,10,2,0.9,baseline,0,11,1.247748851776123,1,0.47469475865364075,0.3628509044647217,5.418139457702637,0.12790654599666595,0.5178302526473999,0.0,0.0
20,10,2,0.9,baseline,0,12,1.4364367723464966,1,0.43499353528022766,0.46395912766456604,3.9708974361419678,0.12520281970500946,0.4980526566505432,0.0,0.0
20,10,2,0.9,baseline,0,13,1.4633221626281738,1,0.41413211822509766,0.4647943675518036,3.9552884101867676,0.11630123853683472,0.4679999351501465,0.0,0.0
20,10,2,0.9,baseline,0,14,1.3370718955993652,1,0.37081724405288696,0.4277575612068176,4.462584018707275,0.09844111651182175,0.392541766166687,0.0,0.0
20,10,2,0.9,baseline,0,15,1.3853697776794434,1,0.4356854259967804,0.43886035680770874,4.278757095336914,0.12304828315973282,0.49259549379348755,0.0,0.0
20,10,2,0.9,baseline,0,16,1.3086397647857666,1,0.4681139886379242,0.3960270583629608,4.877655982971191,0.141841322183609,0.5686697959899902,0.0,0.0
20,10,2,0.9,baseline,0,17,1.4485517740249634,1,0.40661269426345825,0.4660657048225403,3.9497015476226807,0.11174832284450531,0.4563313126564026,0.0,0.0
20,10,2,0.9,baseline,0,18,1.3240997791290283,1,0.3643091917037964,0.41646096110343933,4.634151458740234,0.09921563416719437,0.39468419551849365,0.0,0.0
20,10,2,0.9,baseline,0,19,1.4501745700836182,1,0.46212542057037354,0.4601198434829712,4.017049312591553,0.15103867650032043,0.6132121682167053,0.0,0.0
20,10,2,0.9,baseline,1,0,1.3115789890289307,1,0.48397210240364075,0.3564971089363098,5.538185119628906,0.13350436091423035,0.5395150780677795,0.0,0.0
20,10,2,0.9,baseline,1,1,1.2838928699493408,1,0.5144242644309998,0.3561784029006958,5.5499653816223145,0.13008032739162445,0.5198334455490112,0.0,0.0
20,10,2,0.9,baseline,1,2,1.229731798171997,1,0.4388546347618103,0.3311951458454132,6.030009746551514,0.11272360384464264,0.4484028220176697,0.0,0.0
20,10,2,0.9,baseline,1,3,1.2266292572021484,1,0.4367087185382843,0.31739541888237,6.218599319458008,0.11070997267961502,0.4472276568412781,0.0,0.0
20,10,2,0.9,baseline,1,4,1.4902178049087524,1,0.4838525950908661,0.43851375579833984,4.2885847091674805,0.14933088421821594,0.6138205528259277,0.0,0.0
20,10,2,0.9,baseline,1,5,1.5171712636947632,1,0.4904489815235138,0.4314081370830536,4.390320777893066,0.15270189940929413,0.6157680749893188,0.0,0.0
20,10,2,0.9,baseline,1,6,1.3466094732284546,1,0.4635448455810547,0.3742724061012268,5.232100009918213,0.13237273693084717,0.5253242254257202,0.0,0.0
20,10,2,0.9,baseline,1,7,1.5175279378890991,1,0.44150447845458984,0.4477151334285736,4.1681342124938965,0.12749502062797546,0.5009982585906982,0.0,0.0
20,10,2,0.9,baseline,1,8,1.47756826877594,1,0.47569897770881653,0.4191959500312805,4.566624641418457,0.14845679700374603,0.592257022857666,0.0,0.0
20,10,2,0.9,baseline,1,9,1.2904767990112305,1,0.4685862958431244,0.34936651587486267,5.659763813018799,0.1310916543006897,0.5253560543060303,0.0,0.0
20,10,2,0.9,baseline,1,10,1.491285800933838,1,0.41817033290863037,0.42157644033432007,4.530094623565674,0.1203390508890152,0.4751552939414978,0.0,0.0
20,10,2,0.9,baseline,1,11,1.6097931861877441,1,0.4187697768211365,0.4767725467681885,3.8268163204193115,0.12519273161888123,0.500877857208252,0.0,0.0
20,10,2,0.9,baseline,1,12,1.5029921531677246,1,0.43321219086647034,0.4448469281196594,4.199129581451416,0.12497403472661972,0.5065817832946777,0.0,0.0
20,10,2,0.9,baseline,1,13,1.50364089012146,1,0.4340706169605255,0.4417460858821869,4.249958515167236,0.12876874208450317,0.5274534225463867,0.0,0.0
20,10,2,0.9,baseline,1,14,1.4783642292022705,1,0.41044697165489197,0.4364404082298279,4.312595367431641,0.1278456449508667,0.5180925726890564,0.0,0.0
20,10,2,0.9,baseline,1,15,1.4915460348129272,1,0.42720097303390503,0.45498964190483093,4.072474002838135,0.12333569675683975,0.4954400062561035,0.0,0.0
20,10,2,0.9,baseline,1,16,1.3274563550949097,1,0.4516822397708893,0.35364022850990295,5.597070693969727,0.12879766523838043,0.5094335675239563,0.0,0.0
20,10,2,0.9,baseline,1,17,1.475678563117981,1,0.46377578377723694,0.4128044843673706,4.631087779998779,0.15437763929367065,0.6167851090431213,0.0,0.0
20,10,2,0.9,baseline,1,18,1.2210336923599243,1,0.46532049775123596,0.3236851990222931,6.045916557312012,0.1379561871290207,0.5533366799354553,0.0,0.0
20,10,2,0.9,baseline,1,19,1.578547716140747,1,0.4033701717853546,0.46141013503074646,4.006783962249756,0.12546883523464203,0.5039092302322388,0.0,0.0
20,10,2,0.9,baseline,2,0,1.1972973346710205,1,0.4884680509567261,0.34724846482276917,5.673717021942139,0.11991797387599945,0.4797293245792389,0.0,0.0
20,10,2,0.9,baseline,2,1,1.18967604637146,1,0.4971279799938202,0.3359321057796478,5.823659420013428,0.11800384521484375,0.4817572236061096,0.0,0.0
20,10,2,0.9,baseline,2,2,1.371048927307129,1,0.47521910071372986,0.4237930178642273,4.496677875518799,0.13577261567115784,0.5420529842376709,0.0,0.0
20,10,2,0.9,baseline,2,3,1.3485174179077148,1,0.5025344491004944,0.39356663823127747,4.901479721069336,0.1293177306652069,0.5138273239135742,0.0,0.0
20,10,2,0.9,baseline,2,4,1.4006985425949097,1,0.4926195740699768,0.4189819395542145,4.522336959838867,0.14072373509407043,0.5576475262641907,0.0,0.0
20,10,2,0.9,baseline,2,5,1.3884974718093872,1,0.4839913845062256,0.4365525543689728,4.2965779304504395,0.14117415249347687,0.5531380772590637,0.0,0.0
20,10,2,0.9,baseline,2,6,1.4274545907974243,1,0.4635898172855377,0.4324425756931305,4.387744426727295,0.13371099531650543,0.5401105880737305,0.0,0.0
20,10,2,0.9,baseline,2,7,1.4314675331115723,1,0.4665500819683075,0.43474000692367554,4.3341803550720215,0.13672637939453125,0.5503964424133301,0.0,0.0
20,10,2,0.9,baseline,2,8,1.4252136945724487,1,0.47881588339805603,0.4290834963321686,4.399637222290039,0.1404554545879364,0.5668951869010925,0.0,0.0
20,10,2,0.9,baseline,2,9,1.1751161813735962,1,0.47056668996810913,0.3583267331123352,5.489040374755859,0.12219706922769547,0.48897701501846313,0.0,0.0
20,10,2,0.9,baseline,2,10,1.4419949054718018,1,0.47684746980667114,0.42674827575683594,4.4395856857299805,0.14909347891807556,0.5942160487174988,0.0,0.0
20,10,2,0.9,baseline,2,11,1.4436074495315552,1,0.47822296619415283,0.4328297972679138,4.361799716949463,0.14604800939559937,0.5803017020225525,0.0,0.0
20,10,2,0.9,baseline,2,12,1.3430287837982178,1,0.45600801706314087,0.39283984899520874,4.9669575691223145,0.13764840364456177,0.5529747009277344,0.0,0.0
20,10,2,0.9,baseline,2,13,1.4004848003387451,1,0.4624515771865845,0.42057353258132935,4.53618860244751,0.14064951241016388,0.5527629256248474,0.0,0.0
20,10,2,0.9,baseline,2,14,1.2835440635681152,1,0.30626046657562256,0.409662663936615,4.744016647338867,0.0859081819653511,0.34794682264328003,0.0,0.0
20,10,2,0.9,baseline,2,15,1.3409051895141602,1,0.3607085049152374,0.4316958785057068,4.40933895111084,0.09445171803236008,0.3825831115245819,0.0,0.0
20,10,2,0.9,baseline,2,16,1.301594614982605,1,0.4681069850921631,0.392169713973999,4.95922327041626,0.13597041368484497,0.5495940446853638,0.0,0.0
20,10,2,0.9,baseline,2,17,1.2777179479599,1,0.30199798941612244,0.4180983603000641,4.6221771240234375,0.08742492645978928,0.35094159841537476,0.0,0.0
20,10,2,0.9,baseline,2,18,1.3392298221588135,1,0.358364999294281,0.42138025164604187,4.550307750701904,0.10142133384943008,0.40496009588241577,0.0,0.0
20,10,2,0.9,baseline,2,19,1.1251778602600098,1,0.44458743929862976,0.3198396563529968,6.1643500328063965,0.12758687138557434,0.5207852721214294,0.0,0.0
20,10,2,0.9,baseline,3,0,1.1435210704803467,1,0.4815734922885895,0.30502715706825256,6.226086139678955,0.11179754883050919,0.4365953207015991,0.0,0.0
20,10,2,0.9,baseline,3,1,1.2194139957427979,1,0.48010721802711487,0.34306925535202026,5.375875949859619,0.12322382628917694,0.49780553579330444,0.0,0.0
20,10,2,0.9,baseline,3,2,1.2163127660751343,1,0.4767078459262848,0.350153386592865,5.438161373138428,0.12366189807653427,0.4942972958087921,0.0,0.0
20,10,2,0.9,baseline,3,3,1.1648964881896973,1,0.4717952013015747,0.3378751575946808,5.682479381561279,0.1177956610918045,0.46565085649490356,0.0,0.0
20,10,2,0.9,baseline,3,4,1.1621445417404175,1,0.46916890144348145,0.3414410352706909,5.710611343383789,0.11820942163467407,0.4810231626033783,0.0,0.0
20,10,2,0.9,baseline,3,5,1.2598273754119873,1,0.4907894432544708,0.3475520610809326,5.415080547332764,0.1274557262659073,0.5055728554725647,0.0,0.0
20,10,2,0.9,baseline,3,6,1.309531331062317,1,0.48344919085502625,0.3872827887535095,4.8381195068359375,0.13247843086719513,0.5376777052879333,0.0,0.0
20,10,2,0.9,baseline,3,7,1.308562159538269,1,0.4827345013618469,0.3627564609050751,5.197017192840576,0.1345331370830536,0.5303866267204285,0.0,0.0
20,10,2,0.9,baseline,3,8,1.3657581806182861,1,0.4831754267215729,0.39428913593292236,4.684446811676025,0.13662472367286682,0.5466300845146179,0.0,0.0
20,10,2,0.9,baseline,3,9,2.593369483947754,1,0.8170021772384644,0.718679666519165,1.8971192836761475,0.15813606977462769,0.5728976726531982,0.0,0.0
20,10,2,0.9,baseline,3,10,1.6354503631591797,1,0.47333845496177673,0.5201913118362427,3.297045946121216,0.15122921764850616,0.5968757271766663,0.0,0.0
20,10,2,0.9,baseline,3,11,1.1151970624923706,1,0.45822790265083313,0.29036661982536316,6.36582088470459,0.11809054017066956,0.4753812551498413,0.0,0.0
20,10,2,0.9,baseline,3,12,1.3571528196334839,1,0.47728556394577026,0.42207178473472595,4.397994518280029,0.13788989186286926,0.5528931617736816,0.0,0.0
20,10,2,0.9,baseline,3,13,1.3776733875274658,1,0.43512633442878723,0.4169270694255829,4.463037967681885,0.1147436574101448,0.44801628589630127,0.0,0.0
20,10,2,0.9,baseline,3,14,1.2286535501480103,1,0.46809402108192444,0.3374473750591278,5.690749168395996,0.13148590922355652,0.5285974740982056,0.0,0.0
20,10,2,0.9,baseline,3,15,1.0174965858459473,1,0.1641988903284073,0.35123980045318604,5.695560932159424,0.10671605169773102,0.42094528675079346,0.0,0.0
20,10,2,0.9,baseline,3,16,1.0853030681610107,1,0.20786118507385254,0.35894185304641724,5.537900447845459,0.10685913264751434,0.42853301763534546,0.0,0.0
20,10,2,0.9,baseline,3,17,1.5469437837600708,1,0.4240536391735077,0.4726810157299042,3.7631630897521973,0.15051794052124023,0.5913082361221313,0.0,0.0
20,10,2,0.9,baseline,3,18,1.1859287023544312,1,0.3600892126560211,0.37205246090888977,5.1517333984375,0.10288790613412857,0.41164830327033997,0.0,0.0
20,10,2,0.9,baseline,3,19,1.3153854608535767,1,0.3876822590827942,0.39449188113212585,4.774877071380615,0.116561658680439,0.45570409297943115,0.0,0.0
20,10,2,0.9,baseline,4,0,1.2476873397827148,1,0.5034003853797913,0.36027589440345764,5.486466407775879,0.13011889159679413,0.5144763588905334,0.0,0.0
20,10,2,0.9,baseline,4,1,1.359471321105957,1,0.4866673946380615,0.4084729850292206,4.727056503295898,0.1363455206155777,0.5485345721244812,0.0,0.0
20,10,2,0.9,baseline,4,2,1.214253544807434,1,0.48214706778526306,0.35882624983787537,5.525965690612793,0.12397639453411102,0.5028591752052307,0.0,0.0
20,10,2,0.9,baseline,4,3,1.3292813301086426,1,0.466396689414978,0.38331249356269836,5.119164943695068,0.12063726782798767,0.48930588364601135,0.0,0.0
20,10,2,0.9,baseline,4,4,1.373562216758728,1,0.4352244734764099,0.4260547161102295,4.485800266265869,0.11684861779212952,0.4668046236038208,0.0,0.0
20,10,2,0.9,baseline,4,5,1.2059978246688843,1,0.47581371665000916,0.32124897837638855,6.1622490882873535,0.12553733587265015,0.4927412271499634,0.0,0.0
20,10,2,0.9,baseline,4,6,1.3543955087661743,1,0.3952244222164154,0.41274139285087585,4.678670406341553,0.1082317978143692,0.44262251257896423,0.0,0.0
20,10,2,0.9,baseline,4,7,1.4041635990142822,1,0.489722341299057,0.43535473942756653,4.337974548339844,0.1406155377626419,0.562415599822998,0.0,0.0
20,10,2,0.9,baseline,4,8,1.315176010131836,1,0.46739503741264343,0.399869829416275,4.860065937042236,0.12485093623399734,0.4936617314815521,0.0,0.0
20,10,2,0.9,baseline,4,9,1.336148738861084,1,0.4700697362422943,0.4051026999950409,4.778230667114258,0.13996531069278717,0.5601717233657837,0.0,0.0
20,10,2,0.9,baseline,4,10,1.2230955362319946,1,0.483806848526001,0.33524513244628906,5.926658630371094,0.13004279136657715,0.5296372175216675,0.0,0.0
20,10,2,0.9,baseline,4,11,1.3143666982650757,1,0.4663478434085846,0.4131218492984772,4.648515224456787,0.1250389665365219,0.5077065825462341,0.0,0.0
20,10,2,0.9,baseline,4,12,1.440640926361084,1,0.4238184094429016,0.45584967732429504,4.076940536499023,0.11710100620985031,0.4702247977256775,0.0,0.0
20,10,2,0.9,baseline,4,13,1.4750628471374512,1,0.4683508276939392,0.4568997621536255,4.061489105224609,0.14484399557113647,0.5719091892242432,0.0,0.0
20,10,2,0.9,baseline,4,14,1.3361797332763672,1,0.38526761531829834,0.41703861951828003,4.629908561706543,0.10928356647491455,0.443411648273468,0.0,0.0
20,10,2,0.9,baseline,4,15,1.3854563236236572,1,0.4768155813217163,0.42170798778533936,4.524548053741455,0.142765611410141,0.569406270980835,0.0,0.0
20,10,2,0.9,baseline,4,16,1.4260824918746948,1,0.4156232178211212,0.4407285451889038,4.285280704498291,0.1180829182267189,0.46924906969070435,0.0,0.0
20,10,2,0.9,baseline,4,17,1.3302483558654785,1,0.40797990560531616,0.4114026427268982,4.677015781402588,0.11856241524219513,0.4824923574924469,0.0,0.0
20,10,2,0.9,baseline,4,18,1.4597114324569702,1,0.45844173431396484,0.4342300593852997,4.356307506561279,0.14510254561901093,0.5934311747550964,0.0,0.0
20,10,2,0.9,baseline,4,19,1.2585062980651855,1,0.4183225929737091,0.3723621964454651,5.298158645629883,0.1274338662624359,0.5259442925453186,0.0,0.0
20,10,2,0.9,input_at,0,0,1.1562347412109375,1,0.48657047748565674,0.3707570731639862,5.257193088531494,0.11797545105218887,0.4741097092628479,0.0,0.0
20,10,2,0.9,input_at,0,1,1.1181468963623047,1,0.47412246465682983,0.32878318428993225,5.943450927734375,0.11570470035076141,0.47638750076293945,0.0,0.0
20,10,2,0.9,input_at,0,2,1.2235829830169678,1,0.4900956153869629,0.3713608980178833,5.189497470855713,0.12625572085380554,0.5094661712646484,0.0,0.0
20,10,2,0.9,input_at,0,3,1.2889037132263184,1,0.48753592371940613,0.4060717225074768,4.6986799240112305,0.1337316632270813,0.5471335053443909,0.0,0.0
20,10,2,0.9,input_at,0,4,1.1986398696899414,1,0.47153428196907043,0.36341238021850586,5.353874683380127,0.12476303428411484,0.48739442229270935,0.0,0.0
20,10,2,0.9,input_at,0,5,1.076103925704956,1,0.6222559213638306,0.31485432386398315,6.308821201324463,0.08898560702800751,0.35817381739616394,0.0,0.0
20,10,2,0.9,input_at,0,6,1.4291044473648071,1,0.4878391921520233,0.47253525257110596,3.82709002494812,0.14686016738414764,0.599573016166687,0.0,0.0
20,10,2,0.9,input_at,0,7,1.1991738080978394,1,0.47188615798950195,0.3764711320400238,5.166295528411865,0.12201689928770065,0.48714134097099304,0.0,0.0
20,10,2,0.9,input_at,0,8,1.1169872283935547,1,0.4730738401412964,0.34931257367134094,5.629723072052002,0.11524524539709091,0.4689772427082062,0.0,0.0
20,10,2,0.9,input_at,0,9,1.468672513961792,1,0.48961368203163147,0.5091941356658936,3.4199776649475098,0.14997151494026184,0.6057978272438049,0.0,0.0
20,10,2,0.9,input_at,0,10,1.3543801307678223,1,0.3962603211402893,0.4549255073070526,4.079270839691162,0.11157053709030151,0.45105060935020447,0.0,0.0
20,10,2,0.9,input_at,0,11,1.2869102954864502,1,0.4860818386077881,0.411186158657074,4.627876281738281,0.1331387162208557,0.5395533442497253,0.0,0.0
20,10,2,0.9,input_at,0,12,1.4675085544586182,1,0.48892146348953247,0.5030621886253357,3.4898500442504883,0.14949429035186768,0.5893795490264893,0.0,0.0
20,10,2,0.9,input_at,0,13,1.427713394165039,1,0.418679416179657,0.48953649401664734,3.6653335094451904,0.12209563702344894,0.49265986680984497,0.0,0.0
20,10,2,0.9,input_at,0,14,1.142817497253418,1,0.4752276539802551,0.36375612020492554,5.401675701141357,0.12313974648714066,0.4865878224372864,0.0,0.0
20,10,2,0.9,input_at,0,15,1.350337266921997,1,0.39455923438072205,0.4639630913734436,3.956636428833008,0.10965118557214737,0.4398786723613739,0.0,0.0
20,10,2,0.9,input_at,0,16,1.2109243869781494,1,0.47994497418403625,0.3901132345199585,4.944753170013428,0.13058185577392578,0.5303893089294434,0.0,0.0
20,10,2,0.9,input_at,0,17,1.4245784282684326,1,0.41750749945640564,0.49804335832595825,3.5661919116973877,0.11686255037784576,0.47495827078819275,0.0,0.0
20,10,2,0.9,input_at,0,18,0.017142342403531075,0,6.779148679925129e-05,0.16961467266082764,8.461464881896973,6.860530853271484,16.340715408325195,0.0,1.0
20,10,2,0.9,input_at,0,19,1.4166384935379028,1,0.47934675216674805,0.47438499331474304,3.8218846321105957,0.14879152178764343,0.6099576950073242,0.0,0.0
20,10,2,0.9,input_at,1,0,1.003548502922058,1,0.7872701287269592,0.24017110466957092,7.624516010284424,0.09292253106832504,0.3700055480003357,0.0,0.0
20,10,2,0.9,input_at,1,1,1.2104545831680298,1,0.4906398057937622,0.36740922927856445,5.314025402069092,0.12652705609798431,0.5109152793884277,0.0,0.0
20,10,2,0.9,input_at,1,2,1.2106633186340332,1,0.45030677318573,0.3542642593383789,5.5359063148498535,0.11997873336076736,0.48409441113471985,0.0,0.0
20,10,2,0.9,input_at,1,3,1.210404872894287,1,0.45032262802124023,0.3451768755912781,5.706697463989258,0.11881682276725769,0.4731241464614868,0.0,0.0
20,10,2,0.9,input_at,1,4,1.3710529804229736,1,0.4773499071598053,0.4199095666408539,4.537439346313477,0.1334875226020813,0.5341458916664124,0.0,0.0
20,10,2,0.9,input_at,1,5,1.4658528566360474,1,0.47104254364967346,0.44373777508735657,4.195540428161621,0.14480000734329224,0.5813931226730347,0.0,0.0
20,10,2,0.9,input_at,1,6,1.342944860458374,1,0.4614190459251404,0.4051273763179779,4.734123706817627,0.1298786699771881,0.5188608765602112,0.0,0.0
20,10,2,0.9,input_at,1,7,1.5052598714828491,1,0.488412469625473,0.4743660092353821,3.813955068588257,0.15121452510356903,0.5919049978256226,0.0,0.0
20,10,2,0.9,input_at,1,8,1.3428230285644531,1,0.4613981544971466,0.41322436928749084,4.631027698516846,0.12710490822792053,0.5135672688484192,0.0,0.0
20,10,2,0.9,input_at,1,9,1.4925098419189453,1,0.47827616333961487,0.4653041660785675,3.919236183166504,0.14939770102500916,0.5954368710517883,0.0,0.0
20,10,2,0.9,input_at,1,10,1.488384485244751,1,0.4755927622318268,0.4737614691257477,3.8316609859466553,0.14771004021167755,0.5927427411079407,0.0,0.0
20,10,2,0.9,input_at,1,11,1.491118311882019,1,0.4774172008037567,0.4764554798603058,3.805105686187744,0.15140469372272491,0.6143630146980286,0.0,0.0
20,10,2,0.9,input_at,1,12,1.2726316452026367,1,0.37858790159225464,0.4181033670902252,4.5609588623046875,0.10967046022415161,0.4399077594280243,0.0,0.0
20,10,2,0.9,input_at,1,13,1.5037894248962402,1,0.4875505864620209,0.46349048614501953,3.941608190536499,0.15287597477436066,0.6142868995666504,0.0,0.0
20,10,2,0.9,input_at,1,14,1.1998026371002197,1,0.48202750086784363,0.34658321738243103,5.643418312072754,0.1264590620994568,0.5072157382965088,0.0,0.0
20,10,2,0.9,input_at,1,15,1.4860714673995972,1,0.4741929769515991,0.47456905245780945,3.822335720062256,0.14553238451480865,0.5826178789138794,0.0,0.0
20,10,2,0.9,input_at,1,16,1.459417700767517,1,0.4668845236301422,0.4507097899913788,4.120757579803467,0.1479409784078598,0.5739622712135315,0.0,0.0
20,10,2,0.9,input_at,1,17,0.06632237136363983,0,0.0028942616190761328,0.16068503260612488,8.409297943115234,17.20648765563965,17.20648765563965,1.0,1.0
20,10,2,0.9,input_at,1,18,1.2680991888046265,1,0.37626829743385315,0.40334728360176086,4.787805557250977,0.10392880439758301,0.4166739284992218,0.0,0.0
20,10,2,0.9,input_at,1,19,1.3359613418579102,1,0.45280835032463074,0.4159601628780365,4.5766520500183105,0.1422850340604782,0.5745454430580139,0.0,0.0
20,10,2,0.9,input_at,2,0,0.9352272748947144,1,0.8553692698478699,0.26818543672561646,7.108020305633545,0.08724214881658554,0.3566599190235138,0.0,0.0
20,10,2,0.9,input_at,2,1,1.0279364585876465,1,0.49633872509002686,0.3279329240322113,5.940633773803711,0.10750477761030197,0.43775060772895813,0.0,0.0
20,10,2,0.9,input_at,2,2,1.2203322649002075,1,0.4839739501476288,0.4266926348209381,4.413119792938232,0.12698613107204437,0.5088959336280823,0.0,0.0
20,10,2,0.9,input_at,2,3,1.270958423614502,1,0.49970802664756775,0.42323461174964905,4.448387622833252,0.13033810257911682,0.5199698209762573,0.0,0.0
20,10,2,0.9,input_at,2,4,1.2853419780731201,1,0.49590444564819336,0.4286922514438629,4.360413074493408,0.13364560902118683,0.5347734093666077,0.0,0.0
20,10,2,0.9,input_at,2,5,1.2838259935379028,1,0.4946848750114441,0.4640677869319916,3.932163715362549,0.13237132132053375,0.5169861316680908,0.0,0.0
20,10,2,0.9,input_at,2,6,1.3459721803665161,1,0.489854633808136,0.45803898572921753,4.007007122039795,0.13967271149158478,0.5638839602470398,0.0,0.0
20,10,2,0.9,input_at,2,7,1.4194552898406982,1,0.4872821569442749,0.48799917101860046,3.6541237831115723,0.14521950483322144,0.5792233347892761,0.0,0.0
20,10,2,0.9,input_at,2,8,1.3945308923721313,1,0.49912282824516296,0.4704965353012085,3.8376975059509277,0.14610861241817474,0.5856513381004333,0.0,0.0
20,10,2,0.9,input_at,2,9,1.3189935684204102,1,0.49557211995124817,0.4708777368068695,3.839982509613037,0.13673724234104156,0.5472960472106934,0.0,0.0
20,10,2,0.9,input_at,2,10,1.318200707435608,1,0.4949604868888855,0.43555358052253723,4.253972053527832,0.13903677463531494,0.5614205002784729,0.0,0.0
20,10,2,0.9,input_at,2,11,1.3455429077148438,1,0.48951664566993713,0.46348363161087036,3.9349069595336914,0.14015503227710724,0.567636251449585,0.0,0.0
20,10,2,0.9,input_at,2,12,1.2165203094482422,1,0.4809150993824005,0.3896557092666626,4.936445713043213,0.1270512342453003,0.512335479259491,0.0,0.0
20,10,2,0.9,input_at,2,13,1.3907489776611328,1,0.4963971674442291,0.47466155886650085,3.7968361377716064,0.14441430568695068,0.5796270370483398,0.0,0.0
20,10,2,0.9,input_at,2,14,1.0186841487884521,1,0.4874884784221649,0.31111982464790344,6.1924028396606445,0.10930119454860687,0.43524596095085144,0.0,0.0
20,10,2,0.9,input_at,2,15,0.7669781446456909,1,0.7538374066352844,0.19060936570167542,8.391213417053223,0.07315031439065933,0.2841595709323883,0.0,0.0
20,10,2,0.9,input_at,2,16,1.2608047723770142,1,0.49171721935272217,0.4330008327960968,4.307929992675781,0.13243459165096283,0.5352963805198669,0.0,0.0
20,10,2,0.9,input_at,2,17,1.413167953491211,1,0.48299863934516907,0.5060513615608215,3.4592678546905518,0.144544780254364,0.5712853670120239,0.0,0.0
20,10,2,0.9,input_at,2,18,0.1368711143732071,0,0.02058574929833412,0.16779910027980804,8.27022647857666,0.46926990151405334,2.6904518604278564,0.0,0.0
20,10,2,0.9,input_at,2,19,0.09972289204597473,0,0.012770007364451885,0.17655520141124725,8.120978355407715,0.5328086614608765,3.0602047443389893,0.0,0.0
20,10,2,0.9,input_at,3,0,0.9933405518531799,1,0.6755906343460083,0.2651714086532593,6.939232349395752,0.08977395296096802,0.3547914922237396,0.0,0.0
20,10,2,0.9,input_at,3,1,1.3356640338897705,1,0.44838082790374756,0.4586002230644226,3.941098690032959,0.13161884248256683,0.5097293853759766,0.0,0.0
20,10,2,0.9,input_at,3,2,1.1006766557693481,1,0.8190228939056396,0.3182682394981384,6.012618541717529,0.10314811766147614,0.4183087646961212,0.0,0.0
20,10,2,0.9,input_at,3,3,1.1937451362609863,1,0.4871537983417511,0.38870561122894287,4.88407039642334,0.1254238784313202,0.5009480118751526,0.0,0.0
20,10,2,0.9,input_at,3,4,1.1936832666397095,1,0.48709356784820557,0.38374584913253784,4.955745697021484,0.12421973794698715,0.5064539313316345,0.0,0.0
20,10,2,0.9,input_at,3,5,1.2587051391601562,1,0.48668187856674194,0.4004129469394684,4.674906253814697,0.13024073839187622,0.522223711013794,0.0,0.0
20,10,2,0.9,input_at,3,6,1.237568974494934,1,0.4855956733226776,0.4010621905326843,4.636577129364014,0.12650924921035767,0.5232273936271667,0.0,0.0
20,10,2,0.9,input_at,3,7,1.2380720376968384,1,0.48594772815704346,0.37151452898979187,5.13066291809082,0.12938590347766876,0.5185410976409912,0.0,0.0
20,10,2,0.9,input_at,3,8,1.3339641094207764,1,0.4472119212150574,0.45117446780204773,4.038925647735596,0.1284421980381012,0.5151404738426208,0.0,0.0
20,10,2,0.9,input_at,3,9,1.4783045053482056,1,0.4486725330352783,0.503303587436676,3.4488565921783447,0.13592849671840668,0.5313084125518799,0.0,0.0
20,10,2,0.9,input_at,3,10,1.4861456155776978,1,0.4643472135066986,0.5279174447059631,3.2315609455108643,0.14969132840633392,0.5943606495857239,0.0,0.0
20,10,2,0.9,input_at,3,11,1.1985036134719849,1,0.36724579334259033,0.38470155000686646,4.9738874435424805,0.10453648865222931,0.4273962378501892,0.0,0.0
20,10,2,0.9,input_at,3,12,1.1978676319122314,1,0.3672800362110138,0.4154505729675293,4.529594898223877,0.10074696689844131,0.4171183705329895,0.0,0.0
20,10,2,0.9,input_at,3,13,1.5594145059585571,1,0.46809640526771545,0.5281335115432739,3.220189094543457,0.14968740940093994,0.5910918712615967,0.0,0.0
20,10,2,0.9,input_at,3,14,1.2557698488235474,1,0.4843562841415405,0.3916410803794861,4.783996105194092,0.13182324171066284,0.5370351672172546,0.0,0.0
20,10,2,0.9,input_at,3,15,1.4756548404693604,1,0.447007417678833,0.4805011749267578,3.7056221961975098,0.13749152421951294,0.5550700426101685,0.0,0.0
20,10,2,0.9,input_at,3,16,1.4840006828308105,1,0.46285319328308105,0.4882243871688843,3.6239633560180664,0.14888402819633484,0.5920384526252747,0.0,0.0
20,10,2,0.9,input_at,3,17,0.08102446794509888,0,0.004463121294975281,0.19647496938705444,7.742459774017334,16.24154281616211,16.24154281616211,1.0,1.0
20,10,2,0.9,input_at,3,18,0.06969155371189117,0,0.003256694646552205,0.20011550188064575,7.757482528686523,16.254629135131836,16.254629135131836,1.0,1.0
20,10,2,0.9,input_at,3,19,1.5564970970153809,1,0.4662211239337921,0.5269107222557068,3.2342019081115723,0.15188303589820862,0.602486252784729,0.0,0.0
20,10,2,0.9,input_at,4,0,1.1411112546920776,1,0.4804442524909973,0.3356022238731384,5.859523773193359,0.11947670578956604,0.4829122722148895,0.0,0.0
20,10,2,0.9,input_at,4,1,1.1758794784545898,1,0.49309468269348145,0.3565647602081299,5.493717670440674,0.12412368506193161,0.49699172377586365,0.0,0.0
20,10,2,0.9,input_at,4,2,1.1290453672409058,1,0.49429038166999817,0.3503931760787964,5.6303510665893555,0.11891482025384903,0.47474509477615356,0.0,0.0
20,10,2,0.9,input_at,4,3,1.2736526727676392,1,0.5496687293052673,0.3878883719444275,5.033413410186768,0.11806266754865646,0.47626373171806335,0.0,0.0
20,10,2,0.9,input_at,4,4,1.1403194665908813,1,0.47984421253204346,0.3327280282974243,5.929324626922607,0.11946743726730347,0.48141050338745117,0.0,0.0
20,10,2,0.9,input_at,4,5,1.1292295455932617,1,0.49444580078125,0.3093844950199127,6.311831951141357,0.11885912716388702,0.47062212228775024,0.0,0.0
20,10,2,0.9,input_at,4,6,1.2871897220611572,1,0.5122963786125183,0.39060163497924805,4.9637861251831055,0.130984827876091,0.5465471148490906,0.0,0.0
20,10,2,0.9,input_at,4,7,1.4056529998779297,1,0.4928898215293884,0.46463608741760254,3.9407107830047607,0.1464347243309021,0.5854172706604004,0.0,0.0
20,10,2,0.9,input_at,4,8,1.3698925971984863,1,0.4888877272605896,0.4402696192264557,4.229847431182861,0.14106953144073486,0.5606526732444763,0.0,0.0
20,10,2,0.9,input_at,4,9,1.5000721216201782,1,0.4920840263366699,0.4974776804447174,3.5653553009033203,0.15779921412467957,0.6214466094970703,0.0,0.0
20,10,2,0.9,input_at,4,10,1.4993133544921875,1,0.49156880378723145,0.48022666573524475,3.7653002738952637,0.15714722871780396,0.6521373987197876,0.0,0.0
20,10,2,0.9,input_at,4,11,1.3691320419311523,1,0.48828551173210144,0.4518679976463318,4.082583427429199,0.14148838818073273,0.5806674361228943,0.0,0.0
20,10,2,0.9,input_at,4,12,1.4495751857757568,1,0.45616477727890015,0.4851396083831787,3.723330020904541,0.1358984112739563,0.5412903428077698,0.0,0.0
20,10,2,0.9,input_at,4,13,0.8648465275764465,1,0.4044189453125,0.2520022690296173,7.513706207275391,0.07905309647321701,0.31595298647880554,0.0,0.0
20,10,2,0.9,input_at,4,14,1.1669460535049438,1,0.4856303334236145,0.36090725660324097,5.421035289764404,0.12307697534561157,0.4968857765197754,0.0,0.0
20,10,2,0.9,input_at,4,15,1.4038827419281006,1,0.4916388988494873,0.4536941945552826,4.078300476074219,0.14628644287586212,0.5820661783218384,0.0,0.0
20,10,2,0.9,input_at,4,16,1.4478603601455688,1,0.45533061027526855,0.46808168292045593,3.8971047401428223,0.13518205285072327,0.5330190658569336,0.0,0.0
20,10,2,0.9,input_at,4,17,1.4771766662597656,1,0.46170997619628906,0.4873981773853302,3.686871290206909,0.1438668966293335,0.5773298144340515,0.0,0.0
20,10,2,0.9,input_at,4,18,1.4769798517227173,1,0.46164679527282715,0.47010254859924316,3.8904309272766113,0.14357087016105652,0.5912591218948364,0.0,0.0
20,10,2,0.9,input_at,4,19,0.0198956448584795,0,0.00020336198213044554,0.17275862395763397,8.413066864013672,3.76694917678833,16.875776290893555,0.0,1.0
20,10,2,0.9,lat,0,0,1.8418192863464355,1,0.4993111193180084,0.45122045278549194,4.179398536682129,0.19324393570423126,0.774080216884613,0.0,0.0
20,10,2,0.9,lat,0,1,1.7676023244857788,1,0.49925029277801514,0.38779309391975403,5.123213291168213,0.18868836760520935,0.7755314707756042,0.0,0.0
20,10,2,0.9,lat,0,2,1.811307668685913,1,0.49955305457115173,0.4099092185497284,4.774592876434326,0.18774187564849854,0.757767915725708,0.0,0.0
20,10,2,0.9,lat,0,3,1.7270735502243042,1,0.499299019575119,0.39575374126434326,5.01165771484375,0.1832466870546341,0.7513331174850464,0.0,0.0
20,10,2,0.9,lat,0,4,1.7492672204971313,1,0.4978766143321991,0.39258190989494324,5.060859203338623,0.18766914308071136,0.740421712398529,0.0,0.0
20,10,2,0.9,lat,0,5,1.841741919517517,1,0.49927106499671936,0.4241260290145874,4.565073490142822,0.19524967670440674,0.7874774932861328,0.0,0.0
20,10,2,0.9,lat,0,6,1.7801419496536255,1,0.5001983046531677,0.4129071831703186,4.725680828094482,0.1854611337184906,0.7672490477561951,0.0,0.0
20,10,2,0.9,lat,0,7,1.749221682548523,1,0.49784353375434875,0.40210461616516113,4.908239364624023,0.1825200319290161,0.7308732867240906,0.0,0.0
20,10,2,0.9,lat,0,8,1.7663837671279907,1,0.4985767602920532,0.4107152223587036,4.7560038566589355,0.18875332176685333,0.7682555913925171,0.0,0.0
20,10,2,0.9,lat,0,9,1.7888007164001465,1,0.497980535030365,0.4346598982810974,4.409911632537842,0.18535475432872772,0.7392210960388184,0.0,0.0
20,10,2,0.9,lat,0,10,1.5443240404129028,1,0.4052629768848419,0.3448120057582855,5.897403717041016,0.14590713381767273,0.5820499062538147,0.0,0.0
20,10,2,0.9,lat,0,11,1.7246493101119995,1,0.49789685010910034,0.3984045386314392,4.96450662612915,0.18103115260601044,0.7273321747779846,0.0,0.0
20,10,2,0.9,lat,0,12,1.6229588985443115,1,0.47181424498558044,0.37777915596961975,5.310699462890625,0.16243141889572144,0.6428022384643555,0.0,0.0
20,10,2,0.9,lat,0,13,1.6787657737731934,1,0.4351159632205963,0.38792306184768677,5.159940242767334,0.16172172129154205,0.6437870264053345,0.0,0.0
20,10,2,0.9,lat,0,14,1.78587007522583,1,0.49635544419288635,0.42136985063552856,4.595523357391357,0.18964004516601562,0.7711629271507263,0.0,0.0
20,10,2,0.9,lat,0,15,1.624007225036621,1,0.4718708097934723,0.3814782202243805,5.246674537658691,0.1653251051902771,0.6508800983428955,0.0,0.0
20,10,2,0.9,lat,0,16,1.8030277490615845,1,0.49503853917121887,0.4297792911529541,4.480451583862305,0.19230245053768158,0.7695483565330505,0.0,0.0
20,10,2,0.9,lat,0,17,1.667015552520752,1,0.430690199136734,0.40092095732688904,4.934409141540527,0.1552082747220993,0.6332599520683289,0.0,0.0
20,10,2,0.9,lat,0,18,1.5298113822937012,1,0.4000101685523987,0.34326258301734924,5.963909149169922,0.1427546590566635,0.5680208802223206,0.0,0.0
20,10,2,0.9,lat,0,19,1.7700835466384888,1,0.4945703148841858,0.4122968912124634,4.743444919586182,0.18865446746349335,0.7593376636505127,0.0,0.0
20,10,2,0.9,lat,1,0,1.908055067062378,1,0.4966311752796173,0.3996681272983551,4.916395664215088,0.20278076827526093,0.815839409828186,0.0,0.0
20,10,2,0.9,lat,1,1,1.9811986684799194,1,0.5028171539306641,0.4312054216861725,4.449522495269775,0.20757050812244415,0.8330168128013611,0.0,0.0
20,10,2,0.9,lat,1,2,1.9579850435256958,1,0.49594807624816895,0.41345834732055664,4.716250419616699,0.20591872930526733,0.8264918923377991,0.0,0.0
20,10,2,0.9,lat,1,3,1.9570850133895874,1,0.495484858751297,0.3946152329444885,4.995543956756592,0.20559872686862946,0.8213000297546387,0.0,0.0
20,10,2,0.9,lat,1,4,1.918630838394165,1,0.4973853826522827,0.4115585386753082,4.7316083908081055,0.20308518409729004,0.8295221328735352,0.0,0.0
20,10,2,0.9,lat,1,5,1.8942004442214966,1,0.4980446398258209,0.38769733905792236,5.106124401092529,0.2000473290681839,0.8026118874549866,0.0,0.0
20,10,2,0.9,lat,1,6,2.0296473503112793,1,0.4980548620223999,0.4389638602733612,4.335531711578369,0.21536940336227417,0.8671461939811707,0.0,0.0
20,10,2,0.9,lat,1,7,2.045837879180908,1,0.49251723289489746,0.44466546177864075,4.258621692657471,0.20996835827827454,0.8258394002914429,0.0,0.0
20,10,2,0.9,lat,1,8,1.917748212814331,1,0.49689680337905884,0.397708922624588,4.957417011260986,0.20054729282855988,0.7977654337882996,0.0,0.0
20,10,2,0.9,lat,1,9,1.9073768854141235,1,0.4963456392288208,0.40045252442359924,4.92861795425415,0.19549910724163055,0.7868840098381042,0.0,0.0
20,10,2,0.9,lat,1,10,1.8441475629806519,1,0.4457605183124542,0.39801275730133057,4.981661796569824,0.17484688758850098,0.7073090076446533,0.0,0.0
20,10,2,0.9,lat,1,11,1.9017024040222168,1,0.49831685423851013,0.3989616632461548,4.932492733001709,0.1990913301706314,0.7988052368164062,0.0,0.0
20,10,2,0.9,lat,1,12,2.0276405811309814,1,0.4971122443675995,0.4460934102535248,4.245174407958984,0.21237170696258545,0.8545089364051819,0.0,0.0
20,10,2,0.9,lat,1,13,2.0431275367736816,1,0.49122902750968933,0.43767791986465454,4.347011089324951,0.21342283487319946,0.8691081404685974,0.0,0.0
20,10,2,0.9,lat,1,14,1.4370590448379517,1,0.3614506125450134,0.2884654104709625,7.06326150894165,0.13502028584480286,0.5426673889160156,0.0,0.0
20,10,2,0.9,lat,1,15,1.8355932235717773,1,0.44282686710357666,0.401039183139801,4.915339946746826,0.1709321290254593,0.6796101331710815,0.0,0.0
20,10,2,0.9,lat,1,16,1.4259718656539917,1,0.35986432433128357,0.2768835723400116,7.312273979187012,0.13107909262180328,0.5359250903129578,0.0,0.0
20,10,2,0.9,lat,1,17,1.8886579275131226,1,0.49514105916023254,0.39577716588974,4.987548828125,0.1965084671974182,0.785859227180481,0.0,0.0
20,10,2,0.9,lat,1,18,1.9536561965942383,1,0.4890635311603546,0.41330087184906006,4.7129130363464355,0.21072271466255188,0.8502876162528992,0.0,0.0
20,10,2,0.9,lat,1,19,1.894697666168213,1,0.49475377798080444,0.387413889169693,5.13317346572876,0.20163464546203613,0.8080341815948486,0.0,0.0
20,10,2,0.9,lat,2,0,1.8491871356964111,1,0.5001448392868042,0.4426988959312439,4.266452789306641,0.19673603773117065,0.7886810302734375,0.0,0.0
20,10,2,0.9,lat,2,1,1.7040547132492065,1,0.94924396276474,0.35525354743003845,5.6883769035339355,0.17051376402378082,0.6987498998641968,0.0,0.0
20,10,2,0.9,lat,2,2,1.8301128149032593,1,0.49872922897338867,0.4378196597099304,4.333289623260498,0.19343875348567963,0.7705636620521545,0.0,0.0
20,10,2,0.9,lat,2,3,1.8359318971633911,1,0.5019370317459106,0.4147643446922302,4.6556077003479,0.190238818526268,0.7649255990982056,0.0,0.0
20,10,2,0.9,lat,2,4,1.8667783737182617,1,0.4997718334197998,0.4326305091381073,4.392768383026123,0.19572623074054718,0.7862475514411926,0.0,0.0
20,10,2,0.9,lat,2,5,1.8650797605514526,1,0.49885857105255127,0.45432761311531067,4.120138645172119,0.19308367371559143,0.7571994066238403,0.0,0.0
20,10,2,0.9,lat,2,6,1.8842873573303223,1,0.49565884470939636,0.43590545654296875,4.360043048858643,0.19522041082382202,0.8000876307487488,0.0,0.0
20,10,2,0.9,lat,2,7,1.8981491327285767,1,0.4992785155773163,0.44009432196617126,4.292513370513916,0.19772179424762726,0.7905133962631226,0.0,0.0
20,10,2,0.9,lat,2,8,1.7649415731430054,1,0.49860432744026184,0.39702916145324707,4.911630153656006,0.18605883419513702,0.7502115368843079,0.0,0.0
20,10,2,0.9,lat,2,9,1.846360683441162,1,0.4986250102519989,0.4511212110519409,4.152796268463135,0.19564276933670044,0.7772607207298279,0.0,0.0
20,10,2,0.9,lat,2,10,1.8228658437728882,1,0.49622124433517456,0.4054645895957947,4.776801586151123,0.1938517689704895,0.7732438445091248,0.0,0.0
20,10,2,0.9,lat,2,11,1.8220354318618774,1,0.49579131603240967,0.41345638036727905,4.674315929412842,0.1910742074251175,0.7661345601081848,0.0,0.0
20,10,2,0.9,lat,2,12,1.8264050483703613,1,0.4967312812805176,0.4105909466743469,4.713850498199463,0.19316419959068298,0.7788136005401611,0.0,0.0
20,10,2,0.9,lat,2,13,1.7620116472244263,1,0.4970029890537262,0.39975765347480774,4.877752780914307,0.18332916498184204,0.735277533531189,0.0,0.0
20,10,2,0.9,lat,2,14,1.8791505098342896,1,0.49305298924446106,0.4272332489490509,4.4791259765625,0.19523629546165466,0.7788376212120056,0.0,0.0
20,10,2,0.9,lat,2,15,1.093406319618225,1,0.46371224522590637,0.20822930335998535,8.570981979370117,0.10973361134529114,0.43583962321281433,0.0,0.0
20,10,2,0.9,lat,2,16,1.824407696723938,1,0.495669960975647,0.42879465222358704,4.455106735229492,0.1922008991241455,0.7641599774360657,0.0,0.0
20,10,2,0.9,lat,2,17,1.8923656940460205,1,0.49628713726997375,0.4517255425453186,4.157158851623535,0.19747966527938843,0.7845279574394226,0.0,0.0
20,10,2,0.9,lat,2,18,1.0900769233703613,1,0.46061140298843384,0.2026502937078476,8.533731460571289,0.11439460515975952,0.46015214920043945,0.0,0.0
20,10,2,0.9,lat,2,19,0.29908281564712524,0,0.029314005747437477,0.14948932826519012,9.016890525817871,1.0429644584655762,9.312726974487305,0.0,0.0
20,10,2,0.9,lat,3,0,1.9397178888320923,1,0.49013233184814453,0.4313276708126068,4.430532932281494,0.19846053421497345,0.7842461466789246,0.0,0.0
20,10,2,0.9,lat,3,1,1.946778416633606,1,0.49713441729545593,0.4571872651576996,4.086423397064209,0.20582951605319977,0.8304874300956726,0.0,0.0
20,10,2,0.9,lat,3,2,1.9470577239990234,1,0.4973037540912628,0.4542262852191925,4.122204780578613,0.20320983231067657,0.8084689974784851,0.0,0.0
20,10,2,0.9,lat,3,3,1.8657814264297485,1,0.4963766932487488,0.4344622492790222,4.3808722496032715,0.19733840227127075,0.7849399447441101,0.0,0.0
20,10,2,0.9,lat,3,4,1.8647559881210327,1,0.495839923620224,0.4319467544555664,4.4283552169799805,0.19411171972751617,0.8007419109344482,0.0,0.0
20,10,2,0.9,lat,3,5,1.7159793376922607,1,0.4863050878047943,0.3789636194705963,5.239803314208984,0.1778961569070816,0.7098188400268555,0.0,0.0
20,10,2,0.9,lat,3,6,1.8121964931488037,1,0.4901171326637268,0.41919219493865967,4.627315044403076,0.18664433062076569,0.7694392204284668,0.0,0.0
20,10,2,0.9,lat,3,7,1.8129186630249023,1,0.49054041504859924,0.3987060487270355,4.92304801940918,0.1894398033618927,0.7586591243743896,0.0,0.0
20,10,2,0.9,lat,3,8,1.7950994968414307,1,0.47509878873825073,0.41734233498573303,4.667255401611328,0.1848556101322174,0.7441744804382324,0.0,0.0
20,10,2,0.9,lat,3,9,1.895521879196167,1,0.489383727312088,0.43720126152038574,4.357616424560547,0.19414426386356354,0.7898758053779602,0.0,0.0
20,10,2,0.9,lat,3,10,1.7789043188095093,1,0.4647141695022583,0.42238879203796387,4.5740556716918945,0.1757090836763382,0.7076902389526367,0.0,0.0
20,10,2,0.9,lat,3,11,1.9356164932250977,1,0.4881802797317505,0.42817196249961853,4.485655784606934,0.20211131870746613,0.8025089502334595,0.0,0.0
20,10,2,0.9,lat,3,12,1.7950012683868408,1,0.47531503438949585,0.431954026222229,4.434422969818115,0.18784040212631226,0.7554002404212952,0.0,0.0
20,10,2,0.9,lat,3,13,1.3672798871994019,1,0.4072795808315277,0.2841479182243347,7.088441848754883,0.13079595565795898,0.5242413878440857,0.0,0.0
20,10,2,0.9,lat,3,14,1.711654543876648,1,0.48390015959739685,0.3693869113922119,5.384803295135498,0.17873413860797882,0.7288180589675903,0.0,0.0
20,10,2,0.9,lat,3,15,1.8906491994857788,1,0.4869568347930908,0.4178845286369324,4.632320880889893,0.19290876388549805,0.7862886786460876,0.0,0.0
20,10,2,0.9,lat,3,16,1.7752779722213745,1,0.46308234333992004,0.39311373233795166,5.017124176025391,0.17388884723186493,0.6984544992446899,0.0,0.0
20,10,2,0.9,lat,3,17,1.361420750617981,1,0.4052770137786865,0.27275219559669495,7.3195719718933105,0.1371646672487259,0.545354962348938,0.0,0.0
20,10,2,0.9,lat,3,18,1.625386357307434,1,0.44563889503479004,0.3710676431655884,5.37375020980835,0.16085650026798248,0.648644208908081,0.0,0.0
20,10,2,0.9,lat,3,19,1.6230019330978394,1,0.4447307288646698,0.3595733642578125,5.570866584777832,0.15759137272834778,0.6456140279769897,0.0,0.0
20,10,2,0.9,lat,4,0,1.9175080060958862,1,0.5000903010368347,0.41812101006507874,4.62723970413208,0.20456957817077637,0.8126035928726196,0.0,0.0
20,10,2,0.9,lat,4,1,1.9539740085601807,1,0.49815940856933594,0.4267304539680481,4.51489782333374,0.20415115356445312,0.8222460150718689,0.0,0.0
20,10,2,0.9,lat,4,2,1.8889594078063965,1,0.4981857240200043,0.4195423722267151,4.616081237792969,0.19829627871513367,0.8045799136161804,0.0,0.0
20,10,2,0.9,lat,4,3,1.9622197151184082,1,0.49913308024406433,0.42712461948394775,4.5196685791015625,0.20385532081127167,0.8257359266281128,0.0,0.0
20,10,2,0.9,lat,4,4,1.987062692642212,1,0.4966574013233185,0.43863484263420105,4.341940879821777,0.20949897170066833,0.851297914981842,0.0,0.0
20,10,2,0.9,lat,4,5,1.8887792825698853,1,0.49810636043548584,0.38272997736930847,5.202441692352295,0.20001894235610962,0.7884535193443298,0.0,0.0
20,10,2,0.9,lat,4,6,1.963192105293274,1,0.4996235966682434,0.4262748956680298,4.506231784820557,0.20711417496204376,0.8393614292144775,0.0,0.0
20,10,2,0.9,lat,4,7,1.8949470520019531,1,0.4999409019947052,0.421081006526947,4.595767021179199,0.1982422173023224,0.7844353914260864,0.0,0.0
20,10,2,0.9,lat,4,8,1.8100857734680176,1,0.49592363834381104,0.394945353269577,5.016834259033203,0.19078832864761353,0.7716057300567627,0.0,0.0
20,10,2,0.9,lat,4,9,1.952483057975769,1,0.49742016196250916,0.43276742100715637,4.4204792976379395,0.20517945289611816,0.8206321001052856,0.0,0.0
20,10,2,0.9,lat,4,10,1.9152079820632935,1,0.4989074766635895,0.39294132590293884,5.025252819061279,0.20139700174331665,0.8179329037666321,0.0,0.0
20,10,2,0.9,lat,4,11,1.8109718561172485,1,0.49646666646003723,0.40343478322029114,4.870582580566406,0.1889774650335312,0.7749993205070496,0.0,0.0
20,10,2,0.9,lat,4,12,1.8670834302902222,1,0.4560084342956543,0.41678866744041443,4.6618547439575195,0.17733240127563477,0.7054846882820129,0.0,0.0
20,10,2,0.9,lat,4,13,1.7362709045410156,1,0.4787830710411072,0.36802297830581665,5.467711925506592,0.17512424290180206,0.6956986784934998,0.0,0.0
20,10,2,0.9,lat,4,14,1.9836885929107666,1,0.49502286314964294,0.4407851994037628,4.322473049163818,0.20765742659568787,0.8477296829223633,0.0,0.0
20,10,2,0.9,lat,4,15,1.8906712532043457,1,0.49770668148994446,0.41336196660995483,4.722370624542236,0.1980566382408142,0.7841484546661377,0.0,0.0
20,10,2,0.9,lat,4,16,1.8627831935882568,1,0.45458272099494934,0.40662530064582825,4.828315258026123,0.17716002464294434,0.7042005658149719,0.0,0.0
20,10,2,0.9,lat,4,17,1.3771512508392334,1,0.3485203683376312,0.2880147397518158,7.062376499176025,0.12658515572547913,0.4994577467441559,0.0,0.0
20,10,2,0.9,lat,4,18,1.7340794801712036,1,0.4775311350822449,0.35315582156181335,5.705530643463135,0.17515656352043152,0.7178188562393188,0.0,0.0
20,10,2,0.9,lat,4,19,1.3720495700836182,1,0.3476162552833557,0.27632829546928406,7.273804664611816,0.12729109823703766,0.505848228931427,0.0,0.0
20,10,2,0.99,baseline,0,0,1.6438907384872437,1,0.5501074194908142,0.9032586216926575,1.2224231958389282,0.11357618868350983,0.44488096237182617,0.0,0.0
20,10,2,0.99,baseline,0,1,1.212693452835083,1,0.4214854836463928,0.7623872756958008,1.6812819242477417,0.10940652340650558,0.43413206934928894,0.0,0.0
20,10,2,0.99,baseline,0,2,1.381094217300415,1,0.4865855574607849,0.7547633051872253,1.7205543518066406,0.11912252753973007,0.4643658697605133,0.0,0.0
20,10,2,0.99,baseline,0,3,1.194675087928772,1,0.42714908719062805,0.9078379273414612,1.2106401920318604,0.10034410655498505,0.37881842255592346,0.0,0.0
20,10,2,0.99,baseline,0,4,1.2685221433639526,1,0.373061865568161,0.8072769045829773,1.515792965888977,0.09847939759492874,0.4198090732097626,0.0,0.0
20,10,2,0.99,baseline,0,5,1.294791579246521,1,0.43299663066864014,0.8815391063690186,1.2801281213760376,0.09694641828536987,0.3630698621273041,0.0,0.0
20,10,2,0.99,baseline,0,6,1.3698022365570068,1,0.46180686354637146,0.9042443633079529,1.2199429273605347,0.12664282321929932,0.46426713466644287,0.0,0.0
20,10,2,0.99,baseline,0,7,1.4277750253677368,1,0.5283670425415039,0.8512135148048401,1.3720424175262451,0.10302569717168808,0.4071435332298279,0.0,0.0
20,10,2,0.99,baseline,0,8,1.194412350654602,1,0.4407230317592621,0.8812678456306458,1.2818043231964111,0.11454697698354721,0.4117248058319092,0.0,0.0
20,10,2,0.99,baseline,0,9,1.3767660856246948,1,0.4537600874900818,0.915404736995697,1.190189242362976,0.10727391391992569,0.4122425615787506,0.0,0.0
20,10,2,0.99,baseline,0,10,1.387658715248108,1,0.43223604559898376,0.9511094093322754,1.1043288707733154,0.11160052567720413,0.4635853171348572,0.0,0.0
20,10,2,0.99,baseline,0,11,1.2663788795471191,1,0.4167005121707916,0.8813384175300598,1.282088279724121,0.1059313490986824,0.40697580575942993,0.0,0.0
20,10,2,0.99,baseline,0,12,1.5901610851287842,1,0.47619616985321045,0.9054473638534546,1.216938853263855,0.1046898290514946,0.4330683648586273,0.0,0.0
20,10,2,0.99,baseline,0,13,1.2244971990585327,1,0.42133283615112305,0.837473452091217,1.4162628650665283,0.08643530309200287,0.3875878155231476,0.0,0.0
20,10,2,0.99,baseline,0,14,1.1458193063735962,1,0.3349378705024719,0.8889098763465881,1.2587463855743408,0.09912528842687607,0.4124777615070343,0.0,0.0
20,10,2,0.99,baseline,0,15,1.2575619220733643,1,0.33604270219802856,0.809714674949646,1.5058170557022095,0.11286113411188126,0.3837554156780243,0.0,0.0
20,10,2,0.99,baseline,0,16,1.095659613609314,1,0.35937851667404175,0.8771960735321045,1.2915582656860352,0.10433798283338547,0.40613844990730286,0.0,0.0
20,10,2,0.99,baseline,0,17,1.3811588287353516,1,0.45933422446250916,0.890681803226471,1.2551627159118652,0.13370990753173828,0.49431222677230835,0.0,0.0
20,10,2,0.99,baseline,0,18,1.4029390811920166,1,0.3670291304588318,0.8557501435279846,1.3564448356628418,0.11526088416576385,0.41385775804519653,0.0,0.0
20,10,2,0.99,baseline,0,19,1.256398320198059,1,0.34668031334877014,0.7908164858818054,1.5740556716918945,0.12323982268571854,0.45371395349502563,0.0,0.0
20,10,2,0.99,baseline,1,0,1.4646146297454834,1,0.5052252411842346,0.8772112727165222,1.294269323348999,0.11088081449270248,0.42943546175956726,0.0,0.0
20,10,2,0.99,baseline,1,1,1.4151315689086914,1,0.5454737544059753,0.7907978892326355,1.574511170387268,0.12593860924243927,0.4680567979812622,0.0,0.0
20,10,2,0.99,baseline,1,2,1.2973575592041016,1,0.36162543296813965,0.829711377620697,1.4399378299713135,0.0974138155579567,0.38589638471603394,0.0,0.0
20,10,2,0.99,baseline,1,3,1.5159729719161987,1,0.5836543440818787,0.8005921840667725,1.533689260482788,0.11466606706380844,0.4329829514026642,0.0,0.0
20,10,2,0.99,baseline,1,4,1.729635238647461,1,0.5393801331520081,0.8838200569152832,1.2762254476547241,0.1395607590675354,0.5182840824127197,0.0,0.0
20,10,2,0.99,baseline,1,5,1.4477089643478394,1,0.44304612278938293,0.8472301959991455,1.3827016353607178,0.12124145776033401,0.502101719379425,0.0,0.0
20,10,2,0.99,baseline,1,6,1.4745795726776123,1,0.49691423773765564,0.9382756352424622,1.1342755556106567,0.08765412867069244,0.37088513374328613,0.0,0.0
20,10,2,0.99,baseline,1,7,1.186174750328064,1,0.29233911633491516,0.7751591205596924,1.630492925643921,0.10315198451280594,0.4014035165309906,0.0,0.0
20,10,2,0.99,baseline,1,8,1.5624390840530396,1,0.4483148455619812,0.893905520439148,1.2483205795288086,0.14465613663196564,0.4722977876663208,0.0,0.0
20,10,2,0.99,baseline,1,9,1.2431880235671997,1,0.34578508138656616,0.8076404333114624,1.5080482959747314,0.10272225737571716,0.42731571197509766,0.0,0.0
20,10,2,0.99,baseline,1,10,1.2785403728485107,1,0.3636568784713745,0.8349844813346863,1.419968843460083,0.11714081466197968,0.4279508888721466,0.0,0.0
20,10,2,0.99,baseline,1,11,1.546582818031311,1,0.4330814778804779,0.9193233847618103,1.1809505224227905,0.15145468711853027,0.48756423592567444,0.0,0.0
20,10,2,0.99,baseline,1,12,1.299049973487854,1,0.3699505627155304,0.8479267358779907,1.3742928504943848,0.10596628487110138,0.4334142208099365,0.0,0.0
20,10,2,0.99,baseline,1,13,1.4107692241668701,1,0.3896280527114868,0.8726508617401123,1.3066691160202026,0.10990310460329056,0.43230557441711426,0.0,0.0
20,10,2,0.99,baseline,1,14,1.3360579013824463,1,0.3581426441669464,0.9236406683921814,1.1700612306594849,0.11963047087192535,0.43791115283966064,0.0,0.0
20,10,2,0.99,baseline,1,15,1.2748733758926392,1,0.40601709485054016,0.8288816809654236,1.440304160118103,0.11102473735809326,0.4260471761226654,0.0,0.0
20,10,2,0.99,baseline,1,16,1.4951541423797607,1,0.49099794030189514,0.868257462978363,1.3185440301895142,0.1303098201751709,0.4827602803707123,0.0,0.0
20,10,2,0.99,baseline,1,17,1.4692986011505127,1,0.3814922869205475,0.8393891453742981,1.4061444997787476,0.09719854593276978,0.3900025188922882,0.0,0.0
20,10,2,0.99,baseline,1,18,1.1190533638000488,1,0.3042404353618622,0.7589566707611084,1.6913613080978394,0.11267653852701187,0.4217175245285034,0.0,0.0
20,10,2,0.99,baseline,1,19,1.2233445644378662,1,0.33370232582092285,0.7902516722679138,1.582139492034912,0.10387321561574936,0.3812192380428314,0.0,0.0
20,10,2,0.99,baseline,2,0,1.8388524055480957,1,0.6747156977653503,0.9401892423629761,1.1302553415298462,0.15911906957626343,0.5387980341911316,0.0,0.0
20,10,2,0.99,baseline,2,1,1.5008673667907715,1,0.6014552712440491,0.8581913113594055,1.3483408689498901,0.11718375980854034,0.4469362795352936,0.0,0.0
20,10,2,0.99,baseline,2,2,1.1801377534866333,1,0.4162120819091797,0.7814744710922241,1.6074535846710205,0.1064872071146965,0.42793041467666626,0.0,0.0
20,10,2,0.99,baseline,2,3,1.3745207786560059,1,0.4947052001953125,0.8232499361038208,1.460917592048645,0.103984534740448,0.4104878306388855,0.0,0.0
20,10,2,0.99,baseline,2,4,1.2831196784973145,1,0.43523696064949036,0.8388999104499817,1.4094549417495728,0.10823224484920502,0.41462182998657227,0.0,0.0
20,10,2,0.99,baseline,2,5,1.5854387283325195,1,0.577115535736084,0.8568865060806274,1.3540818691253662,0.14286023378372192,0.5158138275146484,0.0,0.0
20,10,2,0.99,baseline,2,6,1.2329494953155518,1,0.36651352047920227,0.8323933482170105,1.4206570386886597,0.11281421780586243,0.4008861184120178,0.0,0.0
20,10,2,0.99,baseline,2,7,1.3026238679885864,1,0.42376774549484253,0.8186799883842468,1.4767303466796875,0.10930109769105911,0.41482147574424744,0.0,0.0
20,10,2,0.99,baseline,2,8,1.318917155265808,1,0.39822807908058167,0.8559690713882446,1.3562815189361572,0.12015480548143387,0.43970319628715515,0.0,0.0
20,10,2,0.99,baseline,2,9,1.221014380455017,1,0.4092467725276947,0.8350602388381958,1.4210280179977417,0.10682931542396545,0.41084179282188416,0.0,0.0
20,10,2,0.99,baseline,2,10,1.2028273344039917,1,0.37570974230766296,0.9051656723022461,1.2174078226089478,0.1023360937833786,0.3913787603378296,0.0,0.0
20,10,2,0.99,baseline,2,11,1.1652734279632568,1,0.43854576349258423,0.7638744711875916,1.6808809041976929,0.1021297350525856,0.3867344260215759,0.0,0.0
20,10,2,0.99,baseline,2,12,1.0867395401000977,1,0.35008955001831055,0.7332748770713806,1.8095757961273193,0.10627510398626328,0.4084200859069824,0.0,0.0
20,10,2,0.99,baseline,2,13,1.271365761756897,1,0.40207773447036743,0.8506869673728943,1.3731745481491089,0.12224715203046799,0.4011331796646118,0.0,0.0
20,10,2,0.99,baseline,2,14,1.1596825122833252,1,0.3197145164012909,0.8304848074913025,1.4312443733215332,0.10050652176141739,0.3837800621986389,0.0,0.0
20,10,2,0.99,baseline,2,15,1.4932836294174194,1,0.5095925331115723,0.9022870659828186,1.2247759103775024,0.12094563990831375,0.4476529061794281,0.0,0.0
20,10,2,0.99,baseline,2,16,1.188008189201355,1,0.36042675375938416,0.736993134021759,1.7994126081466675,0.10754182189702988,0.42594707012176514,0.0,0.0
20,10,2,0.99,baseline,2,17,1.4061189889907837,1,0.45161136984825134,0.8753992915153503,1.2980130910873413,0.11560137569904327,0.43032464385032654,0.0,0.0
20,10,2,0.99,baseline,2,18,1.1712929010391235,1,0.4877013862133026,0.748252809047699,1.7488162517547607,0.11207954585552216,0.43183737993240356,0.0,0.0
20,10,2,0.99,baseline,2,19,1.1846336126327515,1,0.31126633286476135,0.9248645305633545,1.1666958332061768,0.1086139976978302,0.42397212982177734,0.0,0.0
20,10,2,0.99,baseline,3,0,1.2101527452468872,1,0.46497073769569397,0.813620924949646,1.4899859428405762,0.09928315877914429,0.3923417329788208,0.0,0.0
20,10,2,0.99,baseline,3,1,1.1628168821334839,1,0.4356197118759155,0.7748771905899048,1.6371300220489502,0.10299936681985855,0.42977264523506165,0.0,0.0
20,10,2,0.99,baseline,3,2,1.1917802095413208,1,0.41706544160842896,0.7829660177230835,1.6019757986068726,0.09611678123474121,0.3988540470600128,0.0,0.0
20,10,2,0.99,baseline,3,3,1.3061518669128418,1,0.4380338490009308,0.9022462964057922,1.2250131368637085,0.10582733154296875,0.3865649104118347,0.0,0.0
20,10,2,0.99,baseline,3,4,1.3558144569396973,1,0.46370652318000793,0.8552552461624146,1.3568511009216309,0.10836999863386154,0.42719411849975586,0.0,0.0
20,10,2,0.99,baseline,3,5,1.1914976835250854,1,0.41656365990638733,0.8204225301742554,1.4679193496704102,0.10313864797353745,0.4233091175556183,0.0,0.0
20,10,2,0.99,baseline,3,6,1.2216283082962036,1,0.4381255507469177,0.8988029360771179,1.233583688735962,0.10769008100032806,0.4068523943424225,0.0,0.0
20,10,2,0.99,baseline,3,7,1.4321599006652832,1,0.4947530925273895,0.883560299873352,1.2753009796142578,0.1334025114774704,0.46530720591545105,0.0,0.0
20,10,2,0.99,baseline,3,8,1.2114657163619995,1,0.3372531533241272,0.8391462564468384,1.407769799232483,0.11682342737913132,0.47290101647377014,0.0,0.0
20,10,2,0.99,baseline,3,9,1.6362626552581787,1,0.5363146662712097,0.950741171836853,1.1054950952529907,0.1260620504617691,0.4589410722255707,0.0,0.0
20,10,2,0.99,baseline,3,10,1.3783948421478271,1,0.4112713634967804,0.8961628079414368,1.2420892715454102,0.1052704006433487,0.41850605607032776,0.0,0.0
20,10,2,0.99,baseline,3,11,1.1358790397644043,1,0.3598606288433075,0.8092712163925171,1.5031934976577759,0.10231368988752365,0.4103454351425171,0.0,0.0
20,10,2,0.99,baseline,3,12,1.3348400592803955,1,0.4354721009731293,0.8916151523590088,1.2528828382492065,0.11053495854139328,0.4252147674560547,0.0,0.0
20,10,2,0.99,baseline,3,13,1.5148861408233643,1,0.5356065630912781,0.8947908282279968,1.2452415227890015,0.12354372441768646,0.4512943625450134,0.0,0.0
20,10,2,0.99,baseline,3,14,1.0723731517791748,1,0.3362923860549927,0.7470807433128357,1.7421990633010864,0.10687616467475891,0.42801472544670105,0.0,0.0
20,10,2,0.99,baseline,3,15,1.2761647701263428,1,0.3229254186153412,0.9239722490310669,1.1689475774765015,0.08724924921989441,0.3360818326473236,0.0,0.0
20,10,2,0.99,baseline,3,16,1.3543249368667603,1,0.3926507830619812,0.8698046803474426,1.3156567811965942,0.12753236293792725,0.4718324542045593,0.0,0.0
20,10,2,0.99,baseline,3,17,1.1261329650878906,1,0.3579782545566559,0.8173750638961792,1.483065128326416,0.10516790300607681,0.4075385630130768,0.0,0.0
20,10,2,0.99,baseline,3,18,1.537950038909912,1,0.40709707140922546,0.9170927405357361,1.1862901449203491,0.09345266222953796,0.39545223116874695,0.0,0.0
20,10,2,0.99,baseline,3,19,1.4339438676834106,1,0.4773421585559845,0.9195253252983093,1.1808747053146362,0.11939294636249542,0.4142519235610962,0.0,0.0
20,10,2,0.99,baseline,4,0,1.107519268989563,1,0.46771878004074097,0.7446858882904053,1.7662055492401123,0.1044333279132843,0.4028508961200714,0.0,0.0
20,10,2,0.99,baseline,4,1,1.6043630838394165,1,0.5590223670005798,0.8719635009765625,1.3094422817230225,0.1145453229546547,0.4358702600002289,0.0,0.0
20,10,2,0.99,baseline,4,2,1.2192599773406982,1,0.4569490849971771,0.9251430034637451,1.1658388376235962,0.11030194908380508,0.4044725298881531,0.0,0.0
20,10,2,0.99,baseline,4,3,1.212552785873413,1,0.49405160546302795,0.8284119963645935,1.4413498640060425,0.10561899095773697,0.42275822162628174,0.0,0.0
20,10,2,0.99,baseline,4,4,1.4575716257095337,1,0.5243585705757141,0.8236596584320068,1.4582536220550537,0.1190018504858017,0.49366435408592224,0.0,0.0
20,10,2,0.99,baseline,4,5,1.1288191080093384,1,0.38376957178115845,0.8737271428108215,1.300885796546936,0.09754221886396408,0.4072186350822449,0.0,0.0
20,10,2,0.99,baseline,4,6,1.1616082191467285,1,0.43126311898231506,0.7725353240966797,1.6464763879776,0.1156613677740097,0.44128257036209106,0.0,0.0
20,10,2,0.99,baseline,4,7,1.4426604509353638,1,0.5428300499916077,0.8845161199569702,1.2741144895553589,0.11840870976448059,0.44379767775535583,0.0,0.0
20,10,2,0.99,baseline,4,8,1.2945104837417603,1,0.49217966198921204,0.8202470541000366,1.4698988199234009,0.1095648780465126,0.41868385672569275,0.0,0.0
20,10,2,0.99,baseline,4,9,1.2797986268997192,1,0.35887813568115234,0.9115660190582275,1.20058274269104,0.11337738484144211,0.42706403136253357,0.0,0.0
20,10,2,0.99,baseline,4,10,1.0977439880371094,1,0.4396921992301941,0.818118691444397,1.4780466556549072,0.11340104043483734,0.39451244473457336,0.0,0.0
20,10,2,0.99,baseline,4,11,1.293724775314331,1,0.43417006731033325,0.9542136788368225,1.0976020097732544,0.11128578335046768,0.4364858567714691,0.0,0.0
20,10,2,0.99,baseline,4,12,1.248705267906189,1,0.4150864779949188,0.9172008633613586,1.1856998205184937,0.09862776100635529,0.4066847562789917,0.0,0.0
20,10,2,0.99,baseline,4,13,1.2737754583358765,1,0.4132336378097534,0.8681020736694336,1.3212976455688477,0.11430589109659195,0.46230459213256836,0.0,0.0
20,10,2,0.99,baseline,4,14,1.378746509552002,1,0.44283974170684814,0.865814208984375,1.328279733657837,0.11160048842430115,0.39482221007347107,0.0,0.0
20,10,2,0.99,baseline,4,15,1.252113938331604,1,0.43388083577156067,0.807232677936554,1.5180187225341797,0.11032092571258545,0.41607221961021423,0.0,0.0
20,10,2,0.99,baseline,4,16,1.2210617065429688,1,0.394488126039505,0.7770259380340576,1.6355457305908203,0.10147521644830704,0.40340423583984375,0.0,0.0
20,10,2,0.99,baseline,4,17,1.2300199270248413,1,0.38686129450798035,0.8318271040916443,1.4328750371932983,0.09907066822052002,0.38169410824775696,0.0,0.0
20,10,2,0.99,baseline,4,18,1.4309455156326294,1,0.4389589726924896,0.9385042190551758,1.133769154548645,0.15155403316020966,0.4088987410068512,0.0,0.0
20,10,2,0.99,baseline,4,19,1.2274740934371948,1,0.3826446533203125,0.8395242094993591,1.4072035551071167,0.10169071704149246,0.3800734281539917,0.0,0.0
20,10,2,0.99,input_at,0,0,1.2263250350952148,1,0.5057381987571716,0.8600646257400513,1.3440282344818115,0.10778298228979111,0.42411401867866516,0.0,0.0
20,10,2,0.99,input_at,0,1,1.086503505706787,1,0.46383604407310486,0.7708184719085693,1.650640845298767,0.10654392838478088,0.4392469525337219,0.0,0.0
20,10,2,0.99,input_at,0,2,1.3847521543502808,1,0.5329058766365051,0.798825740814209,1.5500353574752808,0.133404940366745,0.48221755027770996,0.0,0.0
20,10,2,0.99,input_at,0,3,1.0755369663238525,1,0.4731457531452179,0.9026245474815369,1.2244772911071777,0.10537745803594589,0.4041478633880615,0.0,0.0
20,10,2,0.99,input_at,0,4,1.096266269683838,1,0.40333089232444763,0.7722898125648499,1.6419652700424194,0.10807133466005325,0.44265902042388916,0.0,0.0
20,10,2,0.99,input_at,0,5,1.1959788799285889,1,0.42906761169433594,0.8827872276306152,1.2756946086883545,0.10538511723279953,0.38922563195228577,0.0,0.0
20,10,2,0.99,input_at,0,6,1.3003945350646973,1,0.4830189645290375,0.9210708141326904,1.176870584487915,0.1318928301334381,0.49196410179138184,0.0,0.0
20,10,2,0.99,input_at,0,7,1.0714634656906128,1,0.4428299367427826,0.7953418493270874,1.560187578201294,0.10604389756917953,0.42106863856315613,0.0,0.0
20,10,2,0.99,input_at,0,8,1.1024118661880493,1,0.4831393361091614,0.8823661804199219,1.2791855335235596,0.09328964352607727,0.36211085319519043,0.0,0.0
20,10,2,0.99,input_at,0,9,1.30704665184021,1,0.4825582206249237,0.9310165643692017,1.151814579963684,0.1201525554060936,0.46209341287612915,0.0,0.0
20,10,2,0.99,input_at,0,10,1.2590030431747437,1,0.4581319987773895,0.9462223649024963,1.1154216527938843,0.10924074798822403,0.4267548620700836,0.0,0.0
20,10,2,0.99,input_at,0,11,1.0735079050064087,1,0.4585583806037903,0.8509845733642578,1.3689930438995361,0.11200001835823059,0.44278326630592346,0.0,0.0
20,10,2,0.99,input_at,0,12,1.372988224029541,1,0.4797176420688629,0.8946767449378967,1.245270013809204,0.11835461109876633,0.41822493076324463,0.0,0.0
20,10,2,0.99,input_at,0,13,1.0775970220565796,1,0.41003739833831787,0.8412287831306458,1.4038680791854858,0.10040970891714096,0.4250413775444031,0.0,0.0
20,10,2,0.99,input_at,0,14,1.2884210348129272,1,0.45226311683654785,0.9033196568489075,1.2204593420028687,0.10550737380981445,0.4318014681339264,0.0,0.0
20,10,2,0.99,input_at,0,15,1.2069275379180908,1,0.42369556427001953,0.8212634325027466,1.4678456783294678,0.1124114841222763,0.4340696930885315,0.0,0.0
20,10,2,0.99,input_at,0,16,1.1018645763397217,1,0.3897472620010376,0.9026482701301575,1.2225502729415894,0.10250922292470932,0.41116586327552795,0.0,0.0
20,10,2,0.99,input_at,0,17,1.2055226564407349,1,0.42977219820022583,0.8742556571960449,1.3002601861953735,0.12019693106412888,0.46163010597229004,0.0,0.0
20,10,2,0.99,input_at,0,18,1.2466704845428467,1,0.3866593837738037,0.8539136052131653,1.3622099161148071,0.11594557017087936,0.4099574089050293,0.0,0.0
20,10,2,0.99,input_at,0,19,1.2004565000534058,1,0.38186654448509216,0.8109760880470276,1.5029337406158447,0.11513946950435638,0.4857693612575531,0.0,0.0
20,10,2,0.99,input_at,1,0,1.1487253904342651,1,0.4748328626155853,0.866481363773346,1.3264364004135132,0.11235522478818893,0.4678380787372589,0.0,0.0
20,10,2,0.99,input_at,1,1,1.0345056056976318,1,0.4484791159629822,0.7533310055732727,1.7213046550750732,0.10008611530065536,0.3999755382537842,0.0,0.0
20,10,2,0.99,input_at,1,2,1.0730623006820679,1,0.4592075049877167,0.8173179626464844,1.4841355085372925,0.10671433806419373,0.42670223116874695,0.0,0.0
20,10,2,0.99,input_at,1,3,1.080238699913025,1,0.49259912967681885,0.7809436321258545,1.6151920557022095,0.09988219290971756,0.409667432308197,0.0,0.0
20,10,2,0.99,input_at,1,4,1.099453330039978,1,0.4196670651435852,0.8076213598251343,1.5159064531326294,0.11505119502544403,0.4341627359390259,0.0,0.0
20,10,2,0.99,input_at,1,5,1.2525463104248047,1,0.4282265603542328,0.8322389721870422,1.4324169158935547,0.12606804072856903,0.4754412770271301,0.0,0.0
20,10,2,0.99,input_at,1,6,1.2252970933914185,1,0.4772442579269409,0.9369121789932251,1.1377655267715454,0.11958198249340057,0.45629552006721497,0.0,0.0
20,10,2,0.99,input_at,1,7,1.1964329481124878,1,0.4804489016532898,0.8279604315757751,1.4432833194732666,0.11101061850786209,0.4287531077861786,0.0,0.0
20,10,2,0.99,input_at,1,8,1.2999752759933472,1,0.43230220675468445,0.8843888640403748,1.2749292850494385,0.12489287555217743,0.4883219301700592,0.0,0.0
20,10,2,0.99,input_at,1,9,1.0579115152359009,1,0.4105783998966217,0.8192431330680847,1.4687931537628174,0.10343917459249496,0.417816162109375,0.0,0.0
20,10,2,0.99,input_at,1,10,1.1905484199523926,1,0.4186320900917053,0.8598395586013794,1.3444733619689941,0.11542762070894241,0.44039496779441833,0.0,0.0
20,10,2,0.99,input_at,1,11,1.2155851125717163,1,0.4166184365749359,0.8990728259086609,1.2335954904556274,0.12263491004705429,0.4583289623260498,0.0,0.0
20,10,2,0.99,input_at,1,12,1.1874768733978271,1,0.44806990027427673,0.881791889667511,1.278676986694336,0.10925420373678207,0.4349931478500366,0.0,0.0
20,10,2,0.99,input_at,1,13,1.2625868320465088,1,0.4631924629211426,0.8782575130462646,1.2904173135757446,0.13010957837104797,0.5084558725357056,0.0,0.0
20,10,2,0.99,input_at,1,14,1.2584394216537476,1,0.40563303232192993,0.9223431944847107,1.1725462675094604,0.12028580158948898,0.4617445766925812,0.0,0.0
20,10,2,0.99,input_at,1,15,1.247434139251709,1,0.43312546610832214,0.866202712059021,1.3258411884307861,0.11649732291698456,0.4486769139766693,0.0,0.0
20,10,2,0.99,input_at,1,16,1.1664687395095825,1,0.42587804794311523,0.843406081199646,1.3925515413284302,0.1138840988278389,0.4364434480667114,0.0,0.0
20,10,2,0.99,input_at,1,17,1.4006201028823853,1,0.4220346510410309,0.8687652945518494,1.317832112312317,0.16966630518436432,0.4899153709411621,0.0,0.0
20,10,2,0.99,input_at,1,18,1.1310803890228271,1,0.4872288405895233,0.840641438961029,1.4032528400421143,0.10820956528186798,0.39592471718788147,0.0,0.0
20,10,2,0.99,input_at,1,19,1.1303311586380005,1,0.43088966608047485,0.8053313493728638,1.529011845588684,0.10116422921419144,0.39532336592674255,0.0,0.0
20,10,2,0.99,input_at,2,0,0.9381617307662964,1,0.5028702020645142,0.8278312683105469,1.4459444284439087,0.0926273763179779,0.37014901638031006,0.0,0.0
20,10,2,0.99,input_at,2,1,1.0366798639297485,1,0.4695523977279663,0.8027516007423401,1.5299522876739502,0.10134504735469818,0.4030190706253052,0.0,0.0
20,10,2,0.99,input_at,2,2,1.1541532278060913,1,0.5895849466323853,0.8292436003684998,1.440809726715088,0.11550869792699814,0.45517489314079285,0.0,0.0
20,10,2,0.99,input_at,2,3,1.1001592874526978,1,0.47784876823425293,0.8216997981071472,1.467946171760559,0.108896404504776,0.417825311422348,0.0,0.0
20,10,2,0.99,input_at,2,4,0.944754421710968,1,0.4508697986602783,0.8110221028327942,1.5032992362976074,0.1041514202952385,0.3813464343547821,0.0,0.0
20,10,2,0.99,input_at,2,5,1.1500111818313599,1,0.4724550247192383,0.8309485912322998,1.4383584260940552,0.12164246290922165,0.4706798195838928,0.0,0.0
20,10,2,0.99,input_at,2,6,1.1360063552856445,1,0.44155174493789673,0.8212661147117615,1.4588052034378052,0.11244578659534454,0.4311073422431946,0.0,0.0
20,10,2,0.99,input_at,2,7,1.2819443941116333,1,0.4223687946796417,0.8689473867416382,1.3196804523468018,0.11321612447500229,0.4497441351413727,0.0,0.0
20,10,2,0.99,input_at,2,8,1.1630059480667114,1,0.42644980549812317,0.847589910030365,1.3816319704055786,0.12225077301263809,0.49550577998161316,0.0,0.0
20,10,2,0.99,input_at,2,9,1.1138033866882324,1,0.4487803280353546,0.8440605401992798,1.3934160470962524,0.11310571432113647,0.40184682607650757,0.0,0.0
20,10,2,0.99,input_at,2,10,1.0695774555206299,1,0.42746782302856445,0.890962541103363,1.2550476789474487,0.11042007058858871,0.4115849435329437,0.0,0.0
20,10,2,0.99,input_at,2,11,1.1180356740951538,1,0.4783515930175781,0.8111572265625,1.5045442581176758,0.10894796252250671,0.4059973359107971,0.0,0.0
20,10,2,0.99,input_at,2,12,1.157930850982666,1,0.46549710631370544,0.8013359308242798,1.537278413772583,0.11649934202432632,0.4514274597167969,0.0,0.0
20,10,2,0.99,input_at,2,13,1.1337549686431885,1,0.4334730803966522,0.8676801919937134,1.3231697082519531,0.10783577710390091,0.41285204887390137,0.0,0.0
20,10,2,0.99,input_at,2,14,1.088967204093933,1,0.4820539951324463,0.8600778579711914,1.3441226482391357,0.11455170065164566,0.4306301176548004,0.0,0.0
20,10,2,0.99,input_at,2,15,1.1137621402740479,1,0.4201165437698364,0.8832371830940247,1.276868224143982,0.10911315679550171,0.4370647668838501,0.0,0.0
20,10,2,0.99,input_at,2,16,1.1351687908172607,1,0.4600525498390198,0.776144802570343,1.6363331079483032,0.11300301551818848,0.4485127925872803,0.0,0.0
20,10,2,0.99,input_at,2,17,1.1313680410385132,1,0.41905471682548523,0.8594340085983276,1.3457262516021729,0.10479169338941574,0.40668487548828125,0.0,0.0
20,10,2,0.99,input_at,2,18,1.236620545387268,1,0.5896475315093994,0.8251153230667114,1.453521966934204,0.1309497207403183,0.45980438590049744,0.0,0.0
20,10,2,0.99,input_at,2,19,1.2504414319992065,1,0.4292362630367279,0.9510568976402283,1.1045801639556885,0.13109521567821503,0.513224184513092,0.0,0.0
20,10,2,0.99,input_at,3,0,1.0126283168792725,1,0.48340147733688354,0.8042205572128296,1.5295215845108032,0.09536226093769073,0.3928903639316559,0.0,0.0
20,10,2,0.99,input_at,3,1,1.0059592723846436,1,0.4607667326927185,0.7624804377555847,1.6839079856872559,0.10509416460990906,0.4283873736858368,0.0,0.0
20,10,2,0.99,input_at,3,2,1.073091983795166,1,0.4434013366699219,0.7627232074737549,1.6763064861297607,0.10698219388723373,0.41488656401634216,0.0,0.0
20,10,2,0.99,input_at,3,3,1.0455812215805054,1,0.4438776671886444,0.8554742932319641,1.356948971748352,0.10134285688400269,0.39886564016342163,0.0,0.0
20,10,2,0.99,input_at,3,4,1.110912561416626,1,0.4502340853214264,0.8249770402908325,1.4512302875518799,0.10832805186510086,0.40499159693717957,0.0,0.0
20,10,2,0.99,input_at,3,5,1.1683993339538574,1,0.4476921260356903,0.8245542645454407,1.4538849592208862,0.11336205154657364,0.4719197154045105,0.0,0.0
20,10,2,0.99,input_at,3,6,1.1377555131912231,1,0.45640841126441956,0.9028555154800415,1.2232986688613892,0.11187766492366791,0.4307999014854431,0.0,0.0
20,10,2,0.99,input_at,3,7,1.2448455095291138,1,0.4265284836292267,0.8632494211196899,1.3351263999938965,0.12388806790113449,0.4472818374633789,0.0,0.0
20,10,2,0.99,input_at,3,8,1.2546577453613281,1,0.38503625988960266,0.8644598722457886,1.3312455415725708,0.12232701480388641,0.47079741954803467,0.0,0.0
20,10,2,0.99,input_at,3,9,1.1812913417816162,1,0.42319703102111816,0.9101517796516418,1.2031623125076294,0.11809848994016647,0.4722094237804413,0.0,0.0
20,10,2,0.99,input_at,3,10,1.3503291606903076,1,0.38702982664108276,0.9158205389976501,1.1904637813568115,0.11931579560041428,0.4587288796901703,0.0,0.0
20,10,2,0.99,input_at,3,11,1.2244216203689575,1,0.44508638978004456,0.8586376905441284,1.3457874059677124,0.11524648219347,0.4424179792404175,0.0,0.0
20,10,2,0.99,input_at,3,12,1.099714994430542,1,0.4105163514614105,0.8650006055831909,1.3271085023880005,0.09340370446443558,0.37677067518234253,0.0,0.0
20,10,2,0.99,input_at,3,13,1.3605984449386597,1,0.4288155734539032,0.8961807489395142,1.2407628297805786,0.12456628680229187,0.4468112885951996,0.0,0.0
20,10,2,0.99,input_at,3,14,1.1414897441864014,1,0.4602354168891907,0.8042870163917542,1.522914171218872,0.1168004646897316,0.44813746213912964,0.0,0.0
20,10,2,0.99,input_at,3,15,1.126097559928894,1,0.37155765295028687,0.9046589732170105,1.2186981439590454,0.09852684289216995,0.404062420129776,0.0,0.0
20,10,2,0.99,input_at,3,16,1.3130489587783813,1,0.3582409918308258,0.8908353447914124,1.256377100944519,0.117620088160038,0.4579450786113739,0.0,0.0
20,10,2,0.99,input_at,3,17,1.2422804832458496,1,0.37343817949295044,0.8504359126091003,1.3750618696212769,0.12866760790348053,0.46628379821777344,0.0,0.0
20,10,2,0.99,input_at,3,18,1.7888615131378174,1,0.7323513627052307,0.9501440525054932,1.1067330837249756,0.0970282256603241,0.3312821686267853,0.0,0.0
20,10,2,0.99,input_at,3,19,1.1913657188415527,1,0.3545983135700226,0.9077973961830139,1.2110798358917236,0.1054263636469841,0.3839077353477478,0.0,0.0
20,10,2,0.99,input_at,4,0,1.0277702808380127,1,0.48378458619117737,0.7322002649307251,1.817707896232605,0.09892250597476959,0.39218175411224365,0.0,0.0
20,10,2,0.99,input_at,4,1,1.2045575380325317,1,0.45623281598091125,0.8116300702095032,1.5016423463821411,0.109955333173275,0.4518597722053528,0.0,0.0
20,10,2,0.99,input_at,4,2,1.06631600856781,1,0.4537505507469177,0.9075934290885925,1.20944082736969,0.1034839004278183,0.4069848656654358,0.0,0.0
20,10,2,0.99,input_at,4,3,1.1498421430587769,1,0.4774775207042694,0.8523397445678711,1.368685245513916,0.10745556652545929,0.4056813716888428,0.0,0.0
20,10,2,0.99,input_at,4,4,1.3274462223052979,1,0.46040698885917664,0.819250762462616,1.4731985330581665,0.11794410645961761,0.4546726942062378,0.0,0.0
20,10,2,0.99,input_at,4,5,1.0288951396942139,1,0.413080096244812,0.8650696277618408,1.3259177207946777,0.0925651267170906,0.38060519099235535,0.0,0.0
20,10,2,0.99,input_at,4,6,1.1257493495941162,1,0.4674989879131317,0.7880658507347107,1.5854870080947876,0.1079043373465538,0.4521256983280182,0.0,0.0
20,10,2,0.99,input_at,4,7,1.301222801208496,1,0.48109695315361023,0.876262903213501,1.2973759174346924,0.13594700396060944,0.4127366542816162,0.0,0.0
20,10,2,0.99,input_at,4,8,1.168028473854065,1,0.4764634966850281,0.8294724822044373,1.440021276473999,0.1054496020078659,0.3936004042625427,0.0,0.0
20,10,2,0.99,input_at,4,9,1.237417221069336,1,0.4190859794616699,0.9152787327766418,1.191036581993103,0.12277650833129883,0.4576331377029419,0.0,0.0
20,10,2,0.99,input_at,4,10,1.1093860864639282,1,0.4664410352706909,0.8352958559989929,1.4220491647720337,0.10690715909004211,0.3718833327293396,0.0,0.0
20,10,2,0.99,input_at,4,11,1.2059495449066162,1,0.4259304106235504,0.9592188000679016,1.08634352684021,0.11491905897855759,0.3978126645088196,0.0,0.0
20,10,2,0.99,input_at,4,12,1.2541680335998535,1,0.4320663511753082,0.9207367897033691,1.1767959594726562,0.11246388405561447,0.45713114738464355,0.0,0.0
20,10,2,0.99,input_at,4,13,1.1336182355880737,1,0.4229568541049957,0.8519382476806641,1.3697903156280518,0.11086873710155487,0.45918700098991394,0.0,0.0
20,10,2,0.99,input_at,4,14,1.3860127925872803,1,0.4797344207763672,0.8815381526947021,1.2828083038330078,0.15996554493904114,0.3786444365978241,0.0,0.0
20,10,2,0.99,input_at,4,15,1.1932698488235474,1,0.4473273754119873,0.8062247037887573,1.5221635103225708,0.10888934880495071,0.4275822937488556,0.0,0.0
20,10,2,0.99,input_at,4,16,1.264276146888733,1,0.4017099142074585,0.8147104382514954,1.4935224056243896,0.11962641030550003,0.4448930621147156,0.0,0.0
20,10,2,0.99,input_at,4,17,1.2528833150863647,1,0.4044564366340637,0.8513391017913818,1.3707903623580933,0.11243487149477005,0.41241520643234253,0.0,0.0
20,10,2,0.99,input_at,4,18,1.2975845336914062,1,0.4530307948589325,0.9310954809188843,1.1512131690979004,0.1390630155801773,0.3905476927757263,0.0,0.0
20,10,2,0.99,input_at,4,19,1.1593412160873413,1,0.393478125333786,0.8362160921096802,1.4196043014526367,0.11185441166162491,0.4244648218154907,0.0,0.0
20,10,2,0.99,lat,0,0,2.6267306804656982,1,0.6944388151168823,0.9130902886390686,1.1970067024230957,0.2748012840747833,0.8748556971549988,0.0,0.0
20,10,2,0.99,lat,0,1,2.2209455966949463,1,0.5719181895256042,0.8391347527503967,1.4058136940002441,0.21692590415477753,0.7447283267974854,0.0,0.0
20,10,2,0.99,lat,0,2,2.180171251296997,1,0.5503567457199097,0.7918792366981506,1.5736521482467651,0.20336496829986572,0.7118140459060669,0.0,0.0
20,10,2,0.99,lat,0,3,1.6484966278076172,1,0.5926685929298401,0.9003649353981018,1.2306352853775024,0.15622057020664215,0.5936751961708069,0.0,0.0
20,10,2,0.99,lat,0,4,1.7179419994354248,1,0.36359721422195435,0.7690967917442322,1.654944896697998,0.1642545759677887,0.6901106834411621,0.0,0.0
20,10,2,0.99,lat,0,5,1.5858122110366821,1,0.39792677760124207,0.8413770794868469,1.3964813947677612,0.15197861194610596,0.5126860737800598,0.0,0.0
20,10,2,0.99,lat,0,6,1.9144941568374634,1,0.45434069633483887,0.908810555934906,1.2078502178192139,0.19089938700199127,0.6879053115844727,0.0,0.0
20,10,2,0.99,lat,0,7,2.2051761150360107,1,0.5593681335449219,0.8586973547935486,1.3470817804336548,0.19111642241477966,0.6813192963600159,0.0,0.0
20,10,2,0.99,lat,0,8,1.7156922817230225,1,0.40126582980155945,0.8857399821281433,1.2698867321014404,0.15503551065921783,0.5606115460395813,0.0,0.0
20,10,2,0.99,lat,0,9,1.8917977809906006,1,0.39841675758361816,0.9044278860092163,1.2187703847885132,0.1580306738615036,0.592063844203949,0.0,0.0
20,10,2,0.99,lat,0,10,2.1162538528442383,1,0.5554927587509155,0.9465315937995911,1.1146920919418335,0.18777602910995483,0.647788405418396,0.0,0.0
20,10,2,0.99,lat,0,11,1.5936672687530518,1,0.2964399456977844,0.8497741222381592,1.373037576675415,0.15644781291484833,0.5023558139801025,0.0,0.0
20,10,2,0.99,lat,0,12,1.9600516557693481,1,0.4040069878101349,0.8656871318817139,1.3266428709030151,0.20107287168502808,0.6236526370048523,0.0,0.0
20,10,2,0.99,lat,0,13,1.6852294206619263,1,0.4504793584346771,0.8362818360328674,1.4194153547286987,0.15727917850017548,0.5927291512489319,0.0,0.0
20,10,2,0.99,lat,0,14,1.7618532180786133,1,0.36257481575012207,0.8954338431358337,1.2412168979644775,0.15274561941623688,0.5951152443885803,0.0,0.0
20,10,2,0.99,lat,0,15,1.7385261058807373,1,0.34361791610717773,0.8217819333076477,1.4664498567581177,0.16031323373317719,0.5322474837303162,0.0,0.0
20,10,2,0.99,lat,0,16,1.8775298595428467,1,0.42376989126205444,0.9100970029830933,1.2037038803100586,0.18597406148910522,0.5890206098556519,0.0,0.0
20,10,2,0.99,lat,0,17,1.8246678113937378,1,0.3784724473953247,0.8704988360404968,1.3106615543365479,0.19687262177467346,0.6146589517593384,0.0,0.0
20,10,2,0.99,lat,0,18,1.7790919542312622,1,0.33897852897644043,0.8490020036697388,1.3779953718185425,0.20826762914657593,0.5383166670799255,0.0,0.0
20,10,2,0.99,lat,0,19,1.7257577180862427,1,0.3971339762210846,0.770206868648529,1.6496235132217407,0.19248506426811218,0.5878098011016846,0.0,0.0
20,10,2,0.99,lat,1,0,2.2286808490753174,1,0.611869215965271,0.8941590189933777,1.247428059577942,0.1929352581501007,0.7231137156486511,0.0,0.0
20,10,2,0.99,lat,1,1,2.3449788093566895,1,0.6281478404998779,0.848325252532959,1.3796535730361938,0.21751265227794647,0.7670638561248779,0.0,0.0
20,10,2,0.99,lat,1,2,1.7041959762573242,1,0.40105605125427246,0.816682755947113,1.4856457710266113,0.1614847481250763,0.568157970905304,0.0,0.0
20,10,2,0.99,lat,1,3,2.2485342025756836,1,0.6162723302841187,0.8269897103309631,1.4464685916900635,0.1910545974969864,0.678810179233551,0.0,0.0
20,10,2,0.99,lat,1,4,2.2169277667999268,1,0.5912600755691528,0.8564969301223755,1.3568147420883179,0.1924704909324646,0.7399755716323853,0.0,0.0
20,10,2,0.99,lat,1,5,1.9767091274261475,1,0.4419199228286743,0.8599839806556702,1.344694972038269,0.18241436779499054,0.7090518474578857,0.0,0.0
20,10,2,0.99,lat,1,6,1.9353394508361816,1,0.5220913290977478,0.9305290579795837,1.1528480052947998,0.17496749758720398,0.5990754961967468,0.0,0.0
20,10,2,0.99,lat,1,7,1.674976110458374,1,0.360492467880249,0.7909117937088013,1.5746955871582031,0.15496684610843658,0.5929068326950073,0.0,0.0
20,10,2,0.99,lat,1,8,2.314392328262329,1,0.5117371678352356,0.9000262022018433,1.2318838834762573,0.22786280512809753,0.8035948276519775,0.0,0.0
20,10,2,0.99,lat,1,9,1.6655734777450562,1,0.3406238555908203,0.8042334914207458,1.5213544368743896,0.14820465445518494,0.5631088018417358,0.0,0.0
20,10,2,0.99,lat,1,10,1.765344500541687,1,0.32322102785110474,0.8365281224250793,1.4127044677734375,0.18336285650730133,0.6181647777557373,0.0,0.0
20,10,2,0.99,lat,1,11,2.00234317779541,1,0.4100648760795593,0.9061762690544128,1.2147268056869507,0.2011614888906479,0.6381918787956238,0.0,0.0
20,10,2,0.99,lat,1,12,1.756317138671875,1,0.394028902053833,0.8471912741661072,1.3770062923431396,0.1694481074810028,0.6358535885810852,0.0,0.0
20,10,2,0.99,lat,1,13,1.934189796447754,1,0.42980027198791504,0.8476889133453369,1.3808189630508423,0.17360718548297882,0.6250323057174683,0.0,0.0
20,10,2,0.99,lat,1,14,1.8697359561920166,1,0.3378632068634033,0.917838454246521,1.184448480606079,0.1653873771429062,0.5525537729263306,0.0,0.0
20,10,2,0.99,lat,1,15,1.6846725940704346,1,0.41610056161880493,0.8222648501396179,1.4625864028930664,0.1619124561548233,0.5888063311576843,0.0,0.0
20,10,2,0.99,lat,1,16,2.110236883163452,1,0.5031018853187561,0.8772048950195312,1.293223261833191,0.18899697065353394,0.6337630152702332,0.0,0.0
20,10,2,0.99,lat,1,17,1.841185450553894,1,0.3748861849308014,0.8107815980911255,1.5011720657348633,0.17103782296180725,0.5721938014030457,0.0,0.0
20,10,2,0.99,lat,1,18,1.645239233970642,1,0.39066436886787415,0.7732428312301636,1.6368459463119507,0.17540781199932098,0.6181507706642151,0.0,0.0
20,10,2,0.99,lat,1,19,1.6734992265701294,1,0.38238656520843506,0.7705070972442627,1.6628596782684326,0.1586184948682785,0.5293502807617188,0.0,0.0
20,10,2,0.99,lat,2,0,2.5664708614349365,1,0.720604658126831,0.939461350440979,1.1319760084152222,0.24204875528812408,0.8487151265144348,0.0,0.0
20,10,2,0.99,lat,2,1,2.0612685680389404,1,0.6357715725898743,0.8424568772315979,1.3961527347564697,0.19919618964195251,0.7180569171905518,0.0,0.0
20,10,2,0.99,lat,2,2,1.7062593698501587,1,0.4218645691871643,0.7855713963508606,1.59096360206604,0.15942445397377014,0.6201549172401428,0.0,0.0
20,10,2,0.99,lat,2,3,2.091787576675415,1,0.538787841796875,0.839809775352478,1.4070141315460205,0.17930933833122253,0.6956499814987183,0.0,0.0
20,10,2,0.99,lat,2,4,1.6695665121078491,1,0.3935701549053192,0.8127405643463135,1.4969342947006226,0.15101592242717743,0.5661191940307617,0.0,0.0
20,10,2,0.99,lat,2,5,2.301598072052002,1,0.642244815826416,0.8605961203575134,1.3435816764831543,0.2290850430727005,0.7935253977775574,0.0,0.0
20,10,2,0.99,lat,2,6,1.6933317184448242,1,0.3623307943344116,0.8336422443389893,1.4173169136047363,0.18582984805107117,0.5513215065002441,0.0,0.0
20,10,2,0.99,lat,2,7,1.790974736213684,1,0.421125590801239,0.8048310875892639,1.5256727933883667,0.16117121279239655,0.6018257737159729,0.0,0.0
20,10,2,0.99,lat,2,8,1.7998515367507935,1,0.3797336220741272,0.8449802398681641,1.3898853063583374,0.170277401804924,0.6426926851272583,0.0,0.0
20,10,2,0.99,lat,2,9,1.6812571287155151,1,0.3898851275444031,0.8295668959617615,1.4391390085220337,0.15105998516082764,0.5675339102745056,0.0,0.0
20,10,2,0.99,lat,2,10,1.9062875509262085,1,0.4901893138885498,0.9244556427001953,1.1682928800582886,0.16344383358955383,0.5683639049530029,0.0,0.0
20,10,2,0.99,lat,2,11,1.757690191268921,1,0.4476839601993561,0.7835643887519836,1.603585958480835,0.16064119338989258,0.5694252848625183,0.0,0.0
20,10,2,0.99,lat,2,12,1.4912232160568237,1,0.302042156457901,0.7236116528511047,1.8523449897766113,0.14584490656852722,0.5478104948997498,0.0,0.0
20,10,2,0.99,lat,2,13,1.7180061340332031,1,0.429425448179245,0.8306201696395874,1.4381065368652344,0.17190909385681152,0.5291053056716919,0.0,0.0
20,10,2,0.99,lat,2,14,1.4885334968566895,1,0.32232964038848877,0.8063594698905945,1.514746904373169,0.1400718241930008,0.526568591594696,0.0,0.0
20,10,2,0.99,lat,2,15,2.2208213806152344,1,0.5549802780151367,0.9131941199302673,1.1968011856079102,0.18096138536930084,0.7014683485031128,0.0,0.0
20,10,2,0.99,lat,2,16,1.6622179746627808,1,0.38598743081092834,0.7366382479667664,1.8037000894546509,0.17180630564689636,0.5762675404548645,0.0,0.0
20,10,2,0.99,lat,2,17,1.9820157289505005,1,0.45311951637268066,0.8774882555007935,1.292502522468567,0.1769401878118515,0.5942296385765076,0.0,0.0
20,10,2,0.99,lat,2,18,1.8146321773529053,1,0.5231561064720154,0.7862368822097778,1.5955668687820435,0.17380592226982117,0.631693422794342,0.0,0.0
20,10,2,0.99,lat,2,19,1.7105016708374023,1,0.36636924743652344,0.9235541820526123,1.1699777841567993,0.15826356410980225,0.5901216268539429,0.0,0.0
20,10,2,0.99,lat,3,0,1.6367721557617188,1,0.6512351632118225,0.7965923547744751,1.5517345666885376,0.1548163741827011,0.6047139763832092,0.0,0.0
20,10,2,0.99,lat,3,1,1.8876111507415771,1,0.5081866979598999,0.8282706141471863,1.4430845975875854,0.17384125292301178,0.6763216257095337,0.0,0.0
20,10,2,0.99,lat,3,2,1.5256032943725586,1,0.49162402749061584,0.7415103912353516,1.772687554359436,0.1460324227809906,0.5771368741989136,0.0,0.0
20,10,2,0.99,lat,3,3,2.012932777404785,1,0.47439834475517273,0.9173006415367126,1.1863404512405396,0.17058497667312622,0.6132211685180664,0.0,0.0
20,10,2,0.99,lat,3,4,2.133467197418213,1,0.5117335915565491,0.8809183835983276,1.2815372943878174,0.19688847661018372,0.6719855070114136,0.0,0.0
20,10,2,0.99,lat,3,5,1.5981944799423218,1,0.4128943383693695,0.8248186707496643,1.4560246467590332,0.15442968904972076,0.5847008228302002,0.0,0.0
20,10,2,0.99,lat,3,6,1.792182445526123,1,0.43213072419166565,0.9089261293411255,1.2067111730575562,0.16025316715240479,0.5895181894302368,0.0,0.0
20,10,2,0.99,lat,3,7,1.9562115669250488,1,0.47159716486930847,0.8724793195724487,1.3063735961914062,0.18853309750556946,0.6617037653923035,0.0,0.0
20,10,2,0.99,lat,3,8,1.6217459440231323,1,0.36785727739334106,0.8370763659477234,1.4143102169036865,0.18982739746570587,0.6705667972564697,0.0,0.0
20,10,2,0.99,lat,3,9,2.408360004425049,1,0.5626398324966431,0.9564130902290344,1.0927091836929321,0.19892744719982147,0.7637602090835571,0.0,0.0
20,10,2,0.99,lat,3,10,1.7973439693450928,1,0.4272252917289734,0.8761904835700989,1.297887921333313,0.15797746181488037,0.6112604141235352,0.0,0.0
20,10,2,0.99,lat,3,11,1.6675512790679932,1,0.3221215605735779,0.8325886130332947,1.4222886562347412,0.14717836678028107,0.5823409557342529,0.0,0.0
20,10,2,0.99,lat,3,12,1.7528215646743774,1,0.39306965470314026,0.8767724633216858,1.294814109802246,0.1582116335630417,0.600784182548523,0.0,0.0
20,10,2,0.99,lat,3,13,2.3039424419403076,1,0.5480573773384094,0.9195493459701538,1.1805741786956787,0.17669455707073212,0.6657164692878723,0.0,0.0
20,10,2,0.99,lat,3,14,1.5478298664093018,1,0.37445926666259766,0.7593822479248047,1.6919296979904175,0.1742408573627472,0.6302123665809631,0.0,0.0
20,10,2,0.99,lat,3,15,1.577183485031128,1,0.3379974067211151,0.8930343985557556,1.2474080324172974,0.1383247673511505,0.5429628491401672,0.0,0.0
20,10,2,0.99,lat,3,16,1.794197678565979,1,0.40958380699157715,0.8516788482666016,1.3699814081192017,0.17089809477329254,0.6312336325645447,0.0,0.0
20,10,2,0.99,lat,3,17,1.541521668434143,1,0.31468918919563293,0.8063724040985107,1.5209718942642212,0.15484154224395752,0.5755963921546936,0.0,0.0
20,10,2,0.99,lat,3,18,1.9766238927841187,1,0.5819892287254333,0.886754035949707,1.2643253803253174,0.10751867294311523,0.41003382205963135,0.0,0.0
20,10,2,0.99,lat,3,19,1.7400163412094116,1,0.3508700132369995,0.8880070447921753,1.263564944267273,0.14234645664691925,0.5203887224197388,0.0,0.0
20,10,2,0.99,lat,4,0,1.6828162670135498,1,0.44758880138397217,0.7608028650283813,1.6977174282073975,0.16119219362735748,0.6036741733551025,0.0,0.0
20,10,2,0.99,lat,4,1,2.2029621601104736,1,0.5805098414421082,0.8419392704963684,1.3984694480895996,0.1780044585466385,0.6890391111373901,0.0,0.0
20,10,2,0.99,lat,4,2,1.7269728183746338,1,0.5218959450721741,0.9185457229614258,1.1821157932281494,0.17023201286792755,0.5835735201835632,0.0,0.0
20,10,2,0.99,lat,4,3,2.123779296875,1,0.6127281188964844,0.8806979060173035,1.283252477645874,0.2076510488986969,0.7025163769721985,0.0,0.0
20,10,2,0.99,lat,4,4,2.1235575675964355,1,0.5276579260826111,0.8251597881317139,1.4531413316726685,0.21591953933238983,0.7974994778633118,0.0,0.0
20,10,2,0.99,lat,4,5,1.5973241329193115,1,0.4410493075847626,0.8629825711250305,1.3315415382385254,0.15464633703231812,0.6296720504760742,0.0,0.0
20,10,2,0.99,lat,4,6,1.5387827157974243,1,0.41910719871520996,0.7351409196853638,1.7996710538864136,0.1601652204990387,0.6166155934333801,0.0,0.0
20,10,2,0.99,lat,4,7,1.8838684558868408,1,0.4954059422016144,0.8564765453338623,1.3556978702545166,0.17507389187812805,0.6446996331214905,0.0,0.0
20,10,2,0.99,lat,4,8,1.9266290664672852,1,0.48832598328590393,0.8440544009208679,1.3932232856750488,0.19905559718608856,0.6385170817375183,0.0,0.0
20,10,2,0.99,lat,4,9,1.9799665212631226,1,0.4446839690208435,0.9250956773757935,1.166765570640564,0.17892321944236755,0.6330960988998413,0.0,0.0
20,10,2,0.99,lat,4,10,1.7894810438156128,1,0.44001275300979614,0.8488189578056335,1.3782706260681152,0.17936596274375916,0.6380203366279602,0.0,0.0
20,10,2,0.99,lat,4,11,1.8545068502426147,1,0.4516066908836365,0.9563294053077698,1.0928161144256592,0.16180391609668732,0.6112130880355835,0.0,0.0
20,10,2,0.99,lat,4,12,1.7488391399383545,1,0.38041558861732483,0.9225984811782837,1.1724897623062134,0.15859776735305786,0.6128842830657959,0.0,0.0
20,10,2,0.99,lat,4,13,1.7463470697402954,1,0.45720675587654114,0.8614341616630554,1.3413366079330444,0.16556565463542938,0.654620885848999,0.0,0.0
20,10,2,0.99,lat,4,14,1.9469724893569946,1,0.46658363938331604,0.8621378540992737,1.3388221263885498,0.19084079563617706,0.5295231938362122,0.0,0.0
20,10,2,0.99,lat,4,15,1.6646394729614258,1,0.42341992259025574,0.7818543910980225,1.6104000806808472,0.1517147421836853,0.5698487758636475,0.0,0.0
20,10,2,0.99,lat,4,16,1.9161077737808228,1,0.4681819677352905,0.8016979694366455,1.5413105487823486,0.15886956453323364,0.5832189321517944,0.0,0.0
20,10,2,0.99,lat,4,17,1.7794207334518433,1,0.3656264543533325,0.8259479403495789,1.4526563882827759,0.15365444123744965,0.5664701461791992,0.0,0.0
20,10,2,0.99,lat,4,18,1.6871973276138306,1,0.42003679275512695,0.894400954246521,1.2443060874938965,0.18002042174339294,0.584894597530365,0.0,0.0
20,10,2,0.99,lat,4,19,1.7365837097167969,1,0.3547545075416565,0.8309692740440369,1.4349864721298218,0.14151503145694733,0.5385385751724243,0.0,0.0
40,10,4,0.8,baseline,0,0,1.2402729988098145,1,0.5093156695365906,0.25016075372695923,7.087096691131592,0.12271196395158768,0.48526081442832947,0.0,0.0
40,10,4,0.8,baseline,0,1,1.228381872177124,1,0.49791353940963745,0.2439000904560089,7.102729797363281,0.13062986731529236,0.5256200432777405,0.0,0.0
40,10,4,0.8,baseline,0,2,1.178142786026001,1,0.4049290716648102,0.2478301227092743,7.393086910247803,0.08610451221466064,0.34920576214790344,0.0,0.0
40,10,4,0.8,baseline,0,3,1.6193593740463257,1,0.46890148520469666,0.376654714345932,5.130088806152344,0.14484938979148865,0.5943611264228821,0.0,0.0
40,10,4,0.8,baseline,0,4,1.2192612886428833,1,0.49044591188430786,0.23997151851654053,7.200444221496582,0.13344959914684296,0.5410076975822449,0.0,0.0
40,10,4,0.8,baseline,0,5,1.35666024684906,1,0.46784746646881104,0.29844987392425537,6.305361270904541,0.13499343395233154,0.5466036200523376,0.0,0.0
40,10,4,0.8,baseline,0,6,1.3274613618850708,1,0.5021067261695862,0.27657660841941833,6.588624954223633,0.1444641351699829,0.5919225811958313,0.0,0.0
40,10,4,0.8,baseline,0,7,1.616524577140808,1,0.49211767315864563,0.360652357339859,5.280275821685791,0.16599436104297638,0.6653687357902527,0.0,0.0
40,10,4,0.8,baseline,0,8,1.3364802598953247,1,0.45438265800476074,0.2886793613433838,6.460402011871338,0.13474924862384796,0.5234540104866028,0.0,0.0
40,10,4,0.8,baseline,0,9,1.4331086874008179,1,0.48269468545913696,0.30363550782203674,6.2028303146362305,0.14922672510147095,0.6046573519706726,0.0,0.0
40,10,4,0.8,baseline,0,10,1.5995032787322998,1,0.4816270172595978,0.3547084927558899,5.375650405883789,0.1651269495487213,0.6609083414077759,0.0,0.0
40,10,4,0.8,baseline,0,11,1.2993961572647095,1,0.4814358353614807,0.2686522901058197,6.761032581329346,0.14293272793293,0.5668948292732239,0.0,0.0
40,10,4,0.8,baseline,0,12,1.4150797128677368,1,0.4697623550891876,0.3029004633426666,6.234584808349609,0.15368162095546722,0.6023112535476685,0.0,0.0
40,10,4,0.8,baseline,0,13,1.721975326538086,1,0.45813652873039246,0.4189843535423279,4.529170989990234,0.17487984895706177,0.6574845910072327,0.0,0.0
40,10,4,0.8,baseline,0,14,1.1108930110931396,1,0.4086572229862213,0.22201208770275116,7.403650283813477,0.14591313898563385,0.581645667552948,0.0,0.0
40,10,4,0.8,baseline,0,15,1.49261474609375,1,0.39814504981040955,0.3619843125343323,5.3606343269348145,0.14986005425453186,0.5808595418930054,0.0,0.0
40,10,4,0.8,baseline,0,16,1.0968458652496338,1,0.2585526704788208,0.26897740364074707,7.090914249420166,0.08260797709226608,0.3291384279727936,0.0,0.0
40,10,4,0.8,baseline,0,17,1.6797142028808594,1,0.4376745820045471,0.40178626775741577,4.764514923095703,0.17482984066009521,0.6936535239219666,0.0,0.0
40,10,4,0.8,baseline,0,18,0.3593897819519043,1,0.027666129171848297,0.21656478941440582,7.85692834854126,0.22527235746383667,1.0260876417160034,0.0,0.0
40,10,4,0.8,baseline,0,19,0.99932461977005,1,0.22836817800998688,0.2500821053981781,7.387579917907715,0.2147560566663742,0.8755089640617371,0.0,0.0
40,10,4,0.8,baseline,0,20,0.13693343102931976,0,0.004140840377658606,0.2135723978281021,7.8469367027282715,0.5691403746604919,2.826216697692871,0.0,0.0
40,10,4,0.8,baseline,0,21,0.10630767792463303,0,0.0024489490315318108,0.2190188765525818,7.735007286071777,0.7510496377944946,3.915944814682007,0.0,0.0
40,10,4,0.8,baseline,0,22,0.11107847839593887,0,0.002646364038810134,0.20713767409324646,7.908068656921387,0.6983076930046082,3.6255805492401123,0.0,0.0
40,10,4,0.8,baseline,0,23,0.058533452451229095,0,0.0007664626464247704,0.20876501500606537,7.937480926513672,1.3266350030899048,7.947296142578125,0.0,0.0
40,10,4,0.8,baseline,0,24,0.038235995918512344,0,0.0003550612018443644,0.21498018503189087,7.843360424041748,1.8981196880340576,11.768636703491211,0.0,0.0
40,10,4,0.8,baseline,0,25,0.041113294661045074,0,0.0004074003081768751,0.20518259704113007,7.916024208068848,1.7715094089508057,10.730202674865723,0.0,0.0
40,10,4,0.8,baseline,0,26,0.030823517590761185,0,0.00023465701087843627,0.20231379568576813,8.022711753845215,2.2557945251464844,13.909899711608887,0.0,0.0
40,10,4,0.8,baseline,0,27,0.03052256815135479,0,0.00021797147928737104,0.2014995515346527,8.009575843811035,2.3587841987609863,14.7313232421875,0.0,0.0
40,10,4,0.8,baseline,0,28,0.023284168913960457,0,0.00013851301628164947,0.20687386393547058,8.047385215759277,2.7805237770080566,18.403596878051758,0.0,0.0
40,10,4,0.8,baseline,0,29,0.02788240648806095,0,0.00016436293662991375,0.2080371379852295,7.917399883270264,2.8056678771972656,18.281505584716797,0.0,0.0
40,10,4,0.8,baseline,0,30,0.018159549683332443,0,9.601628698874265e-05,0.20814701914787292,7.909478664398193,3.6094858646392822,23.364957809448242,0.0,0.0
40,10,4,0.8,baseline,0,31,0.018268471583724022,0,7.758582069072872e-05,0.21151046454906464,7.93305778503418,4.26327657699585,26.349506378173828,0.0,0.875
40,10,4,0.8,baseline,0,32,0.016340719535946846,0,6.652357114944607e-05,0.19463050365447998,8.106982231140137,5.348538875579834,26.626300811767578,0.0,1.0
40,10,4,0.8,baseline,0,33,0.008821466937661171,0,3.695839404826984e-05,0.20651300251483917,7.943635940551758,5.081894874572754,27.498279571533203,0.0,1.0
40,10,4,0.8,baseline,0,34,0.014964563772082329,0,7.023069338174537e-05,0.21932578086853027,7.734055995941162,3.4984989166259766,22.0506649017334,0.0,0.0
40,10,4,0.8,baseline,0,35,0.016865596175193787,0,6.766702426830307e-05,0.20704679191112518,7.888004302978516,3.792747974395752,24.204771041870117,0.0,0.0
40,10,4,0.8,baseline,0,36,0.014977645128965378,0,9.570441034156829e-05,0.205827996134758,8.03341293334961,3.3448386192321777,21.347307205200195,0.0,0.0
40,10,4,0.8,baseline,0,37,0.015527057461440563,0,6.659292557742447e-05,0.20543432235717773,7.98389196395874,3.7613282203674316,24.50522232055664,0.0,0.0
40,10,4,0.8,baseline,0,38,0.015409381128847599,0,6.385811866493896e-05,0.1993260383605957,8.013721466064453,5.631927967071533,26.88654899597168,0.0,1.0
40,10,4,0.8,baseline,0,39,0.012544003315269947,0,4.4059961510356516e-05,0.19818845391273499,8.047340393066406,4.608997821807861,26.627330780029297,0.0,1.0
40,10,4,0.8,baseline,1,0,1.3107753992080688,1,0.8089222311973572,0.2210715413093567,7.984330177307129,0.12161505967378616,0.49786141514778137,0.0,0.0
40,10,4,0.8,baseline,1,1,1.430430293083191,1,0.48597973585128784,0.3063872456550598,6.33206033706665,0.1478644162416458,0.5921102166175842,0.0,0.0
40,10,4,0.8,baseline,1,2,1.3200443983078003,1,0.49271702766418457,0.26538586616516113,7.036353588104248,0.14785389602184296,0.5786389112472534,0.0,0.0
40,10,4,0.8,baseline,1,3,1.3193672895431519,1,0.4922964572906494,0.2715328633785248,6.946011066436768,0.13862793147563934,0.571506917476654,0.0,0.0
40,10,4,0.8,baseline,1,4,1.5168697834014893,1,0.5156375169754028,0.3251030445098877,6.056341171264648,0.15418608486652374,0.6209213137626648,0.0,0.0
40,10,4,0.8,baseline,1,5,1.4074734449386597,1,0.4703492224216461,0.29066428542137146,6.605447769165039,0.15188591182231903,0.6164829730987549,0.0,0.0
40,10,4,0.8,baseline,1,6,1.5198572874069214,1,0.49467819929122925,0.3287063539028168,5.938786506652832,0.16084729135036469,0.6540242433547974,0.0,0.0
40,10,4,0.8,baseline,1,7,1.5173437595367432,1,0.4936710298061371,0.32441258430480957,6.047444820404053,0.1653367280960083,0.6558932065963745,0.0,0.0
40,10,4,0.8,baseline,1,8,1.5468775033950806,1,0.4956929385662079,0.3230196237564087,6.053919792175293,0.16888408362865448,0.6733196973800659,0.0,0.0
40,10,4,0.8,baseline,1,9,1.5015690326690674,1,0.48290786147117615,0.32669493556022644,5.974702835083008,0.16138586401939392,0.6506430506706238,0.0,0.0
40,10,4,0.8,baseline,1,10,1.529264211654663,1,0.4848370850086212,0.3211480975151062,6.076936721801758,0.16539034247398376,0.6691460609436035,0.0,0.0
40,10,4,0.8,baseline,1,11,1.5083214044570923,1,0.44298142194747925,0.34048575162887573,5.7875165939331055,0.11728359013795853,0.48318374156951904,0.0,0.0
40,10,4,0.8,baseline,1,12,1.5344798564910889,1,0.4846900999546051,0.34075042605400085,5.747157573699951,0.15297989547252655,0.6031018495559692,0.0,0.0
40,10,4,0.8,baseline,1,13,1.4762578010559082,1,0.4674517810344696,0.32280784845352173,6.080309867858887,0.16428261995315552,0.655927836894989,0.0,0.0
40,10,4,0.8,baseline,1,14,1.0853568315505981,1,0.37433889508247375,0.22005991637706757,7.959682464599609,0.08066587895154953,0.30888980627059937,0.0,0.0
40,10,4,0.8,baseline,1,15,1.4700387716293335,1,0.4211168587207794,0.3336434066295624,5.907110214233398,0.12384697049856186,0.4907678961753845,0.0,0.0
40,10,4,0.8,baseline,1,16,1.499072551727295,1,0.46263763308525085,0.33413994312286377,5.859865188598633,0.146725594997406,0.5766792297363281,0.0,0.0
40,10,4,0.8,baseline,1,17,1.3927531242370605,1,0.4341919720172882,0.2980576455593109,6.4650468826293945,0.16612087190151215,0.6524460315704346,0.0,0.0
40,10,4,0.8,baseline,1,18,0.18925410509109497,0,0.011731165461242199,0.15404793620109558,8.547401428222656,0.4022439122200012,1.9424313306808472,0.0,0.0
40,10,4,0.8,baseline,1,19,0.15263888239860535,0,0.007722501177340746,0.15932254493236542,8.425970077514648,0.4882906377315521,2.362185478210449,0.0,0.0
40,10,4,0.8,baseline,1,20,0.18227680027484894,0,0.010565556585788727,0.15854744613170624,8.458754539489746,0.4174332022666931,2.0664308071136475,0.0,0.0
40,10,4,0.8,baseline,1,21,0.07477254420518875,0,0.0018729157745838165,0.15564589202404022,8.521862030029297,0.9640047550201416,5.402979373931885,0.0,0.0
40,10,4,0.8,baseline,1,22,0.07892054319381714,0,0.0020563676953315735,0.15691813826560974,8.448328971862793,0.9439641833305359,5.416475296020508,0.0,0.0
40,10,4,0.8,baseline,1,23,0.014332694932818413,0,7.11711763869971e-05,0.1562502384185791,8.367117881774902,4.965368270874023,27.00554847717285,0.0,1.0
40,10,4,0.8,baseline,1,24,0.03162672370672226,0,0.00031752241193316877,0.15570497512817383,8.541255950927734,2.4192967414855957,15.5431489944458,0.0,0.0
40,10,4,0.8,baseline,1,25,0.027276910841464996,0,0.0002586639893706888,0.15869660675525665,8.507216453552246,2.6425621509552,17.13491439819336,0.0,0.0
40,10,4,0.8,baseline,1,26,0.030364997684955597,0,0.0002831321326084435,0.15844780206680298,8.451746940612793,2.779470443725586,17.76369857788086,0.0,0.0
40,10,4,0.8,baseline,1,27,0.017938712611794472,0,9.583675273461267e-05,0.15664911270141602,8.478632926940918,4.751530170440674,26.54632568359375,0.0,1.0
40,10,4,0.8,baseline,1,28,0.018381746485829353,0,0.00010463482612976804,0.15695598721504211,8.513096809387207,4.04142951965332,25.963003158569336,0.0,0.125
40,10,4,0.8,baseline,1,29,0.018875014036893845,0,0.00010193500929744914,0.1569555103778839,8.510632514953613,4.372036457061768,27.5341796875,0.0,0.75
40,10,4,0.8,baseline,1,30,0.016552545130252838,0,0.00010544771066633984,0.1545809805393219,8.449291229248047,3.74900484085083,24.494548797607422,0.0,0.0
40,10,4,0.8,baseline,1,31,0.011839018203318119,0,5.809446156490594e-05,0.16462749242782593,8.474115371704102,5.0002899169921875,27.947206497192383,0.0,1.0
40,10,4,0.8,baseline,1,32,0.011096188798546791,0,4.980099038220942e-05,0.15323129296302795,8.487759590148926,5.436760902404785,26.93134307861328,0.0,1.0
40,10,4,0.8,baseline,1,33,0.015126630663871765,0,7.49342143535614e-05,0.15613947808742523,8.457629203796387,4.799032688140869,27.07109260559082,0.0,1.0
40,10,4,0.8,baseline,1,34,0.014183607883751392,0,6.067836147849448e-05,0.15706950426101685,8.451849937438965,5.574092388153076,27.261451721191406,0.0,1.0
40,10,4,0.8,baseline,1,35,0.013544425368309021,0,4.3517095036804676e-05,0.1579558104276657,8.5197114944458,7.814456462860107,27.810192108154297,0.0,1.0
40,10,4,0.8,baseline,1,36,0.013366199098527431,0,6.326795846689492e-05,0.16049355268478394,8.471580505371094,5.593441009521484,26.579978942871094,0.0,1.0
40,10,4,0.8,baseline,1,37,0.011524996720254421,0,3.066364661208354e-05,0.16313385963439941,8.469131469726562,10.438322067260742,26.775455474853516,0.0,1.0
40,10,4,0.8,baseline,1,38,0.012352077290415764,0,5.662996045430191e-05,0.1590707004070282,8.421196937561035,5.580155372619629,27.360078811645508,0.0,1.0
40,10,4,0.8,baseline,1,39,0.01518157310783863,0,7.620296673849225e-05,0.1584264039993286,8.433491706848145,4.773905277252197,26.704666137695312,0.0,1.0
40,10,4,0.8,baseline,2,0,1.354644536972046,1,0.49472251534461975,0.29349350929260254,6.4928460121154785,0.13957874476909637,0.5599766373634338,0.0,0.0
40,10,4,0.8,baseline,2,1,0.9486035704612732,1,0.7532106041908264,0.16933883726596832,8.566131591796875,0.08535641431808472,0.34164631366729736,0.0,0.0
40,10,4,0.8,baseline,2,2,1.3053600788116455,1,0.5135670304298401,0.2716504633426666,6.868912696838379,0.132441446185112,0.5371593236923218,0.0,0.0
40,10,4,0.8,baseline,2,3,1.37531316280365,1,0.5194265842437744,0.2925316393375397,6.4468231201171875,0.14319059252738953,0.5720884203910828,0.0,0.0
40,10,4,0.8,baseline,2,4,1.599493384361267,1,0.5310327410697937,0.3682105541229248,5.269371509552002,0.16517674922943115,0.667695164680481,0.0,0.0
40,10,4,0.8,baseline,2,5,1.4277077913284302,1,0.49728846549987793,0.3180480897426605,6.047428607940674,0.1486382782459259,0.6134650111198425,0.0,0.0
40,10,4,0.8,baseline,2,6,1.5432697534561157,1,0.48713746666908264,0.3652684986591339,5.28662633895874,0.15653957426548004,0.6104689836502075,0.0,0.0
40,10,4,0.8,baseline,2,7,1.5347421169281006,1,0.4818376302719116,0.3614400327205658,5.356093406677246,0.16356883943080902,0.6475885510444641,0.0,0.0
40,10,4,0.8,baseline,2,8,1.3921607732772827,1,0.5079399347305298,0.3070431351661682,6.1976399421691895,0.1486520916223526,0.5919390320777893,0.0,0.0
40,10,4,0.8,baseline,2,9,1.2493492364883423,1,0.4701352119445801,0.2509421110153198,7.15339469909668,0.144605815410614,0.5880916118621826,0.0,0.0
40,10,4,0.8,baseline,2,10,1.2840391397476196,1,0.4443541467189789,0.27983441948890686,6.704237937927246,0.1505551040172577,0.6071208119392395,0.0,0.0
40,10,4,0.8,baseline,2,11,1.3835630416870117,1,0.4667521119117737,0.3016177713871002,6.3050336837768555,0.15729567408561707,0.6288877725601196,0.0,0.0
40,10,4,0.8,baseline,2,12,1.6781903505325317,1,0.49477943778038025,0.4076113998889923,4.685039043426514,0.17435169219970703,0.6875150799751282,0.0,0.0
40,10,4,0.8,baseline,2,13,1.3541406393051147,1,0.480270653963089,0.29548147320747375,6.42055606842041,0.1542685478925705,0.6229771971702576,0.0,0.0
40,10,4,0.8,baseline,2,14,1.6646275520324707,1,0.4869386851787567,0.41081535816192627,4.643922328948975,0.18132442235946655,0.7229728698730469,0.0,0.0
40,10,4,0.8,baseline,2,15,1.2737025022506714,1,0.44522833824157715,0.27189767360687256,6.808819770812988,0.15186356008052826,0.6046948432922363,0.0,0.0
40,10,4,0.8,baseline,2,16,1.4800500869750977,1,0.4548620879650116,0.3422355651855469,5.6427154541015625,0.1838814914226532,0.7223297357559204,0.0,0.0
40,10,4,0.8,baseline,2,17,0.3342320919036865,1,0.07932364195585251,0.17039518058300018,8.410626411437988,0.18396151065826416,0.8403981328010559,0.0,0.0
40,10,4,0.8,baseline,2,18,0.8031907677650452,1,0.475553959608078,0.16223753988742828,8.700207710266113,0.08385585248470306,0.3254541754722595,0.0,0.0
40,10,4,0.8,baseline,2,19,0.19361121952533722,0,0.02842477709054947,0.17110282182693481,8.155902862548828,0.30634546279907227,1.3838157653808594,0.0,0.0
40,10,4,0.8,baseline,2,20,0.15702560544013977,0,0.018025685101747513,0.17125113308429718,8.23765754699707,0.37839969992637634,1.7757635116577148,0.0,0.0
40,10,4,0.8,baseline,2,21,0.11023946851491928,0,0.009060611017048359,0.18857313692569733,8.039247512817383,0.5384113788604736,2.6368298530578613,0.0,0.0
40,10,4,0.8,baseline,2,22,0.04230756312608719,0,0.0014924313873052597,0.17182272672653198,8.230823516845703,1.3806452751159668,8.030009269714355,0.0,0.0
40,10,4,0.8,baseline,2,23,0.028873560950160027,0,0.000650842091999948,0.17333656549453735,8.17897891998291,2.00209641456604,12.266977310180664,0.0,0.0
40,10,4,0.8,baseline,2,24,0.025432568043470383,0,0.0005958470865152776,0.1654059886932373,8.234283447265625,2.1655161380767822,13.296052932739258,0.0,0.0
40,10,4,0.8,baseline,2,25,0.018927808851003647,0,0.00020915154891554266,0.18366111814975739,8.120820045471191,3.543829917907715,22.36380958557129,0.0,0.0
40,10,4,0.8,baseline,2,26,0.018094785511493683,0,0.00022113854356575757,0.16456320881843567,8.186532974243164,3.40095591545105,21.32219123840332,0.0,0.0
40,10,4,0.8,baseline,2,27,0.015938330441713333,0,0.00024274502357002348,0.168782576918602,8.172672271728516,3.283633232116699,20.34063148498535,0.0,0.0
40,10,4,0.8,baseline,2,28,0.009197783656418324,0,3.972032209276222e-05,0.17342489957809448,8.190779685974121,8.752386093139648,26.34817123413086,0.0,1.0
40,10,4,0.8,baseline,2,29,0.011755944229662418,0,7.579041994176805e-05,0.17748212814331055,8.163362503051758,5.2626471519470215,25.73603630065918,0.0,1.0
40,10,4,0.8,baseline,2,30,0.010329493321478367,0,5.121618596604094e-05,0.1824810802936554,8.11365795135498,6.768118381500244,25.99557876586914,0.0,1.0
40,10,4,0.8,baseline,2,31,0.010757154785096645,0,5.8733956393552944e-05,0.1794949620962143,8.121293067932129,5.585593223571777,26.479339599609375,0.0,1.0
40,10,4,0.8,baseline,2,32,0.010849286802113056,0,4.5327738916967064e-05,0.18070614337921143,8.068602561950684,7.00946569442749,26.3568115234375,0.0,1.0
40,10,4,0.8,baseline,2,33,0.008114181458950043,0,3.2299791200784966e-05,0.17831431329250336,8.119867324829102,8.808391571044922,26.37080192565918,0.0,1.0
40,10,4,0.8,baseline,2,34,0.008343030698597431,0,2.1962732716929168e-05,0.17264918982982635,8.190646171569824,10.819195747375488,25.936429977416992,0.0,1.0
40,10,4,0.8,baseline,2,35,0.0071587348356842995,0,2.0777406462002546e-05,0.183180034160614,8.14291763305664,9.934386253356934,25.870407104492188,0.0,1.0
40,10,4,0.8,baseline,2,36,0.00677212979644537,0,1.795923526515253e-05,0.18154484033584595,8.106000900268555,9.891034126281738,25.647266387939453,0.0,1.0
40,10,4,0.8,baseline,2,37,0.008629203774034977,0,2.6462577807251364e-05,0.16330750286579132,8.30309772491455,7.959275722503662,25.82168197631836,0.0,1.0
40,10,4,0.8,baseline,2,38,0.009746724739670753,0,5.854005576111376e-05,0.17524270713329315,8.135720252990723,6.171431541442871,25.854568481445312,0.0,1.0
40,10,4,0.8,baseline,2,39,0.0074441637843847275,0,3.014634785358794e-05,0.17709121108055115,8.094775199890137,7.798961639404297,26.986125946044922,0.0,1.0
40,10,4,0.8,baseline,3,0,1.2406495809555054,1,0.4884226322174072,0.24299325048923492,7.280094146728516,0.13484327495098114,0.5376241207122803,0.0,0.0
40,10,4,0.8,baseline,3,1,1.237044095993042,1,0.48556363582611084,0.23652499914169312,7.299317836761475,0.13213203847408295,0.5378128290176392,0.0,0.0
40,10,4,0.8,baseline,3,2,1.0876201391220093,1,0.7623656988143921,0.19695119559764862,8.197674751281738,0.09826106578111649,0.39821889996528625,0.0,0.0
40,10,4,0.8,baseline,3,3,1.5934962034225464,1,0.5207651257514954,0.3595481812953949,5.391245365142822,0.1530836671590805,0.6182921528816223,0.0,0.0
40,10,4,0.8,baseline,3,4,1.4112555980682373,1,0.5015472769737244,0.303555428981781,6.269948482513428,0.14889301359653473,0.6080232858657837,0.0,0.0
40,10,4,0.8,baseline,3,5,1.3205804824829102,1,0.4763003885746002,0.2639756500720978,6.930646896362305,0.13935907185077667,0.5644919872283936,0.0,0.0
40,10,4,0.8,baseline,3,6,1.315480351448059,1,0.4731500744819641,0.2747497260570526,6.749385833740234,0.14014387130737305,0.5719822645187378,0.0,0.0
40,10,4,0.8,baseline,3,7,1.3857475519180298,1,0.4907076358795166,0.2866097688674927,6.517757892608643,0.14989407360553741,0.6119375824928284,0.0,0.0
40,10,4,0.8,baseline,3,8,1.3842194080352783,1,0.4901498854160309,0.28853169083595276,6.467494010925293,0.14735659956932068,0.5867565274238586,0.0,0.0
40,10,4,0.8,baseline,3,9,1.7797729969024658,1,0.4961528778076172,0.4214593172073364,4.494460105895996,0.1710386723279953,0.6458808779716492,0.0,0.0
40,10,4,0.8,baseline,3,10,1.4849610328674316,1,0.49365177750587463,0.32538601756095886,5.935640335083008,0.1556776612997055,0.6173295378684998,0.0,0.0
40,10,4,0.8,baseline,3,11,1.357186198234558,1,0.46400147676467896,0.2914271056652069,6.465941429138184,0.148178830742836,0.5869743227958679,0.0,0.0
40,10,4,0.8,baseline,3,12,1.5635560750961304,1,0.48895639181137085,0.3499165177345276,5.512592315673828,0.16100123524665833,0.6346313953399658,0.0,0.0
40,10,4,0.8,baseline,3,13,1.4698759317398071,1,0.483492910861969,0.3235395848751068,5.979013442993164,0.15856333076953888,0.6331921815872192,0.0,0.0
40,10,4,0.8,baseline,3,14,0.9644961357116699,1,0.32492393255233765,0.21498113870620728,8.077293395996094,0.07359851151704788,0.287471741437912,0.0,0.0
40,10,4,0.8,baseline,3,15,1.5517653226852417,1,0.48139917850494385,0.35172581672668457,5.504526138305664,0.16588230431079865,0.6675598621368408,0.0,0.0
40,10,4,0.8,baseline,3,16,1.4582314491271973,1,0.4354771077632904,0.3359726369380951,5.766636371612549,0.17716996371746063,0.7014628052711487,0.0,0.0
40,10,4,0.8,baseline,3,17,1.7122869491577148,1,0.4588651955127716,0.41209620237350464,4.611523628234863,0.17581653594970703,0.7045357823371887,0.0,0.0
40,10,4,0.8,baseline,3,18,0.01970650628209114,0,0.00014500229735858738,0.17241549491882324,8.197214126586914,3.819364070892334,24.167171478271484,0.0,0.0
40,10,4,0.8,baseline,3,19,0.028255168348550797,0,0.0002949847839772701,0.1856728494167328,8.107398986816406,2.164771318435669,13.054336547851562,0.0,0.0
40,10,4,0.8,baseline,3,20,0.15466921031475067,0,0.008018406108021736,0.17163656651973724,8.209990501403809,0.4402579367160797,2.1384801864624023,0.0,0.0
40,10,4,0.8,baseline,3,21,0.10992530733346939,0,0.00400348799303174,0.1714215874671936,8.163017272949219,0.6228059530258179,3.1771345138549805,0.0,0.0
40,10,4,0.8,baseline,3,22,0.07210850715637207,0,0.0017700406024232507,0.18910346925258636,8.092168807983398,0.9222468733787537,4.671418190002441,0.0,0.0
40,10,4,0.8,baseline,3,23,0.054157283157110214,0,0.001008476596325636,0.17952106893062592,8.087501525878906,1.232568621635437,6.7294111251831055,0.0,0.0
40,10,4,0.8,baseline,3,24,0.04376041516661644,0,0.0006866571493446827,0.1816461980342865,8.10958480834961,1.447545051574707,8.087506294250488,0.0,0.0
40,10,4,0.8,baseline,3,25,0.04581669718027115,0,0.0007444383227266371,0.18538734316825867,8.09068489074707,1.431215763092041,8.137803077697754,0.0,0.0
40,10,4,0.8,baseline,3,26,0.039920881390571594,0,0.0006052810931578279,0.1844022423028946,8.077491760253906,1.5804909467697144,9.20250415802002,0.0,0.0
40,10,4,0.8,baseline,3,27,0.024737300351262093,0,0.0001934010797413066,0.18811582028865814,8.000343322753906,2.694279193878174,16.389068603515625,0.0,0.0
40,10,4,0.8,baseline,3,28,0.01795637235045433,0,0.00010849497630260885,0.1793472021818161,8.176372528076172,3.7421669960021973,23.027132034301758,0.0,0.0
40,10,4,0.8,baseline,3,29,0.016683993861079216,0,0.00012071336823282763,0.1846265196800232,8.117912292480469,3.4291319847106934,21.226089477539062,0.0,0.0
40,10,4,0.8,baseline,3,30,0.01509851310402155,0,0.00013102154480293393,0.18546390533447266,8.087890625,3.578819751739502,22.702482223510742,0.0,0.0
40,10,4,0.8,baseline,3,31,0.010638936422765255,0,3.7848127249162644e-05,0.18327252566814423,8.128314971923828,6.1191301345825195,26.334932327270508,0.0,1.0
40,10,4,0.8,baseline,3,32,0.012582768686115742,0,6.108669913373888e-05,0.18097618222236633,8.107977867126465,4.900519371032715,26.326730728149414,0.0,1.0
40,10,4,0.8,baseline,3,33,0.012854755856096745,0,5.581707591773011e-05,0.18928681313991547,8.010211944580078,4.998025417327881,26.154518127441406,0.0,1.0
40,10,4,0.8,baseline,3,34,0.014184619300067425,0,7.478578481823206e-05,0.1791938990354538,8.228515625,4.488552570343018,26.239669799804688,0.0,0.75
40,10,4,0.8,baseline,3,35,0.012270630337297916,0,5.79944571654778e-05,0.17580562829971313,8.199993133544922,5.301429748535156,26.104206085205078,0.0,1.0
40,10,4,0.8,baseline,3,36,0.009972144849598408,0,5.058582974015735e-05,0.18895411491394043,8.131586074829102,5.610638618469238,26.294946670532227,0.0,1.0
40,10,4,0.8,baseline,3,37,0.010544604621827602,0,2.8129708880442195e-05,0.18738776445388794,8.053677558898926,7.329051971435547,26.259017944335938,0.0,1.0
40,10,4,0.8,baseline,3,38,0.009709733538329601,0,5.415371560957283e-05,0.1748560518026352,8.21530818939209,5.674244403839111,25.369895935058594,0.0,1.0
40,10,4,0.8,baseline,3,39,0.00934275146573782,0,2.359285281272605e-05,0.18379823863506317,8.063668251037598,8.07180404663086,26.810298919677734,0.0,1.0
40,10,4,0.8,baseline,4,0,1.554938554763794,1,0.9616611003875732,0.28159260749816895,6.961874961853027,0.15400895476341248,0.6202292442321777,0.0,0.0
40,10,4,0.8,baseline,4,1,1.4266632795333862,1,0.4853879511356354,0.3058638572692871,6.453735828399658,0.14632076025009155,0.5879459977149963,0.0,0.0
40,10,4,0.8,baseline,4,2,1.3749052286148071,1,0.5115747451782227,0.2745773494243622,7.0236358642578125,0.1451745182275772,0.5789775252342224,0.0,0.0
40,10,4,0.8,baseline,4,3,1.8466566801071167,1,0.9751058220863342,0.36874502897262573,5.357122898101807,0.18231253325939178,0.730335533618927,0.0,0.0
40,10,4,0.8,baseline,4,4,1.4497132301330566,1,0.5001350045204163,0.29287466406822205,6.667110919952393,0.1609080284833908,0.6425893902778625,0.0,0.0
40,10,4,0.8,baseline,4,5,1.4410258531570435,1,0.4941556453704834,0.29470765590667725,6.598126411437988,0.15487432479858398,0.601598858833313,0.0,0.0
40,10,4,0.8,baseline,4,6,1.519103765487671,1,0.49856942892074585,0.3248231112957001,6.10766077041626,0.15557704865932465,0.6268923282623291,0.0,0.0
40,10,4,0.8,baseline,4,7,1.3855526447296143,1,0.457614541053772,0.28545668721199036,6.783916473388672,0.15126757323741913,0.6090952754020691,0.0,0.0
40,10,4,0.8,baseline,4,8,1.5177500247955322,1,0.49557656049728394,0.3210356533527374,6.186451435089111,0.16181233525276184,0.6364657878875732,0.0,0.0
40,10,4,0.8,baseline,4,9,1.3275023698806763,1,0.47703760862350464,0.2607382535934448,7.23136043548584,0.14854730665683746,0.6166306138038635,0.0,0.0
40,10,4,0.8,baseline,4,10,1.573304295539856,1,0.5058242678642273,0.3245900273323059,6.099889755249023,0.1640661060810089,0.6634177565574646,0.0,0.0
40,10,4,0.8,baseline,4,11,1.4928784370422363,1,0.47930699586868286,0.3210178017616272,6.170419692993164,0.15816056728363037,0.6311632394790649,0.0,0.0
40,10,4,0.8,baseline,4,12,1.3880590200424194,1,0.3502964675426483,0.3043346405029297,6.53267240524292,0.1062159314751625,0.42258012294769287,0.0,0.0
40,10,4,0.8,baseline,4,13,1.4784005880355835,1,0.47246652841567993,0.31655409932136536,6.212505340576172,0.16382837295532227,0.6503223776817322,0.0,0.0
40,10,4,0.8,baseline,4,14,1.3343130350112915,1,0.3223920166492462,0.289966344833374,6.830329895019531,0.09968972206115723,0.40689563751220703,0.0,0.0
40,10,4,0.8,baseline,4,15,1.5375235080718994,1,0.48322734236717224,0.3309284448623657,5.998939514160156,0.1714603751897812,0.691944420337677,0.0,0.0
40,10,4,0.8,baseline,4,16,1.3596588373184204,1,0.33558177947998047,0.3002152442932129,6.6361823081970215,0.10887172818183899,0.4510899484157562,0.0,0.0
40,10,4,0.8,baseline,4,17,0.011031732894480228,0,3.326425576233305e-05,0.1559358686208725,8.78770923614502,28.168909072875977,28.168909072875977,1.0,1.0
40,10,4,0.8,baseline,4,18,1.3112092018127441,1,0.31179603934288025,0.2936941087245941,6.765212059020996,0.10286803543567657,0.42059412598609924,0.0,0.0
40,10,4,0.8,baseline,4,19,0.004076472483575344,0,3.914168701157905e-06,0.16714003682136536,8.722868919372559,27.370468139648438,27.370468139648438,1.0,1.0
40,10,4,0.8,baseline,4,20,0.00995376892387867,0,3.6382156395120546e-05,0.16197967529296875,8.802179336547852,7.914900779724121,28.12555694580078,0.0,1.0
40,10,4,0.8,baseline,4,21,0.004203114192932844,0,4.738425104733324e-06,0.17102177441120148,8.616284370422363,27.666133880615234,27.666133880615234,1.0,1.0
40,10,4,0.8,baseline,4,22,0.006081517785787582,0,9.413382940692827e-06,0.1628604382276535,8.736656188964844,25.55621337890625,28.037582397460938,0.0,1.0
40,10,4,0.8,baseline,4,23,0.008203243836760521,0,1.8515329429646954e-05,0.15791583061218262,8.775561332702637,28.123817443847656,28.123817443847656,1.0,1.0
40,10,4,0.8,baseline,4,24,0.006105540785938501,0,1.0061348802992143e-05,0.14863750338554382,8.904541015625,27.310382843017578,27.310382843017578,1.0,1.0
40,10,4,0.8,baseline,4,25,0.0054999892599880695,0,1.2376167433103547e-05,0.15915635228157043,8.781930923461914,13.289793968200684,28.20557403564453,0.0,1.0
40,10,4,0.8,baseline,4,26,0.007981255650520325,0,2.8298087272560224e-05,0.15585145354270935,8.811433792114258,7.3980207443237305,28.297168731689453,0.0,1.0
40,10,4,0.8,baseline,4,27,0.006226785946637392,0,9.345414582639933e-06,0.17669732868671417,8.620715141296387,27.451818466186523,27.451818466186523,1.0,1.0
40,10,4,0.8,baseline,4,28,0.003571137087419629,0,3.495193595881574e-06,0.16603778302669525,8.72478199005127,28.241483688354492,28.241483688354492,1.0,1.0
40,10,4,0.8,baseline,4,29,0.00575789762660861,0,9.043993486557156e-06,0.16421698033809662,8.769068717956543,28.369482040405273,28.369482040405273,1.0,1.0
40,10,4,0.8,baseline,4,30,0.0052814781665802,0,7.3971923484350555e-06,0.16622811555862427,8.741545677185059,28.212366104125977,28.212366104125977,1.0,1.0
40,10,4,0.8,baseline,4,31,0.002711537294089794,0,1.9685305687744403e-06,0.16150914132595062,8.799234390258789,28.553871154785156,28.553871154785156,1.0,1.0
40,10,4,0.8,baseline,4,32,0.0035703310277312994,0,2.3780107767379377e-06,0.15863899886608124,8.771193504333496,27.805706024169922,27.805706024169922,1.0,1.0
40,10,4,0.8,baseline,4,33,0.004589852876961231,0,5.073253760201624e-06,0.16065074503421783,8.814591407775879,27.944231033325195,27.944231033325195,1.0,1.0
40,10,4,0.8,baseline,4,34,0.007985598407685757,0,1.3782124369754456e-05,0.15613417327404022,8.80546760559082,19.438053131103516,28.189815521240234,0.0,1.0
40,10,4,0.8,baseline,4,35,0.003476618090644479,0,4.403631464811042e-06,0.1618679314851761,8.703265190124512,19.545717239379883,28.113689422607422,0.0,1.0
40,10,4,0.8,baseline,4,36,0.005633033346384764,0,8.16577176010469e-06,0.15607917308807373,8.789217948913574,27.34067726135254,27.793903350830078,0.0,1.0
40,10,4,0.8,baseline,4,37,0.005331695079803467,0,7.41885332899983e-06,0.16996508836746216,8.68254280090332,21.47909927368164,27.606412887573242,0.0,1.0
40,10,4,0.8,baseline,4,38,0.004648879636079073,0,5.9247531680739485e-06,0.1705980747938156,8.647880554199219,18.115198135375977,28.114295959472656,0.0,1.0
40,10,4,0.8,baseline,4,39,0.004487438593059778,0,5.2094069360464346e-06,0.15702182054519653,8.721834182739258,27.590068817138672,27.590068817138672,1.0,1.0
40,10,4,0.8,input_at,0,0,1.0564340353012085,1,0.7576982975006104,0.19951829314231873,7.5884222984313965,0.08870295435190201,0.3482361137866974,0.0,0.0
40,10,4,0.8,input_at,0,1,1.1622189283370972,1,0.49426448345184326,0.23899109661579132,6.815948009490967,0.12873637676239014,0.5152512788772583,0.0,0.0
40,10,4,0.8,input_at,0,2,0.9512704610824585,1,0.681402325630188,0.19845640659332275,7.696835041046143,0.0825129896402359,0.33865055441856384,0.0,0.0
40,10,4,0.8,input_at,0,3,1.2725718021392822,1,0.4724620282649994,0.2804161310195923,6.301512718200684,0.13761191070079803,0.5598046779632568,0.0,0.0
40,10,4,0.8,input_at,0,4,1.1619453430175781,1,0.49400946497917175,0.23569868505001068,6.88059139251709,0.1302303671836853,0.5329047441482544,0.0,0.0
40,10,4,0.8,input_at,0,5,1.1137059926986694,1,0.5558459162712097,0.25240781903266907,7.05596923828125,0.093721404671669,0.3757196366786957,0.0,0.0
40,10,4,0.8,input_at,0,6,1.3475171327590942,1,0.49134406447410583,0.3060285151004791,5.9214863777160645,0.15180771052837372,0.6222271919250488,0.0,0.0
40,10,4,0.8,input_at,0,7,1.561812400817871,1,0.44483691453933716,0.3979252576828003,4.7025146484375,0.15661372244358063,0.6297866106033325,0.0,0.0
40,10,4,0.8,input_at,0,8,1.560994029045105,1,0.4444628357887268,0.38821691274642944,4.79296875,0.15133541822433472,0.5721309185028076,0.0,0.0
40,10,4,0.8,input_at,0,9,1.5005877017974854,1,0.4945404529571533,0.34388667345046997,5.320500373840332,0.16532336175441742,0.659563422203064,0.0,0.0
40,10,4,0.8,input_at,0,10,1.2692619562149048,1,0.4698523283004761,0.2814216613769531,6.275235176086426,0.13946549594402313,0.5719900131225586,0.0,0.0
40,10,4,0.8,input_at,0,11,1.3446507453918457,1,0.4891343116760254,0.3028218150138855,5.976429462432861,0.14722175896167755,0.5837364792823792,0.0,0.0
40,10,4,0.8,input_at,0,12,1.4994267225265503,1,0.49387261271476746,0.35127273201942444,5.2627949714660645,0.16675147414207458,0.6473698019981384,0.0,0.0
40,10,4,0.8,input_at,0,13,1.69110107421875,1,0.4821663200855255,0.4194755554199219,4.377151966094971,0.17199556529521942,0.6491072177886963,0.0,0.0
40,10,4,0.8,input_at,0,14,0.6739352345466614,1,0.07534688711166382,0.2534939646720886,6.747832775115967,0.39516425132751465,1.6984515190124512,0.0,0.0
40,10,4,0.8,input_at,0,15,1.505942940711975,1,0.37694409489631653,0.40469813346862793,4.627164363861084,0.1724698692560196,0.661483645439148,0.0,0.0
40,10,4,0.8,input_at,0,16,0.07753251492977142,0,0.000984787242487073,0.2077988088130951,7.321796417236328,3.129966974258423,18.79862403869629,0.0,0.0
40,10,4,0.8,input_at,0,17,1.6809831857681274,1,0.4761810600757599,0.42106887698173523,4.3555169105529785,0.18083010613918304,0.7163773775100708,0.0,0.0
40,10,4,0.8,input_at,0,18,0.02334607020020485,0,9.107072401093319e-05,0.20156694948673248,7.212583065032959,25.51422882080078,25.51422882080078,1.0,1.0
40,10,4,0.8,input_at,0,19,1.590753436088562,1,0.42021051049232483,0.41009190678596497,4.525820255279541,0.1660470813512802,0.6713625192642212,0.0,0.0
40,10,4,0.8,input_at,0,20,0.034778937697410583,0,0.00020022847456857562,0.2107383757829666,7.202687740325928,6.5395917892456055,25.347049713134766,0.0,1.0
40,10,4,0.8,input_at,0,21,0.017630351707339287,0,5.160659929970279e-05,0.21483050286769867,7.121171474456787,12.443376541137695,25.818387985229492,0.0,1.0
40,10,4,0.8,input_at,0,22,0.0017601564759388566,0,1.2698800446742098e-06,0.2189626693725586,7.140752792358398,24.91617202758789,24.91617202758789,1.0,1.0
40,10,4,0.8,input_at,0,23,0.01520601473748684,0,3.861477307509631e-05,0.21334849298000336,7.2983527183532715,14.528118133544922,25.03600311279297,0.0,1.0
40,10,4,0.8,input_at,0,24,0.01907915621995926,0,6.016546831233427e-05,0.20345298945903778,7.2543158531188965,11.61208724975586,25.67831039428711,0.0,1.0
40,10,4,0.8,input_at,0,25,0.006953761447221041,0,8.675742719788104e-06,0.21102765202522278,7.249202728271484,24.95477867126465,24.95477867126465,1.0,1.0
40,10,4,0.8,input_at,0,26,0.005851819645613432,0,6.164689239085419e-06,0.20980973541736603,7.260619163513184,24.937232971191406,24.937232971191406,1.0,1.0
40,10,4,0.8,input_at,0,27,0.005958458408713341,0,6.017117357259849e-06,0.20304374396800995,7.458636283874512,25.177671432495117,25.177671432495117,1.0,1.0
40,10,4,0.8,input_at,0,28,0.0050353240221738815,0,4.383730356494198e-06,0.21246924996376038,7.258505344390869,25.485301971435547,25.485301971435547,1.0,1.0
40,10,4,0.8,input_at,0,29,0.005190406925976276,0,5.09367418999318e-06,0.21237817406654358,7.246511459350586,24.819232940673828,24.819232940673828,1.0,1.0
40,10,4,0.8,input_at,0,30,0.0052894181571900845,0,5.017500825488241e-06,0.20952108502388,7.265647888183594,24.475431442260742,24.475431442260742,1.0,1.0
40,10,4,0.8,input_at,0,31,0.0038891052827239037,0,2.702722440517391e-06,0.2015930563211441,7.325719833374023,24.53040885925293,24.53040885925293,1.0,1.0
40,10,4,0.8,input_at,0,32,0.0044933282770216465,0,3.3048063414753415e-06,0.21007423102855682,7.340439319610596,25.127368927001953,25.127368927001953,1.0,1.0
40,10,4,0.8,input_at,0,33,0.004392346367239952,0,3.880849817505805e-06,0.21333079040050507,7.338730812072754,23.87921905517578,26.000877380371094,0.0,1.0
40,10,4,0.8,input_at,0,34,0.003412830177694559,0,2.066074557660613e-06,0.20779865980148315,7.23964262008667,24.470264434814453,24.470264434814453,1.0,1.0
40,10,4,0.8,input_at,0,35,0.004112856928259134,0,3.0377086659427732e-06,0.21227392554283142,7.2730607986450195,25.41079330444336,25.41079330444336,1.0,1.0
40,10,4,0.8,input_at,0,36,0.003994320519268513,0,3.05999378724664e-06,0.2078532874584198,7.38007926940918,24.31427764892578,24.31427764892578,1.0,1.0
40,10,4,0.8,input_at,0,37,0.0032762172631919384,0,1.926215418279753e-06,0.20153772830963135,7.318182468414307,25.453155517578125,25.453155517578125,1.0,1.0
40,10,4,0.8,input_at,0,38,0.0040238993242383,0,2.9636262297572102e-06,0.21787133812904358,7.314418792724609,24.763309478759766,24.763309478759766,1.0,1.0
40,10,4,0.8,input_at,0,39,0.0031342548318207264,0,1.8112060615749215e-06,0.21021133661270142,7.3425517082214355,25.04138946533203,25.04138946533203,1.0,1.0
40,10,4,0.8,input_at,1,0,1.0571517944335938,1,0.6230278611183167,0.21190421283245087,7.936036109924316,0.09244991838932037,0.3764321208000183,0.0,0.0
40,10,4,0.8,input_at,1,1,1.2114243507385254,1,0.4781312048435211,0.24285031855106354,7.008467674255371,0.1324225217103958,0.5310183167457581,0.0,0.0
40,10,4,0.8,input_at,1,2,1.1267499923706055,1,0.48618507385253906,0.21784758567810059,7.299911022186279,0.1316477507352829,0.5200413465499878,0.0,0.0
40,10,4,0.8,input_at,1,3,1.1258985996246338,1,0.48540574312210083,0.21456597745418549,7.314089775085449,0.12167876213788986,0.5019063353538513,0.0,0.0
40,10,4,0.8,input_at,1,4,1.385820984840393,1,0.4866330325603485,0.2922172546386719,6.303063869476318,0.15380030870437622,0.6211870908737183,0.0,0.0
40,10,4,0.8,input_at,1,5,1.2095260620117188,1,0.47666335105895996,0.2362128496170044,7.082987308502197,0.1325855404138565,0.5407710075378418,0.0,0.0
40,10,4,0.8,input_at,1,6,1.3982336521148682,1,0.48174962401390076,0.29691916704177856,6.175563812255859,0.15433289110660553,0.6357195973396301,0.0,0.0
40,10,4,0.8,input_at,1,7,1.3851250410079956,1,0.4861859679222107,0.29169419407844543,6.267564296722412,0.15191467106342316,0.6012823581695557,0.0,0.0
40,10,4,0.8,input_at,1,8,1.3975584506988525,1,0.4814150631427765,0.28943055868148804,6.3329339027404785,0.15407826006412506,0.614645779132843,0.0,0.0
40,10,4,0.8,input_at,1,9,1.5989304780960083,1,0.4579211473464966,0.382965087890625,4.964659690856934,0.16625575721263885,0.6598458290100098,0.0,0.0
40,10,4,0.8,input_at,1,10,1.632528305053711,1,0.4906662106513977,0.36654460430145264,5.129716396331787,0.1770644634962082,0.6952552795410156,0.0,0.0
40,10,4,0.8,input_at,1,11,1.5960392951965332,1,0.4568759500980377,0.3795301020145416,5.024675369262695,0.16682939231395721,0.6773280501365662,0.0,0.0
40,10,4,0.8,input_at,1,12,1.0141021013259888,1,0.3599092364311218,0.23100487887859344,7.566949367523193,0.0865231528878212,0.34278422594070435,0.0,0.0
40,10,4,0.8,input_at,1,13,1.504433512687683,1,0.45625683665275574,0.34080785512924194,5.586464881896973,0.1601019948720932,0.636448085308075,0.0,0.0
40,10,4,0.8,input_at,1,14,0.26794368028640747,0,0.01765114814043045,0.2083297222852707,7.882034778594971,0.3578122556209564,1.671727180480957,0.0,0.0
40,10,4,0.8,input_at,1,15,1.2616440057754517,1,0.22979457676410675,0.34529849886894226,5.633795261383057,0.20317649841308594,0.7859243154525757,0.0,0.0
40,10,4,0.8,input_at,1,16,1.6145864725112915,1,0.4814014136791229,0.3720036745071411,5.083011150360107,0.1753789335489273,0.6799927353858948,0.0,0.0
40,10,4,0.8,input_at,1,17,1.8241703510284424,1,0.46734338998794556,0.4524528682231903,4.055902004241943,0.2898823916912079,0.9507223963737488,0.0,0.0
40,10,4,0.8,input_at,1,18,0.08190453052520752,0,0.0012813080102205276,0.2159181833267212,7.630189895629883,1.287945032119751,6.834449768066406,0.0,0.0
40,10,4,0.8,input_at,1,19,1.4390380382537842,1,0.43938174843788147,0.3173997104167938,5.917494297027588,0.16334567964076996,0.6570923328399658,0.0,0.0
40,10,4,0.8,input_at,1,20,0.7659603357315063,1,0.07897314429283142,0.26106852293014526,7.006070137023926,0.6617290377616882,2.39945650100708,0.0,0.0
40,10,4,0.8,input_at,1,21,0.04850824549794197,0,0.0003756697697099298,0.21661612391471863,7.679292678833008,3.5063364505767822,21.04368019104004,0.0,0.0
40,10,4,0.8,input_at,1,22,0.6994186043739319,1,0.06885379552841187,0.26099979877471924,6.984568119049072,0.6698057651519775,2.257652521133423,0.0,0.0
40,10,4,0.8,input_at,1,23,0.1780836135149002,0,0.004511517006903887,0.22455354034900665,7.491305828094482,1.636305570602417,7.51081657409668,0.0,0.0
40,10,4,0.8,input_at,1,24,0.19407135248184204,0,0.0053351144306361675,0.22443225979804993,7.55813455581665,1.664780616760254,7.89771842956543,0.0,0.0
40,10,4,0.8,input_at,1,25,0.09256238490343094,0,0.0012234480818733573,0.22348524630069733,7.549568176269531,3.0376713275909424,14.759902000427246,0.0,0.0
40,10,4,0.8,input_at,1,26,0.23561328649520874,0,0.0077752405777573586,0.21800093352794647,7.600338935852051,26.27598762512207,11.632801055908203,1.0,0.0
40,10,4,0.8,input_at,1,27,0.013399424031376839,0,0.00012617860920727253,0.2269260734319687,7.490313529968262,4.993824481964111,26.283401489257812,0.0,1.0
40,10,4,0.8,input_at,1,28,0.026166895404458046,0,0.00011400021321605891,0.21617843210697174,7.701060771942139,5.874402046203613,26.995948791503906,0.0,1.0
40,10,4,0.8,input_at,1,29,0.040217842906713486,0,0.00024502110318280756,0.22968432307243347,7.465124130249023,4.553934097290039,23.851335525512695,0.0,0.0
40,10,4,0.8,input_at,1,30,0.01740209385752678,0,6.262082024477422e-05,0.2205275148153305,7.608439922332764,6.224428653717041,26.329021453857422,0.0,1.0
40,10,4,0.8,input_at,1,31,0.022625569254159927,0,9.368493920192122e-05,0.23172283172607422,7.478621959686279,4.756761074066162,26.765520095825195,0.0,0.0
40,10,4,0.8,input_at,1,32,0.016801966354250908,0,5.373842941480689e-05,0.21447104215621948,7.666128158569336,7.2230401039123535,26.476444244384766,0.0,1.0
40,10,4,0.8,input_at,1,33,0.02206301875412464,0,8.300242916448042e-05,0.21686199307441711,7.617148399353027,5.81919527053833,26.40420913696289,0.0,1.0
40,10,4,0.8,input_at,1,34,0.01592811942100525,0,5.927941310801543e-05,0.21233752369880676,7.670522689819336,5.483686447143555,26.74591827392578,0.0,1.0
40,10,4,0.8,input_at,1,35,0.09549840539693832,0,0.0012788691092282534,0.2241857498884201,7.612513542175293,5.439724922180176,26.691884994506836,0.0,1.0
40,10,4,0.8,input_at,1,36,0.1374656707048416,0,0.0026410503778606653,0.21604377031326294,7.720859527587891,26.116771697998047,21.7999267578125,1.0,0.0
40,10,4,0.8,input_at,1,37,0.17973829805850983,0,0.004526946693658829,0.21939297020435333,7.6139116287231445,26.552936553955078,16.836299896240234,1.0,0.0
40,10,4,0.8,input_at,1,38,0.012311236932873726,0,3.557882519089617e-05,0.22589729726314545,7.472144603729248,7.28787899017334,26.736705780029297,0.0,1.0
40,10,4,0.8,input_at,1,39,0.3522905111312866,1,0.017377080395817757,0.22558535635471344,7.462335109710693,1.377724528312683,6.189373970031738,0.0,0.0
40,10,4,0.8,input_at,2,0,1.083274483680725,1,0.8470948934555054,0.22671590745449066,7.348287105560303,0.09974386543035507,0.4026466906070709,0.0,0.0
40,10,4,0.8,input_at,2,1,0.9734885692596436,1,0.8438509106636047,0.20068730413913727,7.708564281463623,0.09087259322404861,0.36494532227516174,0.0,0.0
40,10,4,0.8,input_at,2,2,1.0489352941513062,1,0.8906043767929077,0.21116571128368378,7.565155506134033,0.09995751827955246,0.40146559476852417,0.0,0.0
40,10,4,0.8,input_at,2,3,1.2427204847335815,1,0.4920679032802582,0.3099323809146881,5.917664051055908,0.13830198347568512,0.5608347654342651,0.0,0.0
40,10,4,0.8,input_at,2,4,1.262306571006775,1,0.49253880977630615,0.31422069668769836,5.940005779266357,0.14182695746421814,0.5790343880653381,0.0,0.0
40,10,4,0.8,input_at,2,5,1.3266714811325073,1,0.49408283829689026,0.3385445475578308,5.501258850097656,0.14704175293445587,0.6074278354644775,0.0,0.0
40,10,4,0.8,input_at,2,6,1.2418030500411987,1,0.4913255572319031,0.31748971343040466,5.805532932281494,0.13788634538650513,0.5537813901901245,0.0,0.0
40,10,4,0.8,input_at,2,7,1.4206329584121704,1,0.4920385181903839,0.3910902440547943,4.776712894439697,0.16115999221801758,0.6400296092033386,0.0,0.0
40,10,4,0.8,input_at,2,8,1.3548632860183716,1,0.4945054054260254,0.35800281167030334,5.218717575073242,0.1499011367559433,0.6040881872177124,0.0,0.0
40,10,4,0.8,input_at,2,9,1.2608516216278076,1,0.4913809895515442,0.30043891072273254,6.093123912811279,0.1411280781030655,0.5673617124557495,0.0,0.0
40,10,4,0.8,input_at,2,10,1.4204195737838745,1,0.491888165473938,0.3815750181674957,4.909491062164307,0.15612298250198364,0.6190751791000366,0.0,0.0
40,10,4,0.8,input_at,2,11,1.3233824968338013,1,0.49165597558021545,0.33605334162712097,5.509496688842773,0.15035101771354675,0.6100764870643616,0.0,0.0
40,10,4,0.8,input_at,2,12,1.628836989402771,1,0.49472054839134216,0.46456119418144226,3.8844244480133057,0.17448939383029938,0.6878364682197571,0.0,0.0
40,10,4,0.8,input_at,2,13,1.3529815673828125,1,0.49320513010025024,0.35475146770477295,5.276820182800293,0.15181410312652588,0.6106417179107666,0.0,0.0
40,10,4,0.8,input_at,2,14,1.6259150505065918,1,0.493084579706192,0.4707626700401306,3.818514347076416,0.18036940693855286,0.7074145674705505,0.0,0.0
40,10,4,0.8,input_at,2,15,0.9117777347564697,1,0.5838152170181274,0.19728787243366241,7.783066272735596,0.09676723927259445,0.38057243824005127,0.0,0.0
40,10,4,0.8,input_at,2,16,0.3386411964893341,1,0.08051265776157379,0.20074328780174255,7.656198024749756,0.2466341108083725,1.083251714706421,0.0,0.0
40,10,4,0.8,input_at,2,17,0.25695961713790894,0,0.045990053564310074,0.20018166303634644,7.570925712585449,0.32731685042381287,1.5105481147766113,0.0,0.0
40,10,4,0.8,input_at,2,18,0.16063494980335236,0,0.018099017441272736,0.18557757139205933,7.685699939727783,0.5177976489067078,2.453117847442627,0.0,0.0
40,10,4,0.8,input_at,2,19,0.08662714809179306,0,0.005251001566648483,0.19683310389518738,7.549881458282471,0.9647906422615051,4.970537185668945,0.0,0.0
40,10,4,0.8,input_at,2,20,0.06402459740638733,0,0.002875483362004161,0.20601226389408112,7.519845485687256,1.2808334827423096,7.147482395172119,0.0,0.0
40,10,4,0.8,input_at,2,21,0.043908875435590744,0,0.0013529007555916905,0.2178582102060318,7.3266119956970215,1.897873878479004,10.63220500946045,0.0,0.0
40,10,4,0.8,input_at,2,22,0.029770251363515854,0,0.000609395676292479,0.1992672085762024,7.5340752601623535,2.8633010387420654,15.98115348815918,0.0,0.0
40,10,4,0.8,input_at,2,23,0.027109738439321518,0,0.000499832327477634,0.2049197107553482,7.493680477142334,3.2471842765808105,18.186161041259766,0.0,0.0
40,10,4,0.8,input_at,2,24,0.021814117208123207,0,0.00033671673736535013,0.1932435929775238,7.577022552490234,3.8827412128448486,21.406888961791992,0.0,0.0
40,10,4,0.8,input_at,2,25,0.021468907594680786,0,0.00033001613337546587,0.21402139961719513,7.394692420959473,3.83823823928833,21.278310775756836,0.0,0.0
40,10,4,0.8,input_at,2,26,0.01902119070291519,0,0.0002579558058641851,0.19274123013019562,7.698404788970947,4.515244483947754,23.157184600830078,0.0,1.0
40,10,4,0.8,input_at,2,27,0.017513427883386612,0,0.0002179073926527053,0.19810554385185242,7.565174102783203,4.795297145843506,22.346904754638672,0.0,1.0
40,10,4,0.8,input_at,2,28,0.014196647331118584,0,0.0001397025480400771,0.20481140911579132,7.458056449890137,6.019621849060059,23.258377075195312,0.0,1.0
40,10,4,0.8,input_at,2,29,0.014378705993294716,0,0.00014078714593779296,0.2065422385931015,7.5355329513549805,5.908947944641113,22.7285213470459,0.0,1.0
40,10,4,0.8,input_at,2,30,0.013530309312045574,0,0.00012863703886978328,0.21766512095928192,7.398344039916992,6.13800048828125,22.818199157714844,0.0,1.0
40,10,4,0.8,input_at,2,31,0.01428927667438984,0,0.00014644564362242818,0.20907162129878998,7.4017415046691895,5.679685115814209,23.22510528564453,0.0,1.0
40,10,4,0.8,input_at,2,32,0.011828779242932796,0,9.855573443928733e-05,0.2164030224084854,7.366706371307373,7.002087593078613,22.876773834228516,0.0,1.0
40,10,4,0.8,input_at,2,33,0.012341062538325787,0,0.00010790258966153488,0.20816639065742493,7.45274543762207,7.05833625793457,23.362754821777344,0.0,1.0
40,10,4,0.8,input_at,2,34,0.010311164893209934,0,7.501304207835346e-05,0.20049485564231873,7.585479736328125,7.881612777709961,22.76407241821289,0.0,1.0
40,10,4,0.8,input_at,2,35,0.011586489155888557,0,9.520685853203759e-05,0.21523508429527283,7.479203224182129,7.192810535430908,22.86773681640625,0.0,1.0
40,10,4,0.8,input_at,2,36,0.010480426251888275,0,7.580266537843272e-05,0.21105919778347015,7.408807754516602,8.026135444641113,22.623279571533203,0.0,1.0
40,10,4,0.8,input_at,2,37,0.011601983569562435,0,9.609353583073243e-05,0.1928289383649826,7.637537002563477,7.025725364685059,22.610368728637695,0.0,1.0
40,10,4,0.8,input_at,2,38,0.010964452289044857,0,8.48946365294978e-05,0.21160341799259186,7.393152236938477,7.515590190887451,22.544889450073242,0.0,1.0
40,10,4,0.8,input_at,2,39,0.010707183741033077,0,8.2476093666628e-05,0.20864763855934143,7.439340591430664,7.731747627258301,23.654747009277344,0.0,1.0
40,10,4,0.8,input_at,3,0,1.087947964668274,1,0.48092374205589294,0.24572812020778656,6.740053653717041,0.12406060844659805,0.49600034952163696,0.0,0.0
40,10,4,0.8,input_at,3,1,1.0879359245300293,1,0.4809754192829132,0.24144329130649567,6.695184230804443,0.1192612424492836,0.4835112690925598,0.0,0.0
40,10,4,0.8,input_at,3,2,1.103387475013733,1,0.734291136264801,0.2393384724855423,7.025275707244873,0.10059535503387451,0.40319958329200745,0.0,0.0
40,10,4,0.8,input_at,3,3,1.3373267650604248,1,0.7948653697967529,0.3087182939052582,5.922888278961182,0.11474145948886871,0.46633380651474,0.0,0.0
40,10,4,0.8,input_at,3,4,1.2579563856124878,1,0.8490558862686157,0.2729622721672058,6.4348883628845215,0.11148139834403992,0.4569028317928314,0.0,0.0
40,10,4,0.8,input_at,3,5,1.111632227897644,1,0.689214289188385,0.24085301160812378,7.021908760070801,0.09683099389076233,0.38426777720451355,0.0,0.0
40,10,4,0.8,input_at,3,6,1.3586738109588623,1,0.4973929822444916,0.343784898519516,5.303860187530518,0.15224109590053558,0.6247378587722778,0.0,0.0
40,10,4,0.8,input_at,3,7,1.3809363842010498,1,0.47579729557037354,0.35004204511642456,5.247519016265869,0.1511646956205368,0.6110132336616516,0.0,0.0
40,10,4,0.8,input_at,3,8,1.3584227561950684,1,0.4971936345100403,0.3509490489959717,5.220790863037109,0.15122723579406738,0.6012926697731018,0.0,0.0
40,10,4,0.8,input_at,3,9,1.6345465183258057,1,0.47217774391174316,0.46143972873687744,3.8946938514709473,0.1482071578502655,0.5659375786781311,0.0,0.0
40,10,4,0.8,input_at,3,10,1.3797935247421265,1,0.4747696816921234,0.3593096137046814,5.168466091156006,0.1457340568304062,0.6002933979034424,0.0,0.0
40,10,4,0.8,input_at,3,11,1.2653255462646484,1,0.5111686587333679,0.3289174735546112,5.662559986114502,0.10840702801942825,0.43488627672195435,0.0,0.0
40,10,4,0.8,input_at,3,12,1.60795259475708,1,0.48792099952697754,0.43772587180137634,4.132342338562012,0.17161601781845093,0.6762524247169495,0.0,0.0
40,10,4,0.8,input_at,3,13,0.6676482558250427,1,0.09688587486743927,0.2549346387386322,6.876507759094238,0.29755252599716187,1.3032665252685547,0.0,0.0
40,10,4,0.8,input_at,3,14,0.03258256986737251,0,0.00035771349212154746,0.20330113172531128,7.304515838623047,3.445343494415283,18.365615844726562,0.0,0.0
40,10,4,0.8,input_at,3,15,1.6040624380111694,1,0.4856646656990051,0.44621941447257996,4.049154758453369,0.17287667095661163,0.6687437891960144,0.0,0.0
40,10,4,0.8,input_at,3,16,0.080356664955616,0,0.0020695195998996496,0.2155841886997223,7.139652729034424,1.5575592517852783,8.257530212402344,0.0,0.0
40,10,4,0.8,input_at,3,17,1.5321530103683472,1,0.41468939185142517,0.43977588415145874,4.152046203613281,0.15950573980808258,0.6386013031005859,0.0,0.0
40,10,4,0.8,input_at,3,18,0.04040258377790451,0,0.0005085848970338702,0.2119760513305664,7.165680885314941,3.165295124053955,16.761268615722656,0.0,0.0
40,10,4,0.8,input_at,3,19,0.019539648666977882,0,0.00012857555702794343,0.21284450590610504,7.161045074462891,6.807692527770996,23.16503143310547,0.0,1.0
40,10,4,0.8,input_at,3,20,0.0576837956905365,0,0.0010339617729187012,0.20951135456562042,7.204216957092285,2.2827165126800537,12.1826810836792,0.0,0.0
40,10,4,0.8,input_at,3,21,0.027580225840210915,0,0.0002525348390918225,0.2014690786600113,7.1494035720825195,4.7796244621276855,22.933929443359375,0.0,1.0
40,10,4,0.8,input_at,3,22,0.01882312074303627,0,0.00011013976472895592,0.22738853096961975,6.963814735412598,7.158348560333252,23.362577438354492,0.0,1.0
40,10,4,0.8,input_at,3,23,0.02126060239970684,0,0.00014239849406294525,0.212667316198349,7.053844451904297,6.256986618041992,22.409549713134766,0.0,1.0
40,10,4,0.8,input_at,3,24,0.018592648208141327,0,0.00010851775004994124,0.20376327633857727,7.366335391998291,7.101224899291992,22.109384536743164,0.0,1.0
40,10,4,0.8,input_at,3,25,0.01656297966837883,0,8.902396803023294e-05,0.21319988369941711,7.186031818389893,7.153891086578369,23.308128356933594,0.0,1.0
40,10,4,0.8,input_at,3,26,0.017260108143091202,0,9.201859938912094e-05,0.20998479425907135,7.243167877197266,7.004248142242432,22.911834716796875,0.0,1.0
40,10,4,0.8,input_at,3,27,0.014168275520205498,0,6.21540893916972e-05,0.22288022935390472,7.042754650115967,8.8737154006958,22.830944061279297,0.0,1.0
40,10,4,0.8,input_at,3,28,0.014257914386689663,0,6.324335117824376e-05,0.2207317054271698,7.1222243309021,8.847841262817383,23.619173049926758,0.0,1.0
40,10,4,0.8,input_at,3,29,0.011897055432200432,0,4.33435125160031e-05,0.2144087255001068,7.284221172332764,9.7496976852417,22.708553314208984,0.0,1.0
40,10,4,0.8,input_at,3,30,0.012497412040829659,0,5.043279452365823e-05,0.21429456770420074,7.071336269378662,9.674854278564453,23.300098419189453,0.0,1.0
40,10,4,0.8,input_at,3,31,0.012001527473330498,0,4.604690184351057e-05,0.2135097235441208,7.279364585876465,10.60349178314209,22.863338470458984,0.0,1.0
40,10,4,0.8,input_at,3,32,0.010657756589353085,0,3.724931593751535e-05,0.21462982892990112,7.250054359436035,13.559846878051758,23.315372467041016,0.0,1.0
40,10,4,0.8,input_at,3,33,0.010093869641423225,0,3.236248085158877e-05,0.2192937731742859,7.1023640632629395,12.391156196594238,22.817150115966797,0.0,1.0
40,10,4,0.8,input_at,3,34,0.010243628174066544,0,3.332629057695158e-05,0.20808246731758118,7.2184295654296875,11.618940353393555,22.782793045043945,0.0,1.0
40,10,4,0.8,input_at,3,35,0.010321319103240967,0,3.351629857206717e-05,0.19990745186805725,7.229672431945801,11.422502517700195,22.445981979370117,0.0,1.0
40,10,4,0.8,input_at,3,36,0.00957698468118906,0,2.8733989893225953e-05,0.21686215698719025,7.2609639167785645,13.844109535217285,23.062631607055664,0.0,1.0
40,10,4,0.8,input_at,3,37,0.010015939362347126,0,3.083189221797511e-05,0.22056347131729126,7.031275272369385,12.59916877746582,22.67416000366211,0.0,1.0
40,10,4,0.8,input_at,3,38,0.009882568381726742,0,3.1707240850664675e-05,0.20571881532669067,7.3443098068237305,12.711831092834473,22.55792236328125,0.0,1.0
40,10,4,0.8,input_at,3,39,0.010462336242198944,0,3.449923315201886e-05,0.21871528029441833,7.042419910430908,11.149749755859375,23.662872314453125,0.0,1.0
40,10,4,0.8,input_at,4,0,1.0774890184402466,1,0.9486509561538696,0.2041226476430893,7.619889259338379,0.10487819463014603,0.4342639148235321,0.0,0.0
40,10,4,0.8,input_at,4,1,0.9966595768928528,1,0.8454320430755615,0.20588207244873047,7.630489349365234,0.09181158989667892,0.3689727187156677,0.0,0.0
40,10,4,0.8,input_at,4,2,1.1752357482910156,1,0.4940009117126465,0.2740500569343567,6.403501033782959,0.1322304755449295,0.5268170237541199,0.0,0.0
40,10,4,0.8,input_at,4,3,1.2988331317901611,1,0.498178094625473,0.31370535492897034,5.8751935958862305,0.1436847448348999,0.5818566679954529,0.0,0.0
40,10,4,0.8,input_at,4,4,1.154121994972229,1,0.8281407952308655,0.22678005695343018,7.218457221984863,0.10123594105243683,0.40298449993133545,0.0,0.0
40,10,4,0.8,input_at,4,5,1.1750853061676025,1,0.4938351511955261,0.27070415019989014,6.443864822387695,0.1316450834274292,0.5249544382095337,0.0,0.0
40,10,4,0.8,input_at,4,6,1.3921722173690796,1,0.46197932958602905,0.36463767290115356,5.184604644775391,0.14648783206939697,0.5847935676574707,0.0,0.0
40,10,4,0.8,input_at,4,7,1.2514656782150269,1,0.6431454420089722,0.2750687897205353,6.609309196472168,0.10211821645498276,0.4032091200351715,0.0,0.0
40,10,4,0.8,input_at,4,8,1.473942756652832,1,0.4926527142524719,0.38286611437797546,4.880248069763184,0.1641608029603958,0.6435996294021606,0.0,0.0
40,10,4,0.8,input_at,4,9,1.524329662322998,1,0.491897314786911,0.38916438817977905,4.778133869171143,0.1650252789258957,0.6776320934295654,0.0,0.0
40,10,4,0.8,input_at,4,10,1.523370385169983,1,0.49143895506858826,0.38162559270858765,4.83915901184082,0.16740494966506958,0.6577554941177368,0.0,0.0
40,10,4,0.8,input_at,4,11,1.4721224308013916,1,0.49151140451431274,0.3833934962749481,4.8494343757629395,0.15780678391456604,0.6296590566635132,0.0,0.0
40,10,4,0.8,input_at,4,12,1.3873852491378784,1,0.4592605531215668,0.35919445753097534,5.239376068115234,0.14456422626972198,0.5571519136428833,0.0,0.0
40,10,4,0.8,input_at,4,13,1.2807977199554443,1,0.48461732268333435,0.30670976638793945,5.896330833435059,0.1409408301115036,0.5582771897315979,0.0,0.0
40,10,4,0.8,input_at,4,14,1.5647563934326172,1,0.4214455783367157,0.4264424443244934,4.34765625,0.17493465542793274,0.6941282153129578,0.0,0.0
40,10,4,0.8,input_at,4,15,0.002705266233533621,0,2.372424432905973e-06,0.20135925710201263,7.564747333526611,23.98770523071289,23.98770523071289,1.0,1.0
40,10,4,0.8,input_at,4,16,1.6533299684524536,1,0.4697698652744293,0.4446064233779907,4.109477519989014,0.17255298793315887,0.7112405300140381,0.0,0.0
40,10,4,0.8,input_at,4,17,0.0019519986817613244,0,1.1912544550796156e-06,0.22001799941062927,7.355898857116699,24.005409240722656,24.005409240722656,1.0,1.0
40,10,4,0.8,input_at,4,18,0.5159817337989807,1,0.045469675213098526,0.2532728910446167,6.881011962890625,0.5732262134552002,2.583223581314087,0.0,0.0
40,10,4,0.8,input_at,4,19,0.0023458730429410934,0,1.7197039596794639e-06,0.21960154175758362,7.372055530548096,23.843379974365234,23.843379974365234,1.0,1.0
40,10,4,0.8,input_at,4,20,0.0029262385796755552,0,3.476181746009388e-06,0.20910024642944336,7.47122049331665,24.1705322265625,24.1705322265625,1.0,1.0
40,10,4,0.8,input_at,4,21,0.001858324627391994,0,7.326859190470714e-07,0.2109280675649643,7.484838962554932,24.236696243286133,24.236696243286133,1.0,1.0
40,10,4,0.8,input_at,4,22,0.0009368730243295431,0,2.0719784288303345e-07,0.2136317491531372,7.413918495178223,24.437042236328125,24.437042236328125,1.0,1.0
40,10,4,0.8,input_at,4,23,0.0019935204181820154,0,1.0621974979585502e-06,0.2043551802635193,7.426136016845703,24.071727752685547,24.071727752685547,1.0,1.0
40,10,4,0.8,input_at,4,24,0.00201204651966691,0,2.2202866603038274e-06,0.21179009974002838,7.504813194274902,23.22547149658203,23.22547149658203,1.0,1.0
40,10,4,0.8,input_at,4,25,0.002188973594456911,0,2.535049588914262e-06,0.2227429449558258,7.328940391540527,24.40854263305664,24.40854263305664,1.0,1.0
40,10,4,0.8,input_at,4,26,0.0017852609744295478,0,3.0771002457186114e-06,0.21131183207035065,7.4020233154296875,24.078588485717773,24.078588485717773,1.0,1.0
40,10,4,0.8,input_at,4,27,0.0011164889438077807,0,3.3393243370483106e-07,0.2277851551771164,7.229732513427734,24.414527893066406,24.414527893066406,1.0,1.0
40,10,4,0.8,input_at,4,28,0.001087237149477005,0,4.5773788315273123e-07,0.2019740492105484,7.539353847503662,23.948760986328125,23.948760986328125,1.0,1.0
40,10,4,0.8,input_at,4,29,0.0007626564474776387,0,1.839578942508524e-07,0.22569385170936584,7.287928104400635,24.795536041259766,24.795536041259766,1.0,1.0
40,10,4,0.8,input_at,4,30,0.0014891204191371799,0,5.390229489421472e-07,0.21362951397895813,7.495117664337158,24.075777053833008,24.075777053833008,1.0,1.0
40,10,4,0.8,input_at,4,31,0.001273558707907796,0,4.75880312933441e-07,0.21680320799350739,7.379920959472656,24.7342586517334,24.7342586517334,1.0,1.0
40,10,4,0.8,input_at,4,32,0.001214995514601469,0,5.011850134906126e-07,0.22105294466018677,7.319087505340576,24.031715393066406,24.031715393066406,1.0,1.0
40,10,4,0.8,input_at,4,33,0.0012309683952480555,0,3.683679494770331e-07,0.21233247220516205,7.425847053527832,23.75602912902832,23.75602912902832,1.0,1.0
40,10,4,0.8,input_at,4,34,0.0011334795271977782,0,3.058531206079351e-07,0.20901572704315186,7.498489856719971,24.404891967773438,24.404891967773438,1.0,1.0
40,10,4,0.8,input_at,4,35,0.001460765372030437,0,5.102032787362987e-07,0.21379922330379486,7.378183841705322,24.070627212524414,24.070627212524414,1.0,1.0
40,10,4,0.8,input_at,4,36,0.000639131641946733,0,1.4980378182372078e-07,0.2024776041507721,7.500875949859619,23.794300079345703,23.794300079345703,1.0,1.0
40,10,4,0.8,input_at,4,37,0.001259771641343832,0,6.017346549924696e-07,0.20969663560390472,7.417862415313721,23.855703353881836,23.855703353881836,1.0,1.0
40,10,4,0.8,input_at,4,38,0.0008916431106626987,0,2.3873093368820264e-07,0.20800267159938812,7.356575965881348,24.105182647705078,24.105182647705078,1.0,1.0
40,10,4,0.8,input_at,4,39,0.0005311791319400072,0,1.140083369932654e-07,0.21394118666648865,7.423645973205566,23.848630905151367,23.848630905151367,1.0,1.0
40,10,4,0.8,lat,0,0,1.9880589246749878,1,0.5220762491226196,0.34049493074417114,5.780937671661377,0.21725143492221832,0.8485023975372314,0.0,0.0
40,10,4,0.8,lat,0,1,1.9722341299057007,1,0.4994557499885559,0.33760955929756165,5.8709282875061035,0.21800528466701508,0.8794450163841248,0.0,0.0
40,10,4,0.8,lat,0,2,1.766575813293457,1,0.9565501809120178,0.23431402444839478,7.773651599884033,0.17487677931785583,0.7012940645217896,0.0,0.0
40,10,4,0.8,lat,0,3,2.5470123291015625,1,0.952700138092041,0.41532233357429504,4.625607490539551,0.24520637094974518,0.9947161078453064,0.0,0.0
40,10,4,0.8,lat,0,4,1.9721202850341797,1,0.4993811249732971,0.33446675539016724,5.931617736816406,0.21870999038219452,0.8850300908088684,0.0,0.0
40,10,4,0.8,lat,0,5,1.8513470888137817,1,0.4938375651836395,0.31329452991485596,6.269340515136719,0.2016070932149887,0.8216118216514587,0.0,0.0
40,10,4,0.8,lat,0,6,1.8384709358215332,1,0.49878889322280884,0.3018081486225128,6.469244956970215,0.20805831253528595,0.8581547737121582,0.0,0.0
40,10,4,0.8,lat,0,7,2.1671342849731445,1,0.49775317311286926,0.3767593801021576,5.214599609375,0.2384716272354126,0.9847599864006042,0.0,0.0
40,10,4,0.8,lat,0,8,1.8470979928970337,1,0.49187347292900085,0.30906322598457336,6.342045307159424,0.20484425127506256,0.8190826177597046,0.0,0.0
40,10,4,0.8,lat,0,9,1.873327612876892,1,0.493387907743454,0.3039737939834595,6.453453063964844,0.20642776787281036,0.8408644795417786,0.0,0.0
40,10,4,0.8,lat,0,10,2.159550428390503,1,0.494375079870224,0.37453579902648926,5.254004001617432,0.2307378649711609,0.9406075477600098,0.0,0.0
40,10,4,0.8,lat,0,11,1.8317453861236572,1,0.49508005380630493,0.2966623604297638,6.529765605926514,0.20118743181228638,0.8049588203430176,0.0,0.0
40,10,4,0.8,lat,0,12,1.8685003519058228,1,0.49103525280952454,0.3066841661930084,6.403372764587402,0.20846858620643616,0.8180477619171143,0.0,0.0
40,10,4,0.8,lat,0,13,1.5857924222946167,1,0.45960181951522827,0.25000137090682983,7.489825248718262,0.17946520447731018,0.7030310034751892,0.0,0.0
40,10,4,0.8,lat,0,14,1.8950963020324707,1,0.47454211115837097,0.3226519823074341,6.107365608215332,0.23398210108280182,0.9394931197166443,0.0,0.0
40,10,4,0.8,lat,0,15,0.5409637093544006,1,0.1751406192779541,0.15216997265815735,8.967373847961426,0.26547810435295105,1.1552345752716064,0.0,0.0
40,10,4,0.8,lat,0,16,0.9369252324104309,1,0.5121845006942749,0.15188178420066833,9.148026466369629,0.16415958106517792,0.6630810499191284,0.0,0.0
40,10,4,0.8,lat,0,17,1.5717188119888306,1,0.4513249695301056,0.24080458283424377,7.608237266540527,0.17173884809017181,0.6864498853683472,0.0,0.0
40,10,4,0.8,lat,0,18,0.3791498839855194,1,0.08457556366920471,0.15231378376483917,8.766755104064941,0.380524605512619,1.7373480796813965,0.0,0.0
40,10,4,0.8,lat,0,19,0.4302457571029663,1,0.104158416390419,0.14995519816875458,8.917903900146484,0.3375793993473053,1.5090817213058472,0.0,0.0
40,10,4,0.8,lat,0,20,0.09769465029239655,0,0.0057083191350102425,0.15306246280670166,8.7320556640625,1.4713267087936401,7.6541056632995605,0.0,0.0
40,10,4,0.8,lat,0,21,0.05045386403799057,0,0.0014909323072060943,0.15628613531589508,8.64039134979248,2.8647620677948,16.124492645263672,0.0,0.0
40,10,4,0.8,lat,0,22,0.0355026051402092,0,0.0006796958623453975,0.15433155000209808,8.689529418945312,4.121286869049072,22.668291091918945,0.0,0.0
40,10,4,0.8,lat,0,23,0.0211054477840662,0,0.0002845519338734448,0.15625442564487457,8.685386657714844,6.751786231994629,34.83877182006836,0.0,1.0
40,10,4,0.8,lat,0,24,0.014569229446351528,0,0.00011677911970764399,0.15025897324085236,8.668669700622559,9.966874122619629,34.919822692871094,0.0,1.0
40,10,4,0.8,lat,0,25,0.010315361432731152,0,4.651737617678009e-05,0.15209349989891052,8.634275436401367,14.463889122009277,34.3570671081543,0.0,1.0
40,10,4,0.8,lat,0,26,0.005568297579884529,0,1.0891275451285765e-05,0.14465618133544922,8.695216178894043,28.602741241455078,34.16204833984375,0.0,1.0
40,10,4,0.8,lat,0,27,0.005599353928118944,0,7.739999091427308e-06,0.15873201191425323,8.611027717590332,31.22681999206543,34.995609283447266,0.0,1.0
40,10,4,0.8,lat,0,28,0.005863126367330551,0,1.346935641777236e-05,0.15101812779903412,8.645235061645508,26.34225845336914,34.552127838134766,0.0,1.0
40,10,4,0.8,lat,0,29,0.005286897998303175,0,1.5003622138465289e-05,0.14995434880256653,8.733306884765625,27.376047134399414,34.62106704711914,0.0,1.0
40,10,4,0.8,lat,0,30,0.003836333053186536,0,4.8588499339530244e-06,0.15670666098594666,8.572980880737305,34.227298736572266,34.227298736572266,1.0,1.0
40,10,4,0.8,lat,0,31,0.0028905963990837336,0,1.7125288422903395e-06,0.15016740560531616,8.652063369750977,34.20963668823242,34.20963668823242,1.0,1.0
40,10,4,0.8,lat,0,32,0.003237059572711587,0,3.189516746715526e-06,0.15015621483325958,8.66082763671875,34.63837432861328,34.63837432861328,1.0,1.0
40,10,4,0.8,lat,0,33,0.003415581537410617,0,2.8719355213979725e-06,0.1524754911661148,8.659875869750977,35.47834014892578,35.47834014892578,1.0,1.0
40,10,4,0.8,lat,0,34,0.0037059953901916742,0,4.629542672773823e-06,0.15667758882045746,8.568831443786621,33.88811111450195,33.88811111450195,1.0,1.0
40,10,4,0.8,lat,0,35,0.003945463802665472,0,3.4334218526055338e-06,0.15833058953285217,8.626392364501953,35.3058967590332,35.3058967590332,1.0,1.0
40,10,4,0.8,lat,0,36,0.0027328659780323505,0,2.12646727959509e-06,0.14890944957733154,8.732743263244629,33.26565170288086,33.26565170288086,1.0,1.0
40,10,4,0.8,lat,0,37,0.002673051320016384,0,1.6586077435931657e-06,0.15394483506679535,8.738839149475098,34.9660530090332,34.9660530090332,1.0,1.0
40,10,4,0.8,lat,0,38,0.004214122425764799,0,8.346451068064198e-06,0.15365347266197205,8.560141563415527,34.51042938232422,34.51042938232422,1.0,1.0
40,10,4,0.8,lat,0,39,0.0023720969911664724,0,1.3258509170555044e-06,0.15395097434520721,8.605619430541992,34.72032165527344,34.72032165527344,1.0,1.0
40,10,4,0.8,lat,1,0,2.134439706802368,1,0.8617838025093079,0.29222172498703003,6.771977424621582,0.20223857462406158,0.823324978351593,0.0,0.0
40,10,4,0.8,lat,1,1,2.1397900581359863,1,0.49714580178260803,0.34299924969673157,5.755401611328125,0.23409909009933472,0.9308643341064453,0.0,0.0
40,10,4,0.8,lat,1,2,2.0289061069488525,1,0.49892669916152954,0.31181302666664124,6.294127941131592,0.23564599454402924,0.9283276796340942,0.0,0.0
40,10,4,0.8,lat,1,3,2.028110980987549,1,0.49853619933128357,0.3210524320602417,6.142800807952881,0.21906109154224396,0.8992936611175537,0.0,0.0
40,10,4,0.8,lat,1,4,2.224236249923706,1,0.49944424629211426,0.35764798521995544,5.543894290924072,0.249111145734787,1.0069880485534668,0.0,0.0
40,10,4,0.8,lat,1,5,2.1380250453948975,1,0.49627453088760376,0.3315250873565674,5.964097499847412,0.23510950803756714,0.9532340168952942,0.0,0.0
40,10,4,0.8,lat,1,6,2.0181632041931152,1,0.49917367100715637,0.31198862195014954,6.310409069061279,0.22290807962417603,0.9190583229064941,0.0,0.0
40,10,4,0.8,lat,1,7,2.2204341888427734,1,0.4978161156177521,0.3600393235683441,5.477252006530762,0.24731497466564178,0.9823707938194275,0.0,0.0
40,10,4,0.8,lat,1,8,2.0138449668884277,1,0.4971470534801483,0.30166691541671753,6.476966381072998,0.2269364893436432,0.902758002281189,0.0,0.0
40,10,4,0.8,lat,1,9,2.1656579971313477,1,0.49276694655418396,0.35830241441726685,5.5173492431640625,0.23529984056949615,0.9368597269058228,0.0,0.0
40,10,4,0.8,lat,1,10,1.9762284755706787,1,0.48769813776016235,0.29817354679107666,6.585081577301025,0.21318405866622925,0.8406015038490295,0.0,0.0
40,10,4,0.8,lat,1,11,2.159184217453003,1,0.4901696741580963,0.3526412546634674,5.628378391265869,0.23460006713867188,0.9455758929252625,0.0,0.0
40,10,4,0.8,lat,1,12,1.7317785024642944,1,0.4784488379955292,0.241739884018898,7.541460990905762,0.1844906210899353,0.7450594902038574,0.0,0.0
40,10,4,0.8,lat,1,13,1.6367536783218384,1,0.4693461060523987,0.23145101964473724,7.735726833343506,0.1694875955581665,0.6817461848258972,0.0,0.0
40,10,4,0.8,lat,1,14,1.7283568382263184,1,0.47661292552948,0.24028372764587402,7.575860500335693,0.1865515112876892,0.7607936263084412,0.0,0.0
40,10,4,0.8,lat,1,15,0.9794227480888367,1,0.35027453303337097,0.14745140075683594,9.094442367553711,0.1902688592672348,0.7616797685623169,0.0,0.0
40,10,4,0.8,lat,1,16,1.9516195058822632,1,0.47631844878196716,0.2977147400379181,6.558291912078857,0.2146551012992859,0.8686124086380005,0.0,0.0
40,10,4,0.8,lat,1,17,0.8984428644180298,1,0.2790593206882477,0.14876702427864075,9.034422874450684,0.207882359623909,0.8729387521743774,0.0,0.0
40,10,4,0.8,lat,1,18,0.1928667426109314,0,0.013162752613425255,0.15294678509235382,8.604875564575195,0.9200470447540283,4.452213764190674,0.0,0.0
40,10,4,0.8,lat,1,19,0.1405888944864273,0,0.006973639130592346,0.14861997961997986,8.69543170928955,1.261254906654358,6.346309185028076,0.0,0.0
40,10,4,0.8,lat,1,20,1.6053715944290161,1,0.45269763469696045,0.2197106033563614,7.932561874389648,0.1752348393201828,0.7027643918991089,0.0,0.0
40,10,4,0.8,lat,1,21,0.041044142097234726,0,0.0006994431023485959,0.1504756361246109,8.650256156921387,4.085902214050293,22.475780487060547,0.0,0.0
40,10,4,0.8,lat,1,22,0.4827452301979065,1,0.08214785903692245,0.15258660912513733,8.80410385131836,0.41666436195373535,1.8319002389907837,0.0,0.0
40,10,4,0.8,lat,1,23,0.022744208574295044,0,0.00018318490765523165,0.15021272003650665,8.645384788513184,7.7720537185668945,36.471561431884766,0.0,1.0
40,10,4,0.8,lat,1,24,0.015122654847800732,0,6.50062647764571e-05,0.15104107558727264,8.619989395141602,12.435794830322266,36.84521484375,0.0,1.0
40,10,4,0.8,lat,1,25,0.004113584291189909,0,3.720907216120395e-06,0.15207050740718842,8.741198539733887,36.796226501464844,36.796226501464844,1.0,1.0
40,10,4,0.8,lat,1,26,0.004468850791454315,0,4.827180418942589e-06,0.1487646847963333,8.744125366210938,36.326255798339844,36.326255798339844,1.0,1.0
40,10,4,0.8,lat,1,27,0.003020751988515258,0,1.3546011814469239e-06,0.15502792596817017,8.663808822631836,36.28050994873047,36.28050994873047,1.0,1.0
40,10,4,0.8,lat,1,28,0.004894983489066362,0,4.627992893802002e-06,0.1512526422739029,8.629813194274902,37.9067268371582,37.9067268371582,1.0,1.0
40,10,4,0.8,lat,1,29,0.0021441453136503696,0,7.4817432960117e-07,0.14814762771129608,8.818490028381348,37.837684631347656,37.837684631347656,1.0,1.0
40,10,4,0.8,lat,1,30,0.003424591850489378,0,1.4276223510023556e-06,0.15377086400985718,8.643481254577637,36.604164123535156,36.604164123535156,1.0,1.0
40,10,4,0.8,lat,1,31,0.003449213458225131,0,1.5473508483410114e-06,0.15170890092849731,8.761205673217773,38.41762924194336,38.41762924194336,1.0,1.0
40,10,4,0.8,lat,1,32,0.0027713505551218987,0,9.210708640239318e-07,0.15297193825244904,8.729164123535156,36.95282745361328,36.95282745361328,1.0,1.0
40,10,4,0.8,lat,1,33,0.004774897359311581,0,3.789968559431145e-06,0.150648832321167,8.6771879196167,36.924102783203125,36.924102783203125,1.0,1.0
40,10,4,0.8,lat,1,34,0.0030778979416936636,0,1.4293432286649477e-06,0.1537594497203827,8.70348072052002,37.59657287597656,37.59657287597656,1.0,1.0
40,10,4,0.8,lat,1,35,0.004081839229911566,0,2.437498324070475e-06,0.15014363825321198,8.732417106628418,37.90775680541992,37.90775680541992,1.0,1.0
40,10,4,0.8,lat,1,36,0.0021036642137914896,0,6.458198527070635e-07,0.14751921594142914,8.645575523376465,35.908084869384766,35.908084869384766,1.0,1.0
40,10,4,0.8,lat,1,37,0.003273910377174616,0,1.7523349242765107e-06,0.15175117552280426,8.737818717956543,37.22576904296875,37.22576904296875,1.0,1.0
40,10,4,0.8,lat,1,38,0.0015954466070979834,0,3.132376491521427e-07,0.15612336993217468,8.628846168518066,37.6746826171875,37.6746826171875,1.0,1.0
40,10,4,0.8,lat,1,39,0.0031703636050224304,0,1.4908880530128954e-06,0.14840134978294373,8.698674201965332,36.650943756103516,36.650943756103516,1.0,1.0
40,10,4,0.8,lat,2,0,1.9894345998764038,1,0.5039235949516296,0.3627891540527344,5.410345554351807,0.22089268267154694,0.8841984272003174,0.0,0.0
40,10,4,0.8,lat,2,1,1.6809543371200562,1,0.9829620718955994,0.24624274671077728,7.460330963134766,0.16766215860843658,0.683091402053833,0.0,0.0
40,10,4,0.8,lat,2,2,1.970442295074463,1,0.9854733943939209,0.3064238131046295,6.422525405883789,0.19581694900989532,0.7861196994781494,0.0,0.0
40,10,4,0.8,lat,2,3,1.7937244176864624,1,0.9903347492218018,0.25967076420783997,7.190649509429932,0.17857085168361664,0.7177948951721191,0.0,0.0
40,10,4,0.8,lat,2,4,1.8943030834197998,1,0.5004915595054626,0.33065488934516907,5.922996997833252,0.21209387481212616,0.865082323551178,0.0,0.0
40,10,4,0.8,lat,2,5,1.9187840223312378,1,0.5023429989814758,0.34031933546066284,5.754271030426025,0.21409277617931366,0.8897205591201782,0.0,0.0
40,10,4,0.8,lat,2,6,1.9970041513442993,1,0.49889397621154785,0.37225425243377686,5.230530261993408,0.21559764444828033,0.8585982322692871,0.0,0.0
40,10,4,0.8,lat,2,7,1.9969676733016968,1,0.49889272451400757,0.3705993890762329,5.259576797485352,0.22174900770187378,0.8900467157363892,0.0,0.0
40,10,4,0.8,lat,2,8,1.8439799547195435,1,0.5025463104248047,0.3293297290802002,5.9275360107421875,0.2060355246067047,0.8218116164207458,0.0,0.0
40,10,4,0.8,lat,2,9,1.8867149353027344,1,0.4964645504951477,0.3174554109573364,6.138265609741211,0.21339184045791626,0.8704233765602112,0.0,0.0
40,10,4,0.8,lat,2,10,1.9702825546264648,1,0.49427253007888794,0.36302170157432556,5.383901119232178,0.2264651656150818,0.9089475274085999,0.0,0.0
40,10,4,0.8,lat,2,11,1.906731367111206,1,0.496044784784317,0.33411455154418945,5.812539577484131,0.22066916525363922,0.886905312538147,0.0,0.0
40,10,4,0.8,lat,2,12,1.9971013069152832,1,0.4995589852333069,0.36949294805526733,5.272427082061768,0.2170313447713852,0.8621302843093872,0.0,0.0
40,10,4,0.8,lat,2,13,1.8321387767791748,1,0.496121346950531,0.3217656910419464,6.046547889709473,0.20804300904273987,0.8364909291267395,0.0,0.0
40,10,4,0.8,lat,2,14,1.9921211004257202,1,0.4971485137939453,0.37046846747398376,5.27526330947876,0.22406990826129913,0.8977689743041992,0.0,0.0
40,10,4,0.8,lat,2,15,0.5112611651420593,1,0.16274285316467285,0.15392377972602844,8.553343772888184,0.3107282221317291,1.3827348947525024,0.0,0.0
40,10,4,0.8,lat,2,16,0.18352054059505463,0,0.021029572933912277,0.15169471502304077,8.526248931884766,0.865044116973877,4.13233757019043,0.0,0.0
40,10,4,0.8,lat,2,17,0.5283666849136353,1,0.17362447082996368,0.15038329362869263,8.741726875305176,0.3006933927536011,1.3390158414840698,0.0,0.0
40,10,4,0.8,lat,2,18,0.9452304244041443,1,0.5556371212005615,0.14471332728862762,8.960896492004395,0.17783808708190918,0.7056979537010193,0.0,0.0
40,10,4,0.8,lat,2,19,0.2840081453323364,0,0.05018443986773491,0.15540732443332672,8.573553085327148,0.5594934821128845,2.5694477558135986,0.0,0.0
40,10,4,0.8,lat,2,20,0.19007045030593872,0,0.02243083529174328,0.1501147598028183,8.48011302947998,0.8361533880233765,4.027335166931152,0.0,0.0
40,10,4,0.8,lat,2,21,0.1183074340224266,0,0.008719943463802338,0.16037949919700623,8.368935585021973,1.3424063920974731,6.922018527984619,0.0,0.0
40,10,4,0.8,lat,2,22,0.02628723718225956,0,0.0004199934774078429,0.14701826870441437,8.504528045654297,6.056571006774902,31.762468338012695,0.0,0.0
40,10,4,0.8,lat,2,23,0.012654386460781097,0,9.17735233088024e-05,0.15465784072875977,8.38272476196289,12.695731163024902,33.74513244628906,0.0,1.0
40,10,4,0.8,lat,2,24,0.005533243529498577,0,1.1145799362566322e-05,0.1552627831697464,8.415934562683105,31.22144889831543,34.414066314697266,0.0,1.0
40,10,4,0.8,lat,2,25,0.004648053087294102,0,7.95602591097122e-06,0.1619599312543869,8.378035545349121,33.933650970458984,33.933650970458984,1.0,1.0
40,10,4,0.8,lat,2,26,0.005045099183917046,0,1.0820148418133613e-05,0.1550251692533493,8.438172340393066,33.34938430786133,34.23162078857422,0.0,1.0
40,10,4,0.8,lat,2,27,0.003251713700592518,0,3.586448428904987e-06,0.150420680642128,8.426519393920898,33.020751953125,33.020751953125,1.0,1.0
40,10,4,0.8,lat,2,28,0.004292828496545553,0,6.554945230163867e-06,0.15351718664169312,8.45150089263916,34.02976608276367,34.02976608276367,1.0,1.0
40,10,4,0.8,lat,2,29,0.0021017969120293856,0,6.19570130311331e-07,0.1529780626296997,8.556061744689941,33.35801315307617,33.35801315307617,1.0,1.0
40,10,4,0.8,lat,2,30,0.0021320534870028496,0,6.742664027115097e-07,0.1580561250448227,8.432021141052246,33.4443473815918,33.4443473815918,1.0,1.0
40,10,4,0.8,lat,2,31,0.0026039639487862587,0,1.5371944073194754e-06,0.1547025740146637,8.371602058410645,34.01179885864258,34.01179885864258,1.0,1.0
40,10,4,0.8,lat,2,32,0.0020238521974533796,0,1.0042532494480838e-06,0.15966585278511047,8.402034759521484,33.7161865234375,33.7161865234375,1.0,1.0
40,10,4,0.8,lat,2,33,0.0024947626516222954,0,1.0567760000412818e-06,0.149990975856781,8.423809051513672,34.290977478027344,34.290977478027344,1.0,1.0
40,10,4,0.8,lat,2,34,0.0040908739902079105,0,6.320294687611749e-06,0.15905411541461945,8.503984451293945,33.53360366821289,33.53360366821289,1.0,1.0
40,10,4,0.8,lat,2,35,0.002267635427415371,0,7.650426141481148e-07,0.1581113487482071,8.505331993103027,33.9381103515625,33.9381103515625,1.0,1.0
40,10,4,0.8,lat,2,36,0.003244490595534444,0,1.906736088130856e-06,0.15350057184696198,8.459332466125488,33.145469665527344,33.145469665527344,1.0,1.0
40,10,4,0.8,lat,2,37,0.0021760249510407448,0,7.084992148520541e-07,0.15500874817371368,8.482083320617676,33.31825637817383,33.31825637817383,1.0,1.0
40,10,4,0.8,lat,2,38,0.0024856766685843468,0,1.1461452231742442e-06,0.15642094612121582,8.384581565856934,33.314083099365234,33.314083099365234,1.0,1.0
40,10,4,0.8,lat,2,39,0.0022148715797811747,0,1.0032447335106554e-06,0.154072567820549,8.403582572937012,34.70486831665039,34.70486831665039,1.0,1.0
40,10,4,0.8,lat,3,0,2.038935422897339,1,0.4998874366283417,0.3529301881790161,5.5767903327941895,0.22835300862789154,0.9100601673126221,0.0,0.0
40,10,4,0.8,lat,3,1,2.0382392406463623,1,0.49952858686447144,0.3523253798484802,5.565108299255371,0.22342997789382935,0.9104245901107788,0.0,0.0
40,10,4,0.8,lat,3,2,1.8093109130859375,1,0.887660801410675,0.26331767439842224,7.249256610870361,0.17537826299667358,0.7107539176940918,0.0,0.0
40,10,4,0.8,lat,3,3,2.2201788425445557,1,0.9701274037361145,0.34840309619903564,5.659517288208008,0.21657584607601166,0.8890340924263,0.0,0.0
40,10,4,0.8,lat,3,4,1.7797926664352417,1,0.9891700148582458,0.2500521242618561,7.465142726898193,0.17720375955104828,0.7273390889167786,0.0,0.0
40,10,4,0.8,lat,3,5,1.8740137815475464,1,0.4977937936782837,0.3032926321029663,6.406066417694092,0.20661228895187378,0.8341194987297058,0.0,0.0
40,10,4,0.8,lat,3,6,1.8720704317092896,1,0.4968770742416382,0.307441771030426,6.326016426086426,0.20642173290252686,0.8436532616615295,0.0,0.0
40,10,4,0.8,lat,3,7,2.0065090656280518,1,0.4999811053276062,0.33853572607040405,5.757429599761963,0.22434590756893158,0.9163244366645813,0.0,0.0
40,10,4,0.8,lat,3,8,2.0040664672851562,1,0.49882879853248596,0.3461858630180359,5.665350437164307,0.22124481201171875,0.888776421546936,0.0,0.0
40,10,4,0.8,lat,3,9,2.128628969192505,1,0.49585509300231934,0.381320059299469,5.114161968231201,0.229483500123024,0.920247495174408,0.0,0.0
40,10,4,0.8,lat,3,10,1.9304519891738892,1,0.4969090521335602,0.33658069372177124,5.849964141845703,0.21468481421470642,0.8844282627105713,0.0,0.0
40,10,4,0.8,lat,3,11,1.9299088716506958,1,0.49677732586860657,0.33578717708587646,5.849170207977295,0.21220709383487701,0.8410823345184326,0.0,0.0
40,10,4,0.8,lat,3,12,1.8984318971633911,1,0.49415263533592224,0.32381218671798706,6.047921180725098,0.20658479630947113,0.8353071212768555,0.0,0.0
40,10,4,0.8,lat,3,13,2.1153836250305176,1,0.4897639751434326,0.3785903751850128,5.17392110824585,0.2331351786851883,0.9339339137077332,0.0,0.0
40,10,4,0.8,lat,3,14,1.276507019996643,1,0.7234032154083252,0.16187971830368042,8.9222993850708,0.14920303225517273,0.5840176343917847,0.0,0.0
40,10,4,0.8,lat,3,15,1.8930062055587769,1,0.49121108651161194,0.329584002494812,5.9732346534729,0.2093057483434677,0.8517109751701355,0.0,0.0
40,10,4,0.8,lat,3,16,0.45129236578941345,1,0.09453573077917099,0.14920097589492798,8.683663368225098,0.39149370789527893,1.7942147254943848,0.0,0.0
40,10,4,0.8,lat,3,17,0.3190983235836029,1,0.046879611909389496,0.1567360758781433,8.658952713012695,0.5543786287307739,2.5871505737304688,0.0,0.0
40,10,4,0.8,lat,3,18,0.01594182848930359,0,0.00011061270197387785,0.15486276149749756,8.514118194580078,36.01432418823242,36.01432418823242,1.0,1.0
40,10,4,0.8,lat,3,19,0.055893898010253906,0,0.0014929251046851277,0.15909451246261597,8.494353294372559,34.532676696777344,34.532676696777344,1.0,1.0
40,10,4,0.8,lat,3,20,0.1557549685239792,0,0.011342279613018036,0.15623648464679718,8.568472862243652,1.1318596601486206,5.705033302307129,0.0,0.0
40,10,4,0.8,lat,3,21,0.05277049541473389,0,0.001239557284861803,0.1497592031955719,8.598495483398438,3.372371196746826,18.114227294921875,0.0,0.0
40,10,4,0.8,lat,3,22,0.01591561920940876,0,0.0001208445755764842,0.16433988511562347,8.418429374694824,11.06116771697998,34.27912902832031,0.0,1.0
40,10,4,0.8,lat,3,23,0.0070239342749118805,0,1.8342587281949818e-05,0.15551385283470154,8.566546440124512,26.29787826538086,32.787269592285156,0.0,1.0
40,10,4,0.8,lat,3,24,0.006448804866522551,0,1.4961763554310892e-05,0.15245488286018372,8.555198669433594,29.094924926757812,33.21427917480469,0.0,1.0
40,10,4,0.8,lat,3,25,0.006314292550086975,0,1.4850352272333112e-05,0.15763086080551147,8.602753639221191,29.04259490966797,34.114566802978516,0.0,1.0
40,10,4,0.8,lat,3,26,0.0065330988727509975,0,1.6443120330222882e-05,0.15926235914230347,8.583816528320312,28.52892303466797,33.9913330078125,0.0,1.0
40,10,4,0.8,lat,3,27,0.004418516531586647,0,4.697596523328684e-06,0.1673068404197693,8.419490814208984,33.818782806396484,33.818782806396484,1.0,1.0
40,10,4,0.8,lat,3,28,0.00219626072794199,0,6.215493613126455e-07,0.15635864436626434,8.567853927612305,34.89198684692383,34.89198684692383,1.0,1.0
40,10,4,0.8,lat,3,29,0.0025675396900624037,0,1.387235329275427e-06,0.15865422785282135,8.598236083984375,33.24828338623047,33.24828338623047,1.0,1.0
40,10,4,0.8,lat,3,30,0.0030689004343003035,0,2.948501560240402e-06,0.1669752299785614,8.436971664428711,34.25193405151367,34.25193405151367,1.0,1.0
40,10,4,0.8,lat,3,31,0.0017580415587872267,0,4.3548917005864496e-07,0.16210898756980896,8.482697486877441,34.19266128540039,34.19266128540039,1.0,1.0
40,10,4,0.8,lat,3,32,0.0025836077984422445,0,1.3204561355451006e-06,0.15518055856227875,8.50796127319336,34.807762145996094,34.807762145996094,1.0,1.0
40,10,4,0.8,lat,3,33,0.002742544747889042,0,1.1985509900114266e-06,0.15829460322856903,8.571325302124023,33.799835205078125,33.799835205078125,1.0,1.0
40,10,4,0.8,lat,3,34,0.0034611416049301624,0,2.2195281417225488e-06,0.1607999950647354,8.560287475585938,34.609989166259766,34.609989166259766,1.0,1.0
40,10,4,0.8,lat,3,35,0.0021339417435228825,0,7.265093699970748e-07,0.15925942361354828,8.483823776245117,34.26033401489258,34.26033401489258,1.0,1.0
40,10,4,0.8,lat,3,36,0.0019743405282497406,0,6.052028425074241e-07,0.16543103754520416,8.409676551818848,34.36211395263672,34.36211395263672,1.0,1.0
40,10,4,0.8,lat,3,37,0.0017675773706287146,0,5.615607392428501e-07,0.16390609741210938,8.479935646057129,33.938411712646484,33.938411712646484,1.0,1.0
40,10,4,0.8,lat,3,38,0.002108039567247033,0,6.179866431921255e-07,0.1551961898803711,8.515604972839355,33.418487548828125,33.418487548828125,1.0,1.0
40,10,4,0.8,lat,3,39,0.0014380168868228793,0,7.655810350115644e-07,0.1568930298089981,8.643414497375488,35.22833251953125,35.22833251953125,1.0,1.0
40,10,4,0.8,lat,4,0,2.2079918384552,1,0.9835986495018005,0.2964952886104584,6.753635883331299,0.21930913627147675,0.8902171850204468,0.0,0.0
40,10,4,0.8,lat,4,1,2.07151460647583,1,0.5001322627067566,0.3297329843044281,6.079680919647217,0.2303679883480072,0.9189858436584473,0.0,0.0
40,10,4,0.8,lat,4,2,1.9824587106704712,1,0.5011507868766785,0.2989850342273712,6.674252510070801,0.22065356373786926,0.8812081813812256,0.0,0.0
40,10,4,0.8,lat,4,3,2.128209352493286,1,0.49913740158081055,0.3349718153476715,6.004131317138672,0.24015210568904877,0.9534868001937866,0.0,0.0
40,10,4,0.8,lat,4,4,2.019205093383789,1,0.49938201904296875,0.29926130175590515,6.642913818359375,0.23082345724105835,0.9211270809173584,0.0,0.0
40,10,4,0.8,lat,4,5,2.018390417098999,1,0.4990012049674988,0.30716410279273987,6.503198623657227,0.22003746032714844,0.8581935167312622,0.0,0.0
40,10,4,0.8,lat,4,6,2.125152587890625,1,0.49770215153694153,0.329563707113266,6.107983589172363,0.23632952570915222,0.954637885093689,0.0,0.0
40,10,4,0.8,lat,4,7,2.0667078495025635,1,0.49780985713005066,0.3245568871498108,6.183794975280762,0.2293591946363449,0.9246046543121338,0.0,0.0
40,10,4,0.8,lat,4,8,2.08481764793396,1,0.500775158405304,0.3205658495426178,6.259145736694336,0.23361171782016754,0.9198859930038452,0.0,0.0
40,10,4,0.8,lat,4,9,1.974394679069519,1,0.49713146686553955,0.2949085831642151,6.736481666564941,0.21683470904827118,0.9045819640159607,0.0,0.0
40,10,4,0.8,lat,4,10,1.8866468667984009,1,0.5022836923599243,0.26423200964927673,7.296870231628418,0.20583996176719666,0.8392801284790039,0.0,0.0
40,10,4,0.8,lat,4,11,2.0757133960723877,1,0.4964306056499481,0.3288766145706177,6.118603229522705,0.22460778057575226,0.8960664868354797,0.0,0.0
40,10,4,0.8,lat,4,12,1.307217001914978,1,0.9642215371131897,0.1323496252298355,9.52607536315918,0.13434143364429474,0.5226268768310547,0.0,0.0
40,10,4,0.8,lat,4,13,1.959175944328308,1,0.5027634501457214,0.29567810893058777,6.730781078338623,0.21273529529571533,0.8304455280303955,0.0,0.0
40,10,4,0.8,lat,4,14,2.0840413570404053,1,0.4999266266822815,0.3127747178077698,6.399714469909668,0.22753426432609558,0.9342049360275269,0.0,0.0
40,10,4,0.8,lat,4,15,1.8752394914627075,1,0.4962307810783386,0.2775239944458008,7.0860209465026855,0.21075302362442017,0.8545819520950317,0.0,0.0
40,10,4,0.8,lat,4,16,2.076521635055542,1,0.4963470995426178,0.3157283663749695,6.360476016998291,0.23261135816574097,0.9149467349052429,0.0,0.0
40,10,4,0.8,lat,4,17,0.1172797679901123,0,0.007794900797307491,0.13734938204288483,9.06622314453125,1.4212329387664795,7.257082939147949,0.0,0.0
40,10,4,0.8,lat,4,18,1.9332692623138428,1,0.48955681920051575,0.28185322880744934,6.972801685333252,0.21259714663028717,0.8423846960067749,0.0,0.0
40,10,4,0.8,lat,4,19,0.11985716223716736,0,0.00809411983937025,0.13365723192691803,9.098930358886719,1.3915032148361206,7.075040340423584,0.0,0.0
40,10,4,0.8,lat,4,20,0.08620457351207733,0,0.004207081627100706,0.13737019896507263,9.09441089630127,1.9335030317306519,10.022624969482422,0.0,0.0
40,10,4,0.8,lat,4,21,0.04523313045501709,0,0.0011577504919841886,0.1332397609949112,9.04605484008789,3.6825003623962402,20.321582794189453,0.0,0.0
40,10,4,0.8,lat,4,22,0.02849682979285717,0,0.000453098036814481,0.13711537420749664,9.071416854858398,5.862170696258545,32.664161682128906,0.0,0.0
40,10,4,0.8,lat,4,23,0.006142823025584221,0,1.1506295777508058e-05,0.1405927985906601,9.041622161865234,30.001615524291992,38.63539505004883,0.0,1.0
40,10,4,0.8,lat,4,24,0.004194730892777443,0,3.4741160561679862e-06,0.13193067908287048,9.14218521118164,37.393009185791016,37.393009185791016,1.0,1.0
40,10,4,0.8,lat,4,25,0.008146744221448898,0,2.033931559708435e-05,0.13454869389533997,9.094709396362305,23.019092559814453,38.90642166137695,0.0,1.0
40,10,4,0.8,lat,4,26,0.006123586557805538,0,1.1122527212137356e-05,0.13588455319404602,9.101197242736816,30.746517181396484,38.29590606689453,0.0,1.0
40,10,4,0.8,lat,4,27,0.002426686231046915,0,1.020072204482858e-06,0.13658767938613892,9.128473281860352,37.786033630371094,37.786033630371094,1.0,1.0
40,10,4,0.8,lat,4,28,0.0017002749955281615,0,3.6332892250356963e-07,0.13583563268184662,9.060737609863281,38.41986083984375,38.41986083984375,1.0,1.0
40,10,4,0.8,lat,4,29,0.0016169134760275483,0,3.66656252026587e-07,0.14148738980293274,9.062200546264648,38.937721252441406,38.937721252441406,1.0,1.0
40,10,4,0.8,lat,4,30,0.0021268900018185377,0,5.137416110301274e-07,0.13515381515026093,9.080604553222656,39.028541564941406,39.028541564941406,1.0,1.0
40,10,4,0.8,lat,4,31,0.0015864999732002616,0,3.339159491133614e-07,0.1307290941476822,9.18018913269043,38.98717498779297,38.98717498779297,1.0,1.0
40,10,4,0.8,lat,4,32,0.0012312011094763875,0,1.9372205883882998e-07,0.1317286342382431,9.076833724975586,37.8890266418457,37.8890266418457,1.0,1.0
40,10,4,0.8,lat,4,33,0.002736781956627965,0,9.704017429612577e-07,0.13656005263328552,9.107914924621582,38.470191955566406,38.470191955566406,1.0,1.0
40,10,4,0.8,lat,4,34,0.002218110952526331,0,5.880803541913338e-07,0.13676954805850983,9.09209156036377,38.55078887939453,38.55078887939453,1.0,1.0
40,10,4,0.8,lat,4,35,0.0026354899164289236,0,1.0417808198326384e-06,0.13272012770175934,9.048722267150879,37.802101135253906,37.802101135253906,1.0,1.0
40,10,4,0.8,lat,4,36,0.002385936211794615,0,8.800767545835697e-07,0.13937610387802124,9.017982482910156,37.889522552490234,37.889522552490234,1.0,1.0
40,10,4,0.8,lat,4,37,0.0023049747105687857,0,6.828289542681887e-07,0.13227427005767822,9.083696365356445,37.25588607788086,37.25588607788086,1.0,1.0
40,10,4,0.8,lat,4,38,0.003855479881167412,0,1.8551704670244362e-06,0.13474604487419128,9.063973426818848,37.96225357055664,37.96225357055664,1.0,1.0
40,10,4,0.8,lat,4,39,0.0023698732256889343,0,7.226788625303016e-07,0.13834582269191742,9.021665573120117,38.01539993286133,38.01539993286133,1.0,1.0
40,10,4,0.9,baseline,0,0,1.2051184177398682,1,0.4794079065322876,0.3181289732456207,6.0314836502075195,0.12101150304079056,0.4841211438179016,0.0,0.0
40,10,4,0.9,baseline,0,1,1.1658464670181274,1,0.49425753951072693,0.28103524446487427,6.643585205078125,0.1188604012131691,0.48587754368782043,0.0,0.0
40,10,4,0.9,baseline,0,2,1.3336344957351685,1,0.48009610176086426,0.3538966476917267,5.397010326385498,0.12900133430957794,0.5224816799163818,0.0,0.0
40,10,4,0.9,baseline,0,3,1.5031596422195435,1,0.4567369520664215,0.43824851512908936,4.230248928070068,0.1360996961593628,0.5633913278579712,0.0,0.0
40,10,4,0.9,baseline,0,4,1.1607115268707275,1,0.49017423391342163,0.2872706949710846,6.636170864105225,0.12091191112995148,0.4896693825721741,0.0,0.0
40,10,4,0.9,baseline,0,5,1.3177729845046997,1,0.46896061301231384,0.3623562157154083,5.29628849029541,0.1288682222366333,0.5180244445800781,0.0,0.0
40,10,4,0.9,baseline,0,6,1.3006588220596313,1,0.48604336380958557,0.360954612493515,5.3062334060668945,0.1355215311050415,0.5615784525871277,0.0,0.0
40,10,4,0.9,baseline,0,7,1.7786716222763062,1,0.48958322405815125,0.516079306602478,3.350379228591919,0.16751977801322937,0.6725419163703918,0.0,0.0
40,10,4,0.9,baseline,0,8,1.3050655126571655,1,0.45983001589775085,0.34721946716308594,5.522774696350098,0.12959612905979156,0.5208184719085693,0.0,0.0
40,10,4,0.9,baseline,0,9,1.3194268941879272,1,0.4701305031776428,0.36240363121032715,5.283668041229248,0.13561877608299255,0.5498337149620056,0.0,0.0
40,10,4,0.9,baseline,0,10,1.4469060897827148,1,0.3570233881473541,0.4387303590774536,4.259121417999268,0.10832848399877548,0.43790802359580994,0.0,0.0
40,10,4,0.9,baseline,0,11,1.2919285297393799,1,0.4797879755496979,0.3494579493999481,5.474388122558594,0.131790891289711,0.5355698466300964,0.0,0.0
40,10,4,0.9,baseline,0,12,1.3548320531845093,1,0.33145439624786377,0.3989543318748474,4.816348552703857,0.09900956600904465,0.3955601751804352,0.0,0.0
40,10,4,0.9,baseline,0,13,1.8721911907196045,1,0.45071351528167725,0.5469706654548645,3.0567917823791504,0.18430288136005402,0.7352992296218872,0.0,0.0
40,10,4,0.9,baseline,0,14,1.1621925830841064,1,0.44562679529190063,0.2995469570159912,6.348803997039795,0.1250811666250229,0.5043295621871948,0.0,0.0
40,10,4,0.9,baseline,0,15,1.4609296321868896,1,0.4310956299304962,0.43354105949401855,4.274961471557617,0.1367461085319519,0.5457622408866882,0.0,0.0
40,10,4,0.9,baseline,0,16,1.348056674003601,1,0.3360462188720703,0.4098481833934784,4.679401397705078,0.09916829317808151,0.3916642665863037,0.0,0.0
40,10,4,0.9,baseline,0,17,1.898768663406372,1,0.46273481845855713,0.5461639761924744,3.0623230934143066,0.19219788908958435,0.7654944658279419,0.0,0.0
40,10,4,0.9,baseline,0,18,1.441026210784912,1,0.3458733856678009,0.44442111253738403,4.175717353820801,0.10795944929122925,0.4294789731502533,0.0,0.0
40,10,4,0.9,baseline,0,19,1.7220287322998047,1,0.4591893255710602,0.4970928728580475,3.552037239074707,0.17083047330379486,0.6834250092506409,0.0,0.0
40,10,4,0.9,baseline,0,20,0.44872069358825684,1,0.02989267371594906,0.2220769226551056,7.65813684463501,0.38953179121017456,1.9207903146743774,0.0,0.0
40,10,4,0.9,baseline,0,21,0.01091521605849266,0,3.989042670582421e-05,0.21270743012428284,7.819504737854004,6.34581995010376,20.06941795349121,0.0,1.0
40,10,4,0.9,baseline,0,22,0.03407730162143707,0,0.0002659072633832693,0.20720016956329346,7.85280704498291,2.372441053390503,14.379406929016113,0.0,0.0
40,10,4,0.9,baseline,0,23,0.044143106788396835,0,0.00040611467557027936,0.21136796474456787,7.88040018081665,2.27760910987854,14.19943618774414,0.0,0.0
40,10,4,0.9,baseline,0,24,0.18567483127117157,0,0.004413181450217962,0.21524931490421295,7.801896572113037,1.810444951057434,10.856596946716309,0.0,0.0
40,10,4,0.9,baseline,0,25,0.005724785383790731,0,5.144403985468671e-06,0.20197390019893646,7.978087425231934,18.642017364501953,19.3415470123291,0.0,1.0
40,10,4,0.9,baseline,0,26,0.006096226163208485,0,1.2990491086384282e-05,0.20962406694889069,8.01435375213623,10.303606033325195,18.712337493896484,0.0,1.0
40,10,4,0.9,baseline,0,27,0.008414081297814846,0,2.294655132573098e-05,0.1944858580827713,8.093648910522461,9.47622013092041,18.856481552124023,0.0,1.0
40,10,4,0.9,baseline,0,28,0.008495325222611427,0,1.743549364618957e-05,0.2170649766921997,7.788751602172852,10.343207359313965,19.43337631225586,0.0,1.0
40,10,4,0.9,baseline,0,29,0.00987992249429226,0,3.5480919905239716e-05,0.19283097982406616,8.034611701965332,7.577434539794922,19.247886657714844,0.0,1.0
40,10,4,0.9,baseline,0,30,0.03070632368326187,0,0.00012750551104545593,0.2042180746793747,8.05039119720459,6.791749954223633,18.950490951538086,0.0,1.0
40,10,4,0.9,baseline,0,31,0.008275342173874378,0,1.2645490642171353e-05,0.20655354857444763,7.940853595733643,18.96441650390625,18.96441650390625,1.0,1.0
40,10,4,0.9,baseline,0,32,0.010599995963275433,0,3.4780892747221515e-05,0.20730972290039062,7.835780143737793,7.10033655166626,19.603382110595703,0.0,1.0
40,10,4,0.9,baseline,0,33,0.04318664222955704,0,0.00024233887961599976,0.18895795941352844,8.147470474243164,4.593766212463379,20.592744827270508,0.0,1.0
40,10,4,0.9,baseline,0,34,0.008355350233614445,0,1.6546011465834454e-05,0.1993872970342636,8.024893760681152,10.6705961227417,18.51598358154297,0.0,1.0
40,10,4,0.9,baseline,0,35,0.012397113256156445,0,2.7668906113831326e-05,0.20159833133220673,8.060876846313477,9.746655464172363,18.366615295410156,0.0,1.0
40,10,4,0.9,baseline,0,36,0.007501065731048584,0,1.7023899999912828e-05,0.20193180441856384,7.982804298400879,10.992953300476074,17.919902801513672,0.0,1.0
40,10,4,0.9,baseline,0,37,0.011427607387304306,0,2.98028808174422e-05,0.19930095970630646,8.11148452758789,8.159567832946777,18.528799057006836,0.0,1.0
40,10,4,0.9,baseline,0,38,0.008371703326702118,0,1.525890729681123e-05,0.1952211856842041,8.048433303833008,11.670808792114258,18.847820281982422,0.0,1.0
40,10,4,0.9,baseline,0,39,0.008581480011343956,0,1.3942170880909543e-05,0.21617645025253296,7.624448299407959,19.45618438720703,19.45618438720703,1.0,1.0
40,10,4,0.9,baseline,1,0,1.1503015756607056,1,0.45468252897262573,0.2804255187511444,6.785347938537598,0.11174657195806503,0.44457191228866577,0.0,0.0
40,10,4,0.9,baseline,1,1,1.2446280717849731,1,0.47360408306121826,0.30821412801742554,6.255833148956299,0.12555396556854248,0.5054298639297485,0.0,0.0
40,10,4,0.9,baseline,1,2,1.3130298852920532,1,0.49576857686042786,0.32399317622184753,5.823662757873535,0.13805578649044037,0.5505576133728027,0.0,0.0
40,10,4,0.9,baseline,1,3,1.316245675086975,1,0.49824899435043335,0.34455156326293945,5.578289985656738,0.1364191770553589,0.5539916753768921,0.0,0.0
40,10,4,0.9,baseline,1,4,1.2391451597213745,1,0.470208078622818,0.30920666456222534,6.32686710357666,0.1263306587934494,0.5126972198486328,0.0,0.0
40,10,4,0.9,baseline,1,5,1.4647592306137085,1,0.4628039002418518,0.3981492519378662,4.793667793273926,0.13473078608512878,0.5483737587928772,0.0,0.0
40,10,4,0.9,baseline,1,6,1.5890498161315918,1,0.49005696177482605,0.438405305147171,4.221301555633545,0.15967939794063568,0.6490325927734375,0.0,0.0
40,10,4,0.9,baseline,1,7,1.426174521446228,1,0.48388656973838806,0.3833966553211212,5.022044658660889,0.14423882961273193,0.5733888745307922,0.0,0.0
40,10,4,0.9,baseline,1,8,1.5115582942962646,1,0.4752659499645233,0.41489943861961365,4.571074485778809,0.14870396256446838,0.5950137376785278,0.0,0.0
40,10,4,0.9,baseline,1,9,1.7041758298873901,1,0.38511404395103455,0.5083684921264648,3.4514615535736084,0.13830095529556274,0.5463510751724243,0.0,0.0
40,10,4,0.9,baseline,1,10,1.5007575750350952,1,0.46910586953163147,0.4058486223220825,4.66757869720459,0.1452353596687317,0.5818998217582703,0.0,0.0
40,10,4,0.9,baseline,1,11,1.2372021675109863,1,0.34304502606391907,0.3407612442970276,5.791504383087158,0.12697413563728333,0.4979885518550873,0.0,0.0
40,10,4,0.9,baseline,1,12,1.2803219556808472,1,0.29674726724624634,0.3848295211791992,5.016140937805176,0.10603378713130951,0.42084071040153503,0.0,0.0
40,10,4,0.9,baseline,1,13,1.5644896030426025,1,0.47517481446266174,0.4517225921154022,4.064868927001953,0.1595969796180725,0.6303349137306213,0.0,0.0
40,10,4,0.9,baseline,1,14,1.4070850610733032,1,0.4712981879711151,0.3698421120643616,5.272805213928223,0.1483287811279297,0.5943560004234314,0.0,0.0
40,10,4,0.9,baseline,1,15,1.4204610586166382,1,0.43636730313301086,0.3944724500179291,4.823022365570068,0.135013610124588,0.5430068969726562,0.0,0.0
40,10,4,0.9,baseline,1,16,1.5954639911651611,1,0.38023078441619873,0.4812643826007843,3.7264304161071777,0.14075177907943726,0.5441789031028748,0.0,0.0
40,10,4,0.9,baseline,1,17,1.3428527116775513,1,0.28424474596977234,0.3958609104156494,4.885448932647705,0.13707174360752106,0.5348546504974365,0.0,0.0
40,10,4,0.9,baseline,1,18,1.4791533946990967,1,0.35376062989234924,0.42500415444374084,4.408851146697998,0.15988610684871674,0.6406822204589844,0.0,0.0
40,10,4,0.9,baseline,1,19,1.1078890562057495,1,0.19674985110759735,0.34174391627311707,5.80587100982666,0.10715917497873306,0.4198538064956665,0.0,0.0
40,10,4,0.9,baseline,1,20,1.4715241193771362,1,0.2995744049549103,0.44080421328544617,4.2305216789245605,0.19255678355693817,0.7369859218597412,0.0,0.0
40,10,4,0.9,baseline,1,21,0.09149730950593948,0,0.0020391051657497883,0.18673941493034363,8.32139778137207,0.8371418118476868,4.832704544067383,0.0,0.0
40,10,4,0.9,baseline,1,22,1.2341523170471191,1,0.23086215555667877,0.3597479462623596,5.475013732910156,0.14524215459823608,0.5742294192314148,0.0,0.0
40,10,4,0.9,baseline,1,23,0.009063808247447014,0,1.2884571333415806e-05,0.2048196643590927,8.021539688110352,14.325650215148926,18.252178192138672,0.0,1.0
40,10,4,0.9,baseline,1,24,0.007671571336686611,0,1.4476503565674648e-05,0.20191946625709534,8.076142311096191,13.10953140258789,19.582679748535156,0.0,1.0
40,10,4,0.9,baseline,1,25,0.009466203860938549,0,3.37317687808536e-05,0.20381556451320648,8.161700248718262,7.935704708099365,19.5039005279541,0.0,1.0
40,10,4,0.9,baseline,1,26,0.018835434690117836,0,4.417791569721885e-05,0.2103814333677292,8.003239631652832,13.924275398254395,19.230640411376953,0.0,1.0
40,10,4,0.9,baseline,1,27,0.010080210864543915,0,2.1068819478387013e-05,0.20507930219173431,8.01805305480957,9.746785163879395,20.580955505371094,0.0,1.0
40,10,4,0.9,baseline,1,28,0.009387636557221413,0,1.3603593288280535e-05,0.1961645632982254,8.265892028808594,11.146527290344238,19.621065139770508,0.0,1.0
40,10,4,0.9,baseline,1,29,0.008197910152375698,0,1.2697114470938686e-05,0.210015669465065,7.966391563415527,10.913766860961914,20.214954376220703,0.0,1.0
40,10,4,0.9,baseline,1,30,0.007769462652504444,0,1.1833805729111191e-05,0.19109377264976501,8.337396621704102,10.708659172058105,18.75872802734375,0.0,1.0
40,10,4,0.9,baseline,1,31,0.012720314785838127,0,2.5039562387974e-05,0.23444657027721405,7.634625434875488,8.009247779846191,19.670425415039062,0.0,1.0
40,10,4,0.9,baseline,1,32,0.011778210289776325,0,2.946025961136911e-05,0.19600316882133484,8.249642372131348,7.186150550842285,18.9754638671875,0.0,1.0
40,10,4,0.9,baseline,1,33,0.010273664258420467,0,1.70652328961296e-05,0.21588021516799927,7.803078651428223,9.791402816772461,19.46124267578125,0.0,1.0
40,10,4,0.9,baseline,1,34,0.009568393230438232,0,1.5102276847756002e-05,0.21480481326580048,7.939903259277344,16.79779815673828,19.63203239440918,0.0,1.0
40,10,4,0.9,baseline,1,35,0.015538359060883522,0,3.216608092770912e-05,0.2057492733001709,8.133868217468262,10.59467601776123,19.38770294189453,0.0,1.0
40,10,4,0.9,baseline,1,36,0.014291048049926758,0,2.7996229619020596e-05,0.17662130296230316,8.42906379699707,9.369837760925293,19.201452255249023,0.0,1.0
40,10,4,0.9,baseline,1,37,0.014347854070365429,0,2.9709210139117204e-05,0.20205986499786377,8.042651176452637,19.927230834960938,19.927230834960938,1.0,1.0
40,10,4,0.9,baseline,1,38,0.01245865598320961,0,2.74292742687976e-05,0.20970827341079712,8.065154075622559,8.768352508544922,19.524250030517578,0.0,1.0
40,10,4,0.9,baseline,1,39,0.02434149757027626,0,7.997004286153242e-05,0.2117598056793213,7.955291748046875,9.566474914550781,19.19287109375,0.0,1.0
40,10,4,0.9,baseline,2,0,1.3396432399749756,1,0.4644356071949005,0.3696286082267761,5.284696578979492,0.12878304719924927,0.5107448697090149,0.0,0.0
40,10,4,0.9,baseline,2,1,1.080209493637085,1,0.47146451473236084,0.28587573766708374,6.8245110511779785,0.10106305032968521,0.4071463644504547,0.0,0.0
40,10,4,0.9,baseline,2,2,1.2996406555175781,1,0.4989255666732788,0.3655787408351898,5.364007472991943,0.13079261779785156,0.5297163128852844,0.0,0.0
40,10,4,0.9,baseline,2,3,1.5142574310302734,1,0.4991300404071808,0.4327183663845062,4.348376274108887,0.1540922224521637,0.6144199371337891,0.0,0.0
40,10,4,0.9,baseline,2,4,1.5114256143569946,1,0.48063692450523376,0.4373195469379425,4.290303707122803,0.14881038665771484,0.5930511355400085,0.0,0.0
40,10,4,0.9,baseline,2,5,1.5096369981765747,1,0.47964006662368774,0.43909940123558044,4.2520976066589355,0.14814403653144836,0.5873612761497498,0.0,0.0
40,10,4,0.9,baseline,2,6,1.5017728805541992,1,0.4472653269767761,0.43864965438842773,4.2802534103393555,0.134170800447464,0.5275775194168091,0.0,0.0
40,10,4,0.9,baseline,2,7,1.4948208332061768,1,0.44289854168891907,0.433841347694397,4.3181376457214355,0.13763491809368134,0.5499405264854431,0.0,0.0
40,10,4,0.9,baseline,2,8,1.4833167791366577,1,0.4856257736682892,0.4187520444393158,4.554993629455566,0.15097348392009735,0.6078038811683655,0.0,0.0
40,10,4,0.9,baseline,2,9,1.2805190086364746,1,0.4840865433216095,0.3292863070964813,5.934272289276123,0.1355343759059906,0.5525560975074768,0.0,0.0
40,10,4,0.9,baseline,2,10,1.307144284248352,1,0.4420011341571808,0.37527257204055786,5.226522445678711,0.1338927000761032,0.5517512559890747,0.0,0.0
40,10,4,0.9,baseline,2,11,1.4957237243652344,1,0.4402400255203247,0.44598692655563354,4.178831577301025,0.13827720284461975,0.5533087849617004,0.0,0.0
40,10,4,0.9,baseline,2,12,1.6461750268936157,1,0.4086152911186218,0.5065739750862122,3.4793834686279297,0.1357574760913849,0.534041702747345,0.0,0.0
40,10,4,0.9,baseline,2,13,1.4632296562194824,1,0.4728129506111145,0.4064905643463135,4.713598728179932,0.14822186529636383,0.6047983765602112,0.0,0.0
40,10,4,0.9,baseline,2,14,1.5031851530075073,1,0.4407825767993927,0.4507928788661957,4.112146854400635,0.14289097487926483,0.5639588236808777,0.0,0.0
40,10,4,0.9,baseline,2,15,1.4720653295516968,1,0.4714387357234955,0.40596678853034973,4.742692947387695,0.15651094913482666,0.6190274357795715,0.0,0.0
40,10,4,0.9,baseline,2,16,1.3317281007766724,1,0.3294597566127777,0.4013860821723938,4.811835289001465,0.10674233734607697,0.4191490411758423,0.0,0.0
40,10,4,0.9,baseline,2,17,1.4050813913345337,1,0.35231852531433105,0.41828909516334534,4.569387912750244,0.11471990495920181,0.4494048058986664,0.0,0.0
40,10,4,0.9,baseline,2,18,1.645218849182129,1,0.40630072355270386,0.512044370174408,3.419564962387085,0.1368599385023117,0.5507879853248596,0.0,0.0
40,10,4,0.9,baseline,2,19,0.28727206587791443,0,0.018416568636894226,0.17635893821716309,8.50679874420166,0.38729128241539,2.0487775802612305,0.0,0.0
40,10,4,0.9,baseline,2,20,0.999023973941803,1,0.4010471999645233,0.24269643425941467,7.446171283721924,0.1133599579334259,0.4647795557975769,0.0,0.0
40,10,4,0.9,baseline,2,21,0.2604796588420868,0,0.017848927527666092,0.1828194558620453,8.256203651428223,0.3960895240306854,2.1182217597961426,0.0,0.0
40,10,4,0.9,baseline,2,22,0.06028914451599121,0,0.0010917020263150334,0.17016297578811646,8.632579803466797,18.943893432617188,18.943893432617188,1.0,1.0
40,10,4,0.9,baseline,2,23,0.006753128487616777,0,8.770748536335304e-06,0.1813727766275406,8.411812782287598,18.87994956970215,18.87994956970215,1.0,1.0
40,10,4,0.9,baseline,2,24,0.011509126052260399,0,2.6120984330191277e-05,0.19521932303905487,8.154304504394531,11.598957061767578,19.292783737182617,0.0,1.0
40,10,4,0.9,baseline,2,25,0.008647766895592213,0,2.207390934927389e-05,0.19833160936832428,8.239256858825684,10.216225624084473,19.05487823486328,0.0,1.0
40,10,4,0.9,baseline,2,26,0.006836080923676491,0,1.1642493518593255e-05,0.18779122829437256,8.442805290222168,18.783700942993164,19.092784881591797,0.0,1.0
40,10,4,0.9,baseline,2,27,0.019196398556232452,0,0.00010785367339849472,0.18828298151493073,8.374358177185059,3.9838128089904785,19.311904907226562,0.0,1.0
40,10,4,0.9,baseline,2,28,0.008281954564154148,0,1.7527694581076503e-05,0.18506371974945068,8.448137283325195,11.295938491821289,19.524452209472656,0.0,1.0
40,10,4,0.9,baseline,2,29,0.007810561917722225,0,1.9811999663943425e-05,0.1936461478471756,8.35917854309082,12.609518051147461,20.015430450439453,0.0,1.0
40,10,4,0.9,baseline,2,30,0.006211441941559315,0,1.2220119060657453e-05,0.19060489535331726,8.36997127532959,17.00307273864746,19.389312744140625,0.0,1.0
40,10,4,0.9,baseline,2,31,0.00591919245198369,0,6.775608198950067e-06,0.1774357259273529,8.373004913330078,18.536279678344727,18.536279678344727,1.0,1.0
40,10,4,0.9,baseline,2,32,0.006754104979336262,0,1.2828287253796589e-05,0.19451522827148438,8.327587127685547,14.411422729492188,19.480892181396484,0.0,1.0
40,10,4,0.9,baseline,2,33,0.007930121384561062,0,1.3199074601288885e-05,0.1780959963798523,8.585733413696289,18.754810333251953,18.754810333251953,1.0,1.0
40,10,4,0.9,baseline,2,34,0.005625490564852953,0,6.796523848606739e-06,0.18099525570869446,8.281484603881836,18.145938873291016,18.145938873291016,1.0,1.0
40,10,4,0.9,baseline,2,35,0.005954890977591276,0,7.985371667018626e-06,0.18348897993564606,8.402816772460938,19.127504348754883,19.127504348754883,1.0,1.0
40,10,4,0.9,baseline,2,36,0.005381504539400339,0,8.504128345521167e-06,0.21012790501117706,8.006291389465332,15.932707786560059,18.815515518188477,0.0,1.0
40,10,4,0.9,baseline,2,37,0.007106767501682043,0,1.0485711754881777e-05,0.20472939312458038,8.068607330322266,13.091689109802246,19.485065460205078,0.0,1.0
40,10,4,0.9,baseline,2,38,0.007264566607773304,0,1.2500931916292757e-05,0.16811805963516235,8.667036056518555,17.651630401611328,18.47295570373535,0.0,1.0
40,10,4,0.9,baseline,2,39,0.005449311342090368,0,6.43721568849287e-06,0.177101269364357,8.385868072509766,19.410396575927734,19.410396575927734,1.0,1.0
40,10,4,0.9,baseline,3,0,1.213451862335205,1,0.4851587414741516,0.31828126311302185,6.215925216674805,0.12450328469276428,0.5041640400886536,0.0,0.0
40,10,4,0.9,baseline,3,1,1.2095372676849365,1,0.48223862051963806,0.30998122692108154,6.300957202911377,0.12395048886537552,0.499906986951828,0.0,0.0
40,10,4,0.9,baseline,3,2,1.291306734085083,1,0.48880138993263245,0.3356149196624756,5.909577369689941,0.12966929376125336,0.5147033929824829,0.0,0.0
40,10,4,0.9,baseline,3,3,1.5180269479751587,1,0.49646759033203125,0.42781582474708557,4.420195579528809,0.15085771679878235,0.6145351529121399,0.0,0.0
40,10,4,0.9,baseline,3,4,1.4180718660354614,1,0.4841998517513275,0.41161221265792847,4.6840338706970215,0.14297567307949066,0.5874329209327698,0.0,0.0
40,10,4,0.9,baseline,3,5,1.3429397344589233,1,0.4851304292678833,0.3629021942615509,5.4243292808532715,0.13676457107067108,0.550258457660675,0.0,0.0
40,10,4,0.9,baseline,3,6,1.3392735719680786,1,0.4822630286216736,0.3719479441642761,5.28157377243042,0.13715532422065735,0.5550817847251892,0.0,0.0
40,10,4,0.9,baseline,3,7,1.381954550743103,1,0.4931214153766632,0.3992639183998108,4.835511207580566,0.14046749472618103,0.5731754302978516,0.0,0.0
40,10,4,0.9,baseline,3,8,1.3838247060775757,1,0.39820510149002075,0.40878719091415405,4.711813449859619,0.11890923976898193,0.47185856103897095,0.0,0.0
40,10,4,0.9,baseline,3,9,1.6179052591323853,1,0.4085516333580017,0.48358070850372314,3.7444136142730713,0.15453536808490753,0.5971283912658691,0.0,0.0
40,10,4,0.9,baseline,3,10,1.3740017414093018,1,0.4871903359889984,0.3915441632270813,4.965260982513428,0.14384140074253082,0.5771639347076416,0.0,0.0
40,10,4,0.9,baseline,3,11,1.3917876482009888,1,0.46675407886505127,0.38270947337150574,5.08715295791626,0.14387823641300201,0.571304976940155,0.0,0.0
40,10,4,0.9,baseline,3,12,1.5293368101119995,1,0.4389704465866089,0.438636839389801,4.276539325714111,0.153534933924675,0.5938631892204285,0.0,0.0
40,10,4,0.9,baseline,3,13,1.4427704811096191,1,0.3404143452644348,0.44301363825798035,4.249820232391357,0.13282623887062073,0.5131468772888184,0.0,0.0
40,10,4,0.9,baseline,3,14,1.2586086988449097,1,0.3191582262516022,0.3881324529647827,5.036779403686523,0.1128559559583664,0.44611895084381104,0.0,0.0
40,10,4,0.9,baseline,3,15,1.564893364906311,1,0.4301450550556183,0.45522332191467285,4.071079730987549,0.16112668812274933,0.6335313320159912,0.0,0.0
40,10,4,0.9,baseline,3,16,1.4611552953720093,1,0.4602678418159485,0.42590445280075073,4.4535417556762695,0.15751099586486816,0.6258800029754639,0.0,0.0
40,10,4,0.9,baseline,3,17,1.5100038051605225,1,0.38046419620513916,0.46910059452056885,3.9094371795654297,0.16452637314796448,0.6621238589286804,0.0,0.0
40,10,4,0.9,baseline,3,18,1.2644622325897217,1,0.3538725972175598,0.3576428294181824,5.5598578453063965,0.11213048547506332,0.4455946385860443,0.0,0.0
40,10,4,0.9,baseline,3,19,1.2233595848083496,1,0.2747553288936615,0.3810698390007019,5.157649993896484,0.11451083421707153,0.4565986096858978,0.0,0.0
40,10,4,0.9,baseline,3,20,1.2116385698318481,1,0.42987632751464844,0.3270554840564728,6.102828502655029,0.1358027160167694,0.5468445420265198,0.0,0.0
40,10,4,0.9,baseline,3,21,0.2639889419078827,0,0.016682302579283714,0.1680641621351242,8.654504776000977,0.36413899064064026,1.8827452659606934,0.0,0.0
40,10,4,0.9,baseline,3,22,0.08433593809604645,0,0.0017091401387006044,0.18248407542705536,8.538373947143555,1.006665587425232,5.5942702293396,0.0,0.0
40,10,4,0.9,baseline,3,23,0.11404997110366821,0,0.0033170627430081367,0.1608910858631134,8.641695976257324,0.7407109141349792,4.030729293823242,0.0,0.0
40,10,4,0.9,baseline,3,24,0.25801485776901245,0,0.01379241794347763,0.1570727527141571,8.868083953857422,0.41343697905540466,2.0463359355926514,0.0,0.0
40,10,4,0.9,baseline,3,25,0.1149018406867981,0,0.0032577509991824627,0.1639738827943802,8.795639038085938,0.745111346244812,4.145985126495361,0.0,0.0
40,10,4,0.9,baseline,3,26,0.0652952790260315,0,0.0010938749182969332,0.1697956621646881,8.73678970336914,1.2176203727722168,7.007744789123535,0.0,0.0
40,10,4,0.9,baseline,3,27,0.0064472900703549385,0,1.0113859389093705e-05,0.17199788987636566,8.623358726501465,18.63875961303711,18.63875961303711,1.0,1.0
40,10,4,0.9,baseline,3,28,0.010980215854942799,0,2.6709680241765454e-05,0.1774795651435852,8.520811080932617,9.947972297668457,19.125940322875977,0.0,1.0
40,10,4,0.9,baseline,3,29,0.008407028391957283,0,2.067725836241152e-05,0.1830950826406479,8.498971939086914,10.518442153930664,19.00026512145996,0.0,1.0
40,10,4,0.9,baseline,3,30,0.008580073714256287,0,2.2943075236980803e-05,0.1942971795797348,8.114141464233398,13.552727699279785,19.132036209106445,0.0,1.0
40,10,4,0.9,baseline,3,31,0.006073290016502142,0,9.698725989437662e-06,0.1803208887577057,8.434191703796387,18.73764419555664,19.189456939697266,0.0,1.0
40,10,4,0.9,baseline,3,32,0.003984620328992605,0,4.679577614297159e-06,0.1703951060771942,8.539509773254395,19.994937896728516,19.994937896728516,1.0,1.0
40,10,4,0.9,baseline,3,33,0.007705479860305786,0,1.8350599930272438e-05,0.1659388691186905,8.553725242614746,11.26407527923584,18.24809455871582,0.0,1.0
40,10,4,0.9,baseline,3,34,0.008589989505708218,0,1.851537308539264e-05,0.1859067976474762,8.327055931091309,9.157635688781738,19.782712936401367,0.0,1.0
40,10,4,0.9,baseline,3,35,0.0076713464222848415,0,2.0931132894475013e-05,0.16556112468242645,8.714875221252441,13.371535301208496,18.502281188964844,0.0,1.0
40,10,4,0.9,baseline,3,36,0.007329985499382019,0,1.0016362466558348e-05,0.1793433427810669,8.616469383239746,18.63929557800293,18.63929557800293,1.0,1.0
40,10,4,0.9,baseline,3,37,0.008096086792647839,0,1.9277549654361792e-05,0.18125754594802856,8.555428504943848,8.848511695861816,18.52385902404785,0.0,1.0
40,10,4,0.9,baseline,3,38,0.008417623117566109,0,1.7275138816330582e-05,0.18036112189292908,8.597271919250488,11.541787147521973,18.72890853881836,0.0,1.0
40,10,4,0.9,baseline,3,39,0.00763488607481122,0,1.5493442333536223e-05,0.18474090099334717,8.450364112854004,13.459527969360352,19.18307113647461,0.0,1.0
40,10,4,0.9,baseline,4,0,1.2630711793899536,1,0.49664410948753357,0.33545592427253723,5.910421848297119,0.13023029267787933,0.5271549224853516,0.0,0.0
40,10,4,0.9,baseline,4,1,1.3452365398406982,1,0.4726918935775757,0.37736770510673523,5.209717750549316,0.132536843419075,0.53309565782547,0.0,0.0
40,10,4,0.9,baseline,4,2,1.3114863634109497,1,0.47669997811317444,0.36173728108406067,5.471944332122803,0.1297314465045929,0.5226923823356628,0.0,0.0
40,10,4,0.9,baseline,4,3,1.3502891063690186,1,0.48307809233665466,0.356838583946228,5.504391193389893,0.13472428917884827,0.5429331064224243,0.0,0.0
40,10,4,0.9,baseline,4,4,1.2516828775405884,1,0.48776841163635254,0.3124605715274811,6.298816204071045,0.12934692203998566,0.521941065788269,0.0,0.0
40,10,4,0.9,baseline,4,5,1.4249279499053955,1,0.5001181960105896,0.38601839542388916,5.060827732086182,0.1456470489501953,0.5815620422363281,0.0,0.0
40,10,4,0.9,baseline,4,6,1.2971857786178589,1,0.4664480984210968,0.35214710235595703,5.584480285644531,0.13265079259872437,0.5502549409866333,0.0,0.0
40,10,4,0.9,baseline,4,7,1.3314380645751953,1,0.4631921947002411,0.36447674036026,5.416198253631592,0.1356363445520401,0.5429838299751282,0.0,0.0
40,10,4,0.9,baseline,4,8,1.4307788610458374,1,0.4877513349056244,0.3951650559902191,4.912058353424072,0.14735396206378937,0.5902056694030762,0.0,0.0
40,10,4,0.9,baseline,4,9,1.5295710563659668,1,0.4285302758216858,0.43909692764282227,4.267232894897461,0.1487393081188202,0.582341730594635,0.0,0.0
40,10,4,0.9,baseline,4,10,1.5327894687652588,1,0.4264834225177765,0.4554465711116791,4.078503131866455,0.1562149077653885,0.6006039977073669,0.0,0.0
40,10,4,0.9,baseline,4,11,1.4258633852005005,1,0.4840777516365051,0.3975805640220642,4.862082004547119,0.14427359402179718,0.5752952694892883,0.0,0.0
40,10,4,0.9,baseline,4,12,1.4022645950317383,1,0.4841400682926178,0.39126700162887573,4.950929641723633,0.149916872382164,0.5970368385314941,0.0,0.0
40,10,4,0.9,baseline,4,13,1.3219281435012817,1,0.46340134739875793,0.35526856780052185,5.518425941467285,0.1374795138835907,0.5502490997314453,0.0,0.0
40,10,4,0.9,baseline,4,14,1.5705455541610718,1,0.4059663712978363,0.43727755546569824,4.289473533630371,0.16203759610652924,0.6401478052139282,0.0,0.0
40,10,4,0.9,baseline,4,15,1.6173492670059204,1,0.38833555579185486,0.4855799078941345,3.7144103050231934,0.17120856046676636,0.6656691431999207,0.0,0.0
40,10,4,0.9,baseline,4,16,1.419071912765503,1,0.34932956099510193,0.4118470251560211,4.6885271072387695,0.13723057508468628,0.5412600636482239,0.0,0.0
40,10,4,0.9,baseline,4,17,1.2951114177703857,1,0.2960067093372345,0.40042951703071594,4.899214267730713,0.10876111686229706,0.4170154929161072,0.0,0.0
40,10,4,0.9,baseline,4,18,1.3697510957717896,1,0.32705003023147583,0.39302748441696167,4.958227157592773,0.13938148319721222,0.532097578048706,0.0,0.0
40,10,4,0.9,baseline,4,19,1.3083226680755615,1,0.28140783309936523,0.3847743272781372,5.111647605895996,0.12127722799777985,0.4662598669528961,0.0,0.0
40,10,4,0.9,baseline,4,20,1.519191026687622,1,0.3401721119880676,0.45923393964767456,4.03815221786499,0.16707748174667358,0.644986093044281,0.0,0.0
40,10,4,0.9,baseline,4,21,0.033463332802057266,0,0.0003022553282789886,0.17824117839336395,8.60597038269043,2.2226500511169434,13.192572593688965,0.0,0.0
40,10,4,0.9,baseline,4,22,0.826042890548706,1,0.27145981788635254,0.20160694420337677,8.234577178955078,0.10259560495615005,0.3978911340236664,0.0,0.0
40,10,4,0.9,baseline,4,23,0.04686002805829048,0,0.000608575704973191,0.1618446409702301,8.772517204284668,1.5594706535339355,9.396429061889648,0.0,0.0
40,10,4,0.9,baseline,4,24,0.09765181690454483,0,0.002555673476308584,0.17158131301403046,8.72639274597168,0.8865262269973755,5.046124458312988,0.0,0.0
40,10,4,0.9,baseline,4,25,0.00735609931871295,0,1.2141194929427002e-05,0.17563609778881073,8.581323623657227,14.299467086791992,19.5212345123291,0.0,1.0
40,10,4,0.9,baseline,4,26,0.0036166084464639425,0,3.815005584328901e-06,0.19630089402198792,8.36697006225586,19.816024780273438,19.816024780273438,1.0,1.0
40,10,4,0.9,baseline,4,27,0.004621526692062616,0,6.134396244306117e-06,0.17652449011802673,8.38184642791748,19.14731216430664,19.14731216430664,1.0,1.0
40,10,4,0.9,baseline,4,28,0.005600044969469309,0,5.38568838237552e-06,0.173634335398674,8.58399486541748,18.610401153564453,18.610401153564453,1.0,1.0
40,10,4,0.9,baseline,4,29,0.01245708204805851,0,5.514477743417956e-05,0.17604470252990723,8.723150253295898,5.455726623535156,19.30976104736328,0.0,1.0
40,10,4,0.9,baseline,4,30,0.005532203242182732,0,8.03987859399058e-06,0.16626694798469543,8.824684143066406,15.846089363098145,19.573314666748047,0.0,1.0
40,10,4,0.9,baseline,4,31,0.004547294229269028,0,5.465632511914009e-06,0.16998450458049774,8.5615234375,19.719449996948242,19.719449996948242,1.0,1.0
40,10,4,0.9,baseline,4,32,0.006572391837835312,0,1.0174622730119154e-05,0.17526371777057648,8.568732261657715,19.05320930480957,19.05320930480957,1.0,1.0
40,10,4,0.9,baseline,4,33,0.005464847199618816,0,6.4792416196723934e-06,0.1705927699804306,8.60912799835205,19.03915023803711,19.03915023803711,1.0,1.0
40,10,4,0.9,baseline,4,34,0.006271709688007832,0,1.0265223863825668e-05,0.17232267558574677,8.623952865600586,18.82746124267578,19.15422248840332,0.0,1.0
40,10,4,0.9,baseline,4,35,0.008818310685455799,0,1.6840793250594288e-05,0.16907423734664917,8.763604164123535,14.414057731628418,19.476993560791016,0.0,1.0
40,10,4,0.9,baseline,4,36,0.007640277501195669,0,1.3623801351059228e-05,0.17158111929893494,8.54520320892334,13.464847564697266,18.791017532348633,0.0,1.0
40,10,4,0.9,baseline,4,37,0.008505824021995068,0,1.6096777471830137e-05,0.19185468554496765,8.4768705368042,15.899809837341309,18.931676864624023,0.0,1.0
40,10,4,0.9,baseline,4,38,0.008009652607142925,0,2.5424737032153644e-05,0.1759997457265854,8.52883243560791,9.261826515197754,20.23354721069336,0.0,1.0
40,10,4,0.9,baseline,4,39,0.008339705877006054,0,1.5633489965694025e-05,0.18372346460819244,8.32974910736084,15.548991203308105,19.130693435668945,0.0,1.0
40,10,4,0.9,input_at,0,0,1.1826527118682861,1,0.49233686923980713,0.3535512387752533,5.475366592407227,0.1232994943857193,0.49257194995880127,0.0,0.0
40,10,4,0.9,input_at,0,1,1.1317874193191528,1,0.49155762791633606,0.3082416355609894,6.168136119842529,0.11826181411743164,0.47865426540374756,0.0,0.0
40,10,4,0.9,input_at,0,2,0.8838650584220886,1,0.398021936416626,0.241628497838974,7.56006383895874,0.07518405467271805,0.3072412610054016,0.0,0.0
40,10,4,0.9,input_at,0,3,1.321373701095581,1,0.3882146179676056,0.4342688024044037,4.324374198913574,0.11596551537513733,0.475850909948349,0.0,0.0
40,10,4,0.9,input_at,0,4,1.1316473484039307,1,0.4914047420024872,0.31633153557777405,6.113797664642334,0.12020362168550491,0.48699653148651123,0.0,0.0
40,10,4,0.9,input_at,0,5,1.242415428161621,1,0.4506867527961731,0.3886547386646271,4.918755054473877,0.12296519428491592,0.4940236210823059,0.0,0.0
40,10,4,0.9,input_at,0,6,1.3081670999526978,1,0.4905695617198944,0.4158433973789215,4.51932430267334,0.13976965844631195,0.5830636024475098,0.0,0.0
40,10,4,0.9,input_at,0,7,1.4806290864944458,1,0.4797693192958832,0.46893540024757385,3.878873109817505,0.1543726772069931,0.6204758882522583,0.0,0.0
40,10,4,0.9,input_at,0,8,1.2411943674087524,1,0.4499306380748749,0.37815427780151367,5.113841533660889,0.12036668509244919,0.4810434877872467,0.0,0.0
40,10,4,0.9,input_at,0,9,1.425600528717041,1,0.48067447543144226,0.4391614496707916,4.200226783752441,0.14417822659015656,0.583705484867096,0.0,0.0
40,10,4,0.9,input_at,0,10,1.4794737100601196,1,0.4790108799934387,0.46905362606048584,3.875415802001953,0.150984987616539,0.5959607362747192,0.0,0.0
40,10,4,0.9,input_at,0,11,1.3078420162200928,1,0.4902994632720947,0.3978593051433563,4.77070426940918,0.1348358392715454,0.54597008228302,0.0,0.0
40,10,4,0.9,input_at,0,12,1.425121545791626,1,0.4803364872932434,0.445297509431839,4.158289909362793,0.15078555047512054,0.5947672128677368,0.0,0.0
40,10,4,0.9,input_at,0,13,1.6310391426086426,1,0.4707196056842804,0.5151886940002441,3.3485655784606934,0.17001093924045563,0.6584346294403076,0.0,0.0
40,10,4,0.9,input_at,0,14,1.1559410095214844,1,0.47015509009361267,0.33501651883125305,5.741120338439941,0.12591250240802765,0.5090749859809875,0.0,0.0
40,10,4,0.9,input_at,0,15,1.3055949211120605,1,0.3787400722503662,0.44083714485168457,4.227712631225586,0.11305052042007446,0.44446852803230286,0.0,0.0
40,10,4,0.9,input_at,0,16,0.42712703347206116,1,0.09237857908010483,0.1735781729221344,8.55394172668457,0.2156972885131836,1.2298510074615479,0.0,0.0
40,10,4,0.9,input_at,0,17,1.62615966796875,1,0.46865394711494446,0.5163408517837524,3.349536418914795,0.16672925651073456,0.665452241897583,0.0,0.0
40,10,4,0.9,input_at,0,18,0.5769362449645996,1,0.05696895346045494,0.26204055547714233,7.114349365234375,0.4049714207649231,2.0037906169891357,0.0,0.0
40,10,4,0.9,input_at,0,19,1.6232960224151611,1,0.4490126669406891,0.522836446762085,3.301388740539551,0.14746639132499695,0.5750592350959778,0.0,0.0
40,10,4,0.9,input_at,0,20,0.04271307960152626,0,0.00032840450876392424,0.19950762391090393,7.9307475090026855,4.843367576599121,17.830951690673828,0.0,1.0
40,10,4,0.9,input_at,0,21,0.05372810363769531,0,0.0005025356658734381,0.2064466029405594,7.905818939208984,3.61714243888855,18.403919219970703,0.0,1.0
40,10,4,0.9,input_at,0,22,0.2145157754421234,0,0.007827711291611195,0.22648486495018005,7.721107006072998,1.0268927812576294,5.646263122558594,0.0,0.0
40,10,4,0.9,input_at,0,23,0.031282778829336166,0,0.00017128305626101792,0.19935348629951477,8.085075378417969,6.719560623168945,16.828622817993164,0.0,1.0
40,10,4,0.9,input_at,0,24,0.12923909723758698,0,0.002827737480401993,0.21456779539585114,7.794455051422119,18.24274444580078,18.24274444580078,1.0,1.0
40,10,4,0.9,input_at,0,25,0.05131872743368149,0,0.0004519366193562746,0.19809037446975708,8.053277015686035,4.725035667419434,17.5751895904541,0.0,1.0
40,10,4,0.9,input_at,0,26,0.04829268530011177,0,0.00040007743518799543,0.20792274177074432,8.003235816955566,4.6382317543029785,17.259225845336914,0.0,1.0
40,10,4,0.9,input_at,0,27,0.04802608862519264,0,0.00039622903568670154,0.19927816092967987,8.023968696594238,4.345072269439697,17.41879653930664,0.0,1.0
40,10,4,0.9,input_at,0,28,0.03383011370897293,0,0.0001963904214790091,0.20600508153438568,7.912390232086182,6.193687438964844,17.650619506835938,0.0,1.0
40,10,4,0.9,input_at,0,29,0.0561508908867836,0,0.0005350967985577881,0.1997511386871338,8.056730270385742,3.7539303302764893,17.459148406982422,0.0,1.0
40,10,4,0.9,input_at,0,30,0.08131404221057892,0,0.0011115565430372953,0.2056024670600891,8.112751007080078,17.19093132019043,17.19093132019043,1.0,1.0
40,10,4,0.9,input_at,0,31,0.02438804879784584,0,0.00010381090396549553,0.18174976110458374,8.282320022583008,10.09272575378418,17.222597122192383,0.0,1.0
40,10,4,0.9,input_at,0,32,0.024866342544555664,0,0.00010909874981734902,0.1895473152399063,8.067596435546875,8.67236042022705,17.384037017822266,0.0,1.0
40,10,4,0.9,input_at,0,33,1.2701184749603271,1,0.27438926696777344,0.3984789252281189,4.849820613861084,0.19177332520484924,0.8305803537368774,0.0,0.0
40,10,4,0.9,input_at,0,34,0.020240504294633865,0,7.233588257804513e-05,0.20022939145565033,7.987800121307373,9.546316146850586,16.94133186340332,0.0,1.0
40,10,4,0.9,input_at,0,35,0.019884983077645302,0,6.799982656957582e-05,0.18846456706523895,8.074435234069824,9.40335464477539,16.74186897277832,0.0,1.0
40,10,4,0.9,input_at,0,36,0.017047228291630745,0,5.0304395699640736e-05,0.19637595117092133,8.030542373657227,10.573533058166504,16.540639877319336,0.0,1.0
40,10,4,0.9,input_at,0,37,0.01634349673986435,0,4.716869443655014e-05,0.2036542445421219,8.10733699798584,11.346250534057617,16.738006591796875,0.0,1.0
40,10,4,0.9,input_at,0,38,0.016227977350354195,0,4.7375699068652466e-05,0.1843508630990982,8.251374244689941,12.64355754852295,17.027423858642578,0.0,1.0
40,10,4,0.9,input_at,0,39,0.014296414330601692,0,3.532947084750049e-05,0.20705333352088928,7.846628665924072,14.446560859680176,17.733314514160156,0.0,1.0
40,10,4,0.9,input_at,1,0,1.1329920291900635,1,0.4743923544883728,0.34330013394355774,5.746037483215332,0.11700285226106644,0.47042161226272583,0.0,0.0
40,10,4,0.9,input_at,1,1,1.1839350461959839,1,0.48204725980758667,0.3586084246635437,5.391938209533691,0.1245657354593277,0.49988821148872375,0.0,0.0
40,10,4,0.9,input_at,1,2,1.3720190525054932,1,0.48112380504608154,0.41458868980407715,4.530826568603516,0.14323611557483673,0.5830056667327881,0.0,0.0
40,10,4,0.9,input_at,1,3,1.2155243158340454,1,0.47802427411079407,0.391845703125,4.913637638092041,0.12427347898483276,0.4998592734336853,0.0,0.0
40,10,4,0.9,input_at,1,4,1.3365873098373413,1,0.48558107018470764,0.406539648771286,4.667819499969482,0.13838498294353485,0.5446106791496277,0.0,0.0
40,10,4,0.9,input_at,1,5,1.1835148334503174,1,0.4816972315311432,0.35760170221328735,5.4333953857421875,0.12103454768657684,0.5040841102600098,0.0,0.0
40,10,4,0.9,input_at,1,6,1.306206464767456,1,0.7904355525970459,0.3875470459461212,4.96876335144043,0.13056614995002747,0.5259243845939636,0.0,0.0
40,10,4,0.9,input_at,1,7,1.335832118988037,1,0.4849262833595276,0.427608460187912,4.405237197875977,0.14236989617347717,0.5705943703651428,0.0,0.0
40,10,4,0.9,input_at,1,8,1.4934457540512085,1,0.47893834114074707,0.48546215891838074,3.679168701171875,0.15290793776512146,0.6246321201324463,0.0,0.0
40,10,4,0.9,input_at,1,9,1.430470585823059,1,0.4713897407054901,0.47142618894577026,3.854245662689209,0.14835530519485474,0.5915085077285767,0.0,0.0
40,10,4,0.9,input_at,1,10,1.2147661447525024,1,0.47759580612182617,0.3783491253852844,5.051162242889404,0.12747600674629211,0.5193455815315247,0.0,0.0
40,10,4,0.9,input_at,1,11,1.4295871257781982,1,0.4706999659538269,0.4680969715118408,3.8992035388946533,0.14696446061134338,0.598523736000061,0.0,0.0
40,10,4,0.9,input_at,1,12,0.515927791595459,1,0.13368536531925201,0.19050335884094238,8.272636413574219,0.3271040618419647,1.7148219347000122,0.0,0.0
40,10,4,0.9,input_at,1,13,1.494446873664856,1,0.4796127676963806,0.5089218020439148,3.4232795238494873,0.15214252471923828,0.5978219509124756,0.0,0.0
40,10,4,0.9,input_at,1,14,1.3657187223434448,1,0.4768017530441284,0.426080584526062,4.415589332580566,0.14569053053855896,0.5841307640075684,0.0,0.0
40,10,4,0.9,input_at,1,15,1.0653773546218872,1,0.4201028645038605,0.3292885720729828,5.978943824768066,0.12872405350208282,0.5123579502105713,0.0,0.0
40,10,4,0.9,input_at,1,16,1.6246713399887085,1,0.4711689054965973,0.5536731481552124,3.0008528232574463,0.17065465450286865,0.6538379788398743,0.0,0.0
40,10,4,0.9,input_at,1,17,0.7731500864028931,1,0.3563758432865143,0.22304733097553253,8.036552429199219,0.0878024622797966,0.34958234429359436,0.0,0.0
40,10,4,0.9,input_at,1,18,0.1838359385728836,0,0.03317847475409508,0.1950135976076126,8.305394172668457,0.33147963881492615,1.7589277029037476,0.0,0.0
40,10,4,0.9,input_at,1,19,0.1694718450307846,0,0.028114324435591698,0.18777351081371307,8.218011856079102,0.36349356174468994,1.9185104370117188,0.0,0.0
40,10,4,0.9,input_at,1,20,1.2594143152236938,1,0.30095839500427246,0.42784062027931213,4.438934803009033,0.16268421709537506,0.6462183594703674,0.0,0.0
40,10,4,0.9,input_at,1,21,0.08129808306694031,0,0.006275101564824581,0.1784294843673706,8.300190925598145,0.7333332300186157,4.266409873962402,0.0,0.0
40,10,4,0.9,input_at,1,22,1.1671926975250244,1,0.26447054743766785,0.38199883699417114,5.128529071807861,0.13442064821720123,0.5405798554420471,0.0,0.0
40,10,4,0.9,input_at,1,23,0.049757588654756546,0,0.00234211259521544,0.19392040371894836,8.262998580932617,1.1907089948654175,7.011746883392334,0.0,0.0
40,10,4,0.9,input_at,1,24,0.04414461925625801,0,0.0018543723272159696,0.19272786378860474,8.386957168579102,1.3451439142227173,7.934013366699219,0.0,0.0
40,10,4,0.9,input_at,1,25,0.03393567353487015,0,0.0010401825420558453,0.1820852905511856,8.361392974853516,1.7482686042785645,10.264486312866211,0.0,0.0
40,10,4,0.9,input_at,1,26,0.1420965939760208,0,0.003741680411621928,0.19073981046676636,8.127799034118652,1.507124900817871,10.451245307922363,0.0,0.0
40,10,4,0.9,input_at,1,27,0.025094294920563698,0,0.000544562644790858,0.19912970066070557,8.022058486938477,2.3908932209014893,13.795683860778809,0.0,0.0
40,10,4,0.9,input_at,1,28,0.021710023283958435,0,0.0004070301656611264,0.1919269859790802,8.274426460266113,2.78562593460083,16.052717208862305,0.0,0.25
40,10,4,0.9,input_at,1,29,0.020559778437018394,0,0.00030946123297326267,0.21912150084972382,7.805858612060547,3.0194976329803467,17.381486892700195,0.0,0.625
40,10,4,0.9,input_at,1,30,0.01802694983780384,0,0.00027684084489010274,0.18774572014808655,8.218143463134766,3.3302743434906006,15.996508598327637,0.0,1.0
40,10,4,0.9,input_at,1,31,0.016918910667300224,0,0.00018822806305252016,0.20197254419326782,8.162123680114746,3.6408443450927734,16.87521743774414,0.0,1.0
40,10,4,0.9,input_at,1,32,0.014283877797424793,0,0.00014319317415356636,0.19834862649440765,8.087751388549805,4.585653305053711,16.20705795288086,0.0,1.0
40,10,4,0.9,input_at,1,33,0.01672462560236454,0,0.00023324137146119028,0.20935173332691193,7.992623329162598,3.5879523754119873,16.53428840637207,0.0,1.0
40,10,4,0.9,input_at,1,34,0.015362294390797615,0,0.00018291019659955055,0.20062848925590515,8.05354118347168,4.008430004119873,16.965333938598633,0.0,1.0
40,10,4,0.9,input_at,1,35,0.01759345829486847,0,0.00012833066284656525,0.18364116549491882,8.3432035446167,4.144207954406738,16.708518981933594,0.0,1.0
40,10,4,0.9,input_at,1,36,0.0243835411965847,0,0.0001559108932269737,0.1919609159231186,8.330657005310059,3.962739944458008,16.436983108520508,0.0,1.0
40,10,4,0.9,input_at,1,37,0.029114829376339912,0,0.00022395129781216383,0.20992091298103333,7.932327747344971,3.2525503635406494,17.094322204589844,0.0,1.0
40,10,4,0.9,input_at,1,38,0.012189161963760853,0,0.00011614945833571255,0.20724591612815857,8.148492813110352,4.962493419647217,16.470544815063477,0.0,1.0
40,10,4,0.9,input_at,1,39,0.06628143042325974,0,0.0009029589127749205,0.19633345305919647,8.104389190673828,2.1049869060516357,13.492524147033691,0.0,0.0
40,10,4,0.9,input_at,2,0,1.2114272117614746,1,0.4465189278125763,0.3995753824710846,4.801238059997559,0.12062740325927734,0.4783610701560974,0.0,0.0
40,10,4,0.9,input_at,2,1,0.8894863128662109,1,0.7694122195243835,0.2544683516025543,7.3777666091918945,0.08331949263811111,0.3304578363895416,0.0,0.0
40,10,4,0.9,input_at,2,2,1.1498064994812012,1,0.4884810447692871,0.37835749983787537,5.109278678894043,0.11851248145103455,0.48355427384376526,0.0,0.0
40,10,4,0.9,input_at,2,3,1.2816318273544312,1,0.4856641888618469,0.4304850697517395,4.338922023773193,0.1338219791650772,0.5392559170722961,0.0,0.0
40,10,4,0.9,input_at,2,4,1.3887274265289307,1,0.4930259883403778,0.48336273431777954,3.702378273010254,0.14451903104782104,0.6013351678848267,0.0,0.0
40,10,4,0.9,input_at,2,5,1.2706127166748047,1,0.48305031657218933,0.4272853434085846,4.39956521987915,0.13177679479122162,0.5502492189407349,0.0,0.0
40,10,4,0.9,input_at,2,6,1.3844856023788452,1,0.46267974376678467,0.47146832942962646,3.831488609313965,0.137626051902771,0.5438584685325623,0.0,0.0
40,10,4,0.9,input_at,2,7,1.384440302848816,1,0.4626348912715912,0.47884517908096313,3.7531471252441406,0.13900981843471527,0.5581791400909424,0.0,0.0
40,10,4,0.9,input_at,2,8,1.3246792554855347,1,0.49366331100463867,0.43392109870910645,4.278554916381836,0.1410685032606125,0.571530818939209,0.0,0.0
40,10,4,0.9,input_at,2,9,1.1492985486984253,1,0.4880056381225586,0.35541704297065735,5.444765567779541,0.12102316319942474,0.49496281147003174,0.0,0.0
40,10,4,0.9,input_at,2,10,1.2083674669265747,1,0.44412118196487427,0.4161209762096405,4.55992317199707,0.12181577831506729,0.5025379657745361,0.0,0.0
40,10,4,0.9,input_at,2,11,1.2699321508407593,1,0.4825155436992645,0.42989179491996765,4.338248252868652,0.1353403478860855,0.5451307892799377,0.0,0.0
40,10,4,0.9,input_at,2,12,1.5654139518737793,1,0.4910888671875,0.5465672612190247,3.0611507892608643,0.1607094407081604,0.6386561393737793,0.0,0.0
40,10,4,0.9,input_at,2,13,1.3237978219985962,1,0.493019163608551,0.4292139708995819,4.352263450622559,0.13795366883277893,0.5632949471473694,0.0,0.0
40,10,4,0.9,input_at,2,14,1.5642523765563965,1,0.49049705266952515,0.5490179657936096,3.0434765815734863,0.16226935386657715,0.652650773525238,0.0,0.0
40,10,4,0.9,input_at,2,15,1.2704106569290161,1,0.477176308631897,0.3999727964401245,4.757644176483154,0.1326909363269806,0.526090145111084,0.0,0.0
40,10,4,0.9,input_at,2,16,1.373997449874878,1,0.48261451721191406,0.46435627341270447,3.8959038257598877,0.145215705037117,0.5760369896888733,0.0,0.0
40,10,4,0.9,input_at,2,17,0.45264360308647156,1,0.15923742949962616,0.18206489086151123,8.530791282653809,0.18101391196250916,0.810233473777771,0.0,0.0
40,10,4,0.9,input_at,2,18,0.7897181510925293,1,0.4882657825946808,0.21337051689624786,7.967207431793213,0.10937677323818207,0.430264949798584,0.0,0.0
40,10,4,0.9,input_at,2,19,0.18892881274223328,0,0.027782870456576347,0.18118174374103546,8.159015655517578,0.42228275537490845,2.344088077545166,0.0,0.0
40,10,4,0.9,input_at,2,20,0.23873165249824524,0,0.044908445328474045,0.17737892270088196,8.293414115905762,0.33088210225105286,1.8243457078933716,0.0,0.0
40,10,4,0.9,input_at,2,21,0.16045279800891876,0,0.01990164816379547,0.19314943253993988,8.068556785583496,0.4966243505477905,2.870140552520752,0.0,0.0
40,10,4,0.9,input_at,2,22,0.01637979783117771,0,0.00019386029453016818,0.18188373744487762,8.284280776977539,15.866607666015625,15.866607666015625,1.0,1.0
40,10,4,0.9,input_at,2,23,0.08828070759773254,0,0.00532518932595849,0.19789692759513855,7.9830322265625,1.258950114250183,8.502466201782227,0.0,0.0
40,10,4,0.9,input_at,2,24,0.05551460012793541,0,0.002380202291533351,0.1938352882862091,8.007379531860352,1.4581866264343262,8.09710693359375,0.0,0.0
40,10,4,0.9,input_at,2,25,0.028233490884304047,0,0.0006265197298489511,0.18365484476089478,8.02762222290039,2.8046634197235107,14.9037446975708,0.0,0.0
40,10,4,0.9,input_at,2,26,0.02713513933122158,0,0.0005809349240735173,0.18354421854019165,8.01637077331543,2.909120798110962,15.546960830688477,0.0,0.0
40,10,4,0.9,input_at,2,27,0.029016869142651558,0,0.0006479278672486544,0.1865067183971405,8.091102600097656,2.712989091873169,14.348652839660645,0.0,0.0
40,10,4,0.9,input_at,2,28,0.01905553974211216,0,0.0002540709974709898,0.19883590936660767,8.001330375671387,4.317946910858154,16.656524658203125,0.0,1.0
40,10,4,0.9,input_at,2,29,0.014817834831774235,0,0.00017580723215360194,0.17672502994537354,8.139161109924316,5.228429794311523,17.04645347595215,0.0,1.0
40,10,4,0.9,input_at,2,30,0.013770976103842258,0,0.0001403169153491035,0.18213939666748047,8.09938907623291,6.003859519958496,16.330711364746094,0.0,1.0
40,10,4,0.9,input_at,2,31,0.011966557241976261,0,0.00010448248212924227,0.1893383413553238,7.94774866104126,6.898860931396484,15.975750923156738,0.0,1.0
40,10,4,0.9,input_at,2,32,0.011241904459893703,0,0.00010125757398782298,0.1913868933916092,7.983002662658691,6.779058456420898,16.84480857849121,0.0,1.0
40,10,4,0.9,input_at,2,33,0.010225677862763405,0,7.385563367279246e-05,0.18366551399230957,8.194823265075684,8.15129280090332,16.0732421875,0.0,1.0
40,10,4,0.9,input_at,2,34,0.009320035576820374,0,6.306647264864296e-05,0.19597400724887848,7.822410583496094,9.24434757232666,15.651851654052734,0.0,1.0
40,10,4,0.9,input_at,2,35,0.009702515788376331,0,6.455479888245463e-05,0.17679545283317566,8.042963981628418,8.768085479736328,15.974409103393555,0.0,1.0
40,10,4,0.9,input_at,2,36,0.007878424599766731,0,5.2809038606937975e-05,0.19442550837993622,8.116952896118164,9.660826683044434,15.985710144042969,0.0,1.0
40,10,4,0.9,input_at,2,37,0.00857052206993103,0,5.469027018989436e-05,0.17493177950382233,8.131954193115234,9.403865814208984,16.524776458740234,0.0,1.0
40,10,4,0.9,input_at,2,38,0.009047805331647396,0,5.952409628662281e-05,0.18772825598716736,8.083789825439453,9.52160930633545,15.981985092163086,0.0,1.0
40,10,4,0.9,input_at,2,39,0.007718677166849375,0,3.9655638829572126e-05,0.18751364946365356,7.850461959838867,11.402578353881836,16.814186096191406,0.0,1.0
40,10,4,0.9,input_at,3,0,1.1406471729278564,1,0.4810021221637726,0.321132630109787,5.943934440612793,0.11972806602716446,0.4860896170139313,0.0,0.0
40,10,4,0.9,input_at,3,1,1.125961422920227,1,0.4888468384742737,0.3094610273838043,5.977510452270508,0.11947285383939743,0.4775724709033966,0.0,0.0
40,10,4,0.9,input_at,3,2,1.0253760814666748,1,0.6780164837837219,0.255677193403244,7.143990516662598,0.09369317442178726,0.3758225739002228,0.0,0.0
40,10,4,0.9,input_at,3,3,1.3190531730651855,1,0.5172713994979858,0.3924245238304138,4.794248104095459,0.1383177936077118,0.5702648162841797,0.0,0.0
40,10,4,0.9,input_at,3,4,1.1551334857940674,1,0.49181026220321655,0.3431667983531952,5.639633655548096,0.12261196225881577,0.487768292427063,0.0,0.0
40,10,4,0.9,input_at,3,5,1.124470591545105,1,0.48763516545295715,0.310072124004364,6.035584926605225,0.1184425875544548,0.4823607802391052,0.0,0.0
40,10,4,0.9,input_at,3,6,1.286417841911316,1,0.49402177333831787,0.3934258222579956,4.828798294067383,0.13694767653942108,0.5614544153213501,0.0,0.0
40,10,4,0.9,input_at,3,7,1.3587901592254639,1,0.48487788438796997,0.43187040090560913,4.283585071563721,0.14062348008155823,0.5727174282073975,0.0,0.0
40,10,4,0.9,input_at,3,8,1.2859898805618286,1,0.49375003576278687,0.39278507232666016,4.797356128692627,0.13240565359592438,0.5328086018562317,0.0,0.0
40,10,4,0.9,input_at,3,9,1.6110254526138306,1,0.41874486207962036,0.5182679295539856,3.3326709270477295,0.13686992228031158,0.532393217086792,0.0,0.0
40,10,4,0.9,input_at,3,10,1.3580189943313599,1,0.48433464765548706,0.4198352098464966,4.441246032714844,0.14318153262138367,0.5777676701545715,0.0,0.0
40,10,4,0.9,input_at,3,11,1.3441754579544067,1,0.37815573811531067,0.4192054569721222,4.430065631866455,0.11180929839611053,0.45283034443855286,0.0,0.0
40,10,4,0.9,input_at,3,12,1.555484414100647,1,0.4825974404811859,0.47721192240715027,3.7333407402038574,0.16120800375938416,0.6372362971305847,0.0,0.0
40,10,4,0.9,input_at,3,13,1.6137317419052124,1,0.41939783096313477,0.5381901860237122,3.14719295501709,0.1418435275554657,0.565895140171051,0.0,0.0
40,10,4,0.9,input_at,3,14,1.3456717729568481,1,0.3773796856403351,0.4341513216495514,4.258124351501465,0.11669714748859406,0.4684266149997711,0.0,0.0
40,10,4,0.9,input_at,3,15,1.5530613660812378,1,0.48111438751220703,0.4806424677371979,3.7087881565093994,0.1581905484199524,0.6406345367431641,0.0,0.0
40,10,4,0.9,input_at,3,16,0.1040952056646347,0,0.0027186886873096228,0.19302767515182495,7.794079303741455,1.3193551301956177,8.856168746948242,0.0,0.0
40,10,4,0.9,input_at,3,17,1.5897817611694336,1,0.39456525444984436,0.5338364243507385,3.1838150024414062,0.12413032352924347,0.49124351143836975,0.0,0.0
40,10,4,0.9,input_at,3,18,0.08543889969587326,0,0.002070019254460931,0.19659100472927094,7.788463115692139,1.5537302494049072,10.614594459533691,0.0,0.0
40,10,4,0.9,input_at,3,19,1.583419919013977,1,0.39041945338249207,0.528403103351593,3.2267279624938965,0.13205468654632568,0.526384174823761,0.0,0.0
40,10,4,0.9,input_at,3,20,1.2528129816055298,1,0.466105192899704,0.37250053882598877,5.163117408752441,0.14500218629837036,0.5888645648956299,0.0,0.0
40,10,4,0.9,input_at,3,21,0.014352221041917801,0,3.2524367270525545e-05,0.18464656174182892,7.970770359039307,15.717209815979004,17.013368606567383,0.0,1.0
40,10,4,0.9,input_at,3,22,0.20850059390068054,0,0.006803552620112896,0.22612884640693665,7.554661273956299,16.865846633911133,16.865846633911133,1.0,1.0
40,10,4,0.9,input_at,3,23,0.013234035111963749,0,2.9319528039195575e-05,0.20995444059371948,7.730113506317139,12.256270408630371,16.05233383178711,0.0,1.0
40,10,4,0.9,input_at,3,24,0.012754961848258972,0,2.7833735657623038e-05,0.18673104047775269,8.195363998413086,13.093361854553223,16.55000877380371,0.0,1.0
40,10,4,0.9,input_at,3,25,0.010301835834980011,0,1.7256323189940304e-05,0.19140587747097015,8.170575141906738,16.31285285949707,17.45140266418457,0.0,1.0
40,10,4,0.9,input_at,3,26,0.01383810956031084,0,3.937961082556285e-05,0.2033061683177948,7.713901996612549,10.44803237915039,16.96333122253418,0.0,1.0
40,10,4,0.9,input_at,3,27,0.007497856859117746,0,8.847655408317223e-06,0.19920456409454346,7.883292198181152,16.974580764770508,16.974580764770508,1.0,1.0
40,10,4,0.9,input_at,3,28,0.008303957059979439,0,1.14716904136003e-05,0.2130334973335266,7.840775966644287,17.622407913208008,17.622407913208008,1.0,1.0
40,10,4,0.9,input_at,3,29,0.0093439482152462,0,2.1978788936394267e-05,0.2236783653497696,7.5076680183410645,15.170494079589844,17.350971221923828,0.0,1.0
40,10,4,0.9,input_at,3,30,0.00738353468477726,0,1.0311557161912788e-05,0.2227477878332138,7.278553009033203,17.400711059570312,17.400711059570312,1.0,1.0
40,10,4,0.9,input_at,3,31,0.006840884685516357,0,8.824816177366301e-06,0.21505428850650787,7.512359142303467,17.40475082397461,17.40475082397461,1.0,1.0
40,10,4,0.9,input_at,3,32,0.006058251950889826,0,6.319447948044399e-06,0.20638372004032135,7.703768253326416,18.24336814880371,18.24336814880371,1.0,1.0
40,10,4,0.9,input_at,3,33,0.007244511041790247,0,9.74668910203036e-06,0.21777375042438507,7.633571624755859,16.477039337158203,16.477039337158203,1.0,1.0
40,10,4,0.9,input_at,3,34,0.008896256797015667,0,1.8749298760667443e-05,0.22185304760932922,7.449134349822998,13.84833812713623,18.44197654724121,0.0,1.0
40,10,4,0.9,input_at,3,35,0.007468363270163536,0,1.1697767149598803e-05,0.18905924260616302,7.888993740081787,16.764421463012695,16.764421463012695,1.0,1.0
40,10,4,0.9,input_at,3,36,0.007107182871550322,0,9.727820724947378e-06,0.2155519723892212,7.828730583190918,16.956764221191406,16.956764221191406,1.0,1.0
40,10,4,0.9,input_at,3,37,0.005696299485862255,0,5.690319085260853e-06,0.20090991258621216,7.912842750549316,16.929359436035156,16.929359436035156,1.0,1.0
40,10,4,0.9,input_at,3,38,0.0058068037033081055,0,6.678676982119214e-06,0.20881076157093048,7.790521621704102,16.83148956298828,16.83148956298828,1.0,1.0
40,10,4,0.9,input_at,3,39,0.004632303956896067,0,4.382950464787427e-06,0.2069263458251953,7.56530237197876,17.669477462768555,17.669477462768555,1.0,1.0
40,10,4,0.9,input_at,4,0,1.1605950593948364,1,0.8902644515037537,0.3234585225582123,6.114993572235107,0.11374218761920929,0.4618757367134094,0.0,0.0
40,10,4,0.9,input_at,4,1,1.1488242149353027,1,0.485209584236145,0.35445132851600647,5.466287136077881,0.1191304624080658,0.4772246479988098,0.0,0.0
40,10,4,0.9,input_at,4,2,1.1501319408416748,1,0.4836519956588745,0.36748501658439636,5.308058738708496,0.11893988400697708,0.4792308509349823,0.0,0.0
40,10,4,0.9,input_at,4,3,1.2401671409606934,1,0.4918830096721649,0.38887086510658264,4.942506313323975,0.1303308755159378,0.5295277833938599,0.0,0.0
40,10,4,0.9,input_at,4,4,1.1630889177322388,1,0.49461829662323,0.3471425771713257,5.5470685958862305,0.12377547472715378,0.49010154604911804,0.0,0.0
40,10,4,0.9,input_at,4,5,1.1642415523529053,1,0.49557217955589294,0.3448680639266968,5.63299036026001,0.12337533384561539,0.48732754588127136,0.0,0.0
40,10,4,0.9,input_at,4,6,1.1487473249435425,1,0.48255234956741333,0.3609541952610016,5.3889031410217285,0.12109660357236862,0.5025399923324585,0.0,0.0
40,10,4,0.9,input_at,4,7,1.4933686256408691,1,0.48210933804512024,0.4870276153087616,3.6349689960479736,0.1562720537185669,0.613044798374176,0.0,0.0
40,10,4,0.9,input_at,4,8,1.3755072355270386,1,0.4860268831253052,0.4369980990886688,4.235693454742432,0.14451274275779724,0.5820060968399048,0.0,0.0
40,10,4,0.9,input_at,4,9,1.4016966819763184,1,0.48366937041282654,0.4493218660354614,4.096375942230225,0.1438823789358139,0.584611177444458,0.0,0.0
40,10,4,0.9,input_at,4,10,1.4014225006103516,1,0.483576238155365,0.46083909273147583,3.9582061767578125,0.1471245139837265,0.5924034118652344,0.0,0.0
40,10,4,0.9,input_at,4,11,1.37449312210083,1,0.48518285155296326,0.45673686265945435,4.0345869064331055,0.14093619585037231,0.5630534291267395,0.0,0.0
40,10,4,0.9,input_at,4,12,1.1410980224609375,1,0.4785647392272949,0.3584810197353363,5.363553524017334,0.12074904143810272,0.49079352617263794,0.0,0.0
40,10,4,0.9,input_at,4,13,1.2360590696334839,1,0.48858746886253357,0.3901574909687042,4.914154052734375,0.13038292527198792,0.5220731496810913,0.0,0.0
40,10,4,0.9,input_at,4,14,1.4900970458984375,1,0.4800936281681061,0.4776409864425659,3.763206720352173,0.15563391149044037,0.6297895908355713,0.0,0.0
40,10,4,0.9,input_at,4,15,0.49123725295066833,1,0.10842316597700119,0.18865473568439484,8.392582893371582,0.17326050996780396,0.7707751393318176,0.0,0.0
40,10,4,0.9,input_at,4,16,1.6706559658050537,1,0.4745703339576721,0.5584970116615295,2.961639642715454,0.16275474429130554,0.6652969121932983,0.0,0.0
40,10,4,0.9,input_at,4,17,0.10712692886590958,0,0.005456637591123581,0.21870706975460052,7.954148769378662,0.7552334666252136,4.17096471786499,0.0,0.0
40,10,4,0.9,input_at,4,18,1.666579246520996,1,0.4728165864944458,0.548916757106781,3.0450050830841064,0.15737028419971466,0.6308056712150574,0.0,0.0
40,10,4,0.9,input_at,4,19,0.6940041780471802,1,0.21541810035705566,0.2338337004184723,7.860409736633301,0.12734167277812958,0.5084801912307739,0.0,0.0
40,10,4,0.9,input_at,4,20,0.19220224022865295,0,0.017581943422555923,0.18809345364570618,8.218157768249512,0.4254327118396759,2.2441492080688477,0.0,0.0
40,10,4,0.9,input_at,4,21,0.10056404769420624,0,0.00651144701987505,0.1711849719285965,8.612619400024414,0.9720131158828735,5.654053688049316,0.0,0.0
40,10,4,0.9,input_at,4,22,0.02950594387948513,0,0.0005461298860609531,0.20056457817554474,8.137319564819336,2.429529905319214,13.246539115905762,0.0,0.0
40,10,4,0.9,input_at,4,23,0.8600538372993469,1,0.3187779486179352,0.27761170268058777,7.048993110656738,0.1021629348397255,0.4130370020866394,0.0,0.0
40,10,4,0.9,input_at,4,24,0.006867034826427698,0,1.6960882931016386e-05,0.19782958924770355,8.300970077514648,13.424201965332031,16.276952743530273,0.0,1.0
40,10,4,0.9,input_at,4,25,0.01018145028501749,0,6.981213664403185e-05,0.19292566180229187,8.32543659210205,6.9426703453063965,16.484783172607422,0.0,1.0
40,10,4,0.9,input_at,4,26,0.008672281168401241,0,4.890606214758009e-05,0.2051120102405548,8.15853214263916,8.181657791137695,16.780109405517578,0.0,1.0
40,10,4,0.9,input_at,4,27,0.00432232953608036,0,9.963097909349017e-06,0.20801129937171936,7.967015743255615,16.347549438476562,16.347549438476562,1.0,1.0
40,10,4,0.9,input_at,4,28,0.004396489821374416,0,1.0466218554938678e-05,0.19947168231010437,8.088790893554688,15.901285171508789,15.901285171508789,1.0,1.0
40,10,4,0.9,input_at,4,29,0.0045231543481349945,0,1.0411185030534398e-05,0.17502383887767792,8.712333679199219,16.069236755371094,16.069236755371094,1.0,1.0
40,10,4,0.9,input_at,4,30,0.0032194596715271473,0,3.7727857034042245e-06,0.20037001371383667,8.277809143066406,16.719867706298828,16.719867706298828,1.0,1.0
40,10,4,0.9,input_at,4,31,0.0038647158071398735,0,8.436737516603898e-06,0.18988002836704254,8.219794273376465,16.63311004638672,16.63311004638672,1.0,1.0
40,10,4,0.9,input_at,4,32,0.002136504277586937,0,1.085965777747333e-06,0.19619528949260712,8.068148612976074,16.306392669677734,16.306392669677734,1.0,1.0
40,10,4,0.9,input_at,4,33,0.0021251647267490625,0,2.4087623842206085e-06,0.20372234284877777,7.9835991859436035,16.003719329833984,16.003719329833984,1.0,1.0
40,10,4,0.9,input_at,4,34,0.0034620745573192835,0,5.337340553523973e-06,0.1807260513305664,8.349136352539062,16.365934371948242,16.365934371948242,1.0,1.0
40,10,4,0.9,input_at,4,35,0.003076006891205907,0,4.350260041974252e-06,0.214970201253891,8.064682006835938,16.14992904663086,16.14992904663086,1.0,1.0
40,10,4,0.9,input_at,4,36,0.003554239170625806,0,7.512094725825591e-06,0.18938042223453522,8.327343940734863,16.13204574584961,16.13204574584961,1.0,1.0
40,10,4,0.9,input_at,4,37,0.0029107483569532633,0,5.191086529521272e-06,0.19412048161029816,8.329028129577637,16.143590927124023,16.143590927124023,1.0,1.0
40,10,4,0.9,input_at,4,38,0.0022841584868729115,0,2.319201712452923e-06,0.18408191204071045,8.162528991699219,17.521127700805664,17.521127700805664,1.0,1.0
40,10,4,0.9,input_at,4,39,0.0022814031690359116,0,1.8447530010234914e-06,0.21177493035793304,7.918628215789795,16.302024841308594,16.302024841308594,1.0,1.0
40,10,4,0.9,lat,0,0,1.949275255203247,1,0.48875609040260315,0.4185998737812042,4.594610214233398,0.20292232930660248,0.8044868111610413,0.0,0.0
40,10,4,0.9,lat,0,1,1.8936325311660767,1,0.49827471375465393,0.37926003336906433,5.220666408538818,0.19829003512859344,0.8050618767738342,0.0,0.0
40,10,4,0.9,lat,0,2,1.9311271905899048,1,0.4962441325187683,0.40097078680992126,4.878818035125732,0.19928161799907684,0.8099406957626343,0.0,0.0
40,10,4,0.9,lat,0,3,2.1141529083251953,1,0.4903334379196167,0.46815410256385803,3.9300644397735596,0.2195877879858017,0.8989816904067993,0.0,0.0
40,10,4,0.9,lat,0,4,1.8942906856536865,1,0.49861204624176025,0.38526737689971924,5.109100341796875,0.200168639421463,0.8075563907623291,0.0,0.0
40,10,4,0.9,lat,0,5,1.7632629871368408,1,0.4857223629951477,0.36610764265060425,5.458219528198242,0.1842411756515503,0.7349489331245422,0.0,0.0
40,10,4,0.9,lat,0,6,1.787337064743042,1,0.4977111518383026,0.3809177577495575,5.176080226898193,0.19258472323417664,0.800166130065918,0.0,0.0
40,10,4,0.9,lat,0,7,2.0582478046417236,1,0.4919753670692444,0.4386759102344513,4.324868202209473,0.20950153470039368,0.8508273363113403,0.0,0.0
40,10,4,0.9,lat,0,8,1.7623759508132935,1,0.4854428768157959,0.3567747473716736,5.608063697814941,0.18433021008968353,0.7445515990257263,0.0,0.0
40,10,4,0.9,lat,0,9,1.9306731224060059,1,0.49607276916503906,0.4134840965270996,4.677923202514648,0.20505070686340332,0.8374366760253906,0.0,0.0
40,10,4,0.9,lat,0,10,1.8822290897369385,1,0.4010246992111206,0.416626900434494,4.658372402191162,0.17083388566970825,0.68565434217453,0.0,0.0
40,10,4,0.9,lat,0,11,1.7859560251235962,1,0.4969615638256073,0.3726886212825775,5.322903156280518,0.18548880517482758,0.7523577213287354,0.0,0.0
40,10,4,0.9,lat,0,12,1.6808652877807617,1,0.37407252192497253,0.3580535054206848,5.637957572937012,0.1520480364561081,0.6088566780090332,0.0,0.0
40,10,4,0.9,lat,0,13,1.8674263954162598,1,0.43725910782814026,0.39205363392829895,5.029179096221924,0.187941774725914,0.772716224193573,0.0,0.0
40,10,4,0.9,lat,0,14,1.9390239715576172,1,0.483761727809906,0.41452816128730774,4.668844223022461,0.20215080678462982,0.8105856776237488,0.0,0.0
40,10,4,0.9,lat,0,15,2.103102445602417,1,0.4854438304901123,0.4757389426231384,3.8388469219207764,0.2183007299900055,0.8748797178268433,0.0,0.0
40,10,4,0.9,lat,0,16,1.6575058698654175,1,0.36934301257133484,0.3595570921897888,5.603235244750977,0.1503194272518158,0.6034882068634033,0.0,0.0
40,10,4,0.9,lat,0,17,1.8600672483444214,1,0.43525567650794983,0.3881981074810028,5.08832311630249,0.1865536868572235,0.7563896179199219,0.0,0.0
40,10,4,0.9,lat,0,18,1.8505809307098389,1,0.39141538739204407,0.4190632998943329,4.63936185836792,0.16639377176761627,0.6662170886993408,0.0,0.0
40,10,4,0.9,lat,0,19,2.034259557723999,1,0.48098844289779663,0.4268794357776642,4.490544319152832,0.21337752044200897,0.8579304814338684,0.0,0.0
40,10,4,0.9,lat,0,20,0.02162727527320385,0,0.00013954282621853054,0.16207954287528992,8.834341049194336,7.092919826507568,25.841842651367188,0.0,1.0
40,10,4,0.9,lat,0,21,0.01348927617073059,0,4.875056038144976e-05,0.15916715562343597,8.967881202697754,11.595099449157715,26.50468635559082,0.0,1.0
40,10,4,0.9,lat,0,22,0.005244112107902765,0,6.066043169994373e-06,0.153681218624115,9.025920867919922,23.98967742919922,23.98967742919922,1.0,1.0
40,10,4,0.9,lat,0,23,0.005593419540673494,0,6.54232235319796e-06,0.17221501469612122,8.85855770111084,24.721879959106445,24.721879959106445,1.0,1.0
40,10,4,0.9,lat,0,24,0.004021461587399244,0,1.910717401187867e-06,0.16204647719860077,8.923135757446289,26.098979949951172,26.098979949951172,1.0,1.0
40,10,4,0.9,lat,0,25,0.003538961987942457,0,1.6605412156422972e-06,0.15393167734146118,8.890682220458984,25.397417068481445,25.397417068481445,1.0,1.0
40,10,4,0.9,lat,0,26,0.002082314109429717,0,7.574856226710835e-07,0.15307408571243286,9.039091110229492,24.746763229370117,24.746763229370117,1.0,1.0
40,10,4,0.9,lat,0,27,0.0039131720550358295,0,2.6911104669125052e-06,0.1489950716495514,9.074074745178223,25.043285369873047,25.043285369873047,1.0,1.0
40,10,4,0.9,lat,0,28,0.003231578040868044,0,1.5843027085793437e-06,0.17348462343215942,8.831313133239746,25.565176010131836,25.565176010131836,1.0,1.0
40,10,4,0.9,lat,0,29,0.00269895326346159,0,9.583415021552355e-07,0.15353423357009888,9.080570220947266,25.318954467773438,25.318954467773438,1.0,1.0
40,10,4,0.9,lat,0,30,0.002669834066182375,0,1.3023902738495963e-06,0.15363016724586487,8.923323631286621,25.05183982849121,25.05183982849121,1.0,1.0
40,10,4,0.9,lat,0,31,0.0039017433300614357,0,2.7139601570524974e-06,0.15659360587596893,9.041130065917969,24.768714904785156,24.768714904785156,1.0,1.0
40,10,4,0.9,lat,0,32,0.004127361346036196,0,2.326173216715688e-06,0.16810385882854462,8.994101524353027,25.769001007080078,25.769001007080078,1.0,1.0
40,10,4,0.9,lat,0,33,0.002800404094159603,0,1.0716539691202343e-06,0.153819277882576,9.02989673614502,27.2110538482666,27.2110538482666,1.0,1.0
40,10,4,0.9,lat,0,34,0.0026148860342800617,0,8.719142670088331e-07,0.1497875601053238,8.980143547058105,24.44835662841797,24.44835662841797,1.0,1.0
40,10,4,0.9,lat,0,35,0.004585670307278633,0,2.842212552423007e-06,0.16416768729686737,8.93855094909668,24.330551147460938,24.330551147460938,1.0,1.0
40,10,4,0.9,lat,0,36,0.002597117330878973,0,1.030809812618827e-06,0.16518163681030273,8.848088264465332,23.406719207763672,23.406719207763672,1.0,1.0
40,10,4,0.9,lat,0,37,0.003050229512155056,0,1.5541319271505927e-06,0.15077553689479828,9.022846221923828,24.419292449951172,24.419292449951172,1.0,1.0
40,10,4,0.9,lat,0,38,0.0028720195405185223,0,1.170568566521979e-06,0.16565576195716858,8.94894790649414,24.830446243286133,24.830446243286133,1.0,1.0
40,10,4,0.9,lat,0,39,0.0037985173985362053,0,2.9012103368586395e-06,0.16120745241641998,8.852837562561035,25.54409408569336,25.54409408569336,1.0,1.0
40,10,4,0.9,lat,1,0,2.097262382507324,1,0.47676989436149597,0.4272097647190094,4.4930195808410645,0.2166251540184021,0.8654623627662659,0.0,0.0
40,10,4,0.9,lat,1,1,1.9323164224624634,1,0.49728477001190186,0.38971132040023804,5.064421653747559,0.20242886245250702,0.811598539352417,0.0,0.0
40,10,4,0.9,lat,1,2,2.0400519371032715,1,0.4932578504085541,0.3996802568435669,4.878246307373047,0.20519006252288818,0.833510160446167,0.0,0.0
40,10,4,0.9,lat,1,3,2.002652645111084,1,0.4935019314289093,0.42406031489372253,4.512034893035889,0.20696961879730225,0.8293877840042114,0.0,0.0
40,10,4,0.9,lat,1,4,1.931260347366333,1,0.4968436658382416,0.37418216466903687,5.316133975982666,0.20363561809062958,0.8231129050254822,0.0,0.0
40,10,4,0.9,lat,1,5,2.101794481277466,1,0.45944875478744507,0.4373994767665863,4.364285945892334,0.20355407893657684,0.8179008364677429,0.0,0.0
40,10,4,0.9,lat,1,6,1.9799073934555054,1,0.4235115945339203,0.4197988212108612,4.628851413726807,0.18911077082157135,0.7656678557395935,0.0,0.0
40,10,4,0.9,lat,1,7,1.761122226715088,1,0.4954541027545929,0.3449710011482239,5.814023494720459,0.18615756928920746,0.7429638504981995,0.0,0.0
40,10,4,0.9,lat,1,8,2.006781816482544,1,0.48562031984329224,0.40431734919548035,4.827653408050537,0.21122421324253082,0.850741982460022,0.0,0.0
40,10,4,0.9,lat,1,9,2.0952467918395996,1,0.49153444170951843,0.4350740313529968,4.3718109130859375,0.2223830372095108,0.8849709033966064,0.0,0.0
40,10,4,0.9,lat,1,10,2.0001888275146484,1,0.4922732412815094,0.40688490867614746,4.7750396728515625,0.20929543673992157,0.8605104088783264,0.0,0.0
40,10,4,0.9,lat,1,11,2.0958197116851807,1,0.4917760193347931,0.43921634554862976,4.304588317871094,0.21782749891281128,0.8769806027412415,0.0,0.0
40,10,4,0.9,lat,1,12,2.005385398864746,1,0.48483559489250183,0.4063248336315155,4.8009819984436035,0.2077225148677826,0.8553043603897095,0.0,0.0
40,10,4,0.9,lat,1,13,2.0806288719177246,1,0.46976596117019653,0.4511178731918335,4.169729709625244,0.21477960050106049,0.8572056889533997,0.0,0.0
40,10,4,0.9,lat,1,14,1.7604413032531738,1,0.4951809346675873,0.33657267689704895,5.995433330535889,0.18972745537757874,0.7652149200439453,0.0,0.0
40,10,4,0.9,lat,1,15,2.0786077976226807,1,0.4530928432941437,0.4525221586227417,4.155474662780762,0.20445312559604645,0.8202824592590332,0.0,0.0
40,10,4,0.9,lat,1,16,1.5057603120803833,1,0.42588555812835693,0.28699493408203125,7.027105808258057,0.1470135897397995,0.584175169467926,0.0,0.0
40,10,4,0.9,lat,1,17,2.0115432739257812,1,0.480243444442749,0.3940471112728119,4.985598564147949,0.20883217453956604,0.8334003686904907,0.0,0.0
40,10,4,0.9,lat,1,18,0.027800317853689194,0,0.00022111984435468912,0.1628405600786209,8.947866439819336,6.0066423416137695,26.188413619995117,0.0,1.0
40,10,4,0.9,lat,1,19,0.5975707173347473,1,0.041912805289030075,0.170959934592247,8.982383728027344,0.5208992958068848,2.4992454051971436,0.0,0.0
40,10,4,0.9,lat,1,20,1.8310396671295166,1,0.36620962619781494,0.3814820647239685,5.232255458831787,0.20146512985229492,0.7989635467529297,0.0,0.0
40,10,4,0.9,lat,1,21,0.026795348152518272,0,0.00015206780517473817,0.1403450220823288,9.156256675720215,7.220767974853516,25.054119110107422,0.0,1.0
40,10,4,0.9,lat,1,22,1.490899920463562,1,0.41678914427757263,0.2639171779155731,7.364157676696777,0.15233121812343597,0.6134380102157593,0.0,0.0
40,10,4,0.9,lat,1,23,0.003826257772743702,0,2.55762006418081e-06,0.1596769243478775,8.867463111877441,23.95733070373535,23.95733070373535,1.0,1.0
40,10,4,0.9,lat,1,24,0.009264145977795124,0,1.845323458837811e-05,0.16900472342967987,9.025453567504883,20.781648635864258,25.497053146362305,0.0,1.0
40,10,4,0.9,lat,1,25,0.005620325915515423,0,4.265149982529692e-06,0.1584768295288086,9.123428344726562,25.22563934326172,25.22563934326172,1.0,1.0
40,10,4,0.9,lat,1,26,0.008456208743155003,0,1.3582461178884842e-05,0.15320076048374176,9.177162170410156,25.13249397277832,25.13249397277832,1.0,1.0
40,10,4,0.9,lat,1,27,0.004627568181604147,0,4.039717168780044e-06,0.16314546763896942,9.097604751586914,26.3974609375,26.3974609375,1.0,1.0
40,10,4,0.9,lat,1,28,0.004219019785523415,0,3.545689423845033e-06,0.14437399804592133,9.221049308776855,25.450149536132812,25.450149536132812,1.0,1.0
40,10,4,0.9,lat,1,29,0.0025329268537461758,0,6.665148362117179e-07,0.15703479945659637,9.08260440826416,27.0953369140625,27.0953369140625,1.0,1.0
40,10,4,0.9,lat,1,30,0.003387901233509183,0,1.5385041933768662e-06,0.16778121888637543,8.967584609985352,24.673120498657227,24.673120498657227,1.0,1.0
40,10,4,0.9,lat,1,31,0.001945011899806559,0,4.732933973627951e-07,0.18448741734027863,8.832671165466309,25.629974365234375,25.629974365234375,1.0,1.0
40,10,4,0.9,lat,1,32,0.002532410202547908,0,8.094336294561799e-07,0.14902637898921967,9.12031364440918,25.025192260742188,25.025192260742188,1.0,1.0
40,10,4,0.9,lat,1,33,0.0021341880783438683,0,5.308950790094968e-07,0.1743786782026291,8.957292556762695,25.399799346923828,25.399799346923828,1.0,1.0
40,10,4,0.9,lat,1,34,0.0014377564657479525,0,3.041701006623043e-07,0.1609526127576828,9.035834312438965,25.869464874267578,25.869464874267578,1.0,1.0
40,10,4,0.9,lat,1,35,0.002955364529043436,0,1.2111174783058232e-06,0.1572669893503189,9.099519729614258,25.79462242126465,25.79462242126465,1.0,1.0
40,10,4,0.9,lat,1,36,0.0032507935538887978,0,1.1244460438319948e-06,0.16943369805812836,8.90012264251709,25.396615982055664,25.396615982055664,1.0,1.0
40,10,4,0.9,lat,1,37,0.0037600304931402206,0,1.9211581729905447e-06,0.16436931490898132,8.891463279724121,26.032699584960938,26.032699584960938,1.0,1.0
40,10,4,0.9,lat,1,38,0.0027277152985334396,0,8.441919021606736e-07,0.17060929536819458,9.038992881774902,25.38690757751465,25.38690757751465,1.0,1.0
40,10,4,0.9,lat,1,39,0.0024502030573785305,0,6.898602009641763e-07,0.16825658082962036,8.979063034057617,25.49283790588379,25.49283790588379,1.0,1.0
40,10,4,0.9,lat,2,0,1.8497143983840942,1,0.5005308389663696,0.42527368664741516,4.510725975036621,0.19103166460990906,0.7568737864494324,0.0,0.0
40,10,4,0.9,lat,2,1,1.6664884090423584,1,0.9857911467552185,0.3508087694644928,5.766870498657227,0.16633261740207672,0.6743537187576294,0.0,0.0
40,10,4,0.9,lat,2,2,1.758130431175232,1,0.49905210733413696,0.4059115946292877,4.809731960296631,0.18121740221977234,0.737442672252655,0.0,0.0
40,10,4,0.9,lat,2,3,1.872247576713562,1,0.5013747215270996,0.43434247374534607,4.370044708251953,0.19975928962230682,0.7988547086715698,0.0,0.0
40,10,4,0.9,lat,2,4,1.952696681022644,1,0.5006813406944275,0.46450552344322205,3.984849214553833,0.20534415543079376,0.8548949956893921,0.0,0.0
40,10,4,0.9,lat,2,5,1.7480459213256836,1,0.4970936179161072,0.39942166209220886,4.902116775512695,0.18382598459720612,0.7642079591751099,0.0,0.0
40,10,4,0.9,lat,2,6,1.8617092370986938,1,0.4985607862472534,0.42736050486564636,4.459592342376709,0.1948651671409607,0.7756584286689758,0.0,0.0
40,10,4,0.9,lat,2,7,1.8622119426727295,1,0.49883878231048584,0.42914772033691406,4.436908721923828,0.19599661231040955,0.7876641154289246,0.0,0.0
40,10,4,0.9,lat,2,8,1.8770346641540527,1,0.4990871846675873,0.42565906047821045,4.471861362457275,0.20125596225261688,0.8129569292068481,0.0,0.0
40,10,4,0.9,lat,2,9,1.7559549808502197,1,0.4978153705596924,0.386835515499115,5.091909885406494,0.186009019613266,0.7583094835281372,0.0,0.0
40,10,4,0.9,lat,2,10,1.8442320823669434,1,0.497579425573349,0.4399165213108063,4.29506254196167,0.1927422285079956,0.7831060886383057,0.0,0.0
40,10,4,0.9,lat,2,11,1.746281385421753,1,0.4961470365524292,0.40151160955429077,4.8499979972839355,0.18801376223564148,0.7568510174751282,0.0,0.0
40,10,4,0.9,lat,2,12,1.7197014093399048,1,0.3804199993610382,0.4097919166088104,4.741779327392578,0.1658211052417755,0.6494948863983154,0.0,0.0
40,10,4,0.9,lat,2,13,1.875502586364746,1,0.4983150362968445,0.42258840799331665,4.534168243408203,0.1962568163871765,0.7997032999992371,0.0,0.0
40,10,4,0.9,lat,2,14,1.8811806440353394,1,0.4218824803829193,0.4597931504249573,4.054907321929932,0.17906337976455688,0.7154420018196106,0.0,0.0
40,10,4,0.9,lat,2,15,1.8623377084732056,1,0.49611416459083557,0.407243013381958,4.759643077850342,0.19625221192836761,0.7795592546463013,0.0,0.0
40,10,4,0.9,lat,2,16,1.9398635625839233,1,0.49427029490470886,0.4564947187900543,4.071042537689209,0.20498508214950562,0.8170369267463684,0.0,0.0
40,10,4,0.9,lat,2,17,1.656212329864502,1,0.36665448546409607,0.37475070357322693,5.32219934463501,0.15419423580169678,0.6217604875564575,0.0,0.0
40,10,4,0.9,lat,2,18,1.4716707468032837,1,0.32703953981399536,0.3483395278453827,5.774344444274902,0.14994394779205322,0.5986908078193665,0.0,0.0
40,10,4,0.9,lat,2,19,0.13309112191200256,0,0.005323389079421759,0.14804285764694214,8.878907203674316,1.1046916246414185,6.225029468536377,0.0,0.0
40,10,4,0.9,lat,2,20,0.29747840762138367,0,0.014508303254842758,0.15613964200019836,8.918962478637695,0.6643222570419312,3.5936312675476074,0.0,0.0
40,10,4,0.9,lat,2,21,0.09236733615398407,0,0.002549701603129506,0.16230760514736176,8.821415901184082,1.5430158376693726,8.908392906188965,0.0,0.0
40,10,4,0.9,lat,2,22,0.28533878922462463,0,0.02238151803612709,0.1401253193616867,9.123887062072754,0.5716816186904907,18.685932159423828,0.0,0.75
40,10,4,0.9,lat,2,23,0.007645276375114918,0,1.3225879229139537e-05,0.16470760107040405,8.812604904174805,20.394189834594727,23.29837989807129,0.0,1.0
40,10,4,0.9,lat,2,24,0.011326928623020649,0,1.9028962924494408e-05,0.15257152915000916,8.93397045135498,18.341835021972656,23.551437377929688,0.0,1.0
40,10,4,0.9,lat,2,25,0.002966987667605281,0,1.423297021574399e-06,0.16401991248130798,8.799193382263184,23.237110137939453,23.237110137939453,1.0,1.0
40,10,4,0.9,lat,2,26,0.0034241019748151302,0,2.9377911232586484e-06,0.1502620279788971,8.991395950317383,23.374006271362305,23.374006271362305,1.0,1.0
40,10,4,0.9,lat,2,27,0.006449396256357431,0,1.4375477803696413e-05,0.15467366576194763,8.936808586120605,21.207706451416016,23.91145896911621,0.0,1.0
40,10,4,0.9,lat,2,28,0.002487611724063754,0,1.047397404363437e-06,0.1541275680065155,9.057231903076172,23.82589340209961,23.82589340209961,1.0,1.0
40,10,4,0.9,lat,2,29,0.003346505109220743,0,1.611606535334431e-06,0.15746639668941498,8.886772155761719,24.522275924682617,24.522275924682617,1.0,1.0
40,10,4,0.9,lat,2,30,0.004421120975166559,0,4.435356004250934e-06,0.15408925712108612,8.838891983032227,23.690568923950195,23.690568923950195,1.0,1.0
40,10,4,0.9,lat,2,31,0.0036623880732804537,0,2.1291448319971096e-06,0.15111136436462402,8.926149368286133,22.8925724029541,22.8925724029541,1.0,1.0
40,10,4,0.9,lat,2,32,0.004485117271542549,0,2.5203501081705326e-06,0.15187525749206543,8.960408210754395,23.960655212402344,23.960655212402344,1.0,1.0
40,10,4,0.9,lat,2,33,0.0020187452901154757,0,6.751644150426728e-07,0.146884486079216,8.99426555633545,23.114185333251953,23.114185333251953,1.0,1.0
40,10,4,0.9,lat,2,34,0.004852778278291225,0,3.4557106118882075e-06,0.16863182187080383,8.741217613220215,22.460880279541016,22.460880279541016,1.0,1.0
40,10,4,0.9,lat,2,35,0.0032069284934550524,0,1.411336370438221e-06,0.1504666805267334,8.943361282348633,23.30914306640625,23.30914306640625,1.0,1.0
40,10,4,0.9,lat,2,36,0.002810356207191944,0,1.7463329413658357e-06,0.16843843460083008,8.961814880371094,23.024749755859375,23.024749755859375,1.0,1.0
40,10,4,0.9,lat,2,37,0.005452130455523729,0,4.255015483067837e-06,0.15780815482139587,8.906323432922363,23.847017288208008,23.847017288208008,1.0,1.0
40,10,4,0.9,lat,2,38,0.0037528902757912874,0,3.2963096145977033e-06,0.14569340646266937,9.092545509338379,22.847862243652344,22.847862243652344,1.0,1.0
40,10,4,0.9,lat,2,39,0.0026181444991379976,0,8.751773634685378e-07,0.14853255450725555,8.78622817993164,24.006656646728516,24.006656646728516,1.0,1.0
40,10,4,0.9,lat,3,0,1.847606897354126,1,0.4996316730976105,0.36565232276916504,5.317037105560303,0.1943359673023224,0.7838900685310364,0.0,0.0
40,10,4,0.9,lat,3,1,1.8473609685897827,1,0.4994848966598511,0.3563762903213501,5.37802267074585,0.1934683918952942,0.7822505235671997,0.0,0.0
40,10,4,0.9,lat,3,2,1.7287808656692505,1,0.7676973938941956,0.3022393584251404,6.521647930145264,0.17204195261001587,0.6909937262535095,0.0,0.0
40,10,4,0.9,lat,3,3,2.148468494415283,1,0.4996309280395508,0.43806180357933044,4.229121208190918,0.2237054854631424,0.91938316822052,0.0,0.0
40,10,4,0.9,lat,3,4,1.843815565109253,1,0.499856173992157,0.3812740743160248,5.099823951721191,0.1945132613182068,0.8015831708908081,0.0,0.0
40,10,4,0.9,lat,3,5,1.6952553987503052,1,0.49757421016693115,0.3148554563522339,6.176929473876953,0.17804284393787384,0.7206982970237732,0.0,0.0
40,10,4,0.9,lat,3,6,1.6936320066452026,1,0.4966988265514374,0.3264975845813751,5.991973400115967,0.17837205529212952,0.7236371636390686,0.0,0.0
40,10,4,0.9,lat,3,7,1.694658637046814,1,0.49882370233535767,0.339519739151001,5.728604793548584,0.176892951130867,0.7244408130645752,0.0,0.0
40,10,4,0.9,lat,3,8,2.3254380226135254,1,0.43073251843452454,0.5181877017021179,3.344146728515625,0.23970013856887817,0.9519488215446472,0.0,0.0
40,10,4,0.9,lat,3,9,2.314349412918091,1,0.4316670596599579,0.4965236783027649,3.575643539428711,0.249014750123024,0.9730446934700012,0.0,0.0
40,10,4,0.9,lat,3,10,1.6942099332809448,1,0.49852579832077026,0.33141037821769714,5.879940032958984,0.18015430867671967,0.7256003618240356,0.0,0.0
40,10,4,0.9,lat,3,11,1.8386482000350952,1,0.4971314072608948,0.3572080433368683,5.457570552825928,0.1928292214870453,0.770632266998291,0.0,0.0
40,10,4,0.9,lat,3,12,2.1427204608917236,1,0.44121628999710083,0.44661688804626465,4.128421783447266,0.23024527728557587,0.8957439661026001,0.0,0.0
40,10,4,0.9,lat,3,13,2.2979698181152344,1,0.41607168316841125,0.5055404901504517,3.4771361351013184,0.26843878626823425,1.0281260013580322,0.0,0.0
40,10,4,0.9,lat,3,14,2.2417714595794678,1,0.3975481688976288,0.5119920969009399,3.4095566272735596,0.2506660521030426,0.9853981733322144,0.0,0.0
40,10,4,0.9,lat,3,15,2.1429178714752197,1,0.42539897561073303,0.4482668936252594,4.119550704956055,0.2302546203136444,0.9121304154396057,0.0,0.0
40,10,4,0.9,lat,3,16,2.117584466934204,1,0.48547598719596863,0.4508441686630249,4.084461688995361,0.2306230664253235,0.9178893566131592,0.0,0.0
40,10,4,0.9,lat,3,17,1.8135298490524292,1,0.3114405870437622,0.40616536140441895,4.70156717300415,0.25073274970054626,1.0051087141036987,0.0,0.0
40,10,4,0.9,lat,3,18,1.6407248973846436,1,0.27734893560409546,0.35020551085472107,5.677092552185059,0.19887219369411469,0.7991401553153992,0.0,0.0
40,10,4,0.9,lat,3,19,1.4635504484176636,1,0.27780407667160034,0.3043423891067505,6.424381256103516,0.17652790248394012,0.7034938931465149,0.0,0.0
40,10,4,0.9,lat,3,20,0.7466534376144409,1,0.13771311938762665,0.1780194789171219,8.634136199951172,0.39834386110305786,1.8195229768753052,0.0,0.0
40,10,4,0.9,lat,3,21,0.4363785684108734,1,0.048373959958553314,0.18480341136455536,8.40936279296875,0.47031521797180176,2.310356855392456,0.0,0.0
40,10,4,0.9,lat,3,22,0.18134205043315887,0,0.008068536408245564,0.17578914761543274,8.433781623840332,1.0563526153564453,5.560346603393555,0.0,0.0
40,10,4,0.9,lat,3,23,0.1586107313632965,0,0.005936380010098219,0.18989194929599762,8.240211486816406,1.2113854885101318,6.410246849060059,0.0,0.0
40,10,4,0.9,lat,3,24,0.758470356464386,1,0.14704586565494537,0.1687418520450592,8.942277908325195,0.2691185176372528,1.111906886100769,0.0,0.0
40,10,4,0.9,lat,3,25,0.2253900021314621,0,0.012664658017456532,0.1835312396287918,8.430764198303223,0.8475056886672974,4.545303821563721,0.0,0.0
40,10,4,0.9,lat,3,26,0.09212695062160492,0,0.001989855896681547,0.17471009492874146,8.519278526306152,1.9697624444961548,10.574796676635742,0.0,0.0
40,10,4,0.9,lat,3,27,0.0055483439937233925,0,3.1258209673978854e-06,0.18673984706401825,8.324275016784668,25.833940505981445,25.833940505981445,1.0,1.0
40,10,4,0.9,lat,3,28,0.00861996877938509,0,7.059460585878696e-06,0.1730436533689499,8.32182502746582,26.366573333740234,26.366573333740234,1.0,1.0
40,10,4,0.9,lat,3,29,0.00442844070494175,0,1.7142857586804894e-06,0.18450713157653809,8.173988342285156,26.314579010009766,26.314579010009766,1.0,1.0
40,10,4,0.9,lat,3,30,0.0033147886861115694,0,1.3641529221786186e-06,0.18875057995319366,7.885288715362549,26.178152084350586,26.178152084350586,1.0,1.0
40,10,4,0.9,lat,3,31,0.005625973455607891,0,3.4492900340410415e-06,0.19456332921981812,8.031615257263184,26.488162994384766,26.488162994384766,1.0,1.0
40,10,4,0.9,lat,3,32,0.0044677299447357655,0,2.0771660729224095e-06,0.17123374342918396,8.225296974182129,27.73602294921875,27.73602294921875,1.0,1.0
40,10,4,0.9,lat,3,33,0.007393404375761747,0,4.720630840893136e-06,0.20104661583900452,8.158639907836914,25.33258819580078,25.33258819580078,1.0,1.0
40,10,4,0.9,lat,3,34,0.005338763352483511,0,7.051292413962074e-06,0.20804233849048615,7.771815299987793,27.389179229736328,27.389179229736328,1.0,1.0
40,10,4,0.9,lat,3,35,0.004398529417812824,0,1.8556146414994146e-06,0.18743474781513214,8.26888370513916,25.556621551513672,25.556621551513672,1.0,1.0
40,10,4,0.9,lat,3,36,0.0024976045824587345,0,8.358622380910674e-07,0.18474161624908447,8.382242202758789,25.923749923706055,25.923749923706055,1.0,1.0
40,10,4,0.9,lat,3,37,0.004264486487954855,0,1.6428124354206375e-06,0.17452481389045715,8.363936424255371,25.66942596435547,25.66942596435547,1.0,1.0
40,10,4,0.9,lat,3,38,0.003982472233474255,0,1.5579498722217977e-06,0.1826440691947937,8.157305717468262,26.00715446472168,26.00715446472168,1.0,1.0
40,10,4,0.9,lat,3,39,0.004081332590430975,0,2.3358418275165604e-06,0.19665302336215973,7.992351055145264,26.85260581970215,26.85260581970215,1.0,1.0
40,10,4,0.9,lat,4,0,1.8703218698501587,1,0.499313622713089,0.40042680501937866,4.9201788902282715,0.1977250725030899,0.8055862784385681,0.0,0.0
40,10,4,0.9,lat,4,1,1.905496597290039,1,0.4999326169490814,0.41536933183670044,4.691255569458008,0.19810228049755096,0.7972873449325562,0.0,0.0
40,10,4,0.9,lat,4,2,1.8391673564910889,1,0.49924999475479126,0.3965582549571991,4.998682022094727,0.19176602363586426,0.7715384364128113,0.0,0.0
40,10,4,0.9,lat,4,3,1.8444198369979858,1,0.49818605184555054,0.3818408250808716,5.221991539001465,0.19536350667476654,0.7883545160293579,0.0,0.0
40,10,4,0.9,lat,4,4,1.8710699081420898,1,0.49973225593566895,0.3812212347984314,5.227059841156006,0.19627588987350464,0.790528416633606,0.0,0.0
40,10,4,0.9,lat,4,5,1.9403581619262695,1,0.49976301193237305,0.4126966595649719,4.73895263671875,0.20478087663650513,0.8195155262947083,0.0,0.0
40,10,4,0.9,lat,4,6,1.8377184867858887,1,0.4984683394432068,0.39341065287590027,5.035688400268555,0.19326014816761017,0.8006711006164551,0.0,0.0
40,10,4,0.9,lat,4,7,1.904201626777649,1,0.4992523491382599,0.41026443243026733,4.769379615783691,0.2002050131559372,0.8036470413208008,0.0,0.0
40,10,4,0.9,lat,4,8,1.8292144536972046,1,0.4985466003417969,0.3824593424797058,5.196291446685791,0.19367262721061707,0.7810590267181396,0.0,0.0
40,10,4,0.9,lat,4,9,2.0179758071899414,1,0.47033724188804626,0.4395832419395447,4.342067718505859,0.19867072999477386,0.7847567796707153,0.0,0.0
40,10,4,0.9,lat,4,10,1.9652267694473267,1,0.49776750802993774,0.4281371235847473,4.505391597747803,0.20411747694015503,0.8311475515365601,0.0,0.0
40,10,4,0.9,lat,4,11,1.8278956413269043,1,0.49779677391052246,0.3905990719795227,5.087863445281982,0.18922112882137299,0.757724404335022,0.0,0.0
40,10,4,0.9,lat,4,12,1.9364995956420898,1,0.49777302145957947,0.42239874601364136,4.578228950500488,0.2066127359867096,0.8233776092529297,0.0,0.0
40,10,4,0.9,lat,4,13,1.841080904006958,1,0.4963935911655426,0.38513028621673584,5.156385898590088,0.19487999379634857,0.77977454662323,0.0,0.0
40,10,4,0.9,lat,4,14,1.9404395818710327,1,0.48075318336486816,0.3994449973106384,4.925630569458008,0.19633404910564423,0.7944965362548828,0.0,0.0
40,10,4,0.9,lat,4,15,1.9618338346481323,1,0.496134877204895,0.42853960394859314,4.4918060302734375,0.20577995479106903,0.8463588356971741,0.0,0.0
40,10,4,0.9,lat,4,16,1.9361203908920288,1,0.4786999523639679,0.41962483525276184,4.631346702575684,0.19903697073459625,0.80186527967453,0.0,0.0
40,10,4,0.9,lat,4,17,1.5198369026184082,1,0.38752976059913635,0.32600364089012146,6.338112831115723,0.1461220234632492,0.5711255669593811,0.0,0.0
40,10,4,0.9,lat,4,18,2.004432201385498,1,0.46485069394111633,0.43539243936538696,4.410311222076416,0.19491568207740784,0.776318371295929,0.0,0.0
40,10,4,0.9,lat,4,19,0.8778495788574219,1,0.13487574458122253,0.19585798680782318,8.880853652954102,0.2543143928050995,1.0907357931137085,0.0,0.0
40,10,4,0.9,lat,4,20,0.3754928410053253,1,0.025882402434945107,0.1456960141658783,9.418084144592285,0.5581132173538208,2.8450753688812256,0.0,0.0
40,10,4,0.9,lat,4,21,0.042914628982543945,0,0.0004760655283462256,0.12683343887329102,9.459968566894531,3.958555221557617,21.539676666259766,0.0,0.0
40,10,4,0.9,lat,4,22,1.1148748397827148,1,0.2051706612110138,0.2407877892255783,8.075774192810059,0.21224857866764069,0.8831723928451538,0.0,0.0
40,10,4,0.9,lat,4,23,0.01309381052851677,0,2.328074879187625e-05,0.13696078956127167,9.357136726379395,19.721866607666016,25.03168487548828,0.0,1.0
40,10,4,0.9,lat,4,24,0.11267749965190887,0,0.0019988466519862413,0.13240227103233337,9.54561710357666,2.059713125228882,11.611906051635742,0.0,0.0
40,10,4,0.9,lat,4,25,0.005867600440979004,0,6.053169727238128e-06,0.13443370163440704,9.422619819641113,25.097055435180664,25.097055435180664,1.0,1.0
40,10,4,0.9,lat,4,26,0.0046840934082865715,0,5.582774520007661e-06,0.13887447118759155,9.3374662399292,25.300983428955078,25.300983428955078,1.0,1.0
40,10,4,0.9,lat,4,27,0.002757616573944688,0,1.2808509382011835e-06,0.1466115564107895,9.224617004394531,24.682796478271484,24.682796478271484,1.0,1.0
40,10,4,0.9,lat,4,28,0.003164721420034766,0,1.1912717354789493e-06,0.14004282653331757,9.38299560546875,23.86693000793457,23.86693000793457,1.0,1.0
40,10,4,0.9,lat,4,29,0.0021093382965773344,0,5.921976935496787e-07,0.12762139737606049,9.443413734436035,24.797086715698242,24.797086715698242,1.0,1.0
40,10,4,0.9,lat,4,30,0.0018181619234383106,0,4.590534103954269e-07,0.13830997049808502,9.394692420959473,25.040630340576172,25.040630340576172,1.0,1.0
40,10,4,0.9,lat,4,31,0.0024506193585693836,0,7.622189173162042e-07,0.1411123126745224,9.383370399475098,25.238351821899414,25.238351821899414,1.0,1.0
40,10,4,0.9,lat,4,32,0.0038328315131366253,0,2.9659470328624593e-06,0.13662134110927582,9.347179412841797,24.278409957885742,24.278409957885742,1.0,1.0
40,10,4,0.9,lat,4,33,0.003499563317745924,0,1.8111895769834518e-06,0.13865256309509277,9.454068183898926,24.335716247558594,24.335716247558594,1.0,1.0
40,10,4,0.9,lat,4,34,0.00345405749976635,0,1.5803038877493236e-06,0.13396577537059784,9.371926307678223,24.62848663330078,24.62848663330078,1.0,1.0
40,10,4,0.9,lat,4,35,0.0029603783041238785,0,1.2925447663292289e-06,0.1534428745508194,9.300317764282227,24.9168758392334,24.9168758392334,1.0,1.0
40,10,4,0.9,lat,4,36,0.0020011665765196085,0,5.781435561402759e-07,0.1424480378627777,9.207991600036621,24.348419189453125,24.348419189453125,1.0,1.0
40,10,4,0.9,lat,4,37,0.002155630150809884,0,6.411033837139257e-07,0.1390802264213562,9.399025917053223,24.418420791625977,24.418420791625977,1.0,1.0
40,10,4,0.9,lat,4,38,0.003082937328144908,0,1.2710607961707865e-06,0.14948594570159912,9.373490333557129,25.56391143798828,25.56391143798828,1.0,1.0
40,10,4,0.9,lat,4,39,0.0023393570445477962,0,7.642154855602712e-07,0.15764403343200684,9.197761535644531,24.599395751953125,24.599395751953125,1.0,1.0
40,10,4,0.99,baseline,0,0,1.9092183113098145,1,0.3967495560646057,0.8085131645202637,1.5156197547912598,0.11692647635936737,0.42565539479255676,0.0,0.0
40,10,4,0.99,baseline,0,1,1.773858904838562,1,0.34518954157829285,0.8489370346069336,1.3773486614227295,0.11336451023817062,0.4116518795490265,0.0,0.0
40,10,4,0.99,baseline,0,2,1.6681156158447266,1,0.41021621227264404,0.8044272661209106,1.530092477798462,0.1328534483909607,0.5301263332366943,0.0,0.0
40,10,4,0.99,baseline,0,3,1.7953293323516846,1,0.33817586302757263,0.8148903250694275,1.4900202751159668,0.12028827518224716,0.4453650712966919,0.0,0.0
40,10,4,0.99,baseline,0,4,1.4476853609085083,1,0.39780092239379883,0.7450124621391296,1.7593275308609009,0.12253260612487793,0.4397052228450775,0.0,0.0
40,10,4,0.99,baseline,0,5,1.5257453918457031,1,0.37942931056022644,0.76793372631073,1.6641263961791992,0.10851892828941345,0.41130465269088745,0.0,0.0
40,10,4,0.99,baseline,0,6,1.566066861152649,1,0.36230769753456116,0.8256592750549316,1.4530948400497437,0.12267488986253738,0.4632735848426819,0.0,0.0
40,10,4,0.99,baseline,0,7,1.753286361694336,1,0.30452796816825867,0.765163242816925,1.6745253801345825,0.11548510193824768,0.46156540513038635,0.0,0.0
40,10,4,0.99,baseline,0,8,1.7755690813064575,1,0.2888798415660858,0.8167660236358643,1.484864592552185,0.10994630306959152,0.42106175422668457,0.0,0.0
40,10,4,0.99,baseline,0,9,1.4832594394683838,1,0.3197978436946869,0.6842403411865234,2.063732862472534,0.11642201989889145,0.4414493143558502,0.0,0.0
40,10,4,0.99,baseline,0,10,1.9177896976470947,1,0.4166552722454071,0.8409454226493835,1.4045372009277344,0.10765410214662552,0.4307599365711212,0.0,0.0
40,10,4,0.99,baseline,0,11,1.3489257097244263,1,0.31171074509620667,0.7437458038330078,1.77120041847229,0.1348530650138855,0.5106213688850403,0.0,0.0
40,10,4,0.99,baseline,0,12,1.538321614265442,1,0.24023963510990143,0.7350209355354309,1.8063353300094604,0.11576356738805771,0.42791250348091125,0.0,0.0
40,10,4,0.99,baseline,0,13,1.5285347700119019,1,0.22106383740901947,0.7674132585525513,1.6736613512039185,0.10950378328561783,0.4034172296524048,0.0,0.0
40,10,4,0.99,baseline,0,14,1.156619906425476,1,0.18755203485488892,0.7416384816169739,1.7784311771392822,0.10529137402772903,0.40539032220840454,0.0,0.0
40,10,4,0.99,baseline,0,15,1.3875532150268555,1,0.22209039330482483,0.7636985182762146,1.6858805418014526,0.11126343905925751,0.3978438675403595,0.0,0.0
40,10,4,0.99,baseline,0,16,1.2158070802688599,1,0.1923290193080902,0.7739236950874329,1.6424431800842285,0.10703732818365097,0.4117286205291748,0.0,0.0
40,10,4,0.99,baseline,0,17,1.3542389869689941,1,0.16770169138908386,0.7841692566871643,1.6003150939941406,0.13560138642787933,0.50572270154953,0.0,0.0
40,10,4,0.99,baseline,0,18,1.3100041151046753,1,0.19388800859451294,0.8304399847984314,1.4395908117294312,0.12299223244190216,0.4250042736530304,0.0,0.0
40,10,4,0.99,baseline,0,19,1.530440092086792,1,0.2746836245059967,0.7545307874679565,1.7237564325332642,0.13479875028133392,0.4787474274635315,0.0,0.0
40,10,4,0.99,baseline,0,20,1.217038631439209,1,0.20200218260288239,0.8090565204620361,1.5104480981826782,0.10646022111177444,0.38883161544799805,0.0,0.0
40,10,4,0.99,baseline,0,21,1.3053491115570068,1,0.21420398354530334,0.6837497353553772,2.068855047225952,0.1373830884695053,0.43993112444877625,0.0,0.0
40,10,4,0.99,baseline,0,22,1.6092865467071533,1,0.24406860768795013,0.7863962650299072,1.5952069759368896,0.1277633011341095,0.46869179606437683,0.0,0.0
40,10,4,0.99,baseline,0,23,1.2312493324279785,1,0.19051848351955414,0.6218441724777222,2.4080352783203125,0.11551211774349213,0.4512876570224762,0.0,0.0
40,10,4,0.99,baseline,0,24,1.3782018423080444,1,0.184005007147789,0.7156422734260559,1.8867309093475342,0.11799094080924988,0.4360489547252655,0.0,0.0
40,10,4,0.99,baseline,0,25,1.238527536392212,1,0.20407730340957642,0.7306169867515564,1.8340576887130737,0.12470369786024094,0.48561787605285645,0.0,0.0
40,10,4,0.99,baseline,0,26,1.1233391761779785,1,0.13946785032749176,0.6407172083854675,2.2912685871124268,0.10369113087654114,0.39252769947052,0.0,0.0
40,10,4,0.99,baseline,0,27,1.3455559015274048,1,0.1693650484085083,0.721429169178009,1.867798924446106,0.13412055373191833,0.5280735492706299,0.0,0.0
40,10,4,0.99,baseline,0,28,1.2404619455337524,1,0.21031145751476288,0.6868840456008911,2.0447967052459717,0.13594545423984528,0.5415670275688171,0.0,0.0
40,10,4,0.99,baseline,0,29,1.223313331604004,1,0.14079050719738007,0.6782492399215698,2.0846590995788574,0.1341182142496109,0.5133042335510254,0.0,0.0
40,10,4,0.99,baseline,0,30,1.1451846361160278,1,0.12986290454864502,0.6576766967773438,2.183849334716797,0.11922325938940048,0.4315357506275177,0.0,0.0
40,10,4,0.99,baseline,0,31,1.1622483730316162,1,0.15161749720573425,0.6580764651298523,2.2117438316345215,0.15577912330627441,0.5701476335525513,0.0,0.0
40,10,4,0.99,baseline,0,32,1.1617379188537598,1,0.13773834705352783,0.7507778406143188,1.7343339920043945,0.14633281528949738,0.494397908449173,0.0,0.0
40,10,4,0.99,baseline,0,33,1.2127262353897095,1,0.15188820660114288,0.6247870922088623,2.3842685222625732,0.14636293053627014,0.5588312745094299,0.0,0.0
40,10,4,0.99,baseline,0,34,0.9346513748168945,1,0.09387017041444778,0.5699163675308228,2.7472009658813477,0.23972854018211365,0.7530709505081177,0.0,0.0
40,10,4,0.99,baseline,0,35,0.8796343803405762,1,0.09984634816646576,0.6297525763511658,2.361093282699585,0.1724853366613388,0.6287323832511902,0.0,0.0
40,10,4,0.99,baseline,0,36,0.6575989127159119,1,0.047196026891469955,0.3944820165634155,4.494654178619385,0.5197758674621582,2.5084781646728516,0.0,0.0
40,10,4,0.99,baseline,0,37,0.9275481700897217,1,0.10231078416109085,0.4152581989765167,4.293624401092529,0.17411686480045319,0.6842364072799683,0.0,0.0
40,10,4,0.99,baseline,0,38,0.4405330419540405,1,0.026193350553512573,0.31716135144233704,5.558299541473389,0.6726205348968506,3.8902816772460938,0.0,0.0
40,10,4,0.99,baseline,0,39,0.6921154856681824,1,0.06043253093957901,0.48640164732933044,3.4983983039855957,0.25086280703544617,1.4463227987289429,0.0,0.0
40,10,4,0.99,baseline,1,0,1.7786775827407837,1,0.3721707761287689,0.8187323212623596,1.4776887893676758,0.13334545493125916,0.481190025806427,0.0,0.0
40,10,4,0.99,baseline,1,1,1.7862037420272827,1,0.3782780170440674,0.7870439291000366,1.5946651697158813,0.13052324950695038,0.4438719153404236,0.0,0.0
40,10,4,0.99,baseline,1,2,2.0030367374420166,1,0.37220272421836853,0.8089787364006042,1.5133235454559326,0.1471133530139923,0.5019766092300415,0.0,0.0
40,10,4,0.99,baseline,1,3,1.3041541576385498,1,0.24740257859230042,0.6694979071617126,2.152247667312622,0.1063636764883995,0.3807271718978882,0.0,0.0
40,10,4,0.99,baseline,1,4,1.6214975118637085,1,0.38169023394584656,0.8123912811279297,1.4991042613983154,0.16472837328910828,0.5209107995033264,0.0,0.0
40,10,4,0.99,baseline,1,5,1.6390961408615112,1,0.32483476400375366,0.8124927878379822,1.4990791082382202,0.12573160231113434,0.4493423402309418,0.0,0.0
40,10,4,0.99,baseline,1,6,1.7712047100067139,1,0.38554733991622925,0.803981602191925,1.528935194015503,0.11704088002443314,0.45196613669395447,0.0,0.0
40,10,4,0.99,baseline,1,7,1.697929859161377,1,0.3167373836040497,0.7819911241531372,1.614748239517212,0.13149787485599518,0.44965165853500366,0.0,0.0
40,10,4,0.99,baseline,1,8,1.8138407468795776,1,0.3363780379295349,0.8816976547241211,1.2821515798568726,0.14889177680015564,0.46683740615844727,0.0,0.0
40,10,4,0.99,baseline,1,9,1.634929895401001,1,0.2947483956813812,0.7655506134033203,1.675614595413208,0.0997367575764656,0.41134485602378845,0.0,0.0
40,10,4,0.99,baseline,1,10,1.384861707687378,1,0.20922820270061493,0.7229958176612854,1.870911955833435,0.08788929879665375,0.334198534488678,0.0,0.0
40,10,4,0.99,baseline,1,11,1.6544251441955566,1,0.2680101990699768,0.8256596922874451,1.4556992053985596,0.10729441791772842,0.4170053005218506,0.0,0.0
40,10,4,0.99,baseline,1,12,1.385769009590149,1,0.23013745248317719,0.6895739436149597,2.0109505653381348,0.12591460347175598,0.45579439401626587,0.0,0.0
40,10,4,0.99,baseline,1,13,1.31618332862854,1,0.225929394364357,0.7159733176231384,1.8954401016235352,0.10855661332607269,0.40266960859298706,0.0,0.0
40,10,4,0.99,baseline,1,14,1.393311619758606,1,0.21968212723731995,0.7928159236907959,1.56681227684021,0.12404359132051468,0.41356533765792847,0.0,0.0
40,10,4,0.99,baseline,1,15,1.384099006652832,1,0.20908276736736298,0.812882125377655,1.4997135400772095,0.1265103667974472,0.46868759393692017,0.0,0.0
40,10,4,0.99,baseline,1,16,1.3759331703186035,1,0.24734415113925934,0.7135632038116455,1.9159746170043945,0.11097462475299835,0.4105941951274872,0.0,0.0
40,10,4,0.99,baseline,1,17,1.6360461711883545,1,0.23103167116641998,0.7667567133903503,1.6673176288604736,0.12462066113948822,0.4021298289299011,0.0,0.0
40,10,4,0.99,baseline,1,18,1.3896563053131104,1,0.20112507045269012,0.6362114548683167,2.3497400283813477,0.13347402215003967,0.44790902733802795,0.0,0.0
40,10,4,0.99,baseline,1,19,1.2911479473114014,1,0.22575585544109344,0.7399944067001343,1.7892029285430908,0.09736469388008118,0.3629820942878723,0.0,0.0
40,10,4,0.99,baseline,1,20,1.5821980237960815,1,0.28902432322502136,0.7287144660949707,1.837093472480774,0.12930971384048462,0.5025596618652344,0.0,0.0
40,10,4,0.99,baseline,1,21,1.2207648754119873,1,0.20552517473697662,0.5852493047714233,2.6771998405456543,0.1179165318608284,0.43089744448661804,0.0,0.0
40,10,4,0.99,baseline,1,22,1.5157603025436401,1,0.21969811618328094,0.8207187652587891,1.4696907997131348,0.07935071736574173,0.2867082357406616,0.0,0.0
40,10,4,0.99,baseline,1,23,1.375605583190918,1,0.22149746119976044,0.7666582465171814,1.6723353862762451,0.11021463572978973,0.4200187623500824,0.0,0.0
40,10,4,0.99,baseline,1,24,1.3828349113464355,1,0.2004486620426178,0.7615357637405396,1.6884303092956543,0.09387124329805374,0.376409649848938,0.0,0.0
40,10,4,0.99,baseline,1,25,1.1449984312057495,1,0.16742365062236786,0.6665398478507996,2.1616787910461426,0.11493836343288422,0.3746238052845001,0.0,0.0
40,10,4,0.99,baseline,1,26,1.4944403171539307,1,0.26022255420684814,0.8046248555183411,1.527062177658081,0.1477660983800888,0.48993760347366333,0.0,0.0
40,10,4,0.99,baseline,1,27,1.4598252773284912,1,0.1949252486228943,0.7167625427246094,1.8982905149459839,0.13717065751552582,0.4657731056213379,0.0,0.0
40,10,4,0.99,baseline,1,28,1.2350671291351318,1,0.17206308245658875,0.7991904020309448,1.543786644935608,0.11735983192920685,0.4133504331111908,0.0,0.0
40,10,4,0.99,baseline,1,29,1.2391773462295532,1,0.18805767595767975,0.6446545720100403,2.300265312194824,0.13305246829986572,0.45782312750816345,0.0,0.0
40,10,4,0.99,baseline,1,30,1.1931414604187012,1,0.18024031817913055,0.6416009068489075,2.2967069149017334,0.12255588918924332,0.39551079273223877,0.0,0.0
40,10,4,0.99,baseline,1,31,1.2008240222930908,1,0.17110662162303925,0.7469104528427124,1.7551774978637695,0.10346115380525589,0.4016212224960327,0.0,0.0
40,10,4,0.99,baseline,1,32,1.2178850173950195,1,0.1540873646736145,0.6919267177581787,2.0214614868164062,0.1401316374540329,0.4035206735134125,0.0,0.0
40,10,4,0.99,baseline,1,33,1.143953561782837,1,0.14816509187221527,0.5996686220169067,2.6058645248413086,0.23899614810943604,0.5935848951339722,0.0,0.0
40,10,4,0.99,baseline,1,34,1.1852866411209106,1,0.12879495322704315,0.7044594883918762,1.9320157766342163,0.21355955302715302,0.5175740718841553,0.0,0.0
40,10,4,0.99,baseline,1,35,1.0085581541061401,1,0.07903072983026505,0.5920412540435791,2.6424179077148438,0.20105481147766113,0.5166230797767639,0.0,0.0
40,10,4,0.99,baseline,1,36,1.1656441688537598,1,0.13113242387771606,0.7772533893585205,1.6311500072479248,0.18063843250274658,0.5927746891975403,0.0,0.0
40,10,4,0.99,baseline,1,37,1.327214002609253,1,0.18919716775417328,0.7315354943275452,1.8287997245788574,0.08410125225782394,0.40440434217453003,0.0,0.0
40,10,4,0.99,baseline,1,38,0.6488471627235413,1,0.05001291632652283,0.4919869601726532,3.53141188621521,6.396427631378174,1.0873733758926392,0.0,0.0
40,10,4,0.99,baseline,1,39,0.8436587452888489,1,0.05991622805595398,0.48522472381591797,3.54963755607605,0.22759710252285004,1.237319827079773,0.0,0.0
40,10,4,0.99,baseline,2,0,2.4761886596679688,1,0.4883360266685486,0.9000022411346436,1.2323740720748901,0.17426234483718872,0.6469935178756714,0.0,0.0
40,10,4,0.99,baseline,2,1,1.9475994110107422,1,0.38049033284187317,0.8978228569030762,1.2372090816497803,0.13597866892814636,0.5206642150878906,0.0,0.0
40,10,4,0.99,baseline,2,2,1.9605714082717896,1,0.4141443073749542,0.8654512763023376,1.3284459114074707,0.13582532107830048,0.5176570415496826,0.0,0.0
40,10,4,0.99,baseline,2,3,1.7020994424819946,1,0.34475114941596985,0.8139642477035522,1.4953337907791138,0.11314927786588669,0.4437178671360016,0.0,0.0
40,10,4,0.99,baseline,2,4,1.910949468612671,1,0.4063390791416168,0.8481084704399109,1.3827694654464722,0.11757660657167435,0.46472933888435364,0.0,0.0
40,10,4,0.99,baseline,2,5,1.645790934562683,1,0.35969507694244385,0.7564250826835632,1.7170701026916504,0.11329681426286697,0.4271707236766815,0.0,0.0
40,10,4,0.99,baseline,2,6,2.015612840652466,1,0.35023218393325806,0.8663132786750793,1.3261785507202148,0.1319596916437149,0.48077577352523804,0.0,0.0
40,10,4,0.99,baseline,2,7,2.0435054302215576,1,0.38623496890068054,0.7942275404930115,1.5661735534667969,0.14672008156776428,0.46913841366767883,0.0,0.0
40,10,4,0.99,baseline,2,8,1.429279088973999,1,0.3100983798503876,0.7044304013252258,1.9439971446990967,0.12642091512680054,0.4672829806804657,0.0,0.0
40,10,4,0.99,baseline,2,9,1.4580399990081787,1,0.2408667951822281,0.7030731439590454,1.9547135829925537,0.13433533906936646,0.4342931807041168,0.0,0.0
40,10,4,0.99,baseline,2,10,1.3350039720535278,1,0.24518026411533356,0.7446507215499878,1.762581467628479,0.09982264041900635,0.39418813586235046,0.0,0.0
40,10,4,0.99,baseline,2,11,1.8425028324127197,1,0.3252445161342621,0.7524380087852478,1.7278152704238892,0.12579390406608582,0.4612514078617096,0.0,0.0
40,10,4,0.99,baseline,2,12,1.8593798875808716,1,0.3295665383338928,0.8243604898452759,1.460357666015625,0.10894197970628738,0.42609095573425293,0.0,0.0
40,10,4,0.99,baseline,2,13,1.3020613193511963,1,0.19496332108974457,0.6315780878067017,2.3554303646087646,0.10998240858316422,0.4244043827056885,0.0,0.0
40,10,4,0.99,baseline,2,14,1.3015077114105225,1,0.17090606689453125,0.6476545929908752,2.2371416091918945,0.11946160346269608,0.4422522783279419,0.0,0.0
40,10,4,0.99,baseline,2,15,1.5559834241867065,1,0.28569045662879944,0.7403967976570129,1.7864845991134644,0.13196495175361633,0.44406402111053467,0.0,0.0
40,10,4,0.99,baseline,2,16,1.7000640630722046,1,0.29833731055259705,0.8057490587234497,1.5237085819244385,0.13396070897579193,0.4440137445926666,0.0,0.0
40,10,4,0.99,baseline,2,17,1.5113728046417236,1,0.2208324670791626,0.7037855386734009,1.957767128944397,0.1478303223848343,0.4463551342487335,0.0,0.0
40,10,4,0.99,baseline,2,18,1.303544521331787,1,0.17366263270378113,0.6974208950996399,1.9601504802703857,0.12331168353557587,0.45644670724868774,0.0,0.0
40,10,4,0.99,baseline,2,19,1.5917271375656128,1,0.24602963030338287,0.7860872745513916,1.5926789045333862,0.13447868824005127,0.49353450536727905,0.0,0.0
40,10,4,0.99,baseline,2,20,1.2309986352920532,1,0.19586509466171265,0.7474037408828735,1.7505741119384766,0.10888165235519409,0.4185430407524109,0.0,0.0
40,10,4,0.99,baseline,2,21,1.2483363151550293,1,0.1966623216867447,0.6798220872879028,2.077949047088623,0.1415926218032837,0.4893157184123993,0.0,0.0
40,10,4,0.99,baseline,2,22,1.497354507446289,1,0.20211800932884216,0.7271410226821899,1.8433845043182373,0.12189756333827972,0.4518137574195862,0.0,0.0
40,10,4,0.99,baseline,2,23,1.1770970821380615,1,0.1564519703388214,0.6525424122810364,2.24137544631958,0.12339821457862854,0.46795836091041565,0.0,0.0
40,10,4,0.99,baseline,2,24,1.0920394659042358,1,0.11027936637401581,0.6584603786468506,2.18354868888855,0.10313016176223755,0.4085138738155365,0.0,0.0
40,10,4,0.99,baseline,2,25,1.5487334728240967,1,0.270414263010025,0.8550068140029907,1.3606817722320557,0.15690746903419495,0.37971365451812744,0.0,0.0
40,10,4,0.99,baseline,2,26,1.2510249614715576,1,0.16680768132209778,0.8053029775619507,1.5246950387954712,0.12442632764577866,0.4502760171890259,0.0,0.0
40,10,4,0.99,baseline,2,27,1.2286765575408936,1,0.1692962795495987,0.6964300870895386,1.987922191619873,0.11936836689710617,0.4467315077781677,0.0,0.0
40,10,4,0.99,baseline,2,28,1.0683513879776,1,0.10600723326206207,0.5982997417449951,2.601658821105957,0.1220497414469719,0.46772074699401855,0.0,0.0
40,10,4,0.99,baseline,2,29,1.0255377292633057,1,0.10446646809577942,0.6221141815185547,2.426007032394409,0.13249517977237701,0.48256054520606995,0.0,0.0
40,10,4,0.99,baseline,2,30,1.2565135955810547,1,0.17426571249961853,0.7075381278991699,1.9373726844787598,0.1485377848148346,0.5521960854530334,0.0,0.0
40,10,4,0.99,baseline,2,31,1.0567232370376587,1,0.13174696266651154,0.6351490020751953,2.3496692180633545,0.13543741405010223,0.5035133361816406,0.0,0.0
40,10,4,0.99,baseline,2,32,1.1136794090270996,1,0.1271207183599472,0.6951659321784973,1.9769911766052246,0.15707360208034515,0.5707747340202332,0.0,0.0
40,10,4,0.99,baseline,2,33,1.4477365016937256,1,0.2017085999250412,0.6775138974189758,2.1014766693115234,0.12564224004745483,0.5460136532783508,0.0,0.0
40,10,4,0.99,baseline,2,34,1.204877495765686,1,0.12659315764904022,0.7219851016998291,1.8655850887298584,0.14515428245067596,0.5687640309333801,0.0,0.0
40,10,4,0.99,baseline,2,35,0.8641799092292786,1,0.05748042091727257,0.5574398636817932,2.908820629119873,0.21645709872245789,0.664232075214386,0.0,0.0
40,10,4,0.99,baseline,2,36,0.9029026627540588,1,0.08574840426445007,0.5901722311973572,2.6175999641418457,0.16325977444648743,0.6033527851104736,0.0,0.0
40,10,4,0.99,baseline,2,37,0.788127064704895,1,0.06047315150499344,0.4355756342411041,4.032345294952393,0.20469385385513306,0.8553265333175659,0.0,0.0
40,10,4,0.99,baseline,2,38,0.9497925043106079,1,0.07127030193805695,0.5436030626296997,3.0164287090301514,1.1213518381118774,0.8033102750778198,0.0,0.0
40,10,4,0.99,baseline,2,39,0.7552362084388733,1,0.06306132674217224,0.49931061267852783,3.3446309566497803,0.3174518942832947,1.358165979385376,0.0,0.0
40,10,4,0.99,baseline,3,0,2.1311416625976562,1,0.4566103219985962,0.8851155638694763,1.2708284854888916,0.17197832465171814,0.5695698857307434,0.0,0.0
40,10,4,0.99,baseline,3,1,1.7748630046844482,1,0.316614031791687,0.810857892036438,1.5073280334472656,0.10075412690639496,0.387140154838562,0.0,0.0
40,10,4,0.99,baseline,3,2,2.2385807037353516,1,0.3864726722240448,0.9237670302391052,1.169997215270996,0.15936142206192017,0.5450263619422913,0.0,0.0
40,10,4,0.99,baseline,3,3,2.1296603679656982,1,0.3516198992729187,0.887131929397583,1.2666078805923462,0.15303854644298553,0.5422671437263489,0.0,0.0
40,10,4,0.99,baseline,3,4,1.5674208402633667,1,0.29548364877700806,0.8858646750450134,1.2697479724884033,0.1153835728764534,0.41982001066207886,0.0,0.0
40,10,4,0.99,baseline,3,5,1.4409894943237305,1,0.3128432631492615,0.7746367454528809,1.62289559841156,0.13305707275867462,0.44754332304000854,0.0,0.0
40,10,4,0.99,baseline,3,6,1.765862226486206,1,0.2797107696533203,0.7852892875671387,1.59818434715271,0.11698297411203384,0.44790545105934143,0.0,0.0
40,10,4,0.99,baseline,3,7,2.0328447818756104,1,0.5149292349815369,0.898624062538147,1.23529851436615,0.19159667193889618,0.6312231421470642,0.0,0.0
40,10,4,0.99,baseline,3,8,1.8708642721176147,1,0.3538639545440674,0.8422201871871948,1.4014685153961182,0.12841330468654633,0.49845319986343384,0.0,0.0
40,10,4,0.99,baseline,3,9,1.8163456916809082,1,0.33489686250686646,0.8350151777267456,1.4210845232009888,0.15994614362716675,0.49503856897354126,0.0,0.0
40,10,4,0.99,baseline,3,10,1.6094589233398438,1,0.24187436699867249,0.8570203185081482,1.3528718948364258,0.11445041000843048,0.43308940529823303,0.0,0.0
40,10,4,0.99,baseline,3,11,1.5006237030029297,1,0.27499890327453613,0.7309439778327942,1.8045384883880615,0.12354127317667007,0.39203310012817383,0.0,0.0
40,10,4,0.99,baseline,3,12,1.5430797338485718,1,0.26911336183547974,0.7897418141365051,1.5833213329315186,0.120744489133358,0.4371764361858368,0.0,0.0
40,10,4,0.99,baseline,3,13,1.4761598110198975,1,0.2847931385040283,0.8475634455680847,1.3802791833877563,0.11398082971572876,0.4191242754459381,0.0,0.0
40,10,4,0.99,baseline,3,14,1.609367847442627,1,0.2963376045227051,0.8253714442253113,1.455687403678894,0.11995229125022888,0.41780295968055725,0.0,0.0
40,10,4,0.99,baseline,3,15,1.4993853569030762,1,0.21437859535217285,0.6671586632728577,2.158348798751831,0.12702587246894836,0.47022414207458496,0.0,0.0
40,10,4,0.99,baseline,3,16,1.4504071474075317,1,0.21619944274425507,0.7408698201179504,1.7817326784133911,0.12597888708114624,0.4445990025997162,0.0,0.0
40,10,4,0.99,baseline,3,17,1.3561103343963623,1,0.19910423457622528,0.6237266063690186,2.3893396854400635,0.14792181551456451,0.5448970794677734,0.0,0.0
40,10,4,0.99,baseline,3,18,2.166863203048706,1,0.3328324854373932,0.879517674446106,1.287928581237793,0.130404531955719,0.3502819538116455,0.0,0.0
40,10,4,0.99,baseline,3,19,1.2619832754135132,1,0.15725873410701752,0.7231886982917786,1.865807294845581,0.11891483515501022,0.38549891114234924,0.0,0.0
40,10,4,0.99,baseline,3,20,1.279062032699585,1,0.16392311453819275,0.7111088633537292,1.8832913637161255,0.10803456604480743,0.42988789081573486,0.0,0.0
40,10,4,0.99,baseline,3,21,1.5029324293136597,1,0.18182624876499176,0.802395761013031,1.537347435951233,0.1398339569568634,0.48294883966445923,0.0,0.0
40,10,4,0.99,baseline,3,22,1.2660174369812012,1,0.16671624779701233,0.744715690612793,1.754791259765625,0.11367861181497574,0.42564353346824646,0.0,0.0
40,10,4,0.99,baseline,3,23,1.2393240928649902,1,0.184160977602005,0.6410322785377502,2.2654147148132324,0.14580775797367096,0.5034760236740112,0.0,0.0
40,10,4,0.99,baseline,3,24,1.267167091369629,1,0.19567269086837769,0.7764265537261963,1.6330221891403198,0.1379905790090561,0.5087718963623047,0.0,0.0
40,10,4,0.99,baseline,3,25,1.441012978553772,1,0.2161630094051361,0.7592136859893799,1.70345938205719,0.1306445300579071,0.4938073456287384,0.0,0.0
40,10,4,0.99,baseline,3,26,1.5993314981460571,1,0.2057928591966629,0.8147637844085693,1.4902018308639526,0.14229540526866913,0.5144357085227966,0.0,0.0
40,10,4,0.99,baseline,3,27,1.1574629545211792,1,0.15771473944187164,0.6662810444831848,2.1490638256073,0.12079183012247086,0.4073801338672638,0.0,0.0
40,10,4,0.99,baseline,3,28,1.1513668298721313,1,0.17424094676971436,0.6555778384208679,2.2107717990875244,0.11562296748161316,0.4307195246219635,0.0,0.0
40,10,4,0.99,baseline,3,29,1.3391845226287842,1,0.1906847208738327,0.668427586555481,2.098113536834717,0.1473541110754013,0.4745806157588959,0.0,0.0
40,10,4,0.99,baseline,3,30,1.1132621765136719,1,0.17614363133907318,0.6195389032363892,2.418264150619507,0.11019284278154373,0.40445882081985474,0.0,0.0
40,10,4,0.99,baseline,3,31,1.1970502138137817,1,0.13794825971126556,0.5533264875411987,2.8427791595458984,0.12839746475219727,0.47766757011413574,0.0,0.0
40,10,4,0.99,baseline,3,32,1.2038589715957642,1,0.14031057059764862,0.7055542469024658,1.9491167068481445,0.2887495756149292,0.5644492506980896,0.0,0.0
40,10,4,0.99,baseline,3,33,0.9978935718536377,1,0.07474882155656815,0.5913758873939514,2.6067843437194824,0.19705474376678467,0.5873655676841736,0.0,0.0
40,10,4,0.99,baseline,3,34,1.0187839269638062,1,0.09445244073867798,0.6030170917510986,2.5711312294006348,0.2663162648677826,0.6648176312446594,0.0,0.0
40,10,4,0.99,baseline,3,35,0.94183349609375,1,0.10524270683526993,0.6707783937454224,2.1135857105255127,0.15997156500816345,0.514032781124115,0.0,0.0
40,10,4,0.99,baseline,3,36,0.6547001600265503,1,0.045814741402864456,0.42543262243270874,4.120049953460693,0.2867960035800934,1.5357030630111694,0.0,0.0
40,10,4,0.99,baseline,3,37,0.8682311773300171,1,0.07612522691488266,0.5983203053474426,2.5852906703948975,0.2039203643798828,0.6550232172012329,0.0,0.0
40,10,4,0.99,baseline,3,38,0.664250373840332,1,0.03397557884454727,0.5423592329025269,2.897087335586548,6.999666690826416,1.0244375467300415,0.0,0.0
40,10,4,0.99,baseline,3,39,0.8893751502037048,1,0.09215190261602402,0.5284345746040344,3.0335729122161865,0.15723806619644165,0.6671345233917236,0.0,0.0
40,10,4,0.99,baseline,4,0,2.174722909927368,1,0.5663188695907593,0.9139329791069031,1.1954675912857056,0.16606085002422333,0.6130728125572205,0.0,0.0
40,10,4,0.99,baseline,4,1,1.6643370389938354,1,0.3397154211997986,0.8199321031570435,1.474861979484558,0.11778069287538528,0.424055814743042,0.0,0.0
40,10,4,0.99,baseline,4,2,1.8814654350280762,1,0.39636969566345215,0.8407784104347229,1.4030314683914185,0.1253751516342163,0.44525325298309326,0.0,0.0
40,10,4,0.99,baseline,4,3,1.8579100370407104,1,0.42382702231407166,0.8645654320716858,1.3318181037902832,0.1566486954689026,0.4978729486465454,0.0,0.0
40,10,4,0.99,baseline,4,4,1.758952021598816,1,0.39931756258010864,0.7969417572021484,1.5539408922195435,0.12256539613008499,0.4659387767314911,0.0,0.0
40,10,4,0.99,baseline,4,5,1.852075219154358,1,0.3562573790550232,0.830923318862915,1.4392263889312744,0.13394784927368164,0.4945266842842102,0.0,0.0
40,10,4,0.99,baseline,4,6,1.460108757019043,1,0.3309280276298523,0.68925541639328,2.041818380355835,0.12797978520393372,0.4569491744041443,0.0,0.0
40,10,4,0.99,baseline,4,7,1.4847501516342163,1,0.3178173899650574,0.7333110570907593,1.8222923278808594,0.11360841989517212,0.42580220103263855,0.0,0.0
40,10,4,0.99,baseline,4,8,1.4751726388931274,1,0.3064536154270172,0.7414053678512573,1.7879619598388672,0.1403285264968872,0.4375190734863281,0.0,0.0
40,10,4,0.99,baseline,4,9,1.3514477014541626,1,0.25109830498695374,0.7385603189468384,1.792814016342163,0.12401635199785233,0.45680147409439087,0.0,0.0
40,10,4,0.99,baseline,4,10,1.3761825561523438,1,0.25931331515312195,0.7045688033103943,1.9529855251312256,0.11652032285928726,0.4119499921798706,0.0,0.0
40,10,4,0.99,baseline,4,11,1.363344669342041,1,0.25734421610832214,0.7208157181739807,1.8812801837921143,0.11921187490224838,0.41693711280822754,0.0,0.0
40,10,4,0.99,baseline,4,12,1.452798843383789,1,0.27087345719337463,0.751716673374176,1.7335845232009888,0.11620914191007614,0.45438605546951294,0.0,0.0
40,10,4,0.99,baseline,4,13,1.494289755821228,1,0.28006431460380554,0.773703396320343,1.6509921550750732,0.1307426244020462,0.4555574357509613,0.0,0.0
40,10,4,0.99,baseline,4,14,1.3640841245651245,1,0.2316795289516449,0.8289082050323486,1.4432923793792725,0.11931993067264557,0.39372310042381287,0.0,0.0
40,10,4,0.99,baseline,4,15,1.457473635673523,1,0.26942721009254456,0.842047393321991,1.4007699489593506,0.1465080827474594,0.47139012813568115,0.0,0.0
40,10,4,0.99,baseline,4,16,1.5198942422866821,1,0.25487610697746277,0.8201066851615906,1.4743521213531494,0.12398723512887955,0.41552531719207764,0.0,0.0
40,10,4,0.99,baseline,4,17,1.3775184154510498,1,0.21376515924930573,0.7265726923942566,1.8563964366912842,0.09773518890142441,0.3913203179836273,0.0,0.0
40,10,4,0.99,baseline,4,18,1.436166763305664,1,0.25631195306777954,0.7344685792922974,1.8068410158157349,0.12489473819732666,0.41097572445869446,0.0,0.0
40,10,4,0.99,baseline,4,19,1.3309909105300903,1,0.20948641002178192,0.6684240698814392,2.144845485687256,0.12740622460842133,0.41316574811935425,0.0,0.0
40,10,4,0.99,baseline,4,20,1.1840332746505737,1,0.2053324282169342,0.692693293094635,2.0172488689422607,0.12593165040016174,0.43929892778396606,0.0,0.0
40,10,4,0.99,baseline,4,21,1.2558984756469727,1,0.17909756302833557,0.6561411023139954,2.1965763568878174,0.08725220710039139,0.3662751019001007,0.0,0.0
40,10,4,0.99,baseline,4,22,1.2084784507751465,1,0.17788003385066986,0.7398093342781067,1.7809408903121948,0.09511636197566986,0.3754879832267761,0.0,0.0
40,10,4,0.99,baseline,4,23,1.4551366567611694,1,0.20779545605182648,0.792525053024292,1.5710731744766235,0.12447535246610641,0.445660263299942,0.0,0.0
40,10,4,0.99,baseline,4,24,1.3546563386917114,1,0.21892976760864258,0.7775279879570007,1.6271425485610962,0.10033083707094193,0.37483975291252136,0.0,0.0
40,10,4,0.99,baseline,4,25,1.2628352642059326,1,0.1952536255121231,0.713875949382782,1.9014841318130493,0.09955885261297226,0.39430591464042664,0.0,0.0
40,10,4,0.99,baseline,4,26,1.266952395439148,1,0.19358278810977936,0.762047290802002,1.6892368793487549,0.11191409081220627,0.3745410442352295,0.0,0.0
40,10,4,0.99,baseline,4,27,1.258470892906189,1,0.189660906791687,0.7012246251106262,1.9680384397506714,0.128092423081398,0.37058141827583313,0.0,0.0
40,10,4,0.99,baseline,4,28,1.2574515342712402,1,0.18259552121162415,0.5718291401863098,2.807591438293457,0.09966757148504257,0.43345731496810913,0.0,0.0
40,10,4,0.99,baseline,4,29,1.627938151359558,1,0.23559436202049255,0.7740872502326965,1.6404261589050293,0.12492728233337402,0.40704452991485596,0.0,0.0
40,10,4,0.99,baseline,4,30,1.2036114931106567,1,0.16322658956050873,0.6377192139625549,2.3279428482055664,0.10689388960599899,0.36072513461112976,0.0,0.0
40,10,4,0.99,baseline,4,31,1.241479516029358,1,0.20603151619434357,0.7432259321212769,1.77739417552948,0.1083463504910469,0.3771601617336273,0.0,0.0
40,10,4,0.99,baseline,4,32,1.2343940734863281,1,0.1638757586479187,0.7087666392326355,1.9279766082763672,0.12592177093029022,0.4221039414405823,0.0,0.0
40,10,4,0.99,baseline,4,33,1.2895256280899048,1,0.18165598809719086,0.7324761748313904,1.822119951248169,0.12746542692184448,0.4570547640323639,0.0,0.0
40,10,4,0.99,baseline,4,34,1.3537768125534058,1,0.2058946043252945,0.7267909049987793,1.8487861156463623,0.11186982691287994,0.3841462731361389,0.0,0.0
40,10,4,0.99,baseline,4,35,1.247923731803894,1,0.14334425330162048,0.6937673091888428,2.004598379135132,0.13772358000278473,0.4807158410549164,0.0,0.0
40,10,4,0.99,baseline,4,36,1.1344010829925537,1,0.13204999268054962,0.6575802564620972,2.195848226547241,0.1622965782880783,0.46170955896377563,0.0,0.0
40,10,4,0.99,baseline,4,37,0.9827597737312317,1,0.11166572570800781,0.7108428478240967,1.9104902744293213,0.12666088342666626,0.5746966600418091,0.0,0.0
40,10,4,0.99,baseline,4,38,0.5383108258247375,1,0.03194936364889145,0.3827988803386688,4.592264175415039,0.44386032223701477,3.261910915374756,0.0,0.0
40,10,4,0.99,baseline,4,39,0.7034334540367126,1,0.057209793478250504,0.45080670714378357,3.948814868927002,0.32834962010383606,1.7209254503250122,0.0,0.0
40,10,4,0.99,input_at,0,0,1.098992109298706,1,0.3660614490509033,0.676089346408844,2.1092965602874756,0.10745304822921753,0.4157335162162781,0.0,0.0
40,10,4,0.99,input_at,0,1,0.9839673042297363,1,0.4223221242427826,0.751559853553772,1.7342554330825806,0.09852443635463715,0.39273279905319214,0.0,0.0
40,10,4,0.99,input_at,0,2,1.10398530960083,1,0.36162862181663513,0.7620664238929749,1.6893366575241089,0.10794363915920258,0.4435204267501831,0.0,0.0
40,10,4,0.99,input_at,0,3,1.2866730690002441,1,0.3739830553531647,0.8337053060531616,1.4260178804397583,0.12710818648338318,0.4772934913635254,0.0,0.0
40,10,4,0.99,input_at,0,4,0.9695386290550232,1,0.42241883277893066,0.7638426423072815,1.6770081520080566,0.09898342937231064,0.3715664744377136,0.0,0.0
40,10,4,0.99,input_at,0,5,1.1799124479293823,1,0.33978351950645447,0.7544499635696411,1.7073606252670288,0.1038942039012909,0.4091695547103882,0.0,0.0
40,10,4,0.99,input_at,0,6,1.1102843284606934,1,0.37079253792762756,0.7701505422592163,1.648210883140564,0.1084771379828453,0.428067147731781,0.0,0.0
40,10,4,0.99,input_at,0,7,1.187487006187439,1,0.3466024398803711,0.7348698973655701,1.7982901334762573,0.11571510881185532,0.4652455151081085,0.0,0.0
40,10,4,0.99,input_at,0,8,1.081669807434082,1,0.37494605779647827,0.7514464855194092,1.720724105834961,0.1000775620341301,0.3977925777435303,0.0,0.0
40,10,4,0.99,input_at,0,9,1.148331880569458,1,0.3535800576210022,0.6987980604171753,1.9905927181243896,0.12823565304279327,0.4718596637248993,0.0,0.0
40,10,4,0.99,input_at,0,10,1.1573597192764282,1,0.3796989917755127,0.8177350759506226,1.4812674522399902,0.11211883276700974,0.45796552300453186,0.0,0.0
40,10,4,0.99,input_at,0,11,1.2567906379699707,1,0.3401891887187958,0.8390243053436279,1.410056710243225,0.15302442014217377,0.5275945663452148,0.0,0.0
40,10,4,0.99,input_at,0,12,1.3792004585266113,1,0.36174672842025757,0.8259726762771606,1.4537185430526733,0.14848409593105316,0.4875997304916382,0.0,0.0
40,10,4,0.99,input_at,0,13,1.2049821615219116,1,0.3288818895816803,0.7412617802619934,1.7836756706237793,0.10841521620750427,0.4310030937194824,0.0,0.0
40,10,4,0.99,input_at,0,14,1.1372780799865723,1,0.3318658769130707,0.8529395461082458,1.3673193454742432,0.10493381321430206,0.42343688011169434,0.0,0.0
40,10,4,0.99,input_at,0,15,1.4426857233047485,1,0.35655224323272705,0.8732359409332275,1.305342197418213,0.13244500756263733,0.48684272170066833,0.0,0.0
40,10,4,0.99,input_at,0,16,1.301499843597412,1,0.33592501282691956,0.8817191123962402,1.2802022695541382,0.13757295906543732,0.4757089614868164,0.0,0.0
40,10,4,0.99,input_at,0,17,1.3733900785446167,1,0.3303174376487732,0.8435189127922058,1.3942571878433228,0.14804714918136597,0.5071535706520081,0.0,0.0
40,10,4,0.99,input_at,0,18,1.3018685579299927,1,0.33559712767601013,0.8971245288848877,1.2385207414627075,0.13053147494792938,0.4855440855026245,0.0,0.0
40,10,4,0.99,input_at,0,19,1.2658491134643555,1,0.28851214051246643,0.8077090978622437,1.5171059370040894,0.14486254751682281,0.5675347447395325,0.0,0.0
40,10,4,0.99,input_at,0,20,1.1909816265106201,1,0.32975509762763977,0.8866935968399048,1.2668269872665405,0.13796527683734894,0.48927319049835205,0.0,0.0
40,10,4,0.99,input_at,0,21,1.2528588771820068,1,0.2729039490222931,0.7916343808174133,1.5793792009353638,0.13971203565597534,0.4743727147579193,0.0,0.0
40,10,4,0.99,input_at,0,22,1.2623167037963867,1,0.2880806028842926,0.8176103830337524,1.4799795150756836,0.1426135152578354,0.5554071068763733,0.0,0.0
40,10,4,0.99,input_at,0,23,1.0632232427597046,1,0.28137484192848206,0.7151845097541809,1.8960407972335815,0.12177491188049316,0.478791743516922,0.0,0.0
40,10,4,0.99,input_at,0,24,1.0734572410583496,1,0.26613014936447144,0.716578483581543,1.892249345779419,0.1405075192451477,0.46478062868118286,0.0,0.0
40,10,4,0.99,input_at,0,25,0.959784746170044,1,0.1982814520597458,0.7467441558837891,1.7614853382110596,0.12699325382709503,0.49726784229278564,0.0,0.0
40,10,4,0.99,input_at,0,26,0.9030764102935791,1,0.176176980137825,0.6611956357955933,2.1719322204589844,0.17580200731754303,0.7023499608039856,0.0,0.0
40,10,4,0.99,input_at,0,27,0.5255206227302551,1,0.05020258575677872,0.47036099433898926,3.5464134216308594,0.4511987566947937,1.744828462600708,0.0,0.0
40,10,4,0.99,input_at,0,28,0.014441627077758312,0,7.935682515380904e-05,0.3341349959373474,4.789993762969971,3.4876794815063477,3.4876794815063477,1.0,1.0
40,10,4,0.99,input_at,0,29,0.9725905060768127,1,0.16529296338558197,0.711528480052948,1.918448567390442,0.16767822206020355,0.6786128878593445,0.0,0.0
40,10,4,0.99,input_at,0,30,0.26042789220809937,0,0.01142924465239048,0.3229094445705414,5.233462810516357,0.8644214272499084,4.349693775177002,0.0,0.0
40,10,4,0.99,input_at,0,31,0.020449943840503693,0,0.00012067371426383033,0.24713827669620514,6.446176052093506,3.625615119934082,3.625615119934082,1.0,1.0
40,10,4,0.99,input_at,0,32,0.032418251037597656,0,0.0003338475653436035,0.32925644516944885,4.724740982055664,3.215193271636963,3.215193271636963,1.0,1.0
40,10,4,0.99,input_at,0,33,0.5264524221420288,1,0.04750075936317444,0.4567936062812805,3.7885825634002686,0.35349324345588684,1.8152954578399658,0.0,0.0
40,10,4,0.99,input_at,0,34,0.02828459069132805,0,0.000265368667896837,0.335954487323761,5.140084743499756,3.739262580871582,3.739262580871582,1.0,1.0
40,10,4,0.99,input_at,0,35,0.0219089537858963,0,0.00015638394688721746,0.3337181508541107,4.5739545822143555,2.8747713565826416,2.8747713565826416,1.0,1.0
40,10,4,0.99,input_at,0,36,0.021982869133353233,0,0.00011458538210717961,0.27772197127342224,5.519268035888672,2.634107828140259,2.634107828140259,1.0,1.0
40,10,4,0.99,input_at,0,37,0.024719728156924248,0,0.000139622061396949,0.2539324462413788,6.225890159606934,5.190171241760254,5.190171241760254,1.0,1.0
40,10,4,0.99,input_at,0,38,0.03334761783480644,0,0.00033143252949230373,0.2512356638908386,6.258913040161133,4.824397087097168,4.824397087097168,1.0,1.0
40,10,4,0.99,input_at,0,39,0.021592335775494576,0,0.00014216211275197566,0.26144513487815857,5.665195941925049,3.223029136657715,3.223029136657715,1.0,1.0
40,10,4,0.99,input_at,1,0,1.1169335842132568,1,0.32791849970817566,0.7907308340072632,1.5797009468078613,0.10045012086629868,0.389739066362381,0.0,0.0
40,10,4,0.99,input_at,1,1,1.0928258895874023,1,0.36549443006515503,0.7275832891464233,1.8409247398376465,0.10975724458694458,0.417905330657959,0.0,0.0
40,10,4,0.99,input_at,1,2,1.212196707725525,1,0.36814165115356445,0.7253739833831787,1.8585354089736938,0.12152149528265,0.4568385183811188,0.0,0.0
40,10,4,0.99,input_at,1,3,1.1263318061828613,1,0.4115655720233917,0.7417267560958862,1.7820030450820923,0.11662530899047852,0.438825786113739,0.0,0.0
40,10,4,0.99,input_at,1,4,1.2150287628173828,1,0.33826178312301636,0.7779741883277893,1.624285101890564,0.11344978958368301,0.4420531690120697,0.0,0.0
40,10,4,0.99,input_at,1,5,1.2054349184036255,1,0.3392675817012787,0.8157870173454285,1.487593412399292,0.12123435735702515,0.5136744379997253,0.0,0.0
40,10,4,0.99,input_at,1,6,1.1891807317733765,1,0.3642837703227997,0.7881155014038086,1.5850576162338257,0.11729154735803604,0.4698058068752289,0.0,0.0
40,10,4,0.99,input_at,1,7,1.2088980674743652,1,0.39964231848716736,0.7872918248176575,1.592368483543396,0.12777191400527954,0.4739491045475006,0.0,0.0
40,10,4,0.99,input_at,1,8,1.1906057596206665,1,0.3617410957813263,0.8525776267051697,1.3670399188995361,0.11807070672512054,0.45622432231903076,0.0,0.0
40,10,4,0.99,input_at,1,9,1.4269770383834839,1,0.35353535413742065,0.8145518898963928,1.4934208393096924,0.12971222400665283,0.5013283491134644,0.0,0.0
40,10,4,0.99,input_at,1,10,1.2990363836288452,1,0.36789190769195557,0.8174756765365601,1.4814352989196777,0.12660741806030273,0.46910932660102844,0.0,0.0
40,10,4,0.99,input_at,1,11,1.1447515487670898,1,0.33430811762809753,0.8063749670982361,1.5224117040634155,0.12254490703344345,0.4755116105079651,0.0,0.0
40,10,4,0.99,input_at,1,12,1.3103234767913818,1,0.35378211736679077,0.7891566753387451,1.5800503492355347,0.13860870897769928,0.488822340965271,0.0,0.0
40,10,4,0.99,input_at,1,13,1.1272032260894775,1,0.34619757533073425,0.8326461911201477,1.4322457313537598,0.11662157624959946,0.4433745741844177,0.0,0.0
40,10,4,0.99,input_at,1,14,1.1466690301895142,1,0.2998965382575989,0.8323238492012024,1.4314531087875366,0.12465117126703262,0.47369834780693054,0.0,0.0
40,10,4,0.99,input_at,1,15,1.3928635120391846,1,0.3219655156135559,0.8930796384811401,1.2499871253967285,0.1352628469467163,0.5220329165458679,0.0,0.0
40,10,4,0.99,input_at,1,16,1.2762120962142944,1,0.3258931338787079,0.8010770678520203,1.5418682098388672,0.12682384252548218,0.48933953046798706,0.0,0.0
40,10,4,0.99,input_at,1,17,1.0736318826675415,1,0.2838159501552582,0.7547196745872498,1.7214182615280151,0.1091981753706932,0.4201137125492096,0.0,0.0
40,10,4,0.99,input_at,1,18,1.1005507707595825,1,0.31780797243118286,0.6750171184539795,2.1148180961608887,0.12944869697093964,0.4538133442401886,0.0,0.0
40,10,4,0.99,input_at,1,19,1.193396806716919,1,0.3189888000488281,0.8400976061820984,1.408085823059082,0.11451151221990585,0.47371354699134827,0.0,0.0
40,10,4,0.99,input_at,1,20,1.366806983947754,1,0.32653555274009705,0.8441024422645569,1.3952370882034302,0.15216976404190063,0.5418797135353088,0.0,0.0
40,10,4,0.99,input_at,1,21,1.1891984939575195,1,0.30912333726882935,0.7450790405273438,1.7630287408828735,0.131122887134552,0.5142211318016052,0.0,0.0
40,10,4,0.99,input_at,1,22,1.2083070278167725,1,0.2726956307888031,0.8356332182884216,1.4212161302566528,0.12292217463254929,0.43509167432785034,0.0,0.0
40,10,4,0.99,input_at,1,23,1.1894959211349487,1,0.2935623526573181,0.8381129503250122,1.4130535125732422,0.14191417396068573,0.5606652498245239,0.0,0.0
40,10,4,0.99,input_at,1,24,1.01737380027771,1,0.23652081191539764,0.7160671353340149,1.8485004901885986,0.12293785810470581,0.5137383937835693,0.0,0.0
40,10,4,0.99,input_at,1,25,1.02776300907135,1,0.25045862793922424,0.7686486840248108,1.6648105382919312,0.12357065081596375,0.46796318888664246,0.0,0.0
40,10,4,0.99,input_at,1,26,1.0413784980773926,1,0.22851711511611938,0.7808887958526611,1.6126717329025269,0.1935315877199173,0.6217045783996582,0.0,0.0
40,10,4,0.99,input_at,1,27,1.1387003660202026,1,0.23963609337806702,0.720276415348053,1.880567193031311,0.15078794956207275,0.5852801203727722,0.0,0.0
40,10,4,0.99,input_at,1,28,0.02795044519007206,0,0.0002132058871211484,0.2932913601398468,5.059191703796387,2.026679277420044,2.026679277420044,1.0,1.0
40,10,4,0.99,input_at,1,29,0.5852073431015015,1,0.0823732241988182,0.45385152101516724,3.939711093902588,0.27740222215652466,1.0950086116790771,0.0,0.0
40,10,4,0.99,input_at,1,30,0.028919627889990807,0,0.0002530259662307799,0.3108605742454529,5.340986728668213,3.427717924118042,3.427717924118042,1.0,1.0
40,10,4,0.99,input_at,1,31,0.031867362558841705,0,0.00029179698321968317,0.34847986698150635,4.757511138916016,2.2581872940063477,2.2581872940063477,1.0,1.0
40,10,4,0.99,input_at,1,32,0.03762929141521454,0,0.00037407028139568865,0.25349119305610657,6.454735279083252,3.052255630493164,3.052255630493164,1.0,1.0
40,10,4,0.99,input_at,1,33,0.025717196986079216,0,0.00017603739979676902,0.21727293729782104,7.224887371063232,4.623102188110352,4.623102188110352,1.0,1.0
40,10,4,0.99,input_at,1,34,0.010976538993418217,0,2.785966353258118e-05,0.46866104006767273,3.3450374603271484,2.8601627349853516,2.8601627349853516,1.0,1.0
40,10,4,0.99,input_at,1,35,0.01523903850466013,0,6.023645619279705e-05,0.25047749280929565,5.699604511260986,4.298618793487549,4.298618793487549,1.0,1.0
40,10,4,0.99,input_at,1,36,0.04127395525574684,0,0.0005292597343213856,0.2507232427597046,5.975709915161133,2.554936647415161,2.554936647415161,1.0,1.0
40,10,4,0.99,input_at,1,37,0.04046770557761192,0,0.0005190279334783554,0.23696385324001312,6.549037933349609,3.889371156692505,3.889371156692505,1.0,1.0
40,10,4,0.99,input_at,1,38,0.03887678310275078,0,0.00038538058288395405,0.3325121998786926,5.130921840667725,3.763413190841675,3.763413190841675,1.0,1.0
40,10,4,0.99,input_at,1,39,0.12749509513378143,0,0.0025235842913389206,0.4395345151424408,3.9520058631896973,1.7523667812347412,4.541178226470947,0.0,1.0
40,10,4,0.99,input_at,2,0,1.1933554410934448,1,0.3896142840385437,0.7495841979980469,1.7415419816970825,0.11435122787952423,0.4383535385131836,0.0,0.0
40,10,4,0.99,input_at,2,1,0.9338929653167725,1,0.3660793900489807,0.7847590446472168,1.5861598253250122,0.0912272036075592,0.36576616764068604,0.0,0.0
40,10,4,0.99,input_at,2,2,1.0846636295318604,1,0.3611942529678345,0.772058367729187,1.6396063566207886,0.11080329865217209,0.4237159788608551,0.0,0.0
40,10,4,0.99,input_at,2,3,1.1188253164291382,1,0.35683777928352356,0.7966435551643372,1.5518405437469482,0.11504453420639038,0.45804670453071594,0.0,0.0
40,10,4,0.99,input_at,2,4,1.157323956489563,1,0.34419700503349304,0.81348717212677,1.4960975646972656,0.11021488904953003,0.40668079257011414,0.0,0.0
40,10,4,0.99,input_at,2,5,1.159954309463501,1,0.4378412663936615,0.763668954372406,1.6847403049468994,0.1248357892036438,0.4742235839366913,0.0,0.0
40,10,4,0.99,input_at,2,6,1.1857861280441284,1,0.3481616675853729,0.7651383280754089,1.6715034246444702,0.12237617373466492,0.4549967050552368,0.0,0.0
40,10,4,0.99,input_at,2,7,1.2775287628173828,1,0.38888970017433167,0.7360124588012695,1.8014121055603027,0.1216660588979721,0.450671911239624,0.0,0.0
40,10,4,0.99,input_at,2,8,1.3174246549606323,1,0.40275585651397705,0.8001500964164734,1.5420920848846436,0.12169492989778519,0.4539664089679718,0.0,0.0
40,10,4,0.99,input_at,2,9,1.1886587142944336,1,0.30536189675331116,0.7280945181846619,1.8260561227798462,0.11632572114467621,0.43065279722213745,0.0,0.0
40,10,4,0.99,input_at,2,10,1.167623519897461,1,0.3663542866706848,0.7821238040924072,1.6098418235778809,0.11922086030244827,0.43078938126564026,0.0,0.0
40,10,4,0.99,input_at,2,11,1.3128949403762817,1,0.3359285891056061,0.7574120759963989,1.6954443454742432,0.1208728477358818,0.4900064468383789,0.0,0.0
40,10,4,0.99,input_at,2,12,1.1507017612457275,1,0.3087550699710846,0.7318644523620605,1.8223387002944946,0.12094283103942871,0.46406289935112,0.0,0.0
40,10,4,0.99,input_at,2,13,1.3885589838027954,1,0.3306180536746979,0.8185233473777771,1.4781559705734253,0.13652749359607697,0.4928503930568695,0.0,0.0
40,10,4,0.99,input_at,2,14,1.132683277130127,1,0.3129296600818634,0.7316607236862183,1.8054801225662231,0.10554508864879608,0.4136631190776825,0.0,0.0
40,10,4,0.99,input_at,2,15,1.4041615724563599,1,0.3243139386177063,0.8518880009651184,1.3710880279541016,0.13115282356739044,0.47979944944381714,0.0,0.0
40,10,4,0.99,input_at,2,16,1.1768817901611328,1,0.3142687976360321,0.7392635941505432,1.7781357765197754,0.12263374775648117,0.4330013692378998,0.0,0.0
40,10,4,0.99,input_at,2,17,1.3744025230407715,1,0.3109619617462158,0.8114113211631775,1.504723072052002,0.144372820854187,0.48529863357543945,0.0,0.0
40,10,4,0.99,input_at,2,18,1.1254717111587524,1,0.3090721070766449,0.7806259393692017,1.6098897457122803,0.11988522112369537,0.43018585443496704,0.0,0.0
40,10,4,0.99,input_at,2,19,1.3961985111236572,1,0.32445189356803894,0.8769395351409912,1.2949625253677368,0.1467231959104538,0.551680326461792,0.0,0.0
40,10,4,0.99,input_at,2,20,1.243733525276184,1,0.29409196972846985,0.8799054622650146,1.2824314832687378,0.12964867055416107,0.47866907715797424,0.0,0.0
40,10,4,0.99,input_at,2,21,1.1724581718444824,1,0.2553303837776184,0.7743875980377197,1.632738471031189,0.14010363817214966,0.5273761749267578,0.0,0.0
40,10,4,0.99,input_at,2,22,1.3962925672531128,1,0.33778777718544006,0.7955868244171143,1.5573335886001587,0.14888694882392883,0.5455286502838135,0.0,0.0
40,10,4,0.99,input_at,2,23,1.1067825555801392,1,0.2385956197977066,0.7549094557762146,1.7210427522659302,0.17420443892478943,0.5903604626655579,0.0,0.0
40,10,4,0.99,input_at,2,24,0.5223382115364075,1,0.05126021057367325,0.5185466408729553,3.1660656929016113,0.29978397488594055,1.3091119527816772,0.0,0.0
40,10,4,0.99,input_at,2,25,1.3734159469604492,1,0.29741358757019043,0.8971335291862488,1.238042950630188,0.15701574087142944,0.4600304663181305,0.0,0.0
40,10,4,0.99,input_at,2,26,1.2852672338485718,1,0.25641366839408875,0.8900244235992432,1.2580598592758179,0.14898104965686798,0.5789965987205505,0.0,0.0
40,10,4,0.99,input_at,2,27,1.2092363834381104,1,0.22218140959739685,0.8442935347557068,1.3933734893798828,0.16999712586402893,0.6853706240653992,0.0,0.0
40,10,4,0.99,input_at,2,28,1.1144535541534424,1,0.21139027178287506,0.7767664790153503,1.635202407836914,0.17528414726257324,0.6781172752380371,0.0,0.0
40,10,4,0.99,input_at,2,29,0.0036255328450351954,0,3.849528638966149e-06,0.30906012654304504,5.767162799835205,3.7808358669281006,3.7808358669281006,1.0,1.0
40,10,4,0.99,input_at,2,30,0.015884075313806534,0,4.8691148549551144e-05,0.2706536650657654,5.4205217361450195,3.2777950763702393,3.2777950763702393,1.0,1.0
40,10,4,0.99,input_at,2,31,0.03547577187418938,0,0.0003848812193609774,0.31121110916137695,5.447143077850342,3.7620301246643066,3.7620301246643066,1.0,1.0
40,10,4,0.99,input_at,2,32,0.3051888644695282,1,0.015418960712850094,0.31659653782844543,4.6379570960998535,0.9992148876190186,1.8999149799346924,0.0,0.0
40,10,4,0.99,input_at,2,33,0.01922345906496048,0,8.722661004867405e-05,0.33675417304039,5.467196941375732,3.6492390632629395,3.6492390632629395,1.0,1.0
40,10,4,0.99,input_at,2,34,0.15415401756763458,0,0.003761871950700879,0.268279105424881,5.6776604652404785,1.202528476715088,2.9346139430999756,0.0,0.0
40,10,4,0.99,input_at,2,35,0.02468373253941536,0,0.00010765213664853945,0.26158374547958374,6.026513576507568,2.860553026199341,2.860553026199341,1.0,1.0
40,10,4,0.99,input_at,2,36,0.012233042158186436,0,3.499566446407698e-05,0.3747503459453583,4.399839401245117,2.9951329231262207,2.9951329231262207,1.0,1.0
40,10,4,0.99,input_at,2,37,0.029947049915790558,0,0.00027104862965643406,0.30525168776512146,5.479506015777588,2.8993139266967773,2.8993139266967773,1.0,1.0
40,10,4,0.99,input_at,2,38,0.027771499007940292,0,0.00013240467524155974,0.3173224627971649,4.845627307891846,4.388388633728027,4.388388633728027,1.0,1.0
40,10,4,0.99,input_at,2,39,0.033380430191755295,0,0.0002487804740667343,0.3214055895805359,5.070400238037109,4.448484897613525,4.448484897613525,1.0,1.0
40,10,4,0.99,input_at,3,0,1.1036412715911865,1,0.41667431592941284,0.7926340699195862,1.559140682220459,0.10947967320680618,0.40401753783226013,0.0,0.0
40,10,4,0.99,input_at,3,1,1.1179043054580688,1,0.4030718207359314,0.769426703453064,1.65908682346344,0.10849924385547638,0.4387674629688263,0.0,0.0
40,10,4,0.99,input_at,3,2,1.1895442008972168,1,0.3516009747982025,0.8797250986099243,1.2863606214523315,0.11017081886529922,0.41833409667015076,0.0,0.0
40,10,4,0.99,input_at,3,3,1.281690001487732,1,0.3720260262489319,0.8592073917388916,1.3482716083526611,0.12792132794857025,0.4789552092552185,0.0,0.0
40,10,4,0.99,input_at,3,4,1.1137495040893555,1,0.38887375593185425,0.8926370143890381,1.2502236366271973,0.1054261326789856,0.3988907039165497,0.0,0.0
40,10,4,0.99,input_at,3,5,1.1428189277648926,1,0.3589608371257782,0.843121349811554,1.3939478397369385,0.1095309630036354,0.42330747842788696,0.0,0.0
40,10,4,0.99,input_at,3,6,1.294244647026062,1,0.358277827501297,0.7670913934707642,1.6624400615692139,0.13051670789718628,0.4720504581928253,0.0,0.0
40,10,4,0.99,input_at,3,7,1.246170163154602,1,0.3804571032524109,0.8440594673156738,1.392991542816162,0.13982942700386047,0.5190903544425964,0.0,0.0
40,10,4,0.99,input_at,3,8,1.2228633165359497,1,0.37474092841148376,0.8515964150428772,1.3717122077941895,0.12603360414505005,0.5255805850028992,0.0,0.0
40,10,4,0.99,input_at,3,9,1.2650810480117798,1,0.34257298707962036,0.8498377203941345,1.3754781484603882,0.1269182562828064,0.47435781359672546,0.0,0.0
40,10,4,0.99,input_at,3,10,1.364153504371643,1,0.33791103959083557,0.9006373882293701,1.2292490005493164,0.12422839552164078,0.5030696392059326,0.0,0.0
40,10,4,0.99,input_at,3,11,1.241371750831604,1,0.36508288979530334,0.7828759551048279,1.599368691444397,0.1165241226553917,0.44784015417099,0.0,0.0
40,10,4,0.99,input_at,3,12,1.1179125308990479,1,0.3727008104324341,0.7794569134712219,1.6201906204223633,0.10451102256774902,0.398366779088974,0.0,0.0
40,10,4,0.99,input_at,3,13,1.3394782543182373,1,0.35306787490844727,0.8936474919319153,1.247499942779541,0.13587327301502228,0.5045487284660339,0.0,0.0
40,10,4,0.99,input_at,3,14,1.3344473838806152,1,0.33741065859794617,0.8705092072486877,1.313119888305664,0.13489076495170593,0.5324608087539673,0.0,0.0
40,10,4,0.99,input_at,3,15,1.205080270767212,1,0.3312569558620453,0.6936034560203552,2.008880615234375,0.11998022347688675,0.5043746829032898,0.0,0.0
40,10,4,0.99,input_at,3,16,1.2965941429138184,1,0.3178044259548187,0.8385372161865234,1.412724256515503,0.14498184621334076,0.5185838341712952,0.0,0.0
40,10,4,0.99,input_at,3,17,1.242508053779602,1,0.3148840367794037,0.7228955030441284,1.846863031387329,0.14877060055732727,0.5341967344284058,0.0,0.0
40,10,4,0.99,input_at,3,18,1.4133009910583496,1,0.3544222414493561,0.8888726234436035,1.2626069784164429,0.13244624435901642,0.47317442297935486,0.0,0.0
40,10,4,0.99,input_at,3,19,1.3763946294784546,1,0.33028149604797363,0.8297349214553833,1.4397386312484741,0.16345727443695068,0.4625616669654846,0.0,0.0
40,10,4,0.99,input_at,3,20,1.1766672134399414,1,0.2802869379520416,0.8211186528205872,1.4593271017074585,0.11861672252416611,0.4732310473918915,0.0,0.0
40,10,4,0.99,input_at,3,21,1.2834954261779785,1,0.2813654839992523,0.8779345154762268,1.292392373085022,0.1564183533191681,0.5625672340393066,0.0,0.0
40,10,4,0.99,input_at,3,22,1.1082217693328857,1,0.2928338646888733,0.8308663368225098,1.4350903034210205,0.12995266914367676,0.4917605221271515,0.0,0.0
40,10,4,0.99,input_at,3,23,1.2347893714904785,1,0.2736636698246002,0.7828425765037537,1.5993876457214355,0.13459767401218414,0.5014330744743347,0.0,0.0
40,10,4,0.99,input_at,3,24,1.0635756254196167,1,0.25364354252815247,0.8485510945320129,1.3759510517120361,0.14623337984085083,0.579932451248169,0.0,0.0
40,10,4,0.99,input_at,3,25,1.0500637292861938,1,0.21798625588417053,0.7881360054016113,1.5854427814483643,0.14729878306388855,0.636199951171875,0.0,0.0
40,10,4,0.99,input_at,3,26,1.0286675691604614,1,0.20437069237232208,0.7609118223190308,1.6877942085266113,0.16645707190036774,0.6406896114349365,0.0,0.0
40,10,4,0.99,input_at,3,27,0.01901520974934101,0,9.58103482844308e-05,0.386043518781662,4.19329309463501,3.5445735454559326,3.5445735454559326,1.0,1.0
40,10,4,0.99,input_at,3,28,0.03335804492235184,0,0.0001982127141673118,0.2459021359682083,6.206972122192383,3.4388577938079834,3.4388577938079834,1.0,1.0
40,10,4,0.99,input_at,3,29,0.011416055262088776,0,3.1262632546713576e-05,0.4446491301059723,3.9035096168518066,3.0207788944244385,3.0207788944244385,1.0,1.0
40,10,4,0.99,input_at,3,30,0.9006174802780151,1,0.146279975771904,0.7060908079147339,1.9341020584106445,0.1722862273454666,0.6582297682762146,0.0,0.0
40,10,4,0.99,input_at,3,31,0.35027772188186646,1,0.022549454122781754,0.2977539002895355,5.309829235076904,0.43216007947921753,1.6702793836593628,0.0,0.0
40,10,4,0.99,input_at,3,32,0.02014252543449402,0,0.00010951694275718182,0.3255130648612976,4.620547294616699,3.350597858428955,3.350597858428955,1.0,1.0
40,10,4,0.99,input_at,3,33,0.04016510397195816,0,0.0003966833755839616,0.3310263156890869,5.357140064239502,3.1576969623565674,3.1576969623565674,1.0,1.0
40,10,4,0.99,input_at,3,34,0.04085171967744827,0,0.0004348362854216248,0.2838168740272522,6.070527076721191,4.207211017608643,4.207211017608643,1.0,1.0
40,10,4,0.99,input_at,3,35,0.01579257659614086,0,6.006974945194088e-05,0.29417845606803894,4.607859134674072,2.348580837249756,2.348580837249756,1.0,1.0
40,10,4,0.99,input_at,3,36,0.012063086964190006,0,3.610869316617027e-05,0.3828738033771515,4.719367027282715,3.3588595390319824,3.3588595390319824,1.0,1.0
40,10,4,0.99,input_at,3,37,0.017528584226965904,0,7.985519187059253e-05,0.3213307857513428,5.0086588859558105,3.020179510116577,3.020179510116577,1.0,1.0
40,10,4,0.99,input_at,3,38,0.005234726704657078,0,7.384660420939326e-06,0.3232308626174927,5.423455238342285,2.8170242309570312,2.8170242309570312,1.0,1.0
40,10,4,0.99,input_at,3,39,0.0437978059053421,0,0.0005130319623276591,0.27952736616134644,5.148108959197998,3.408540725708008,3.408540725708008,1.0,1.0
40,10,4,0.99,input_at,4,0,1.3227757215499878,1,0.4279366135597229,0.8754009008407593,1.3004920482635498,0.1148187518119812,0.41370198130607605,0.0,0.0
40,10,4,0.99,input_at,4,1,1.281186580657959,1,0.41695722937583923,0.8000880479812622,1.5411882400512695,0.11534763127565384,0.42715099453926086,0.0,0.0
40,10,4,0.99,input_at,4,2,1.1131006479263306,1,0.36001816391944885,0.8118689060211182,1.4983652830123901,0.10321114212274551,0.4059520661830902,0.0,0.0
40,10,4,0.99,input_at,4,3,1.2039785385131836,1,0.35556793212890625,0.7964464426040649,1.5523864030838013,0.11666950583457947,0.4239957928657532,0.0,0.0
40,10,4,0.99,input_at,4,4,1.1003824472427368,1,0.3576379120349884,0.7577716112136841,1.7070685625076294,0.10429741442203522,0.37919533252716064,0.0,0.0
40,10,4,0.99,input_at,4,5,1.3192373514175415,1,0.3889447748661041,0.8371198177337646,1.4174469709396362,0.11408398300409317,0.4504960775375366,0.0,0.0
40,10,4,0.99,input_at,4,6,1.1884955167770386,1,0.35071176290512085,0.7219824194908142,1.864025592803955,0.11407873034477234,0.4252499043941498,0.0,0.0
40,10,4,0.99,input_at,4,7,1.1994014978408813,1,0.3415217697620392,0.7556995153427124,1.715828537940979,0.1125531792640686,0.42834433913230896,0.0,0.0
40,10,4,0.99,input_at,4,8,1.3496695756912231,1,0.3493322730064392,0.7998706102371216,1.5479693412780762,0.1482643038034439,0.4684400260448456,0.0,0.0
40,10,4,0.99,input_at,4,9,1.2923983335494995,1,0.3539082705974579,0.8249449729919434,1.4559024572372437,0.1299959123134613,0.4550512135028839,0.0,0.0
40,10,4,0.99,input_at,4,10,1.3244881629943848,1,0.34979984164237976,0.8057668209075928,1.5216580629348755,0.1067940965294838,0.4021933078765869,0.0,0.0
40,10,4,0.99,input_at,4,11,1.320163369178772,1,0.32430794835090637,0.8427250385284424,1.398713231086731,0.11683370918035507,0.4197078347206116,0.0,0.0
40,10,4,0.99,input_at,4,12,1.3097469806671143,1,0.3223571181297302,0.8074401617050171,1.5125014781951904,0.11423175036907196,0.40729019045829773,0.0,0.0
40,10,4,0.99,input_at,4,13,1.347283959388733,1,0.3228987455368042,0.8231062889099121,1.4653222560882568,0.11452658474445343,0.42705482244491577,0.0,0.0
40,10,4,0.99,input_at,4,14,1.4254794120788574,1,0.3352604806423187,0.9132537841796875,1.1963419914245605,0.13427652418613434,0.3940441608428955,0.0,0.0
40,10,4,0.99,input_at,4,15,1.2945157289505005,1,0.3303590714931488,0.8601903915405273,1.342505693435669,0.141557514667511,0.4857189357280731,0.0,0.0
40,10,4,0.99,input_at,4,16,1.5355361700057983,1,0.37461501359939575,0.8845046758651733,1.2740596532821655,0.124850794672966,0.43219664692878723,0.0,0.0
40,10,4,0.99,input_at,4,17,1.4315872192382812,1,0.3426581621170044,0.8323857188224792,1.4320597648620605,0.12056862562894821,0.4061709940433502,0.0,0.0
40,10,4,0.99,input_at,4,18,1.3194904327392578,1,0.31228795647621155,0.823529064655304,1.4602123498916626,0.11662255972623825,0.4079236686229706,0.0,0.0
40,10,4,0.99,input_at,4,19,1.3139595985412598,1,0.333617240190506,0.7719166874885559,1.6520309448242188,0.1114756390452385,0.40209534764289856,0.0,0.0
40,10,4,0.99,input_at,4,20,1.2076956033706665,1,0.3303070068359375,0.8042208552360535,1.5267620086669922,0.1239817813038826,0.48207566142082214,0.0,0.0
40,10,4,0.99,input_at,4,21,1.2272393703460693,1,0.3011017143726349,0.7258856892585754,1.829372525215149,0.1338588446378708,0.5149850845336914,0.0,0.0
40,10,4,0.99,input_at,4,22,1.2534393072128296,1,0.3318660259246826,0.8202574849128723,1.46943998336792,0.10945619642734528,0.4245881140232086,0.0,0.0
40,10,4,0.99,input_at,4,23,1.5720648765563965,1,0.344512015581131,0.872927188873291,1.3069556951522827,0.14720821380615234,0.40577080845832825,0.0,0.0
40,10,4,0.99,input_at,4,24,1.409449577331543,1,0.34062665700912476,0.8553065657615662,1.3588637113571167,0.1275838017463684,0.4502450227737427,0.0,0.0
40,10,4,0.99,input_at,4,25,1.352446436882019,1,0.3096464276313782,0.8118105530738831,1.4960896968841553,0.10704339295625687,0.43759843707084656,0.0,0.0
40,10,4,0.99,input_at,4,26,0.025086410343647003,0,0.00010066856339108199,0.3587908148765564,4.669876575469971,2.3278908729553223,2.3278908729553223,1.0,1.0
40,10,4,0.99,input_at,4,27,0.05092530697584152,0,0.0005051776533946395,0.2671763598918915,6.200167179107666,2.769301176071167,2.769301176071167,1.0,1.0
40,10,4,0.99,input_at,4,28,0.8952950835227966,1,0.14366649091243744,0.5189433097839355,3.080782175064087,0.2518443763256073,0.9711697697639465,0.0,0.0
40,10,4,0.99,input_at,4,29,0.030052950605750084,0,0.0001579965464770794,0.3074088394641876,5.20920991897583,2.7649223804473877,2.7649223804473877,1.0,1.0
40,10,4,0.99,input_at,4,30,0.0665123239159584,0,0.0008065775618888438,0.32498472929000854,5.544652938842773,4.209604740142822,4.209604740142822,1.0,1.0
40,10,4,0.99,input_at,4,31,0.03836839273571968,0,0.0002294606383657083,0.23377369344234467,6.387608528137207,3.8638744354248047,3.8638744354248047,1.0,1.0
40,10,4,0.99,input_at,4,32,0.03605358302593231,0,0.00024328462313860655,0.34087061882019043,4.72000789642334,2.9101829528808594,2.9101829528808594,1.0,1.0
40,10,4,0.99,input_at,4,33,0.033976707607507706,0,0.00021118007134646177,0.33344197273254395,4.96333646774292,3.778088092803955,3.778088092803955,1.0,1.0
40,10,4,0.99,input_at,4,34,0.033204905688762665,0,0.00022166151029523462,0.2892454266548157,5.990698337554932,3.9418702125549316,3.9418702125549316,1.0,1.0
40,10,4,0.99,input_at,4,35,0.024450717493891716,0,0.00010295533138560131,0.3969348073005676,4.3048787117004395,3.5409669876098633,3.5409669876098633,1.0,1.0
40,10,4,0.99,input_at,4,36,0.02612534537911415,0,0.0001400568726239726,0.2873365879058838,6.047875881195068,4.025746822357178,4.025746822357178,1.0,1.0
40,10,4,0.99,input_at,4,37,0.033093515783548355,0,0.00021691859001293778,0.3892933428287506,4.381358623504639,2.4516000747680664,2.4516000747680664,1.0,1.0
40,10,4,0.99,input_at,4,38,0.032630279660224915,0,0.00019137916387990117,0.30650395154953003,5.107388973236084,3.4356274604797363,3.4356274604797363,1.0,1.0
40,10,4,0.99,input_at,4,39,0.024110877886414528,0,0.00012267277634236962,0.23817898333072662,6.134147644042969,3.248671054840088,3.248671054840088,1.0,1.0
40,10,4,0.99,lat,0,0,2.7394726276397705,1,0.4823693633079529,0.8248702883720398,1.4590511322021484,0.2216821014881134,0.7690207958221436,0.0,0.0
40,10,4,0.99,lat,0,1,2.5407028198242188,1,0.44539374113082886,0.8689705729484558,1.318354845046997,0.20300014317035675,0.7174990177154541,0.0,0.0
40,10,4,0.99,lat,0,2,2.3658878803253174,1,0.4441586434841156,0.8336341381072998,1.429776668548584,0.21071983873844147,0.8401978015899658,0.0,0.0
40,10,4,0.99,lat,0,3,2.0300133228302,1,0.28647124767303467,0.7607434391975403,1.6960408687591553,0.19157986342906952,0.7158768773078918,0.0,0.0
40,10,4,0.99,lat,0,4,1.8464555740356445,1,0.32549965381622314,0.7553243041038513,1.7148853540420532,0.17091618478298187,0.6432898640632629,0.0,0.0
40,10,4,0.99,lat,0,5,1.868394136428833,1,0.3093743920326233,0.7404085993766785,1.7801384925842285,0.15678837895393372,0.6025960445404053,0.0,0.0
40,10,4,0.99,lat,0,6,2.243739128112793,1,0.44568535685539246,0.8474801182746887,1.3825875520706177,0.21121975779533386,0.7471376061439514,0.0,0.0
40,10,4,0.99,lat,0,7,2.0318150520324707,1,0.318025141954422,0.7067777514457703,1.9254685640335083,0.17794269323349,0.7174921035766602,0.0,0.0
40,10,4,0.99,lat,0,8,2.299236297607422,1,0.413994163274765,0.816878080368042,1.4859657287597656,0.18134503066539764,0.6692294478416443,0.0,0.0
40,10,4,0.99,lat,0,9,1.7859230041503906,1,0.30193033814430237,0.6421737670898438,2.315831184387207,0.16715161502361298,0.640288233757019,0.0,0.0
40,10,4,0.99,lat,0,10,2.3599517345428467,1,0.3957211375236511,0.8328348994255066,1.4316397905349731,0.17414818704128265,0.6820241212844849,0.0,0.0
40,10,4,0.99,lat,0,11,1.8118605613708496,1,0.2898158133029938,0.7838971614837646,1.6066445112228394,0.2109074592590332,0.7553858160972595,0.0,0.0
40,10,4,0.99,lat,0,12,1.9113068580627441,1,0.27303987741470337,0.7165679931640625,1.892196536064148,0.1831883192062378,0.6514314413070679,0.0,0.0
40,10,4,0.99,lat,0,13,2.013493299484253,1,0.3180140554904938,0.7361258864402771,1.8080040216445923,0.17552225291728973,0.6258917450904846,0.0,0.0
40,10,4,0.99,lat,0,14,1.6123441457748413,1,0.2283041626214981,0.7820234894752502,1.615836501121521,0.14361293613910675,0.5584501624107361,0.0,0.0
40,10,4,0.99,lat,0,15,1.81377375125885,1,0.27866804599761963,0.7793551087379456,1.6230216026306152,0.17470042407512665,0.6178836822509766,0.0,0.0
40,10,4,0.99,lat,0,16,1.7927417755126953,1,0.24539029598236084,0.8190897107124329,1.4772599935531616,0.16361819207668304,0.6262648105621338,0.0,0.0
40,10,4,0.99,lat,0,17,1.7208836078643799,1,0.19751785695552826,0.7378602027893066,1.790447473526001,0.17630766332149506,0.6271505355834961,0.0,0.0
40,10,4,0.99,lat,0,18,1.875745415687561,1,0.2641601264476776,0.878485918045044,1.2913771867752075,0.18944290280342102,0.7133137583732605,0.0,0.0
40,10,4,0.99,lat,0,19,1.9201403856277466,1,0.2890569567680359,0.7299385070800781,1.8350704908370972,0.2038668692111969,0.7449811697006226,0.0,0.0
40,10,4,0.99,lat,0,20,1.7761142253875732,1,0.2725098431110382,0.842229425907135,1.3994171619415283,0.17545102536678314,0.6337979435920715,0.0,0.0
40,10,4,0.99,lat,0,21,1.9140225648880005,1,0.26745137572288513,0.7130165696144104,1.9195271730422974,0.2224692851305008,0.6700562834739685,0.0,0.0
40,10,4,0.99,lat,0,22,2.0052504539489746,1,0.3296286463737488,0.7758255004882812,1.637554407119751,0.1903199553489685,0.7088936567306519,0.0,0.0
40,10,4,0.99,lat,0,23,1.6432580947875977,1,0.23565737903118134,0.6502242088317871,2.2462871074676514,0.15972204506397247,0.6239465475082397,0.0,0.0
40,10,4,0.99,lat,0,24,1.7778836488723755,1,0.22433072328567505,0.6960771679878235,1.9828472137451172,0.16324684023857117,0.6199560761451721,0.0,0.0
40,10,4,0.99,lat,0,25,1.6544665098190308,1,0.23691977560520172,0.7334471940994263,1.8216527700424194,0.1576203554868698,0.6302546858787537,0.0,0.0
40,10,4,0.99,lat,0,26,1.8807904720306396,1,0.25114065408706665,0.742063045501709,1.7717714309692383,0.18655037879943848,0.6879082322120667,0.0,0.0
40,10,4,0.99,lat,0,27,1.6920738220214844,1,0.2002044916152954,0.7161439061164856,1.888533592224121,0.19180499017238617,0.7808046936988831,0.0,0.0
40,10,4,0.99,lat,0,28,1.9204111099243164,1,0.27332571148872375,0.7682146430015564,1.6675257682800293,0.21577367186546326,0.8717466592788696,0.0,0.0
40,10,4,0.99,lat,0,29,1.4271575212478638,1,0.15403462946414948,0.6203226447105408,2.4264180660247803,0.24625934660434723,0.9779449701309204,0.0,0.0
40,10,4,0.99,lat,0,30,1.524120569229126,1,0.1764112114906311,0.6814812421798706,2.065134048461914,0.1856093555688858,0.680777370929718,0.0,0.0
40,10,4,0.99,lat,0,31,1.1385265588760376,1,0.11737383902072906,0.5287452936172485,3.159235715866089,0.2765415906906128,1.2215025424957275,0.0,0.0
40,10,4,0.99,lat,0,32,0.02721952460706234,0,6.438905256800354e-05,0.30870527029037476,4.6886982917785645,5.465215682983398,5.465215682983398,1.0,1.0
40,10,4,0.99,lat,0,33,1.597487211227417,1,0.19007223844528198,0.6546391248703003,2.20474910736084,0.21256618201732635,0.8702266216278076,0.0,0.0
40,10,4,0.99,lat,0,34,0.7077250480651855,1,0.03665483742952347,0.37093523144721985,4.4318413734436035,0.7150996327400208,5.013186931610107,0.0,0.0
40,10,4,0.99,lat,0,35,0.08261234313249588,0,0.0005549913621507585,0.2935325503349304,5.451807498931885,4.044027805328369,5.205169200897217,0.0,1.0
40,10,4,0.99,lat,0,36,0.049074724316596985,0,0.00020702063920907676,0.2672472596168518,5.9032111167907715,4.973214626312256,5.790834903717041,0.0,1.0
40,10,4,0.99,lat,0,37,0.506804347038269,1,0.021493474021553993,0.23720403015613556,6.527526378631592,0.5496888756752014,2.1372759342193604,0.0,0.0
40,10,4,0.99,lat,0,38,0.017105821520090103,0,1.8993370758835226e-05,0.3710630238056183,5.077779293060303,8.771064758300781,8.771064758300781,1.0,1.0
40,10,4,0.99,lat,0,39,0.10224004834890366,0,0.0009337506489828229,0.24374718964099884,6.543003082275391,2.1378159523010254,6.072544097900391,0.0,1.0
40,10,4,0.99,lat,1,0,2.5543861389160156,1,0.445788711309433,0.826067328453064,1.4505300521850586,0.20541119575500488,0.7446035742759705,0.0,0.0
40,10,4,0.99,lat,1,1,2.934626340866089,1,0.48560959100723267,0.8384059071540833,1.4140303134918213,0.2466888129711151,0.816824197769165,0.0,0.0
40,10,4,0.99,lat,1,2,2.860037088394165,1,0.44777125120162964,0.8252473473548889,1.4563708305358887,0.23785153031349182,0.815568745136261,0.0,0.0
40,10,4,0.99,lat,1,3,1.9462417364120483,1,0.28377434611320496,0.7136547565460205,1.9164749383926392,0.16357658803462982,0.6208922863006592,0.0,0.0
40,10,4,0.99,lat,1,4,2.7300052642822266,1,0.4119904041290283,0.8744590282440186,1.302964448928833,0.2643311619758606,0.8108921051025391,0.0,0.0
40,10,4,0.99,lat,1,5,2.2340810298919678,1,0.36732906103134155,0.8273293972015381,1.4494991302490234,0.21206265687942505,0.7251313924789429,0.0,0.0
40,10,4,0.99,lat,1,6,2.433483600616455,1,0.4049612283706665,0.811362624168396,1.5014705657958984,0.24732328951358795,0.7636670470237732,0.0,0.0
40,10,4,0.99,lat,1,7,1.8882964849472046,1,0.28521785140037537,0.7025070786476135,1.9687317609786987,0.20031799376010895,0.6179683804512024,0.0,0.0
40,10,4,0.99,lat,1,8,2.3413138389587402,1,0.34142962098121643,0.880683958530426,1.2849138975143433,0.23337393999099731,0.7065258026123047,0.0,0.0
40,10,4,0.99,lat,1,9,2.0958364009857178,1,0.31652453541755676,0.7541866898536682,1.7244272232055664,0.19593773782253265,0.6764101982116699,0.0,0.0
40,10,4,0.99,lat,1,10,2.148297071456909,1,0.2957761883735657,0.7774350643157959,1.6348412036895752,0.17034190893173218,0.6199755072593689,0.0,0.0
40,10,4,0.99,lat,1,11,2.121459484100342,1,0.28981414437294006,0.8176197409629822,1.4833173751831055,0.17911741137504578,0.6521353721618652,0.0,0.0
40,10,4,0.99,lat,1,12,2.05385422706604,1,0.3172881603240967,0.7496527433395386,1.7417746782302856,0.21874165534973145,0.6691282987594604,0.0,0.0
40,10,4,0.99,lat,1,13,1.8754650354385376,1,0.26151975989341736,0.7418091297149658,1.7752666473388672,0.18759702146053314,0.6754810810089111,0.0,0.0
40,10,4,0.99,lat,1,14,1.9848816394805908,1,0.24421627819538116,0.8248370289802551,1.4561558961868286,0.21283836662769318,0.6729257106781006,0.0,0.0
40,10,4,0.99,lat,1,15,1.9856737852096558,1,0.27704134583473206,0.8411906361579895,1.4027377367019653,0.18624447286128998,0.6888294816017151,0.0,0.0
40,10,4,0.99,lat,1,16,2.0601634979248047,1,0.34761497378349304,0.7421432733535767,1.7803930044174194,0.19172891974449158,0.6915985941886902,0.0,0.0
40,10,4,0.99,lat,1,17,1.9732201099395752,1,0.22511999309062958,0.735201358795166,1.7962186336517334,0.19988296926021576,0.6034390926361084,0.0,0.0
40,10,4,0.99,lat,1,18,1.9283552169799805,1,0.23917309939861298,0.6492207050323486,2.2591683864593506,0.19904452562332153,0.6754666566848755,0.0,0.0
40,10,4,0.99,lat,1,19,1.7074558734893799,1,0.23369935154914856,0.7517154812812805,1.7333203554153442,0.16964155435562134,0.5825048089027405,0.0,0.0
40,10,4,0.99,lat,1,20,1.8633776903152466,1,0.25308194756507874,0.68524169921875,2.043484926223755,0.19742976129055023,0.6755090355873108,0.0,0.0
40,10,4,0.99,lat,1,21,1.8670566082000732,1,0.2709398865699768,0.6428651809692383,2.2935776710510254,0.20115680992603302,0.743364155292511,0.0,0.0
40,10,4,0.99,lat,1,22,1.9949036836624146,1,0.22904646396636963,0.8160675764083862,1.4854000806808472,0.1435982882976532,0.45489513874053955,0.0,0.0
40,10,4,0.99,lat,1,23,1.850389838218689,1,0.24346773326396942,0.7746610045433044,1.6408772468566895,0.18602636456489563,0.675216555595398,0.0,0.0
40,10,4,0.99,lat,1,24,1.8426285982131958,1,0.2301524430513382,0.7318657636642456,1.8156858682632446,0.17963656783103943,0.6342182755470276,0.0,0.0
40,10,4,0.99,lat,1,25,1.5336389541625977,1,0.19547304511070251,0.6675918698310852,2.159825325012207,0.1608729213476181,0.5752182006835938,0.0,0.0
40,10,4,0.99,lat,1,26,1.6826752424240112,1,0.20153728127479553,0.7411172389984131,1.7774220705032349,0.32472145557403564,0.8508211374282837,0.0,0.0
40,10,4,0.99,lat,1,27,1.8844488859176636,1,0.2097906768321991,0.6973546147346497,1.9957897663116455,0.21574972569942474,0.764060914516449,0.0,0.0
40,10,4,0.99,lat,1,28,1.4742125272750854,1,0.1360292285680771,0.774290919303894,1.637561321258545,0.1941811740398407,0.7583879232406616,0.0,0.0
40,10,4,0.99,lat,1,29,1.8159375190734863,1,0.2590717673301697,0.6738959550857544,2.123701572418213,0.19868578016757965,0.7185397148132324,0.0,0.0
40,10,4,0.99,lat,1,30,1.5357643365859985,1,0.15667270123958588,0.6553491353988647,2.2209300994873047,0.2386694997549057,0.7195456624031067,0.0,0.0
40,10,4,0.99,lat,1,31,1.3679916858673096,1,0.12658652663230896,0.7037278413772583,1.9518109560012817,0.20394092798233032,0.8364049196243286,0.0,0.0
40,10,4,0.99,lat,1,32,1.356990098953247,1,0.10480896383523941,0.6114099621772766,2.4968509674072266,0.3759055435657501,0.8557413816452026,0.0,0.0
40,10,4,0.99,lat,1,33,0.7581599354743958,1,0.04087941721081734,0.3080347180366516,6.016881465911865,0.4939287602901459,10.212160110473633,0.0,0.125
40,10,4,0.99,lat,1,34,0.48688650131225586,1,0.016517123207449913,0.35308733582496643,4.483155727386475,2.3663289546966553,8.73676586151123,0.0,1.0
40,10,4,0.99,lat,1,35,0.9897485971450806,1,0.04928787797689438,0.4702104330062866,3.7070205211639404,0.36761733889579773,16.207866668701172,0.0,1.0
40,10,4,0.99,lat,1,36,0.4962135851383209,1,0.01619182527065277,0.34005093574523926,5.359104156494141,0.9638710021972656,8.67563533782959,0.0,1.0
40,10,4,0.99,lat,1,37,1.4252517223358154,1,0.11498391628265381,0.6581026315689087,2.2127041816711426,21.02355194091797,12.740314483642578,1.0,0.5
40,10,4,0.99,lat,1,38,0.18773192167282104,0,0.002092620125040412,0.28823739290237427,6.047638416290283,8.614625930786133,8.614625930786133,1.0,1.0
40,10,4,0.99,lat,1,39,0.7445390820503235,1,0.028902869671583176,0.32574713230133057,5.267507553100586,0.7942349314689636,13.30553913116455,0.0,1.0
40,10,4,0.99,lat,2,0,3.328355073928833,1,0.5432795286178589,0.8921038508415222,1.2538552284240723,0.2899239659309387,1.0132032632827759,0.0,0.0
40,10,4,0.99,lat,2,1,2.5981123447418213,1,0.47668763995170593,0.8962355256080627,1.2414824962615967,0.2410435676574707,0.8309662342071533,0.0,0.0
40,10,4,0.99,lat,2,2,2.808566093444824,1,0.4976355731487274,0.8849257826805115,1.272244930267334,0.2336859554052353,0.8160530924797058,0.0,0.0
40,10,4,0.99,lat,2,3,2.2712182998657227,1,0.37319299578666687,0.8101991415023804,1.5078613758087158,0.18310800194740295,0.7361044883728027,0.0,0.0
40,10,4,0.99,lat,2,4,2.7261900901794434,1,0.4819064438343048,0.8656734824180603,1.3291966915130615,0.18109163641929626,0.7171921133995056,0.0,0.0
40,10,4,0.99,lat,2,5,2.2237861156463623,1,0.3468775749206543,0.7802111506462097,1.6215245723724365,0.21179163455963135,0.7546837329864502,0.0,0.0
40,10,4,0.99,lat,2,6,2.4611048698425293,1,0.31610220670700073,0.8454356789588928,1.3891689777374268,0.20720630884170532,0.699867844581604,0.0,0.0
40,10,4,0.99,lat,2,7,2.5806663036346436,1,0.37839239835739136,0.7823463082313538,1.6132577657699585,0.1879013031721115,0.6779084205627441,0.0,0.0
40,10,4,0.99,lat,2,8,2.2309441566467285,1,0.37560978531837463,0.763911247253418,1.6837663650512695,0.18694637715816498,0.6729125380516052,0.0,0.0
40,10,4,0.99,lat,2,9,2.0751190185546875,1,0.276837021112442,0.7587716579437256,1.705091953277588,0.20788218080997467,0.7183638215065002,0.0,0.0
40,10,4,0.99,lat,2,10,1.8078563213348389,1,0.24001869559288025,0.7484585642814636,1.748333215713501,0.17641302943229675,0.639248251914978,0.0,0.0
40,10,4,0.99,lat,2,11,2.164702892303467,1,0.30377939343452454,0.7252090573310852,1.8466781377792358,0.19568951427936554,0.6860589385032654,0.0,0.0
40,10,4,0.99,lat,2,12,2.0190236568450928,1,0.276283860206604,0.7622453570365906,1.6924641132354736,0.20755115151405334,0.6935831904411316,0.0,0.0
40,10,4,0.99,lat,2,13,1.8530616760253906,1,0.23360343277454376,0.6834911108016968,2.050480842590332,0.17279258370399475,0.6374274492263794,0.0,0.0
40,10,4,0.99,lat,2,14,2.071101427078247,1,0.2536386549472809,0.7232193946838379,1.852348804473877,0.203031986951828,0.744818389415741,0.0,0.0
40,10,4,0.99,lat,2,15,2.1532256603240967,1,0.3040536344051361,0.7784681916236877,1.6265283823013306,0.19086728990077972,0.650612473487854,0.0,0.0
40,10,4,0.99,lat,2,16,1.984107494354248,1,0.26505300402641296,0.7355169653892517,1.79921293258667,0.194557785987854,0.6272307634353638,0.0,0.0
40,10,4,0.99,lat,2,17,1.9270515441894531,1,0.2608839273452759,0.6732791066169739,2.1242127418518066,0.20159605145454407,0.6851900815963745,0.0,0.0
40,10,4,0.99,lat,2,18,1.6751911640167236,1,0.18594202399253845,0.6890211701393127,2.013646364212036,0.1750672608613968,0.6381378173828125,0.0,0.0
40,10,4,0.99,lat,2,19,2.074342727661133,1,0.27488720417022705,0.7768247723579407,1.630254864692688,0.21262966096401215,0.7861852645874023,0.0,0.0
40,10,4,0.99,lat,2,20,1.8137798309326172,1,0.22833994030952454,0.7834024429321289,1.6020777225494385,0.1694343388080597,0.6214966773986816,0.0,0.0
40,10,4,0.99,lat,2,21,1.8160947561264038,1,0.2330150008201599,0.7152743935585022,1.9020302295684814,0.22659243643283844,0.7677599191665649,0.0,0.0
40,10,4,0.99,lat,2,22,1.8260184526443481,1,0.22452297806739807,0.6732019782066345,2.109602689743042,0.18643471598625183,0.6809074282646179,0.0,0.0
40,10,4,0.99,lat,2,23,1.5927923917770386,1,0.1592244654893875,0.6544347405433655,2.2244768142700195,0.17965801060199738,0.6914118528366089,0.0,0.0
40,10,4,0.99,lat,2,24,1.5806654691696167,1,0.15821485221385956,0.7114922404289246,1.9122815132141113,0.14678069949150085,0.6024370193481445,0.0,0.0
40,10,4,0.99,lat,2,25,2.6300008296966553,1,0.3909158706665039,0.9124301075935364,1.1990197896957397,0.32151782512664795,0.573860764503479,0.0,0.0
40,10,4,0.99,lat,2,26,1.6517757177352905,1,0.19506561756134033,0.8057752251625061,1.521324634552002,0.1592603325843811,0.608674943447113,0.0,0.0
40,10,4,0.99,lat,2,27,1.5813838243484497,1,0.1628572791814804,0.7020045518875122,1.959349274635315,0.16322888433933258,0.61822509765625,0.0,0.0
40,10,4,0.99,lat,2,28,1.5917056798934937,1,0.16225537657737732,0.6445451974868774,2.284700870513916,0.18232224881649017,0.7590050101280212,0.0,0.0
40,10,4,0.99,lat,2,29,1.5635340213775635,1,0.14669393002986908,0.7030370831489563,1.959999442100525,0.2384338229894638,0.8243070840835571,0.0,0.0
40,10,4,0.99,lat,2,30,1.6205798387527466,1,0.17845220863819122,0.7167797684669495,1.8958848714828491,0.2473357915878296,0.9132530689239502,0.0,0.0
40,10,4,0.99,lat,2,31,1.4950754642486572,1,0.1595662236213684,0.6086602807044983,2.525581121444702,0.22765401005744934,0.9397828578948975,0.0,0.0
40,10,4,0.99,lat,2,32,1.3571220636367798,1,0.12096351385116577,0.6190553903579712,2.3863797187805176,0.2820083498954773,1.038347601890564,0.0,0.0
40,10,4,0.99,lat,2,33,1.644041657447815,1,0.17744165658950806,0.6138810515403748,2.4954466819763184,0.2586529850959778,1.0116254091262817,0.0,0.0
40,10,4,0.99,lat,2,34,1.1485573053359985,1,0.06686881184577942,0.5872213244438171,2.6328771114349365,0.46698883175849915,1.5272314548492432,0.0,0.0
40,10,4,0.99,lat,2,35,0.0190290454775095,0,2.2492882635560818e-05,0.22287720441818237,6.675090789794922,5.877638339996338,5.877638339996338,1.0,1.0
40,10,4,0.99,lat,2,36,0.6496198773384094,1,0.025352997705340385,0.4127318859100342,4.221545219421387,0.8829430937767029,2.647037982940674,0.0,0.0
40,10,4,0.99,lat,2,37,0.1886584609746933,0,0.0019067395478487015,0.3262510597705841,5.055284023284912,7.282257556915283,6.743060111999512,1.0,0.0
40,10,4,0.99,lat,2,38,0.43904781341552734,1,0.009229547344148159,0.3203110694885254,5.273441314697266,11.446839332580566,11.446839332580566,1.0,1.0
40,10,4,0.99,lat,2,39,0.3574282228946686,1,0.009575320407748222,0.3168572187423706,5.231957912445068,10.446757316589355,6.585876941680908,1.0,0.0
40,10,4,0.99,lat,3,0,2.9158735275268555,1,0.4873424172401428,0.9017900824546814,1.2254682779312134,0.24170082807540894,0.8210051655769348,0.0,0.0
40,10,4,0.99,lat,3,1,2.602254629135132,1,0.4566453695297241,0.8390782475471497,1.4109219312667847,0.19548839330673218,0.7393022775650024,0.0,0.0
40,10,4,0.99,lat,3,2,2.9865329265594482,1,0.45878517627716064,0.9302951693534851,1.153854489326477,0.24690720438957214,0.8335357904434204,0.0,0.0
40,10,4,0.99,lat,3,3,2.8249776363372803,1,0.39785242080688477,0.8967666625976562,1.2401307821273804,0.25594717264175415,0.8386138081550598,0.0,0.0
40,10,4,0.99,lat,3,4,1.973505973815918,1,0.34392210841178894,0.8800199031829834,1.2862272262573242,0.15351051092147827,0.5813538432121277,0.0,0.0
40,10,4,0.99,lat,3,5,1.8689812421798706,1,0.3107109069824219,0.7851726412773132,1.5834643840789795,0.1681685447692871,0.5993441343307495,0.0,0.0
40,10,4,0.99,lat,3,6,2.3548402786254883,1,0.31718534231185913,0.8015405535697937,1.5365971326828003,0.19939064979553223,0.7724214792251587,0.0,0.0
40,10,4,0.99,lat,3,7,2.3862690925598145,1,0.4008356034755707,0.8785890340805054,1.2907981872558594,0.23741623759269714,0.8819522261619568,0.0,0.0
40,10,4,0.99,lat,3,8,2.3178141117095947,1,0.3554461896419525,0.8260429501533508,1.4533475637435913,0.20115065574645996,0.7907513380050659,0.0,0.0
40,10,4,0.99,lat,3,9,2.1930079460144043,1,0.30248114466667175,0.821226954460144,1.4667049646377563,0.19661614298820496,0.709370493888855,0.0,0.0
40,10,4,0.99,lat,3,10,1.9078967571258545,1,0.26413318514823914,0.8276399374008179,1.4448243379592896,0.16882459819316864,0.6488375663757324,0.0,0.0
40,10,4,0.99,lat,3,11,2.0520482063293457,1,0.3001938462257385,0.7415486574172974,1.7595229148864746,0.204398974776268,0.6422314047813416,0.0,0.0
40,10,4,0.99,lat,3,12,1.856633186340332,1,0.26615002751350403,0.7613238096237183,1.6971091032028198,0.15923048555850983,0.6063825488090515,0.0,0.0
40,10,4,0.99,lat,3,13,2.1114025115966797,1,0.32692116498947144,0.8745363354682922,1.3007841110229492,0.2108696699142456,0.7379527688026428,0.0,0.0
40,10,4,0.99,lat,3,14,1.9941145181655884,1,0.2824188470840454,0.8025794625282288,1.534963846206665,0.19599051773548126,0.7201970815658569,0.0,0.0
40,10,4,0.99,lat,3,15,2.378927707672119,1,0.3195877969264984,0.7366187572479248,1.8051872253417969,0.252486914396286,0.8326877355575562,0.0,0.0
40,10,4,0.99,lat,3,16,1.9766958951950073,1,0.2414284646511078,0.7470777034759521,1.7541598081588745,0.21170660853385925,0.6928642392158508,0.0,0.0
40,10,4,0.99,lat,3,17,2.0887081623077393,1,0.31771549582481384,0.6935999393463135,1.9991421699523926,0.23399470746517181,0.8524012565612793,0.0,0.0
40,10,4,0.99,lat,3,18,2.9351305961608887,1,0.4340604841709137,0.8925473093986511,1.2515583038330078,0.2800878584384918,0.6448373794555664,0.0,0.0
40,10,4,0.99,lat,3,19,1.8240238428115845,1,0.19198918342590332,0.7700316309928894,1.6602718830108643,0.16932615637779236,0.6067559123039246,0.0,0.0
40,10,4,0.99,lat,3,20,1.5746508836746216,1,0.1676844358444214,0.6913469433784485,1.960518479347229,0.16346375644207,0.6290763020515442,0.0,0.0
40,10,4,0.99,lat,3,21,2.159607410430908,1,0.2664521336555481,0.834641695022583,1.4251103401184082,0.1967443972826004,0.7045594453811646,0.0,0.0
40,10,4,0.99,lat,3,22,1.9771695137023926,1,0.27136725187301636,0.8096018433570862,1.5050287246704102,0.1730329841375351,0.6539027094841003,0.0,0.0
40,10,4,0.99,lat,3,23,1.8186228275299072,1,0.19075360894203186,0.719845175743103,1.871031641960144,0.21642941236495972,0.7707677483558655,0.0,0.0
40,10,4,0.99,lat,3,24,1.6332639455795288,1,0.2003623992204666,0.7961551547050476,1.5582642555236816,0.1966707408428192,0.6958867907524109,0.0,0.0
40,10,4,0.99,lat,3,25,1.9183045625686646,1,0.21887442469596863,0.7826101183891296,1.6094379425048828,0.20489287376403809,0.7808277606964111,0.0,0.0
40,10,4,0.99,lat,3,26,1.7134120464324951,1,0.17433196306228638,0.7225438356399536,1.8602970838546753,0.21564042568206787,0.8039641380310059,0.0,0.0
40,10,4,0.99,lat,3,27,1.5011550188064575,1,0.15423007309436798,0.6256405115127563,2.3889219760894775,0.21604132652282715,0.7194523215293884,0.0,0.0
40,10,4,0.99,lat,3,28,1.6097958087921143,1,0.1722962111234665,0.7091606855392456,1.930017352104187,0.1988825798034668,0.7362247705459595,0.0,0.0
40,10,4,0.99,lat,3,29,1.9020532369613647,1,0.2561188340187073,0.7141588926315308,1.86753249168396,0.23890894651412964,0.7844235301017761,0.0,0.0
40,10,4,0.99,lat,3,30,1.38844895362854,1,0.1302531510591507,0.6405972242355347,2.292755603790283,0.2051839977502823,0.7598744034767151,0.0,0.0
40,10,4,0.99,lat,3,31,1.336818814277649,1,0.1082175150513649,0.49482202529907227,3.2858057022094727,0.2166053205728531,0.8215211033821106,0.0,0.0
40,10,4,0.99,lat,3,32,1.355188250541687,1,0.10678767412900925,0.6556621193885803,2.210958480834961,0.3729343116283417,1.099868893623352,0.0,0.0
40,10,4,0.99,lat,3,33,0.7146545648574829,1,0.02643859200179577,0.3914138376712799,4.453901290893555,11.212091445922852,11.212091445922852,1.0,1.0
40,10,4,0.99,lat,3,34,0.5108595490455627,1,0.013451212085783482,0.34398338198661804,5.245080471038818,11.631478309631348,11.631478309631348,1.0,1.0
40,10,4,0.99,lat,3,35,0.02284090593457222,0,3.2574189390288666e-05,0.3386342525482178,4.397463798522949,4.744184970855713,4.744184970855713,1.0,1.0
40,10,4,0.99,lat,3,36,0.30402934551239014,1,0.006278845015913248,0.30172106623649597,5.852217674255371,0.9928036332130432,3.9833576679229736,0.0,0.0
40,10,4,0.99,lat,3,37,0.0729433000087738,0,0.0002973894588649273,0.30985915660858154,5.34254264831543,6.02423620223999,6.02423620223999,1.0,1.0
40,10,4,0.99,lat,3,38,0.044538531452417374,0,0.00013307115295901895,0.36555343866348267,4.936253070831299,5.496923923492432,5.496923923492432,1.0,1.0
40,10,4,0.99,lat,3,39,0.9162979125976562,1,0.059198323637247086,0.4141159653663635,4.188732624053955,0.4298594892024994,2.8411502838134766,0.0,0.0
40,10,4,0.99,lat,4,0,3.0546875,1,0.6039887070655823,0.917811930179596,1.1856224536895752,0.2716291546821594,0.9134546518325806,0.0,0.0
40,10,4,0.99,lat,4,1,2.3657639026641846,1,0.37023457884788513,0.8294093608856201,1.441028356552124,0.18912483751773834,0.6905907988548279,0.0,0.0
40,10,4,0.99,lat,4,2,2.589747905731201,1,0.43396738171577454,0.8547564148902893,1.360611081123352,0.20879612863063812,0.7569209337234497,0.0,0.0
40,10,4,0.99,lat,4,3,2.1992714405059814,1,0.3841930627822876,0.813753068447113,1.4944437742233276,0.22320903837680817,0.6701518297195435,0.0,0.0
40,10,4,0.99,lat,4,4,2.177597761154175,1,0.32652369141578674,0.7918826937675476,1.5752477645874023,0.18086086213588715,0.650676429271698,0.0,0.0
40,10,4,0.99,lat,4,5,2.314890146255493,1,0.3610024154186249,0.8101720213890076,1.5107502937316895,0.20172768831253052,0.7366859912872314,0.0,0.0
40,10,4,0.99,lat,4,6,1.9749815464019775,1,0.3313246965408325,0.7006005644798279,1.9812119007110596,0.192230686545372,0.6488497257232666,0.0,0.0
40,10,4,0.99,lat,4,7,2.2410078048706055,1,0.3542419373989105,0.7759476900100708,1.6391133069992065,0.21292944252490997,0.713412344455719,0.0,0.0
40,10,4,0.99,lat,4,8,2.3875749111175537,1,0.36879193782806396,0.7970284819602966,1.558275580406189,0.22235597670078278,0.6933994889259338,0.0,0.0
40,10,4,0.99,lat,4,9,1.8730130195617676,1,0.25067389011383057,0.7323738932609558,1.8199808597564697,0.1978112757205963,0.682510495185852,0.0,0.0
40,10,4,0.99,lat,4,10,2.0518980026245117,1,0.28423741459846497,0.7312625646591187,1.8224482536315918,0.19148634374141693,0.6396636962890625,0.0,0.0
40,10,4,0.99,lat,4,11,1.9988882541656494,1,0.27422958612442017,0.7625075578689575,1.6926058530807495,0.18528763949871063,0.614882230758667,0.0,0.0
40,10,4,0.99,lat,4,12,2.1360576152801514,1,0.29984939098358154,0.7773092985153198,1.6264333724975586,0.2063751071691513,0.6679917573928833,0.0,0.0
40,10,4,0.99,lat,4,13,2.1371285915374756,1,0.3196597695350647,0.7915852665901184,1.5803478956222534,0.22212475538253784,0.6827473640441895,0.0,0.0
40,10,4,0.99,lat,4,14,2.1101603507995605,1,0.2842961251735687,0.8511918783187866,1.3721238374710083,0.1920834183692932,0.5925213694572449,0.0,0.0
40,10,4,0.99,lat,4,15,2.340061902999878,1,0.33738046884536743,0.8716109991073608,1.3101167678833008,0.24530655145645142,0.7386317253112793,0.0,0.0
40,10,4,0.99,lat,4,16,2.134474754333496,1,0.290289044380188,0.8153799772262573,1.490596890449524,0.19897663593292236,0.6202208399772644,0.0,0.0
40,10,4,0.99,lat,4,17,1.9713858366012573,1,0.2551674544811249,0.7399545311927795,1.7930485010147095,0.17150351405143738,0.6291730999946594,0.0,0.0
40,10,4,0.99,lat,4,18,2.041839361190796,1,0.25871163606643677,0.7647430896759033,1.6775755882263184,0.19772979617118835,0.5960659384727478,0.0,0.0
40,10,4,0.99,lat,4,19,1.8716440200805664,1,0.2303154468536377,0.6973755359649658,1.9916882514953613,0.17674684524536133,0.6117417216300964,0.0,0.0
40,10,4,0.99,lat,4,20,1.9988160133361816,1,0.26192039251327515,0.7965524792671204,1.5593715906143188,0.1873193234205246,0.6502434015274048,0.0,0.0
40,10,4,0.99,lat,4,21,1.883141040802002,1,0.21360976994037628,0.7015203237533569,1.9569052457809448,0.16782726347446442,0.5901308655738831,0.0,0.0
40,10,4,0.99,lat,4,22,1.8509161472320557,1,0.23976439237594604,0.7800880074501038,1.6174657344818115,0.1651393175125122,0.6275895237922668,0.0,0.0
40,10,4,0.99,lat,4,23,2.192805528640747,1,0.2788574993610382,0.8208015561103821,1.4695587158203125,0.16871872544288635,0.6997514367103577,0.0,0.0
40,10,4,0.99,lat,4,24,1.975764274597168,1,0.27089202404022217,0.7980337738990784,1.5503915548324585,0.17658409476280212,0.6100465655326843,0.0,0.0
40,10,4,0.99,lat,4,25,1.9219577312469482,1,0.24211841821670532,0.7587314248085022,1.7020609378814697,0.16650114953517914,0.6388475894927979,0.0,0.0
40,10,4,0.99,lat,4,26,1.9899293184280396,1,0.25365594029426575,0.8188999891281128,1.4763869047164917,0.19675791263580322,0.6412227153778076,0.0,0.0
40,10,4,0.99,lat,4,27,2.01591157913208,1,0.2503753900527954,0.7893538475036621,1.5877437591552734,0.20045021176338196,0.6133270263671875,0.0,0.0
40,10,4,0.99,lat,4,28,1.8444983959197998,1,0.21793349087238312,0.6070799231529236,2.5531580448150635,0.18914692103862762,0.745816707611084,0.0,0.0
40,10,4,0.99,lat,4,29,1.9975520372390747,1,0.2206125557422638,0.7227495312690735,1.8582055568695068,0.21234014630317688,0.6171045303344727,0.0,0.0
40,10,4,0.99,lat,4,30,1.7011464834213257,1,0.20480220019817352,0.6588030457496643,2.1993319988250732,0.2157829850912094,0.7239747643470764,0.0,0.0
40,10,4,0.99,lat,4,31,1.496024250984192,1,0.14111420512199402,0.6610282063484192,2.190692901611328,0.5249426364898682,0.8961085081100464,0.0,0.0
40,10,4,0.99,lat,4,32,1.4676125049591064,1,0.146671324968338,0.6576997637748718,2.1988823413848877,0.6647180914878845,0.9916518926620483,0.0,0.0
40,10,4,0.99,lat,4,33,1.3426040410995483,1,0.12261290103197098,0.6018510460853577,2.546611785888672,0.26918908953666687,0.9523850083351135,0.0,0.0
40,10,4,0.99,lat,4,34,1.1252989768981934,1,0.08357865363359451,0.5489513874053955,2.988295078277588,0.435788094997406,3.017080307006836,0.0,0.0
40,10,4,0.99,lat,4,35,0.6165443658828735,1,0.025259170681238174,0.32129785418510437,5.3616743087768555,4.27235746383667,11.863516807556152,0.0,1.0
40,10,4,0.99,lat,4,36,0.2772534489631653,0,0.005057923495769501,0.2931475043296814,5.9002366065979,9.604596138000488,9.604596138000488,1.0,1.0
40,10,4,0.99,lat,4,37,0.09447184205055237,0,0.0005825707921758294,0.31387612223625183,4.968216896057129,6.248641490936279,6.248641490936279,1.0,1.0
40,10,4,0.99,lat,4,38,0.031127141788601875,0,7.101377559592947e-05,0.2806905210018158,5.644520282745361,6.194182395935059,6.194182395935059,1.0,1.0
40,10,4,0.99,lat,4,39,0.11483138799667358,0,0.0008840932277962565,0.22870945930480957,6.690463066101074,7.049744606018066,7.049744606018066,1.0,1.0
80,10,8,0.8,baseline,0,0,1.3554171323776245,1,0.4571845233440399,0.2809154689311981,6.7668280601501465,0.13331684470176697,0.5149521231651306,0.0,0.0
80,10,8,0.8,baseline,0,1,1.4800002574920654,1,0.493402361869812,0.31461378931999207,6.223068714141846,0.14588883519172668,0.5882028341293335,0.0,0.0
80,10,8,0.8,baseline,0,2,1.2672866582870483,1,0.4775230586528778,0.258502721786499,7.173489093780518,0.13120701909065247,0.5310359001159668,0.0,0.0
80,10,8,0.8,baseline,0,3,1.2337963581085205,1,0.4645458161830902,0.2462577372789383,7.393524646759033,0.13221563398838043,0.5248449444770813,0.0,0.0
80,10,8,0.8,baseline,0,4,1.2186493873596191,1,0.4599674642086029,0.24950101971626282,7.350219249725342,0.12787549197673798,0.505916953086853,0.0,0.0
80,10,8,0.8,baseline,0,5,1.3315858840942383,1,0.4403995871543884,0.2847839891910553,6.773453712463379,0.13670401275157928,0.5585241913795471,0.0,0.0
80,10,8,0.8,baseline,0,6,1.245477557182312,1,0.4599617123603821,0.2526237666606903,7.23778772354126,0.13441810011863708,0.5360052585601807,0.0,0.0
80,10,8,0.8,baseline,0,7,1.4881678819656372,1,0.47408461570739746,0.33649206161499023,5.829904556274414,0.14822354912757874,0.5819802284240723,0.0,0.0
80,10,8,0.8,baseline,0,8,1.4342308044433594,1,0.46871861815452576,0.28902101516723633,6.6239013671875,0.1348022073507309,0.5408434271812439,0.0,0.0
80,10,8,0.8,baseline,0,9,1.4885733127593994,1,0.49420493841171265,0.3241216540336609,6.019538402557373,0.15240976214408875,0.6099761128425598,0.0,0.0
80,10,8,0.8,baseline,0,10,1.4108976125717163,1,0.448174387216568,0.3058610260486603,6.357388019561768,0.16655133664608002,0.6731681227684021,0.0,0.0
80,10,8,0.8,baseline,0,11,1.467206358909607,1,0.46058183908462524,0.3112601339817047,6.251141548156738,0.1544419378042221,0.6306419372558594,0.0,0.0
80,10,8,0.8,baseline,0,12,1.3247196674346924,1,0.46798020601272583,0.28488031029701233,6.756218910217285,0.14265978336334229,0.5477602481842041,0.0,0.0
80,10,8,0.8,baseline,0,13,1.2252901792526245,1,0.38260674476623535,0.26793885231018066,7.230752944946289,0.08991652727127075,0.350394606590271,0.0,0.0
80,10,8,0.8,baseline,0,14,1.4164897203445435,1,0.4446755647659302,0.3041702210903168,6.370485305786133,0.14385852217674255,0.5792753100395203,0.0,0.0
80,10,8,0.8,baseline,0,15,1.2698827981948853,1,0.44152966141700745,0.2616325914859772,7.1313557624816895,0.14013652503490448,0.5625260472297668,0.0,0.0
80,10,8,0.8,baseline,0,16,1.342956304550171,1,0.40716567635536194,0.2962789833545685,6.484243392944336,0.15827585756778717,0.6059637069702148,0.0,0.0
80,10,8,0.8,baseline,0,17,1.911596417427063,1,0.5973829030990601,0.43378400802612305,4.35672664642334,0.14500799775123596,0.565224826335907,0.0,0.0
80,10,8,0.8,baseline,0,18,0.13819719851016998,0,0.009332684800028801,0.17770996689796448,8.444775581359863,0.4784758687019348,2.308720827102661,0.0,0.0
80,10,8,0.8,baseline,0,19,0.5490087866783142,1,0.07305730879306793,0.1702461838722229,8.305160522460938,0.28774547576904297,1.2137975692749023,0.0,0.0
80,10,8,0.8,baseline,0,20,0.09685733914375305,0,0.004711455199867487,0.1645689308643341,8.564604759216309,0.6469085812568665,3.267782688140869,0.0,0.0
80,10,8,0.8,baseline,0,21,0.07867202162742615,0,0.003488949267193675,0.16644403338432312,8.556215286254883,0.801575779914856,4.178622245788574,0.0,0.0
80,10,8,0.8,baseline,0,22,0.0892290472984314,0,0.002103957114741206,0.1665090173482895,8.438481330871582,0.9978949427604675,5.412729263305664,0.0,0.0
80,10,8,0.8,baseline,0,23,0.11937519162893295,0,0.0036868108436465263,0.1776510328054428,8.460440635681152,0.6638005971908569,3.3678359985351562,0.0,0.0
80,10,8,0.8,baseline,0,24,0.2075870931148529,0,0.007283016107976437,0.16946573555469513,8.434228897094727,0.813995897769928,4.328594207763672,0.0,0.0
80,10,8,0.8,baseline,0,25,0.10462343692779541,0,0.002263234928250313,0.17762567102909088,8.369046211242676,1.1916718482971191,6.367393493652344,0.0,0.0
80,10,8,0.8,baseline,0,26,1.0478172302246094,1,0.178471639752388,0.2688867151737213,7.053234100341797,0.367414265871048,1.3601257801055908,0.0,0.0
80,10,8,0.8,baseline,0,27,0.2509201765060425,0,0.010323342867195606,0.18264764547348022,8.31546688079834,1.4821932315826416,7.687682628631592,0.0,0.0
80,10,8,0.8,baseline,0,28,0.10169759392738342,0,0.0018461706349626184,0.16607502102851868,8.477548599243164,1.2763733863830566,7.316685676574707,0.0,0.0
80,10,8,0.8,baseline,0,29,0.05797427520155907,0,0.000899540726095438,0.17710798978805542,8.374823570251465,1.492763638496399,8.815407752990723,0.0,0.0
80,10,8,0.8,baseline,0,30,0.21714746952056885,0,0.0077332258224487305,0.18491554260253906,8.247307777404785,1.0172874927520752,5.293553829193115,0.0,0.0
80,10,8,0.8,baseline,0,31,0.08143430948257446,0,0.0013095760950818658,0.17528344690799713,8.406460762023926,1.5622670650482178,8.858424186706543,0.0,0.0
80,10,8,0.8,baseline,0,32,0.1506311446428299,0,0.0037782646249979734,0.17508164048194885,8.426091194152832,1.3161382675170898,7.243601322174072,0.0,0.0
80,10,8,0.8,baseline,0,33,0.20939818024635315,0,0.007152092643082142,0.17337782680988312,8.448676109313965,1.109334111213684,5.95075798034668,0.0,0.0
80,10,8,0.8,baseline,0,34,0.08011320233345032,0,0.001152239041402936,0.1792297214269638,8.389652252197266,1.6145573854446411,9.08885669708252,0.0,0.0
80,10,8,0.8,baseline,0,35,0.10404706746339798,0,0.0018728297436609864,0.15744595229625702,8.57731819152832,1.483561635017395,8.506298065185547,0.0,0.0
80,10,8,0.8,baseline,0,36,0.06090714782476425,0,0.000746636011172086,0.16623573005199432,8.505087852478027,1.6125173568725586,9.314714431762695,0.0,0.0
80,10,8,0.8,baseline,0,37,0.1479390412569046,0,0.003625778015702963,0.1829887181520462,8.23052978515625,1.3302114009857178,7.362146854400635,0.0,0.0
80,10,8,0.8,baseline,0,38,0.044900260865688324,0,0.000519925553817302,0.1730649173259735,8.401956558227539,1.7339990139007568,10.126551628112793,0.0,0.0
80,10,8,0.8,baseline,0,39,0.10670492053031921,0,0.0019338105339556932,0.16617155075073242,8.453948020935059,1.4945119619369507,8.428717613220215,0.0,0.0
80,10,8,0.8,baseline,0,40,0.07784822583198547,0,0.0010962617816403508,0.18118083477020264,8.404152870178223,1.6679892539978027,9.5736722946167,0.0,0.0
80,10,8,0.8,baseline,0,41,0.04445720836520195,0,0.0005014976486563683,0.1690535992383957,8.456501960754395,1.804033875465393,10.618303298950195,0.0,0.0
80,10,8,0.8,baseline,0,42,0.06882326304912567,0,0.0008619260042905807,0.17940817773342133,8.295388221740723,1.828282356262207,10.327130317687988,0.0,0.0
80,10,8,0.8,baseline,0,43,0.03424368426203728,0,0.0003772409982047975,0.17100906372070312,8.487455368041992,2.2802066802978516,14.109081268310547,0.0,0.0
80,10,8,0.8,baseline,0,44,0.031082330271601677,0,0.0004483560915105045,0.16692404448986053,8.481598854064941,2.071347713470459,12.268535614013672,0.0,0.0
80,10,8,0.8,baseline,0,45,0.050522830337285995,0,0.0005726260133087635,0.16327625513076782,8.55799388885498,2.042886972427368,12.128684043884277,0.0,0.0
80,10,8,0.8,baseline,0,46,0.0530853196978569,0,0.0006055082776583731,0.17283357679843903,8.472738265991211,1.7767002582550049,10.807403564453125,0.0,0.0
80,10,8,0.8,baseline,0,47,0.057624656707048416,0,0.0006551167462021112,0.16586701571941376,8.467867851257324,1.725780963897705,10.194981575012207,0.0,0.0
80,10,8,0.8,baseline,0,48,0.0491890124976635,0,0.0005100379348732531,0.17631003260612488,8.382225036621094,1.8444573879241943,10.78124713897705,0.0,0.0
80,10,8,0.8,baseline,0,49,0.0784139633178711,0,0.001111467252485454,0.1944199651479721,8.256300926208496,1.6042451858520508,9.227866172790527,0.0,0.0
80,10,8,0.8,baseline,0,50,0.07412011921405792,0,0.000997474417090416,0.18141505122184753,8.323797225952148,1.7352159023284912,9.941370010375977,0.0,0.0
80,10,8,0.8,baseline,0,51,0.09200471639633179,0,0.0014586647739633918,0.17211531102657318,8.41234302520752,1.734424114227295,9.895716667175293,0.0,0.0
80,10,8,0.8,baseline,0,52,0.17386893928050995,0,0.005033571273088455,0.16939255595207214,8.45380687713623,1.1928937435150146,6.496748447418213,0.0,0.0
80,10,8,0.8,baseline,0,53,0.030217060819268227,0,0.0004371332470327616,0.17805084586143494,8.389299392700195,2.2322440147399902,13.46957015991211,0.0,0.0
80,10,8,0.8,baseline,0,54,0.02801791951060295,0,0.0004891494172625244,0.16705819964408875,8.448997497558594,2.1466050148010254,13.443354606628418,0.0,0.0
80,10,8,0.8,baseline,0,55,0.1059795469045639,0,0.001898846821859479,0.16727176308631897,8.535608291625977,1.653570294380188,9.08458137512207,0.0,0.0
80,10,8,0.8,baseline,0,56,0.028268130496144295,0,0.00046057868166826665,0.1785030961036682,8.309182167053223,2.217733144760132,13.654845237731934,0.0,0.0
80,10,8,0.8,baseline,0,57,0.03365496173501015,0,0.00043048913357779384,0.16868802905082703,8.46271800994873,2.168309450149536,12.636163711547852,0.0,0.0
80,10,8,0.8,baseline,0,58,0.030527930706739426,0,0.000513586332090199,0.16753128170967102,8.479491233825684,1.9212126731872559,11.8051176071167,0.0,0.0
80,10,8,0.8,baseline,0,59,0.06723124533891678,0,0.0008557488908991218,0.1645616739988327,8.606043815612793,2.1347153186798096,12.219400405883789,0.0,0.0
80,10,8,0.8,baseline,0,60,0.045051611959934235,0,0.0004444577207323164,0.1675017923116684,8.46859073638916,2.046630859375,12.059601783752441,0.0,0.0
80,10,8,0.8,baseline,0,61,0.09053120017051697,0,0.0013989617582410574,0.1761980801820755,8.394332885742188,1.8406823873519897,10.414230346679688,0.0,0.0
80,10,8,0.8,baseline,0,62,0.028656503185629845,0,0.0004824069037567824,0.17134223878383636,8.462602615356445,2.100069284439087,13.103541374206543,0.0,0.0
80,10,8,0.8,baseline,0,63,0.05192113295197487,0,0.0005614581750705838,0.1709139496088028,8.496914863586426,1.8242563009262085,10.621384620666504,0.0,0.0
80,10,8,0.8,baseline,0,64,0.05892578512430191,0,0.0006693091709166765,0.16965463757514954,8.439291954040527,1.8915188312530518,11.02504825592041,0.0,0.0
80,10,8,0.8,baseline,0,65,0.0514957457780838,0,0.0005903628771193326,0.16648031771183014,8.396281242370605,1.6446014642715454,9.897232055664062,0.0,0.0
80,10,8,0.8,baseline,0,66,0.09810653328895569,0,0.0016628705197945237,0.17153103649616241,8.464265823364258,1.535330891609192,8.567684173583984,0.0,0.0
80,10,8,0.8,baseline,0,67,0.06440215557813644,0,0.0007757730782032013,0.1774996668100357,8.41098403930664,1.725244402885437,10.068449020385742,0.0,0.0
80,10,8,0.8,baseline,0,68,0.06726831942796707,0,0.0008335122838616371,0.1764000505208969,8.478084564208984,1.7781164646148682,10.260713577270508,0.0,0.0
80,10,8,0.8,baseline,0,69,0.05842604860663414,0,0.0006758847739547491,0.17171885073184967,8.468876838684082,2.143315553665161,13.03559684753418,0.0,0.0
80,10,8,0.8,baseline,0,70,0.05810115486383438,0,0.0006445561302825809,0.16342979669570923,8.532015800476074,1.887641429901123,10.858628273010254,0.0,0.0
80,10,8,0.8,baseline,0,71,0.07137911021709442,0,0.0009088268270716071,0.17115336656570435,8.445738792419434,1.9210271835327148,11.11201000213623,0.0,0.0
80,10,8,0.8,baseline,0,72,0.10680384933948517,0,0.0019466186640784144,0.1696201115846634,8.451889038085938,1.5143167972564697,8.474920272827148,0.0,0.0
80,10,8,0.8,baseline,0,73,0.47193583846092224,1,0.03637223690748215,0.18851245939731598,8.346597671508789,0.6558283567428589,3.0195698738098145,0.0,0.0
80,10,8,0.8,baseline,0,74,0.08522195369005203,0,0.0012538150185719132,0.1747456043958664,8.385787010192871,1.7453995943069458,10.226444244384766,0.0,0.0
80,10,8,0.8,baseline,0,75,0.027033917605876923,0,0.00046277177170850337,0.16901977360248566,8.441075325012207,2.171658992767334,13.251998901367188,0.0,0.0
80,10,8,0.8,baseline,0,76,0.02460246905684471,0,0.0004199761897325516,0.1825099140405655,8.331399917602539,2.3253159523010254,14.12155532836914,0.0,0.0
80,10,8,0.8,baseline,0,77,0.029115542769432068,0,0.0003062104224227369,0.17072486877441406,8.458475112915039,2.2459352016448975,13.652033805847168,0.0,0.0
80,10,8,0.8,baseline,0,78,0.12859122455120087,0,0.002757403301075101,0.16728685796260834,8.460463523864746,1.5104314088821411,8.466354370117188,0.0,0.0
80,10,8,0.8,baseline,0,79,0.040333352982997894,0,0.00038179042167030275,0.17364710569381714,8.400456428527832,2.4729063510894775,14.39173698425293,0.0,0.0
80,10,8,0.8,baseline,1,0,1.6794204711914062,1,0.8158439993858337,0.33127492666244507,5.883745193481445,0.152864009141922,0.5992410182952881,0.0,0.0
80,10,8,0.8,baseline,1,1,1.403182029724121,1,0.4817969799041748,0.2982805669307709,6.421727657318115,0.1398853063583374,0.568885087966919,0.0,0.0
80,10,8,0.8,baseline,1,2,1.2900280952453613,1,0.457091361284256,0.26615291833877563,7.0256547927856445,0.12947338819503784,0.5197469592094421,0.0,0.0
80,10,8,0.8,baseline,1,3,1.5481257438659668,1,0.49746832251548767,0.3388364315032959,5.735385894775391,0.15749621391296387,0.625707745552063,0.0,0.0
80,10,8,0.8,baseline,1,4,1.3689767122268677,1,0.4750909209251404,0.2701997458934784,6.890398025512695,0.14453895390033722,0.5640712976455688,0.0,0.0
80,10,8,0.8,baseline,1,5,1.5544387102127075,1,0.4723377823829651,0.3302096724510193,5.871525764465332,0.15564313530921936,0.6201140880584717,0.0,0.0
80,10,8,0.8,baseline,1,6,1.3602994680404663,1,0.46918588876724243,0.2800576686859131,6.6857991218566895,0.14737609028816223,0.5997570157051086,0.0,0.0
80,10,8,0.8,baseline,1,7,1.2548317909240723,1,0.4317874610424042,0.24826020002365112,7.329468727111816,0.13321271538734436,0.5440207123756409,0.0,0.0
80,10,8,0.8,baseline,1,8,1.5413740873336792,1,0.46446242928504944,0.33563628792762756,5.778622150421143,0.15712016820907593,0.6260428428649902,0.0,0.0
80,10,8,0.8,baseline,1,9,1.349075198173523,1,0.4456274211406708,0.2902582287788391,6.560057163238525,0.14648249745368958,0.5710085034370422,0.0,0.0
80,10,8,0.8,baseline,1,10,1.492250680923462,1,0.46263638138771057,0.32685306668281555,5.944096565246582,0.1605290174484253,0.6317805647850037,0.0,0.0
80,10,8,0.8,baseline,1,11,1.8319450616836548,1,0.7432933449745178,0.3821735382080078,5.073262691497803,0.1400448977947235,0.5403085350990295,0.0,0.0
80,10,8,0.8,baseline,1,12,1.6929426193237305,1,0.45672181248664856,0.3878800570964813,4.981029510498047,0.15016908943653107,0.6068528294563293,0.0,0.0
80,10,8,0.8,baseline,1,13,1.4690264463424683,1,0.4590984284877777,0.3197573125362396,6.055985927581787,0.14551982283592224,0.5848854184150696,0.0,0.0
80,10,8,0.8,baseline,1,14,0.4865938425064087,1,0.09017488360404968,0.18583868443965912,8.258705139160156,0.18144384026527405,0.7718488574028015,0.0,0.0
80,10,8,0.8,baseline,1,15,1.251030445098877,1,0.43934011459350586,0.25923407077789307,7.13669490814209,0.1078096404671669,0.428222119808197,0.0,0.0
80,10,8,0.8,baseline,1,16,1.6762371063232422,1,0.4474808871746063,0.382147878408432,5.084649562835693,0.15561871230602264,0.6193509101867676,0.0,0.0
80,10,8,0.8,baseline,1,17,1.4428901672363281,1,0.44263821840286255,0.31697455048561096,6.100058555603027,0.15253280103206635,0.6157038807868958,0.0,0.0
80,10,8,0.8,baseline,1,18,0.17080071568489075,0,0.009407497942447662,0.1813683956861496,8.264019012451172,0.5116103887557983,2.466538429260254,0.0,0.0
80,10,8,0.8,baseline,1,19,0.17659609019756317,0,0.01123315654695034,0.17381876707077026,8.328947067260742,0.44409021735191345,2.2099900245666504,0.0,0.0
80,10,8,0.8,baseline,1,20,0.12189776450395584,0,0.004178566858172417,0.1861419528722763,8.047500610351562,0.7306074500083923,3.6938345432281494,0.0,0.0
80,10,8,0.8,baseline,1,21,0.08972401916980743,0,0.001998365158215165,0.18633735179901123,8.129645347595215,2.035243272781372,13.122092247009277,0.0,0.0
80,10,8,0.8,baseline,1,22,0.03521205857396126,0,0.00045304265222512186,0.1718902438879013,8.380206108093262,2.155155658721924,13.339669227600098,0.0,0.0
80,10,8,0.8,baseline,1,23,0.034016769379377365,0,0.00031026138458400965,0.17945648729801178,8.256440162658691,2.7495734691619873,16.318809509277344,0.0,0.0
80,10,8,0.8,baseline,1,24,0.032498281449079514,0,0.00025143742095679045,0.17501108348369598,8.305895805358887,3.3418052196502686,20.056922912597656,0.0,0.0
80,10,8,0.8,baseline,1,25,0.07219970226287842,0,0.0012082320172339678,0.1730712205171585,8.254241943359375,3.7957394123077393,25.30208396911621,0.0,0.0
80,10,8,0.8,baseline,1,26,0.01248899009078741,0,5.552533912123181e-05,0.16837745904922485,8.382911682128906,6.746629238128662,27.72599220275879,0.0,1.0
80,10,8,0.8,baseline,1,27,0.03622803837060928,0,0.00030924269231036305,0.17619334161281586,8.211580276489258,5.965429782867432,27.691673278808594,0.0,1.0
80,10,8,0.8,baseline,1,28,0.01622343435883522,0,0.0001418996398570016,0.1899079978466034,8.128718376159668,4.020747184753418,24.887428283691406,0.0,0.0
80,10,8,0.8,baseline,1,29,0.028149668127298355,0,0.0001867191313067451,0.18231146037578583,8.213171005249023,7.587518215179443,27.276575088500977,0.0,1.0
80,10,8,0.8,baseline,1,30,0.012528867460787296,0,5.386758130043745e-05,0.1805742233991623,8.144220352172852,6.867865562438965,26.89301300048828,0.0,1.0
80,10,8,0.8,baseline,1,31,0.013826603069901466,0,9.162033529719338e-05,0.17852896451950073,8.179306983947754,5.100257396697998,27.602739334106445,0.0,1.0
80,10,8,0.8,baseline,1,32,0.014535440132021904,0,0.00010579198715277016,0.18428276479244232,8.207619667053223,4.761996269226074,28.409156799316406,0.0,0.875
80,10,8,0.8,baseline,1,33,0.010481225326657295,0,2.975950155814644e-05,0.1701853722333908,8.25036907196045,11.261483192443848,28.070358276367188,0.0,1.0
80,10,8,0.8,baseline,1,34,0.012046386487782001,0,3.891411324730143e-05,0.1855466216802597,8.152570724487305,8.717504501342773,28.266006469726562,0.0,1.0
80,10,8,0.8,baseline,1,35,0.012158232741057873,0,5.321158823790029e-05,0.1758853644132614,8.276631355285645,6.644296646118164,28.694971084594727,0.0,1.0
80,10,8,0.8,baseline,1,36,0.014291848056018353,0,6.284340634010732e-05,0.1675357222557068,8.361471176147461,6.252174377441406,27.054859161376953,0.0,1.0
80,10,8,0.8,baseline,1,37,0.010444706305861473,0,3.938494774047285e-05,0.17060305178165436,8.278854370117188,7.703409194946289,27.8642578125,0.0,1.0
80,10,8,0.8,baseline,1,38,0.009981588460505009,0,8.258761226898059e-05,0.17612692713737488,8.163891792297363,6.043577671051025,27.65806007385254,0.0,1.0
80,10,8,0.8,baseline,1,39,0.008531876839697361,0,3.669424040708691e-05,0.18305012583732605,8.203306198120117,8.03734016418457,27.20491600036621,0.0,1.0
80,10,8,0.8,baseline,1,40,0.008442102000117302,0,2.327997026441153e-05,0.1698676496744156,8.293696403503418,9.9276762008667,27.766441345214844,0.0,1.0
80,10,8,0.8,baseline,1,41,0.008330532349646091,0,2.2374886611942202e-05,0.1814715713262558,8.193818092346191,10.381255149841309,27.772781372070312,0.0,1.0
80,10,8,0.8,baseline,1,42,0.008289235644042492,0,2.6425725081935525e-05,0.18281929194927216,8.219197273254395,10.492451667785645,27.89361572265625,0.0,1.0
80,10,8,0.8,baseline,1,43,0.009103698655962944,0,3.392517101019621e-05,0.17583362758159637,8.21379566192627,9.04381275177002,27.41168785095215,0.0,1.0
80,10,8,0.8,baseline,1,44,0.009867088869214058,0,2.6159128537983634e-05,0.18196387588977814,8.18440055847168,12.2478609085083,26.77158546447754,0.0,1.0
80,10,8,0.8,baseline,1,45,0.0075263287872076035,0,3.381024725968018e-05,0.19355890154838562,8.094176292419434,8.598819732666016,27.846080780029297,0.0,1.0
80,10,8,0.8,baseline,1,46,0.0090519730001688,0,1.9913006326532923e-05,0.18385693430900574,8.133596420288086,12.327436447143555,27.46112632751465,0.0,1.0
80,10,8,0.8,baseline,1,47,0.007803961168974638,0,1.8685206669033505e-05,0.17874139547348022,8.285080909729004,13.363140106201172,28.20133399963379,0.0,1.0
80,10,8,0.8,baseline,1,48,0.010511078871786594,0,2.9748249289696105e-05,0.1827990561723709,8.213488578796387,12.684792518615723,26.91552734375,0.0,1.0
80,10,8,0.8,baseline,1,49,0.010667473077774048,0,4.789828381035477e-05,0.17304061353206635,8.185015678405762,7.1920084953308105,27.081310272216797,0.0,1.0
80,10,8,0.8,baseline,1,50,0.006693737115710974,0,1.4987660506449174e-05,0.18072502315044403,8.183753967285156,14.170391082763672,27.143779754638672,0.0,1.0
80,10,8,0.8,baseline,1,51,0.008618656545877457,0,1.9759294445975684e-05,0.18362931907176971,8.146242141723633,11.805074691772461,28.67323112487793,0.0,1.0
80,10,8,0.8,baseline,1,52,0.011227300390601158,0,2.9677526981686242e-05,0.18619559705257416,8.177339553833008,10.472980499267578,27.639259338378906,0.0,1.0
80,10,8,0.8,baseline,1,53,0.010876613669097424,0,3.3038526453310624e-05,0.17863397300243378,8.287249565124512,9.029730796813965,27.780860900878906,0.0,1.0
80,10,8,0.8,baseline,1,54,0.0064524756744503975,0,9.134869287663605e-06,0.17349982261657715,8.175914764404297,20.163694381713867,27.990463256835938,0.0,1.0
80,10,8,0.8,baseline,1,55,0.006837763357907534,0,1.792293187463656e-05,0.18044006824493408,8.174473762512207,11.709369659423828,26.986169815063477,0.0,1.0
80,10,8,0.8,baseline,1,56,0.011155860498547554,0,2.6018997232313268e-05,0.17600369453430176,8.282011032104492,15.12489128112793,26.78074073791504,0.0,1.0
80,10,8,0.8,baseline,1,57,0.008348963223397732,0,2.706503073568456e-05,0.18031299114227295,8.237286567687988,10.275919914245605,27.136629104614258,0.0,1.0
80,10,8,0.8,baseline,1,58,0.01188707910478115,0,4.115327101317234e-05,0.17528009414672852,8.212163925170898,7.368827819824219,27.655948638916016,0.0,1.0
80,10,8,0.8,baseline,1,59,0.008654087781906128,0,2.039932951447554e-05,0.1845647096633911,8.065256118774414,12.876306533813477,28.23125457763672,0.0,1.0
80,10,8,0.8,baseline,1,60,0.008968092501163483,0,2.079319347103592e-05,0.1904578059911728,8.107398986816406,10.982121467590332,26.9821720123291,0.0,1.0
80,10,8,0.8,baseline,1,61,0.007778487633913755,0,1.8943546820082702e-05,0.17897431552410126,8.173057556152344,11.66712760925293,27.500686645507812,0.0,1.0
80,10,8,0.8,baseline,1,62,0.008449804037809372,0,1.975619852601085e-05,0.1748327761888504,8.253908157348633,11.22467041015625,28.08393669128418,0.0,1.0
80,10,8,0.8,baseline,1,63,0.008610047399997711,0,2.0268667867640033e-05,0.18540845811367035,8.234374046325684,11.641605377197266,27.132293701171875,0.0,1.0
80,10,8,0.8,baseline,1,64,0.0061599635519087315,0,1.4094873222347815e-05,0.18115302920341492,8.26131820678711,15.743572235107422,27.281553268432617,0.0,1.0
80,10,8,0.8,baseline,1,65,0.006572584621608257,0,2.0300654796301387e-05,0.1850837767124176,8.233733177185059,11.083064079284668,26.699146270751953,0.0,1.0
80,10,8,0.8,baseline,1,66,0.00713355140760541,0,1.584351593919564e-05,0.18072699010372162,8.197546005249023,12.07250690460205,27.696685791015625,0.0,1.0
80,10,8,0.8,baseline,1,67,0.012036613188683987,0,4.300204091123305e-05,0.17963050305843353,8.192956924438477,7.976668834686279,27.35184669494629,0.0,1.0
80,10,8,0.8,baseline,1,68,0.009086438454687595,0,2.020402462221682e-05,0.17993788421154022,8.293416023254395,12.79633617401123,27.502229690551758,0.0,1.0
80,10,8,0.8,baseline,1,69,0.011351686902344227,0,3.4126958780689165e-05,0.18169601261615753,8.088955879211426,8.514705657958984,27.65713882446289,0.0,1.0
80,10,8,0.8,baseline,1,70,0.008481482043862343,0,1.837638956203591e-05,0.17414647340774536,8.249873161315918,12.78510856628418,27.28603172302246,0.0,1.0
80,10,8,0.8,baseline,1,71,0.009234493598341942,0,2.3595033781020902e-05,0.1721210777759552,8.24774169921875,10.68366813659668,27.124338150024414,0.0,1.0
80,10,8,0.8,baseline,1,72,0.009670362807810307,0,3.83600672648754e-05,0.1814211755990982,8.231279373168945,7.953774452209473,27.038776397705078,0.0,1.0
80,10,8,0.8,baseline,1,73,0.010162522085011005,0,4.0410770452581346e-05,0.18171854317188263,8.22607421875,8.302510261535645,27.957096099853516,0.0,1.0
80,10,8,0.8,baseline,1,74,0.009179793298244476,0,2.671089350769762e-05,0.17809946835041046,8.202282905578613,12.405741691589355,27.921680450439453,0.0,1.0
80,10,8,0.8,baseline,1,75,0.0074604833498597145,0,2.3559265173389576e-05,0.17178961634635925,8.185412406921387,9.89316177368164,27.820858001708984,0.0,1.0
80,10,8,0.8,baseline,1,76,0.01144559495151043,0,4.8577239795122296e-05,0.18475458025932312,8.116501808166504,7.215693473815918,27.775691986083984,0.0,1.0
80,10,8,0.8,baseline,1,77,0.009824516251683235,0,3.299031959613785e-05,0.18159231543540955,8.152069091796875,8.852201461791992,27.589038848876953,0.0,1.0
80,10,8,0.8,baseline,1,78,0.011315090581774712,0,3.0497203624690883e-05,0.17716026306152344,8.249040603637695,11.176080703735352,27.943784713745117,0.0,1.0
80,10,8,0.8,baseline,1,79,0.007724694907665253,0,1.5592773706885055e-05,0.1791888028383255,8.226408958435059,15.181955337524414,27.355728149414062,0.0,1.0
80,10,8,0.8,baseline,2,0,1.2485401630401611,1,0.4836254417896271,0.2627452313899994,6.532517910003662,0.13253526389598846,0.5368143320083618,0.0,0.0
80,10,8,0.8,baseline,2,1,1.2682702541351318,1,0.4410112798213959,0.2806057333946228,6.380856513977051,0.1390882432460785,0.5520025491714478,0.0,0.0
80,10,8,0.8,baseline,2,2,1.2591474056243896,1,0.45405471324920654,0.2520762085914612,6.5599493980407715,0.12635771930217743,0.5094123482704163,0.0,0.0
80,10,8,0.8,baseline,2,3,1.1965621709823608,1,0.38647031784057617,0.29549741744995117,6.308107376098633,0.12025438249111176,0.47650155425071716,0.0,0.0
80,10,8,0.8,baseline,2,4,1.304443359375,1,0.48741135001182556,0.2604956030845642,6.320700168609619,0.1385733038187027,0.5592887997627258,0.0,0.0
80,10,8,0.8,baseline,2,5,1.3102666139602661,1,0.4592728614807129,0.29206690192222595,5.997961044311523,0.1401183009147644,0.5622177124023438,0.0,0.0
80,10,8,0.8,baseline,2,6,1.2613447904586792,1,0.3942635655403137,0.2964015305042267,6.123269557952881,0.13177050650119781,0.5242317318916321,0.0,0.0
80,10,8,0.8,baseline,2,7,1.1476465463638306,1,0.4266310930252075,0.2655717730522156,6.6537580490112305,0.12747837603092194,0.521857500076294,0.0,0.0
80,10,8,0.8,baseline,2,8,1.3208330869674683,1,0.4879818558692932,0.2605626583099365,6.258819580078125,0.13242830336093903,0.5325158834457397,0.0,0.0
80,10,8,0.8,baseline,2,9,1.533363938331604,1,0.4649029076099396,0.33669039607048035,5.3171892166137695,0.15222962200641632,0.6141778826713562,0.0,0.0
80,10,8,0.8,baseline,2,10,1.4352778196334839,1,0.37208929657936096,0.34264153242111206,5.484372138977051,0.13479271531105042,0.5421070456504822,0.0,0.0
80,10,8,0.8,baseline,2,11,1.5167007446289062,1,0.4279877245426178,0.3471709191799164,5.303860187530518,0.1539292186498642,0.6015646457672119,0.0,0.0
80,10,8,0.8,baseline,2,12,1.3836692571640015,1,0.39842379093170166,0.32126978039741516,5.751434326171875,0.14256010949611664,0.5698895454406738,0.0,0.0
80,10,8,0.8,baseline,2,13,1.2767376899719238,1,0.21836300194263458,0.35933858156204224,5.449946403503418,0.091610386967659,0.3666624426841736,0.0,0.0
80,10,8,0.8,baseline,2,14,1.4725487232208252,1,0.43416380882263184,0.3225838541984558,5.530646324157715,0.15760290622711182,0.6504417657852173,0.0,0.0
80,10,8,0.8,baseline,2,15,1.2896233797073364,1,0.42737022042274475,0.2814261317253113,6.206943988800049,0.14104816317558289,0.5687248706817627,0.0,0.0
80,10,8,0.8,baseline,2,16,1.1516448259353638,1,0.29485633969306946,0.2852799892425537,6.288604736328125,0.14782458543777466,0.5690696239471436,0.0,0.0
80,10,8,0.8,baseline,2,17,1.150813341140747,1,0.31532490253448486,0.27827188372612,6.323031425476074,0.13697613775730133,0.5449582934379578,0.0,0.0
80,10,8,0.8,baseline,2,18,0.11061511933803558,0,0.0009761459077708423,0.31393900513648987,6.284693241119385,3.858384609222412,12.599554061889648,0.0,0.0
80,10,8,0.8,baseline,2,19,0.10799864679574966,0,0.0012035948457196355,0.3079729676246643,6.467562198638916,1.1493490934371948,6.950390815734863,0.0,0.0
80,10,8,0.8,baseline,2,20,0.11171688139438629,0,0.0010773851536214352,0.30240634083747864,6.5096964836120605,1.6230188608169556,7.630845546722412,0.0,0.0
80,10,8,0.8,baseline,2,21,0.5790364742279053,1,0.027566729113459587,0.33210283517837524,6.0108513832092285,0.5238921046257019,2.5473363399505615,0.0,0.0
80,10,8,0.8,baseline,2,22,0.3299140930175781,1,0.008802836760878563,0.3152429163455963,6.276690483093262,1.198768138885498,5.8116960525512695,0.0,0.0
80,10,8,0.8,baseline,2,23,0.17255152761936188,0,0.0024387126322835684,0.3213413953781128,6.190325736999512,1.9023833274841309,10.978976249694824,0.0,0.0
80,10,8,0.8,baseline,2,24,0.1594700664281845,0,0.00207721721380949,0.29796651005744934,6.63352108001709,2.054138422012329,11.64271068572998,0.0,0.0
80,10,8,0.8,baseline,2,25,0.03471895679831505,0,0.0006763204000890255,0.2953273355960846,6.614718914031982,1.697059988975525,9.868783950805664,0.0,0.0
80,10,8,0.8,baseline,2,26,0.04687114432454109,0,0.00027976807905361056,0.3039131760597229,6.518653392791748,1.915017008781433,11.999188423156738,0.0,0.0
80,10,8,0.8,baseline,2,27,0.038555942475795746,0,0.00032675571856088936,0.3280840814113617,6.0393900871276855,1.7412546873092651,10.493182182312012,0.0,0.0
80,10,8,0.8,baseline,2,28,0.2348533421754837,0,0.004396118223667145,0.30797165632247925,6.429416656494141,2.6874659061431885,12.816402435302734,0.0,0.0
80,10,8,0.8,baseline,2,29,0.17120546102523804,0,0.00244644982740283,0.2966372072696686,6.60729455947876,1.2553088665008545,5.579672336578369,0.0,0.0
80,10,8,0.8,baseline,2,30,0.17743660509586334,0,0.00264278007671237,0.3175911009311676,6.296388626098633,1.1674182415008545,5.291626930236816,0.0,0.0
80,10,8,0.8,baseline,2,31,0.07873053103685379,0,0.0005484691937454045,0.30926385521888733,6.4022908210754395,2.375443696975708,14.978593826293945,0.0,0.0
80,10,8,0.8,baseline,2,32,0.2342267632484436,0,0.004493198357522488,0.3080967664718628,6.407480716705322,1.1287076473236084,4.8870368003845215,0.0,0.0
80,10,8,0.8,baseline,2,33,0.13969413936138153,0,0.0016572687309235334,0.30575644969940186,6.481565475463867,1.3639390468597412,6.226522445678711,0.0,0.0
80,10,8,0.8,baseline,2,34,0.16081503033638,0,0.002156085567548871,0.30311185121536255,6.50019645690918,1.3442306518554688,5.928918361663818,0.0,0.0
80,10,8,0.8,baseline,2,35,0.030228380113840103,0,0.0004385666688904166,0.31570735573768616,6.269034385681152,1.956263542175293,10.8905029296875,0.0,0.0
80,10,8,0.8,baseline,2,36,0.05568860098719597,0,0.00029771614936180413,0.29616522789001465,6.662065029144287,2.3961687088012695,15.629901885986328,0.0,0.0
80,10,8,0.8,baseline,2,37,0.03736983984708786,0,0.00021684900275431573,0.3000534772872925,6.596047401428223,2.0400424003601074,12.999350547790527,0.0,0.0
80,10,8,0.8,baseline,2,38,0.8947591781616211,1,0.06320913881063461,0.36089977622032166,5.4938201904296875,29.064502716064453,29.064502716064453,1.0,1.0
80,10,8,0.8,baseline,2,39,0.31259796023368835,1,0.00771860359236598,0.3128926157951355,6.317101955413818,3.791097640991211,14.599459648132324,0.0,0.0
80,10,8,0.8,baseline,2,40,0.7473495602607727,1,0.04411091282963753,0.33933982253074646,5.870632171630859,0.7169556021690369,2.6079883575439453,0.0,0.0
80,10,8,0.8,baseline,2,41,0.27433088421821594,0,0.0061021787114441395,0.31447693705558777,6.33901834487915,1.0975261926651,4.707587718963623,0.0,0.0
80,10,8,0.8,baseline,2,42,0.04844622686505318,0,0.0002880594111047685,0.2952434718608856,6.655322551727295,1.873392939567566,9.92775821685791,0.0,0.0
80,10,8,0.8,baseline,2,43,0.14645744860172272,0,0.001827256171964109,0.31780484318733215,6.247273921966553,1.2634718418121338,5.852023124694824,0.0,0.0
80,10,8,0.8,baseline,2,44,0.8052060604095459,1,0.05115247517824173,0.3535924255847931,5.631438732147217,29.760967254638672,29.760967254638672,1.0,1.0
80,10,8,0.8,baseline,2,45,0.8818144798278809,1,0.061952605843544006,0.3667019307613373,5.377278804779053,0.5230473875999451,2.1630423069000244,0.0,0.0
80,10,8,0.8,baseline,2,46,0.19166596233844757,0,0.0029165479354560375,0.30979669094085693,6.376481533050537,4.140805244445801,19.365995407104492,0.0,0.0
80,10,8,0.8,baseline,2,47,0.2983681857585907,0,0.007205534726381302,0.30507218837738037,6.473263740539551,1.0474780797958374,4.54306697845459,0.0,0.0
80,10,8,0.8,baseline,2,48,0.4122862219810486,1,0.013425428420305252,0.3270874619483948,6.090107440948486,28.815479278564453,7.6577372550964355,1.0,0.0
80,10,8,0.8,baseline,2,49,0.21733462810516357,0,0.0038679554127156734,0.32414132356643677,6.10833740234375,1.23771333694458,5.344173908233643,0.0,0.0
80,10,8,0.8,baseline,2,50,0.11255260556936264,0,0.0011171094374731183,0.3173213601112366,6.253990173339844,1.4198170900344849,6.793595790863037,0.0,0.0
80,10,8,0.8,baseline,2,51,0.18974488973617554,0,0.002861992921680212,0.3133631944656372,6.333317279815674,3.991687059402466,18.712404251098633,0.0,0.0
80,10,8,0.8,baseline,2,52,0.7140790224075317,1,0.0407070554792881,0.34394270181655884,5.783089637756348,0.5807089805603027,2.520723819732666,0.0,0.0
80,10,8,0.8,baseline,2,53,0.03732104226946831,0,0.00031117326579988003,0.3171723783016205,6.260233402252197,1.7727981805801392,9.918581008911133,0.0,0.0
80,10,8,0.8,baseline,2,54,0.18064257502555847,0,0.0025971196591854095,0.30436840653419495,6.474557399749756,3.672081708908081,19.54570770263672,0.0,0.0
80,10,8,0.8,baseline,2,55,0.7933701276779175,1,0.05013258010149002,0.34718209505081177,5.746065616607666,0.577726423740387,2.4425835609436035,0.0,0.0
80,10,8,0.8,baseline,2,56,0.4943857491016388,1,0.019294045865535736,0.31782203912734985,6.275701999664307,1.2669079303741455,4.727880477905273,0.0,0.0
80,10,8,0.8,baseline,2,57,0.29815736413002014,0,0.007184147834777832,0.3117919862270355,6.367063522338867,1.045506238937378,4.427958011627197,0.0,0.0
80,10,8,0.8,baseline,2,58,0.35558632016181946,1,0.009992185980081558,0.31420081853866577,6.292782306671143,29.590280532836914,29.590280532836914,1.0,1.0
80,10,8,0.8,baseline,2,59,0.775725245475769,1,0.04751073196530342,0.33436620235443115,5.961204528808594,0.6466385722160339,2.420426607131958,0.0,0.0
80,10,8,0.8,baseline,2,60,0.035570982843637466,0,0.00024002522695809603,0.31780001521110535,6.2494425773620605,1.9281337261199951,10.904287338256836,0.0,0.0
80,10,8,0.8,baseline,2,61,0.5256175994873047,1,0.02207767218351364,0.3198060989379883,6.2051472663879395,0.7669528722763062,3.236323356628418,0.0,0.0
80,10,8,0.8,baseline,2,62,0.2699621021747589,0,0.005763711407780647,0.3113894760608673,6.364066123962402,3.8414947986602783,15.541711807250977,0.0,0.0
80,10,8,0.8,baseline,2,63,0.6863454580307007,1,0.03720321133732796,0.33303362131118774,5.973625659942627,29.657371520996094,29.657371520996094,1.0,1.0
80,10,8,0.8,baseline,2,64,0.05149862915277481,0,0.0002831538440659642,0.3015975058078766,6.526671886444092,2.2855334281921387,15.251747131347656,0.0,0.0
80,10,8,0.8,baseline,2,65,0.19721220433712006,0,0.0030896454118192196,0.3210553228855133,6.163195610046387,3.86021089553833,18.802265167236328,0.0,0.0
80,10,8,0.8,baseline,2,66,0.06483636796474457,0,0.0004019681364297867,0.3088275194168091,6.430056095123291,2.365461826324463,15.09127426147461,0.0,0.0
80,10,8,0.8,baseline,2,67,0.6749972701072693,1,0.03630739450454712,0.333383172750473,5.953081130981445,0.6643190383911133,2.7264842987060547,0.0,0.0
80,10,8,0.8,baseline,2,68,0.23352393507957458,0,0.004449922125786543,0.3117400109767914,6.327105522155762,1.204683780670166,5.13954496383667,0.0,0.0
80,10,8,0.8,baseline,2,69,0.6599366664886475,1,0.03471478074789047,0.3429822325706482,5.815577030181885,0.6383966207504272,2.584928512573242,0.0,0.0
80,10,8,0.8,baseline,2,70,0.3976174294948578,1,0.012738372199237347,0.3221605122089386,6.1826958656311035,0.8596488833427429,3.738555669784546,0.0,0.0
80,10,8,0.8,baseline,2,71,0.672981858253479,1,0.036122288554906845,0.34563857316970825,5.747067451477051,0.6140958666801453,2.577228307723999,0.0,0.0
80,10,8,0.8,baseline,2,72,0.5697639584541321,1,0.025934992358088493,0.32009953260421753,6.199928283691406,0.7200855612754822,3.084686517715454,0.0,0.0
80,10,8,0.8,baseline,2,73,0.5833148956298828,1,0.027162183076143265,0.33080780506134033,6.030436992645264,0.7163582444190979,3.0365633964538574,0.0,0.0
80,10,8,0.8,baseline,2,74,0.2580268979072571,0,0.005251381546258926,0.3001892566680908,6.603440284729004,3.417412757873535,14.248491287231445,0.0,0.0
80,10,8,0.8,baseline,2,75,0.33941641449928284,1,0.009292093105614185,0.32681331038475037,6.118729591369629,0.9566552042961121,4.074947357177734,0.0,0.0
80,10,8,0.8,baseline,2,76,0.858272910118103,1,0.058709632605314255,0.36083924770355225,5.491962432861328,0.5177092552185059,2.2154335975646973,0.0,0.0
80,10,8,0.8,baseline,2,77,0.7482985258102417,1,0.04461175948381424,0.339240163564682,5.862143516540527,0.5859610438346863,2.4211394786834717,0.0,0.0
80,10,8,0.8,baseline,2,78,0.11511000990867615,0,0.0011527250753715634,0.30812767148017883,6.422110557556152,1.4541252851486206,6.839966773986816,0.0,0.0
80,10,8,0.8,baseline,2,79,0.13078545033931732,0,0.0014479069504886866,0.3030824363231659,6.544099807739258,1.4745314121246338,6.779186725616455,0.0,0.0
80,10,8,0.8,baseline,3,0,1.3219377994537354,1,0.5024564862251282,0.22707369923591614,7.362570285797119,0.1384776532649994,0.5644643306732178,0.0,0.0
80,10,8,0.8,baseline,3,1,1.3359265327453613,1,0.485630065202713,0.2283647209405899,7.2935991287231445,0.1406906545162201,0.5609131455421448,0.0,0.0
80,10,8,0.8,baseline,3,2,1.3901735544204712,1,0.5079987049102783,0.24197250604629517,7.218206405639648,0.14200752973556519,0.5684717297554016,0.0,0.0
80,10,8,0.8,baseline,3,3,1.6727726459503174,1,0.5390845537185669,0.31141430139541626,6.113574028015137,0.16799435019493103,0.6623348593711853,0.0,0.0
80,10,8,0.8,baseline,3,4,1.3198050260543823,1,0.4740966260433197,0.22989079356193542,7.327905178070068,0.14488141238689423,0.574773371219635,0.0,0.0
80,10,8,0.8,baseline,3,5,1.400714635848999,1,0.4886457026004791,0.2570077180862427,7.051681041717529,0.14692984521389008,0.5902808308601379,0.0,0.0
80,10,8,0.8,baseline,3,6,1.5768065452575684,1,0.4893263876438141,0.30765193700790405,6.133683204650879,0.16663841903209686,0.6638450622558594,0.0,0.0
80,10,8,0.8,baseline,3,7,1.5675016641616821,1,0.4836360514163971,0.3006296753883362,6.276459217071533,0.16470666229724884,0.6628509759902954,0.0,0.0
80,10,8,0.8,baseline,3,8,1.6565887928009033,1,0.5319284796714783,0.324388712644577,5.833684921264648,0.16947168111801147,0.6690515875816345,0.0,0.0
80,10,8,0.8,baseline,3,9,1.2700964212417603,1,0.46426886320114136,0.2210688591003418,7.51373815536499,0.14489006996154785,0.579989492893219,0.0,0.0
80,10,8,0.8,baseline,3,10,1.4205394983291626,1,0.4309028387069702,0.26092949509620667,6.896454334259033,0.12827737629413605,0.5019261837005615,0.0,0.0
80,10,8,0.8,baseline,3,11,1.1002873182296753,1,0.3480397164821625,0.20379868149757385,7.649909496307373,0.09594052284955978,0.37957608699798584,0.0,0.0
80,10,8,0.8,baseline,3,12,1.3543646335601807,1,0.45650675892829895,0.2534306049346924,7.19047737121582,0.15090982615947723,0.602687656879425,0.0,0.0
80,10,8,0.8,baseline,3,13,0.017963014543056488,0,6.928458606125787e-05,0.2315065711736679,7.8184967041015625,29.480979919433594,29.480979919433594,1.0,1.0
80,10,8,0.8,baseline,3,14,1.2920475006103516,1,0.4381357729434967,0.23218604922294617,7.329289436340332,0.15580201148986816,0.614801287651062,0.0,0.0
80,10,8,0.8,baseline,3,15,0.014933394268155098,0,5.0913786253659055e-05,0.2205333113670349,8.01912784576416,6.036443710327148,29.441856384277344,0.0,1.0
80,10,8,0.8,baseline,3,16,1.4309253692626953,1,0.3737863004207611,0.2967539429664612,6.479446887969971,0.12886261940002441,0.5083608627319336,0.0,0.0
80,10,8,0.8,baseline,3,17,2.1244139671325684,1,0.4673307538032532,0.48351046442985535,3.739985942840576,0.20160572230815887,0.8010095953941345,0.0,0.0
80,10,8,0.8,baseline,3,18,1.47944974899292,1,0.42163604497909546,0.2893204092979431,6.501583576202393,0.19282443821430206,0.7582651376724243,0.0,0.0
80,10,8,0.8,baseline,3,19,1.5460132360458374,1,0.46327149868011475,0.30715620517730713,6.158170700073242,0.1881982982158661,0.748873233795166,0.0,0.0
80,10,8,0.8,baseline,3,20,0.3886098563671112,1,0.04191528633236885,0.21828162670135498,8.051596641540527,0.24727851152420044,1.043241262435913,0.0,0.0
80,10,8,0.8,baseline,3,21,0.8190804123878479,1,0.07249714434146881,0.27577805519104004,7.019256114959717,0.33690306544303894,1.415183424949646,0.0,0.0
80,10,8,0.8,baseline,3,22,1.9812536239624023,1,0.4019532799720764,0.4504900872707367,4.153292179107666,0.23225006461143494,0.9229320287704468,0.0,0.0
80,10,8,0.8,baseline,3,23,0.8499057292938232,1,0.19947776198387146,0.21014848351478577,8.116308212280273,0.11951792240142822,0.48350319266319275,0.0,0.0
80,10,8,0.8,baseline,3,24,0.009811108000576496,0,1.7846499758888967e-05,0.22474305331707,7.893746852874756,7.733102321624756,29.785045623779297,0.0,1.0
80,10,8,0.8,baseline,3,25,0.5600912570953369,1,0.033776115626096725,0.244780033826828,7.630484104156494,0.5226483345031738,2.2975194454193115,0.0,0.0
80,10,8,0.8,baseline,3,26,0.07248206436634064,0,0.0005483875866048038,0.22608400881290436,7.894360542297363,4.630953788757324,27.318178176879883,0.0,0.0
80,10,8,0.8,baseline,3,27,0.009775246493518353,0,3.0090266591287218e-05,0.23263010382652283,7.79847526550293,7.677984237670898,29.431591033935547,0.0,1.0
80,10,8,0.8,baseline,3,28,0.008425052277743816,0,2.2452766643255018e-05,0.213688924908638,8.148877143859863,8.646406173706055,29.16124153137207,0.0,1.0
80,10,8,0.8,baseline,3,29,0.006893720477819443,0,9.703446266939864e-06,0.2131703495979309,8.14366626739502,13.830526351928711,28.923931121826172,0.0,1.0
80,10,8,0.8,baseline,3,30,0.010853037238121033,0,6.380865670507774e-05,0.21967056393623352,8.020621299743652,5.327633380889893,28.886825561523438,0.0,1.0
80,10,8,0.8,baseline,3,31,0.010698530822992325,0,4.109922156203538e-05,0.21370258927345276,8.125896453857422,6.165769100189209,30.098163604736328,0.0,1.0
80,10,8,0.8,baseline,3,32,0.008667548187077045,0,1.5488894860027358e-05,0.22346487641334534,7.997614860534668,19.23923110961914,30.138551712036133,0.0,1.0
80,10,8,0.8,baseline,3,33,0.012167704291641712,0,4.688203989644535e-05,0.2260536253452301,7.926806926727295,5.18915319442749,28.565410614013672,0.0,1.0
80,10,8,0.8,baseline,3,34,0.010636860504746437,0,3.220125290681608e-05,0.2173081785440445,8.023421287536621,8.370285987854004,29.77658462524414,0.0,1.0
80,10,8,0.8,baseline,3,35,0.009559505619108677,0,2.1961950551485643e-05,0.20766542851924896,8.197067260742188,9.063958168029785,29.590953826904297,0.0,1.0
80,10,8,0.8,baseline,3,36,0.01274838112294674,0,5.100751150166616e-05,0.2263452410697937,7.99634313583374,5.873669147491455,28.86286735534668,0.0,1.0
80,10,8,0.8,baseline,3,37,0.011007851921021938,0,4.175036519882269e-05,0.22279582917690277,7.969630718231201,6.44667911529541,29.23199462890625,0.0,1.0
80,10,8,0.8,baseline,3,38,0.011618067510426044,0,4.5230957766762e-05,0.21230141818523407,8.103599548339844,5.949204921722412,29.025907516479492,0.0,1.0
80,10,8,0.8,baseline,3,39,0.00950215570628643,0,3.4835407859645784e-05,0.21615740656852722,8.031911849975586,6.669012069702148,29.819021224975586,0.0,1.0
80,10,8,0.8,baseline,3,40,0.005840289872139692,0,1.0555686458246782e-05,0.21917150914669037,7.984426498413086,14.228841781616211,29.767227172851562,0.0,1.0
80,10,8,0.8,baseline,3,41,0.010328610427677631,0,3.461808228166774e-05,0.2334631234407425,7.8052473068237305,7.035211563110352,29.302446365356445,0.0,1.0
80,10,8,0.8,baseline,3,42,0.010332975536584854,0,3.5035223845625296e-05,0.21892380714416504,8.109453201293945,8.17351245880127,28.552471160888672,0.0,1.0
80,10,8,0.8,baseline,3,43,0.007559020072221756,0,1.8523460312280804e-05,0.21772316098213196,8.096936225891113,10.35534954071045,28.96978187561035,0.0,1.0
80,10,8,0.8,baseline,3,44,0.009052351117134094,0,3.275492781540379e-05,0.22432522475719452,7.969000816345215,6.730624675750732,29.450685501098633,0.0,1.0
80,10,8,0.8,baseline,3,45,0.007343583274632692,0,1.3387851140578277e-05,0.2183915376663208,8.027586936950684,11.705668449401855,29.476966857910156,0.0,1.0
80,10,8,0.8,baseline,3,46,0.005481306929141283,0,6.613776349695399e-06,0.2121257781982422,8.140419960021973,22.16094970703125,29.583602905273438,0.0,1.0
80,10,8,0.8,baseline,3,47,0.009150693193078041,0,3.202723019057885e-05,0.21639613807201385,8.03191089630127,7.68264627456665,29.88808822631836,0.0,1.0
80,10,8,0.8,baseline,3,48,0.009779052808880806,0,4.16988150391262e-05,0.22196315228939056,7.954476356506348,6.177110195159912,29.69196128845215,0.0,1.0
80,10,8,0.8,baseline,3,49,0.007471427321434021,0,2.448709165037144e-05,0.21626155078411102,8.085609436035156,8.21682071685791,29.758865356445312,0.0,1.0
80,10,8,0.8,baseline,3,50,0.010408436879515648,0,2.893249984481372e-05,0.20533713698387146,8.238760948181152,8.121410369873047,29.62986946105957,0.0,1.0
80,10,8,0.8,baseline,3,51,0.006650772411376238,0,1.3673557987203822e-05,0.22077931463718414,8.027429580688477,10.60573959350586,29.503480911254883,0.0,1.0
80,10,8,0.8,baseline,3,52,0.005824374966323376,0,1.3314675925357733e-05,0.21776483952999115,8.083486557006836,11.208187103271484,29.740734100341797,0.0,1.0
80,10,8,0.8,baseline,3,53,0.011653820052742958,0,4.149521191720851e-05,0.2252383977174759,7.939801216125488,6.6874566078186035,30.167213439941406,0.0,1.0
80,10,8,0.8,baseline,3,54,0.005738128442317247,0,7.393408395728329e-06,0.2217443436384201,7.983673095703125,21.098852157592773,28.994564056396484,0.0,1.0
80,10,8,0.8,baseline,3,55,0.008070413023233414,0,3.301742617622949e-05,0.21967729926109314,8.028421401977539,7.3193511962890625,29.561681747436523,0.0,1.0
80,10,8,0.8,baseline,3,56,0.011262953281402588,0,4.454092413652688e-05,0.22390501201152802,8.011287689208984,5.943668365478516,29.851444244384766,0.0,1.0
80,10,8,0.8,baseline,3,57,0.007864740677177906,0,2.6892514142673463e-05,0.22610056400299072,7.95025634765625,8.47568416595459,29.612524032592773,0.0,1.0
80,10,8,0.8,baseline,3,58,0.009129676967859268,0,2.297140599694103e-05,0.22779788076877594,7.888420581817627,8.181326866149902,29.855878829956055,0.0,1.0
80,10,8,0.8,baseline,3,59,0.008213224820792675,0,2.0886083802906796e-05,0.23047807812690735,7.818140506744385,8.344136238098145,29.621143341064453,0.0,1.0
80,10,8,0.8,baseline,3,60,0.00905467476695776,0,2.809494617395103e-05,0.2221732884645462,8.039761543273926,7.11733865737915,29.325912475585938,0.0,1.0
80,10,8,0.8,baseline,3,61,0.011700160801410675,0,4.771076055476442e-05,0.22429175674915314,7.881774425506592,6.343437194824219,29.7641658782959,0.0,1.0
80,10,8,0.8,baseline,3,62,0.011927767656743526,0,6.073051190469414e-05,0.22876067459583282,7.837850570678711,5.12972354888916,29.92772102355957,0.0,0.875
80,10,8,0.8,baseline,3,63,0.009639832191169262,0,2.1937887140666135e-05,0.21157673001289368,8.077010154724121,10.558767318725586,29.830799102783203,0.0,1.0
80,10,8,0.8,baseline,3,64,0.008582561276853085,0,1.6120045984280296e-05,0.2164202779531479,8.104482650756836,13.732584953308105,29.192106246948242,0.0,1.0
80,10,8,0.8,baseline,3,65,0.009275753982365131,0,2.5620227461331524e-05,0.22213226556777954,7.967636585235596,9.515848159790039,29.820098876953125,0.0,1.0
80,10,8,0.8,baseline,3,66,0.006543101742863655,0,1.517348391644191e-05,0.22769907116889954,7.8755035400390625,11.130223274230957,29.444786071777344,0.0,1.0
80,10,8,0.8,baseline,3,67,0.011952192522585392,0,6.123646744526923e-05,0.22506509721279144,7.973514080047607,4.968105316162109,29.478511810302734,0.0,1.0
80,10,8,0.8,baseline,3,68,0.008833492174744606,0,2.2192289179656655e-05,0.21619471907615662,8.092151641845703,8.903998374938965,29.31036949157715,0.0,1.0
80,10,8,0.8,baseline,3,69,0.007056165020912886,0,1.5355875802924857e-05,0.2253885269165039,7.889975070953369,9.774773597717285,30.46227264404297,0.0,1.0
80,10,8,0.8,baseline,3,70,0.006528250407427549,0,1.3809109077556059e-05,0.22629369795322418,7.952445983886719,11.234015464782715,29.332763671875,0.0,1.0
80,10,8,0.8,baseline,3,71,0.009196546860039234,0,2.489441067154985e-05,0.22969551384449005,7.898605823516846,8.603118896484375,29.09371566772461,0.0,1.0
80,10,8,0.8,baseline,3,72,0.012051649391651154,0,3.421228029765189e-05,0.22586816549301147,7.888389587402344,7.992250442504883,29.34052276611328,0.0,1.0
80,10,8,0.8,baseline,3,73,0.007872391492128372,0,2.2498405087389983e-05,0.2267647534608841,7.882032871246338,7.951694011688232,29.625591278076172,0.0,1.0
80,10,8,0.8,baseline,3,74,0.009760459885001183,0,3.3336815249640495e-05,0.22380691766738892,7.967313766479492,7.775476455688477,29.68392562866211,0.0,1.0
80,10,8,0.8,baseline,3,75,0.006714631337672472,0,1.1914648894162383e-05,0.22626817226409912,7.906936168670654,17.127477645874023,29.403644561767578,0.0,1.0
80,10,8,0.8,baseline,3,76,0.011178120039403439,0,3.8662423321511596e-05,0.23597794771194458,7.782022953033447,9.715194702148438,29.494810104370117,0.0,1.0
80,10,8,0.8,baseline,3,77,0.00828448124229908,0,1.3925910934631247e-05,0.22957870364189148,7.810949802398682,15.895097732543945,29.413537979125977,0.0,1.0
80,10,8,0.8,baseline,3,78,0.007600207347422838,0,2.7080981453764252e-05,0.22117237746715546,7.979483127593994,7.789510726928711,30.129701614379883,0.0,1.0
80,10,8,0.8,baseline,3,79,0.008097996935248375,0,2.4627694074297324e-05,0.2110273689031601,8.137969017028809,10.068572998046875,30.19810676574707,0.0,1.0
80,10,8,0.8,baseline,4,0,1.283047080039978,1,0.5083267688751221,0.24025189876556396,7.6900954246521,0.13756805658340454,0.5399191379547119,0.0,0.0
80,10,8,0.8,baseline,4,1,1.2254023551940918,1,0.49385103583335876,0.21187596023082733,8.097286224365234,0.12819743156433105,0.5141534209251404,0.0,0.0
80,10,8,0.8,baseline,4,2,1.2918044328689575,1,0.48883235454559326,0.2504130005836487,7.483941078186035,0.13819794356822968,0.5503912568092346,0.0,0.0
80,10,8,0.8,baseline,4,3,1.4853770732879639,1,0.495773583650589,0.2952992022037506,6.664023399353027,0.1572326421737671,0.6384599804878235,0.0,0.0
80,10,8,0.8,baseline,4,4,1.280726671218872,1,0.48043695092201233,0.24365679919719696,7.580962181091309,0.1367446631193161,0.5536714196205139,0.0,0.0
80,10,8,0.8,baseline,4,5,1.4595682621002197,1,0.4787258803844452,0.30148160457611084,6.510820388793945,0.16109098494052887,0.6330116391181946,0.0,0.0
80,10,8,0.8,baseline,4,6,1.4992668628692627,1,0.4992654025554657,0.3003242611885071,6.586958408355713,0.1607893407344818,0.643263578414917,0.0,0.0
80,10,8,0.8,baseline,4,7,1.1883779764175415,1,0.46414294838905334,0.2057388424873352,8.23666000366211,0.1316889226436615,0.5247753858566284,0.0,0.0
80,10,8,0.8,baseline,4,8,1.5201754570007324,1,0.48194676637649536,0.3096393644809723,6.355094909667969,0.1544249951839447,0.6086117029190063,0.0,0.0
80,10,8,0.8,baseline,4,9,1.2290478944778442,1,0.4666078984737396,0.2179020494222641,8.032976150512695,0.140522763133049,0.5582224130630493,0.0,0.0
80,10,8,0.8,baseline,4,10,1.6311992406845093,1,0.4915873408317566,0.3438689708709717,5.77793025970459,0.1678377240896225,0.688861072063446,0.0,0.0
80,10,8,0.8,baseline,4,11,1.4960675239562988,1,0.46652036905288696,0.30904626846313477,6.385505199432373,0.15235590934753418,0.6136727929115295,0.0,0.0
80,10,8,0.8,baseline,4,12,1.4544726610183716,1,0.4698233902454376,0.2819965183734894,6.868032455444336,0.16825389862060547,0.6882063150405884,0.0,0.0
80,10,8,0.8,baseline,4,13,1.7336294651031494,1,0.5047019720077515,0.38066020607948303,5.161107063293457,0.18041624128818512,0.733282208442688,0.0,0.0
80,10,8,0.8,baseline,4,14,1.4999407529830933,1,0.44033870100975037,0.3036503493785858,6.4855756759643555,0.1475885659456253,0.589546799659729,0.0,0.0
80,10,8,0.8,baseline,4,15,1.600797414779663,1,0.47331681847572327,0.3361324071884155,5.910355567932129,0.17276085913181305,0.6771677732467651,0.0,0.0
80,10,8,0.8,baseline,4,16,1.4838404655456543,1,0.4314575791358948,0.3051935136318207,6.48053503036499,0.1357690393924713,0.5381402969360352,0.0,0.0
80,10,8,0.8,baseline,4,17,0.8925595283508301,1,0.22280597686767578,0.18215730786323547,8.626712799072266,0.11849591881036758,0.47349485754966736,0.0,0.0
80,10,8,0.8,baseline,4,18,1.6942179203033447,1,0.4821052551269531,0.3681783080101013,5.388807773590088,0.18831554055213928,0.7501731514930725,0.0,0.0
80,10,8,0.8,baseline,4,19,0.02913559228181839,0,0.00034212387981824577,0.1545662134885788,8.690375328063965,2.509779214859009,14.77254581451416,0.0,0.0
80,10,8,0.8,baseline,4,20,1.0492632389068604,1,0.32140445709228516,0.19877438247203827,8.3994140625,0.10106229782104492,0.3919156789779663,0.0,0.0
80,10,8,0.8,baseline,4,21,0.21613673865795135,0,0.015174947679042816,0.15587204694747925,8.75953197479248,0.4111502468585968,1.9639976024627686,0.0,0.0
80,10,8,0.8,baseline,4,22,0.44797974824905396,1,0.06491676717996597,0.1460856944322586,8.847784996032715,0.2025047391653061,0.8861547112464905,0.0,0.0
80,10,8,0.8,baseline,4,23,0.05718674138188362,0,0.0013171290047466755,0.15303371846675873,8.824377059936523,1.2612242698669434,6.950103282928467,0.0,0.0
80,10,8,0.8,baseline,4,24,0.013497911393642426,0,5.718332977266982e-05,0.14491726458072662,8.875666618347168,6.75670862197876,28.078311920166016,0.0,1.0
80,10,8,0.8,baseline,4,25,0.009004254825413227,0,3.0205897928681225e-05,0.15408040583133698,8.737428665161133,8.494939804077148,28.527345657348633,0.0,1.0
80,10,8,0.8,baseline,4,26,0.0212874598801136,0,0.000176826462848112,0.15168534219264984,8.847890853881836,3.543428897857666,21.538414001464844,0.0,0.0
80,10,8,0.8,baseline,4,27,0.019715003669261932,0,0.00020291117834858596,0.15380221605300903,8.740846633911133,3.3971621990203857,20.594837188720703,0.0,0.0
80,10,8,0.8,baseline,4,28,0.014936098828911781,0,8.297844760818407e-05,0.15908613801002502,8.744341850280762,5.207039833068848,28.689746856689453,0.0,1.0
80,10,8,0.8,baseline,4,29,0.02686174027621746,0,0.00030225704540498555,0.1483905017375946,8.783618927001953,2.7140040397644043,16.312013626098633,0.0,0.0
80,10,8,0.8,baseline,4,30,0.008316963911056519,0,3.053273758268915e-05,0.15596243739128113,8.698421478271484,8.772775650024414,27.95771598815918,0.0,1.0
80,10,8,0.8,baseline,4,31,0.010769281536340714,0,3.7550937122432515e-05,0.14680753648281097,8.878534317016602,8.137797355651855,28.029239654541016,0.0,1.0
80,10,8,0.8,baseline,4,32,0.008637764491140842,0,2.3170021449914202e-05,0.1515742689371109,8.821946144104004,10.28049373626709,28.32868766784668,0.0,1.0
80,10,8,0.8,baseline,4,33,0.011595713905990124,0,7.177924271672964e-05,0.15450419485569,8.795860290527344,5.671467304229736,27.63174057006836,0.0,1.0
80,10,8,0.8,baseline,4,34,0.010068991221487522,0,5.649511149385944e-05,0.15734918415546417,8.775300025939941,6.380042552947998,28.089740753173828,0.0,1.0
80,10,8,0.8,baseline,4,35,0.009675046429038048,0,3.17198719130829e-05,0.15034060180187225,8.790165901184082,8.204032897949219,28.145286560058594,0.0,1.0
80,10,8,0.8,baseline,4,36,0.008701128885149956,0,2.6595354938763194e-05,0.14918510615825653,8.741303443908691,9.180154800415039,28.441667556762695,0.0,1.0
80,10,8,0.8,baseline,4,37,0.00867159478366375,0,2.4606155420769937e-05,0.15329693257808685,8.77811336517334,11.306995391845703,27.880531311035156,0.0,1.0
80,10,8,0.8,baseline,4,38,0.009371119551360607,0,3.688119977596216e-05,0.15634270012378693,8.682080268859863,7.642174243927002,28.846576690673828,0.0,1.0
80,10,8,0.8,baseline,4,39,0.011804363690316677,0,4.9782935093389824e-05,0.1520310938358307,8.837675094604492,6.379269123077393,28.122695922851562,0.0,1.0
80,10,8,0.8,baseline,4,40,0.008806487545371056,0,2.8535252567962743e-05,0.15555879473686218,8.76701545715332,9.022700309753418,28.601688385009766,0.0,1.0
80,10,8,0.8,baseline,4,41,0.009649061597883701,0,4.368010922917165e-05,0.1511886715888977,8.768258094787598,7.307822227478027,28.054737091064453,0.0,1.0
80,10,8,0.8,baseline,4,42,0.011812756769359112,0,5.133759623277001e-05,0.1557019054889679,8.804311752319336,6.914190292358398,27.76717758178711,0.0,1.0
80,10,8,0.8,baseline,4,43,0.009180000983178616,0,2.9709530281252228e-05,0.15239784121513367,8.800498008728027,8.897906303405762,27.54580307006836,0.0,1.0
80,10,8,0.8,baseline,4,44,0.009119167923927307,0,2.582926936156582e-05,0.14544306695461273,8.819602012634277,11.63468074798584,27.833171844482422,0.0,1.0
80,10,8,0.8,baseline,4,45,0.010796845890581608,0,3.976490188506432e-05,0.15336033701896667,8.718070030212402,8.120132446289062,28.226978302001953,0.0,1.0
80,10,8,0.8,baseline,4,46,0.008593804202973843,0,2.7690886781783774e-05,0.1539112627506256,8.807233810424805,9.677956581115723,28.532577514648438,0.0,1.0
80,10,8,0.8,baseline,4,47,0.00919342041015625,0,3.1307528843171895e-05,0.15494324266910553,8.70604419708252,8.862034797668457,28.109458923339844,0.0,1.0
80,10,8,0.8,baseline,4,48,0.010025626979768276,0,2.8844700864283368e-05,0.16308969259262085,8.752840995788574,12.351351737976074,28.326122283935547,0.0,1.0
80,10,8,0.8,baseline,4,49,0.009996947832405567,0,4.0202758100349456e-05,0.15824276208877563,8.76035213470459,7.643331527709961,27.868375778198242,0.0,1.0
80,10,8,0.8,baseline,4,50,0.010437151417136192,0,3.459706931607798e-05,0.15104064345359802,8.772780418395996,8.673375129699707,27.717782974243164,0.0,1.0
80,10,8,0.8,baseline,4,51,0.007891478016972542,0,1.9878112652804703e-05,0.15126052498817444,8.773466110229492,11.486139297485352,28.058717727661133,0.0,1.0
80,10,8,0.8,baseline,4,52,0.011717968620359898,0,5.1496717787813395e-05,0.1549401730298996,8.816136360168457,6.931413650512695,27.778820037841797,0.0,1.0
80,10,8,0.8,baseline,4,53,0.012099222280085087,0,5.0575043132994324e-05,0.15976597368717194,8.675299644470215,7.473366737365723,28.856842041015625,0.0,1.0
80,10,8,0.8,baseline,4,54,0.0066302139312028885,0,1.5820336557226256e-05,0.15592873096466064,8.805036544799805,12.756081581115723,27.997314453125,0.0,1.0
80,10,8,0.8,baseline,4,55,0.00850706361234188,0,2.718081304919906e-05,0.15006549656391144,8.851347923278809,8.676843643188477,28.324329376220703,0.0,1.0
80,10,8,0.8,baseline,4,56,0.009120521135628223,0,3.7292451452231035e-05,0.16057850420475006,8.644438743591309,7.911806106567383,28.412391662597656,0.0,1.0
80,10,8,0.8,baseline,4,57,0.01079680398106575,0,4.1172857891069725e-05,0.15336290001869202,8.8020601272583,7.387233257293701,27.341299057006836,0.0,1.0
80,10,8,0.8,baseline,4,58,0.010186721570789814,0,3.3451735362177715e-05,0.1525222361087799,8.720452308654785,8.222197532653809,27.93367576599121,0.0,1.0
80,10,8,0.8,baseline,4,59,0.011588586494326591,0,4.425508814165369e-05,0.15885789692401886,8.692754745483398,7.854073524475098,28.579505920410156,0.0,1.0
80,10,8,0.8,baseline,4,60,0.010324875824153423,0,3.5416349419392645e-05,0.1539769321680069,8.827853202819824,8.859301567077637,27.815654754638672,0.0,1.0
80,10,8,0.8,baseline,4,61,0.007643377874046564,0,2.092442628054414e-05,0.15136118233203888,8.86046028137207,10.738958358764648,28.412960052490234,0.0,1.0
80,10,8,0.8,baseline,4,62,0.006335912272334099,0,1.291887201659847e-05,0.15621817111968994,8.742432594299316,14.305559158325195,28.21061134338379,0.0,1.0
80,10,8,0.8,baseline,4,63,0.011986509896814823,0,4.357103171059862e-05,0.15187375247478485,8.792393684387207,7.896476745605469,28.136608123779297,0.0,1.0
80,10,8,0.8,baseline,4,64,0.008259582333266735,0,2.5018181986524723e-05,0.1597193479537964,8.729291915893555,9.690685272216797,28.327800750732422,0.0,1.0
80,10,8,0.8,baseline,4,65,0.007191027514636517,0,2.0583773221005686e-05,0.14656051993370056,8.889897346496582,9.984370231628418,27.730262756347656,0.0,1.0
80,10,8,0.8,baseline,4,66,0.00927684735506773,0,3.883090539602563e-05,0.1554219275712967,8.736644744873047,7.5769734382629395,28.288467407226562,0.0,1.0
80,10,8,0.8,baseline,4,67,0.00888351071625948,0,2.562627923907712e-05,0.1528172343969345,8.834193229675293,9.888614654541016,27.941343307495117,0.0,1.0
80,10,8,0.8,baseline,4,68,0.008949856273829937,0,3.4969867556355894e-05,0.1446705013513565,8.930760383605957,8.183656692504883,28.10307502746582,0.0,1.0
80,10,8,0.8,baseline,4,69,0.01220613345503807,0,6.621931970585138e-05,0.14790141582489014,8.781022071838379,6.050548553466797,29.23999786376953,0.0,1.0
80,10,8,0.8,baseline,4,70,0.008027764037251472,0,2.1940066289971583e-05,0.15634189546108246,8.696102142333984,9.75142765045166,28.309635162353516,0.0,1.0
80,10,8,0.8,baseline,4,71,0.009768400341272354,0,2.816253800119739e-05,0.16124014556407928,8.740208625793457,9.934833526611328,28.17680549621582,0.0,1.0
80,10,8,0.8,baseline,4,72,0.00890165101736784,0,2.8924114303663373e-05,0.15776412189006805,8.635570526123047,9.516703605651855,28.457447052001953,0.0,1.0
80,10,8,0.8,baseline,4,73,0.009571263566613197,0,3.6766774428542703e-05,0.15804851055145264,8.787382125854492,28.150253295898438,28.150253295898438,1.0,1.0
80,10,8,0.8,baseline,4,74,0.007653931621462107,0,1.9077962861047126e-05,0.15303856134414673,8.764801025390625,11.085305213928223,27.983680725097656,0.0,1.0
80,10,8,0.8,baseline,4,75,0.01107392180711031,0,3.6910561902914196e-05,0.14964114129543304,8.778117179870605,8.135507583618164,27.476688385009766,0.0,1.0
80,10,8,0.8,baseline,4,76,0.009360822848975658,0,2.6660505682229996e-05,0.16131344437599182,8.66845989227295,9.445932388305664,28.694732666015625,0.0,1.0
80,10,8,0.8,baseline,4,77,0.00828368216753006,0,1.9031591364182532e-05,0.1450427919626236,8.89990520477295,13.679645538330078,27.797143936157227,0.0,1.0
80,10,8,0.8,baseline,4,78,0.010038109496235847,0,3.923854819731787e-05,0.15032994747161865,8.868635177612305,7.810352802276611,27.953418731689453,0.0,1.0
80,10,8,0.8,baseline,4,79,0.009373140521347523,0,3.4256903745699674e-05,0.1483665108680725,8.842259407043457,8.028375625610352,27.757415771484375,0.0,1.0
80,10,8,0.8,input_at,0,0,1.9401917457580566,1,0.7160298824310303,0.3802522122859955,4.670192718505859,0.15860573947429657,0.6073877215385437,0.0,0.0
80,10,8,0.8,input_at,0,1,1.637721300125122,1,0.5442982316017151,0.32599255442619324,5.443075180053711,0.12781277298927307,0.5174163579940796,0.0,0.0
80,10,8,0.8,input_at,0,2,0.055624525994062424,0,0.0007096205372363329,0.25358137488365173,6.189040660858154,4.482158660888672,17.601564407348633,0.0,0.0
80,10,8,0.8,input_at,0,3,1.6310087442398071,1,0.5274937748908997,0.31863006949424744,5.40785551071167,0.1348172128200531,0.5378873944282532,0.0,0.0
80,10,8,0.8,input_at,0,4,1.0385993719100952,1,0.48891139030456543,0.23083218932151794,6.69663667678833,0.09217795729637146,0.3657664358615875,0.0,0.0
80,10,8,0.8,input_at,0,5,1.1784945726394653,1,0.4414702355861664,0.2337537556886673,6.3941473960876465,0.1279621720314026,0.5055198073387146,0.0,0.0
80,10,8,0.8,input_at,0,6,1.2174067497253418,1,0.39303088188171387,0.25377753376960754,6.308086395263672,0.12497587502002716,0.5068498849868774,0.0,0.0
80,10,8,0.8,input_at,0,7,1.7197099924087524,1,0.46891042590141296,0.3801000118255615,4.7177653312683105,0.17662237584590912,0.6428475975990295,0.0,0.0
80,10,8,0.8,input_at,0,8,0.32654768228530884,1,0.017771832644939423,0.2538833022117615,6.097893714904785,5.399979114532471,4.597580909729004,0.0,0.0
80,10,8,0.8,input_at,0,9,0.5049387216567993,1,0.04479505866765976,0.2387840449810028,6.375682830810547,0.5939766764640808,2.6537702083587646,0.0,0.0
80,10,8,0.8,input_at,0,10,0.7754015922546387,1,0.19409213960170746,0.24191434681415558,6.433988571166992,0.24243611097335815,1.015140175819397,0.0,0.0
80,10,8,0.8,input_at,0,11,0.3621939420700073,1,0.016586290672421455,0.24165162444114685,6.228725433349609,2.722100257873535,4.282112121582031,0.0,0.0
80,10,8,0.8,input_at,0,12,0.2321828305721283,0,0.009872125461697578,0.2371368110179901,6.425129413604736,44.4320068359375,24.964330673217773,1.0,0.0
80,10,8,0.8,input_at,0,13,1.112637996673584,1,0.20698775351047516,0.27746710181236267,5.925788879394531,0.21395984292030334,0.8578137159347534,0.0,0.0
80,10,8,0.8,input_at,0,14,0.7821729183197021,1,0.06683193892240524,0.26489341259002686,6.0619635581970215,0.5057452917098999,1.9032560586929321,0.0,0.0
80,10,8,0.8,input_at,0,15,0.6027185320854187,1,0.06233271583914757,0.23756743967533112,6.4019880294799805,9.03171157836914,3.240593910217285,0.0,0.0
80,10,8,0.8,input_at,0,16,0.15182165801525116,0,0.004271760582923889,0.24517549574375153,6.373900413513184,31.386680603027344,29.918983459472656,0.0,0.0
80,10,8,0.8,input_at,0,17,1.7608888149261475,1,0.29841503500938416,0.4268674850463867,4.1822404861450195,27.330963134765625,3.5658555030822754,0.0,0.0
80,10,8,0.8,input_at,0,18,0.3757246434688568,1,0.023828091099858284,0.24149617552757263,6.255585670471191,45.48238754272461,45.48238754272461,1.0,1.0
80,10,8,0.8,input_at,0,19,0.6302588582038879,1,0.047045838087797165,0.2585541605949402,6.092774868011475,4.832413673400879,3.872150421142578,0.0,0.0
80,10,8,0.8,input_at,0,20,0.25565391778945923,0,0.011361921206116676,0.2344878762960434,6.40988826751709,45.016754150390625,45.016754150390625,1.0,1.0
80,10,8,0.8,input_at,0,21,0.2834017872810364,0,0.010149691253900528,0.23980389535427094,6.248307704925537,43.085731506347656,41.23219299316406,0.0,0.375
80,10,8,0.8,input_at,0,22,0.6635054349899292,1,0.0537174828350544,0.24208852648735046,6.107287883758545,45.72849655151367,5.040309429168701,0.0,0.0
80,10,8,0.8,input_at,0,23,0.4128880500793457,1,0.032579705119132996,0.24710741639137268,6.26068115234375,1.2638130187988281,7.717048168182373,0.0,0.0
80,10,8,0.8,input_at,0,24,0.5147823691368103,1,0.04389343410730362,0.2452123761177063,6.25289249420166,0.6192969679832458,3.861642599105835,0.0,0.0
80,10,8,0.8,input_at,0,25,0.17519301176071167,0,0.004164790268987417,0.2493806779384613,6.250624179840088,44.7170295715332,44.268211364746094,1.0,0.75
80,10,8,0.8,input_at,0,26,0.5197350382804871,1,0.030628295615315437,0.25018545985221863,6.100479602813721,46.030677795410156,18.295080184936523,1.0,0.0
80,10,8,0.8,input_at,0,27,0.9384257793426514,1,0.09582582861185074,0.2693236470222473,5.756164073944092,17.95087242126465,4.3906331062316895,0.0,0.0
80,10,8,0.8,input_at,0,28,0.353842556476593,1,0.013006611727178097,0.2379709780216217,6.190938472747803,1.6489529609680176,4.994865894317627,0.0,0.0
80,10,8,0.8,input_at,0,29,0.43595537543296814,1,0.02542809769511223,0.24181759357452393,6.299232006072998,46.468406677246094,36.12701416015625,1.0,0.0
80,10,8,0.8,input_at,0,30,0.5094611048698425,1,0.028610149398446083,0.2733474373817444,6.042966365814209,0.5139509439468384,2.5504438877105713,0.0,0.0
80,10,8,0.8,input_at,0,31,0.4363837242126465,1,0.028251152485609055,0.2454792559146881,6.293912410736084,44.53993225097656,30.642438888549805,1.0,0.0
80,10,8,0.8,input_at,0,32,0.658645749092102,1,0.04859497398138046,0.26405057311058044,6.083314895629883,1.316524863243103,3.233839511871338,0.0,0.0
80,10,8,0.8,input_at,0,33,0.7600302696228027,1,0.055123697966337204,0.2845117151737213,5.881992340087891,24.358341217041016,5.488835334777832,0.0,0.0
80,10,8,0.8,input_at,0,34,0.4644586741924286,1,0.03752894699573517,0.25365468859672546,6.256668567657471,39.21134948730469,8.11376667022705,0.0,0.0
80,10,8,0.8,input_at,0,35,0.6005052924156189,1,0.07012733072042465,0.22188450396060944,6.492651462554932,0.6938843131065369,3.3719353675842285,0.0,0.0
80,10,8,0.8,input_at,0,36,0.3614577054977417,1,0.015341590158641338,0.2485891878604889,6.17024040222168,1.910504937171936,5.414597511291504,0.0,0.0
80,10,8,0.8,input_at,0,37,0.46877437829971313,1,0.021691080182790756,0.2694295644760132,5.985990047454834,0.5598238706588745,3.372760534286499,0.0,0.0
80,10,8,0.8,input_at,0,38,0.5542147159576416,1,0.04625510424375534,0.2431933581829071,6.259073734283447,1.829549789428711,6.298475742340088,0.0,0.0
80,10,8,0.8,input_at,0,39,0.5315569639205933,1,0.03330880030989647,0.24155831336975098,6.315601825714111,0.6629396080970764,4.893885135650635,0.0,0.0
80,10,8,0.8,input_at,0,40,0.34997302293777466,1,0.01433939766138792,0.25421351194381714,6.086520195007324,1.1766488552093506,8.943815231323242,0.0,0.0
80,10,8,0.8,input_at,0,41,0.17099101841449738,0,0.006561783608049154,0.2357698380947113,6.44349479675293,13.489176750183105,11.053118705749512,0.0,0.0
80,10,8,0.8,input_at,0,42,0.5479183197021484,1,0.03362281620502472,0.24550434947013855,6.09575080871582,47.0980224609375,12.15455436706543,1.0,0.0
80,10,8,0.8,input_at,0,43,0.4232568144798279,1,0.019338566809892654,0.24919934570789337,6.277917385101318,43.43444061279297,9.577311515808105,1.0,0.0
80,10,8,0.8,input_at,0,44,0.4162212014198303,1,0.01998356357216835,0.24608464539051056,6.227855205535889,3.694391965866089,6.226179122924805,0.0,0.0
80,10,8,0.8,input_at,0,45,0.6438407301902771,1,0.05391957238316536,0.2629401385784149,6.117381572723389,1.2289117574691772,4.515982627868652,0.0,0.0
80,10,8,0.8,input_at,0,46,0.6607601046562195,1,0.05046996846795082,0.24437661468982697,6.11652946472168,45.593238830566406,4.473903179168701,1.0,0.0
80,10,8,0.8,input_at,0,47,0.19212959706783295,0,0.005034028086811304,0.251251757144928,6.318810939788818,43.63368606567383,16.54568099975586,1.0,0.0
80,10,8,0.8,input_at,0,48,0.4900493919849396,1,0.04804759845137596,0.24081028997898102,6.32878303527832,45.68063735961914,10.063979148864746,1.0,0.0
80,10,8,0.8,input_at,0,49,0.2887081205844879,0,0.010622987523674965,0.2712729275226593,6.009334564208984,0.8801746368408203,6.627573013305664,0.0,0.0
80,10,8,0.8,input_at,0,50,0.9617173075675964,1,0.10564300417900085,0.2743687033653259,5.783845901489258,0.9543154239654541,3.258293628692627,0.0,0.0
80,10,8,0.8,input_at,0,51,0.8542900085449219,1,0.09545722603797913,0.2561018764972687,6.0637335777282715,48.796634674072266,4.79418420791626,1.0,0.0
80,10,8,0.8,input_at,0,52,0.9915556907653809,1,0.1141035333275795,0.28436678647994995,5.856413841247559,0.6763613224029541,2.18288254737854,0.0,0.0
80,10,8,0.8,input_at,0,53,0.4963937997817993,1,0.02921076864004135,0.25746333599090576,6.196656227111816,20.894615173339844,7.0936079025268555,0.0,0.0
80,10,8,0.8,input_at,0,54,0.4822984039783478,1,0.03390561789274216,0.2444639801979065,6.385200500488281,44.97117614746094,8.328827857971191,1.0,0.0
80,10,8,0.8,input_at,0,55,0.5230557322502136,1,0.0307165440171957,0.24670560657978058,6.233554840087891,0.7226462364196777,3.0422613620758057,0.0,0.0
80,10,8,0.8,input_at,0,56,0.42828017473220825,1,0.024629153311252594,0.25096777081489563,6.23786735534668,2.331627130508423,7.380361557006836,0.0,0.0
80,10,8,0.8,input_at,0,57,0.3523240089416504,1,0.015333279967308044,0.24127145111560822,6.338255882263184,44.33422088623047,9.073458671569824,1.0,0.0
80,10,8,0.8,input_at,0,58,0.7139749526977539,1,0.08311604708433151,0.24432100355625153,6.272993564605713,0.6834325194358826,2.9758880138397217,0.0,0.0
80,10,8,0.8,input_at,0,59,1.2464264631271362,1,0.16276605427265167,0.3405514061450958,5.131636142730713,17.28660774230957,3.0980734825134277,0.0,0.0
80,10,8,0.8,input_at,0,60,0.3461645245552063,1,0.025278031826019287,0.24434658885002136,6.282135963439941,11.773478507995605,5.032245635986328,0.0,0.0
80,10,8,0.8,input_at,0,61,0.6058327555656433,1,0.05310914292931557,0.2509933412075043,6.221930980682373,0.7395844459533691,3.0222015380859375,0.0,0.0
80,10,8,0.8,input_at,0,62,0.3281005918979645,1,0.012305190786719322,0.25445106625556946,6.257657051086426,45.35895538330078,12.618806838989258,1.0,0.0
80,10,8,0.8,input_at,0,63,0.24558588862419128,0,0.012205307371914387,0.2519755959510803,6.273331165313721,1.6434993743896484,5.361634731292725,0.0,0.0
80,10,8,0.8,input_at,0,64,0.19567766785621643,0,0.003944698255509138,0.2415492832660675,6.308104515075684,1.961381435394287,8.811975479125977,0.0,0.0
80,10,8,0.8,input_at,0,65,0.49727076292037964,1,0.045263536274433136,0.23879311978816986,6.273990154266357,0.880100667476654,8.975179672241211,0.0,0.0
80,10,8,0.8,input_at,0,66,0.5868642926216125,1,0.046782366931438446,0.25148940086364746,6.261501312255859,46.56311798095703,4.013984203338623,1.0,0.0
80,10,8,0.8,input_at,0,67,0.6918284296989441,1,0.05816962197422981,0.2419247329235077,6.110109806060791,1.4179162979125977,6.061738967895508,0.0,0.0
80,10,8,0.8,input_at,0,68,0.3799961507320404,1,0.018120527267456055,0.24123725295066833,6.229918479919434,1.4737651348114014,8.397941589355469,0.0,0.0
80,10,8,0.8,input_at,0,69,1.0811408758163452,1,0.12072262167930603,0.3031335771083832,5.628313064575195,24.263647079467773,3.234226942062378,0.0,0.0
80,10,8,0.8,input_at,0,70,0.16904570162296295,0,0.0032559449318796396,0.23657095432281494,6.463237762451172,2.151557683944702,15.010623931884766,0.0,0.0
80,10,8,0.8,input_at,0,71,0.3104122281074524,1,0.012515227310359478,0.24282056093215942,6.276278018951416,45.32549285888672,8.387595176696777,1.0,0.0
80,10,8,0.8,input_at,0,72,0.6210963129997253,1,0.05211687833070755,0.2513890564441681,6.2462968826293945,46.260223388671875,24.344907760620117,1.0,0.0
80,10,8,0.8,input_at,0,73,1.6505210399627686,1,0.26780733466148376,0.40913867950439453,4.396621227264404,1.3865234851837158,2.380608558654785,0.0,0.0
80,10,8,0.8,input_at,0,74,0.5140339136123657,1,0.0374419279396534,0.2501213848590851,6.221150875091553,0.5542412400245667,3.855898141860962,0.0,0.0
80,10,8,0.8,input_at,0,75,0.4400610029697418,1,0.02637634240090847,0.24567826092243195,6.258312225341797,44.073631286621094,5.573078632354736,1.0,0.0
80,10,8,0.8,input_at,0,76,0.2144547700881958,0,0.004497983492910862,0.2545773386955261,6.203760147094727,44.26524353027344,12.648641586303711,1.0,0.0
80,10,8,0.8,input_at,0,77,0.6916214823722839,1,0.07402446866035461,0.23719927668571472,6.298945903778076,1.549649715423584,5.84075927734375,0.0,0.0
80,10,8,0.8,input_at,0,78,0.7025255560874939,1,0.05965781584382057,0.26070502400398254,6.185826301574707,0.5910030603408813,2.6211013793945312,0.0,0.0
80,10,8,0.8,input_at,0,79,0.6075526475906372,1,0.04137181118130684,0.25417622923851013,6.2181854248046875,45.0175895690918,8.093768119812012,1.0,0.0
80,10,8,0.8,input_at,1,0,1.1748111248016357,1,0.8910349607467651,0.24554191529750824,6.3592143058776855,0.11615739017724991,0.46075239777565,0.0,0.0
80,10,8,0.8,input_at,1,1,1.7129117250442505,1,0.5821667909622192,0.4739760756492615,3.725876569747925,0.13115225732326508,0.5217152833938599,0.0,0.0
80,10,8,0.8,input_at,1,2,1.0821270942687988,1,0.919039249420166,0.23247259855270386,6.5892133712768555,0.10572332888841629,0.4138283431529999,0.0,0.0
80,10,8,0.8,input_at,1,3,0.8500002026557922,1,0.16410699486732483,0.3118467628955841,5.793212890625,0.3381192088127136,1.372664451599121,0.0,0.0
80,10,8,0.8,input_at,1,4,1.213322639465332,1,0.6621878743171692,0.29010024666786194,6.031598091125488,0.10870138555765152,0.43230894207954407,0.0,0.0
80,10,8,0.8,input_at,1,5,0.1462843418121338,0,0.013854138553142548,0.2734301686286926,6.242549896240234,0.9645746946334839,6.78503942489624,0.0,0.0
80,10,8,0.8,input_at,1,6,0.3662731349468231,1,0.041195616126060486,0.27654364705085754,6.289971351623535,0.5633735656738281,3.0733306407928467,0.0,0.0
80,10,8,0.8,input_at,1,7,1.4252443313598633,1,0.6256827116012573,0.3555164635181427,4.982006072998047,0.12146897614002228,0.48846858739852905,0.0,0.0
80,10,8,0.8,input_at,1,8,0.22394460439682007,0,0.017256373539566994,0.2794831395149231,6.251870632171631,0.554826557636261,2.6195523738861084,0.0,0.0
80,10,8,0.8,input_at,1,9,1.1772980690002441,1,0.4462038576602936,0.28753966093063354,5.656887531280518,0.11985290050506592,0.46624088287353516,0.0,0.0
80,10,8,0.8,input_at,1,10,1.4754983186721802,1,0.44751647114753723,0.4162804186344147,4.297117710113525,0.15528810024261475,0.6298514604568481,0.0,0.0
80,10,8,0.8,input_at,1,11,1.4755403995513916,1,0.4782089293003082,0.4035165011882782,4.359990119934082,0.1467965990304947,0.5714504718780518,0.0,0.0
80,10,8,0.8,input_at,1,12,1.4784197807312012,1,0.48042380809783936,0.40437445044517517,4.362794399261475,0.14803087711334229,0.606561541557312,0.0,0.0
80,10,8,0.8,input_at,1,13,1.4698035717010498,1,0.4454767107963562,0.41740021109580994,4.285011291503906,0.15063901245594025,0.5975753664970398,0.0,0.0
80,10,8,0.8,input_at,1,14,0.3584538996219635,1,0.02736605331301689,0.27664288878440857,6.110025882720947,0.3604768216609955,1.6763478517532349,0.0,0.0
80,10,8,0.8,input_at,1,15,1.2515208721160889,1,0.4118049442768097,0.3334517776966095,5.176178455352783,0.14619401097297668,0.5819105505943298,0.0,0.0
80,10,8,0.8,input_at,1,16,0.49769675731658936,1,0.05008804053068161,0.28128671646118164,6.243505477905273,0.269541472196579,1.2471871376037598,0.0,0.0
80,10,8,0.8,input_at,1,17,0.6685847043991089,1,0.09255923330783844,0.29814666509628296,6.033105850219727,0.20748792588710785,0.9032853841781616,0.0,0.0
80,10,8,0.8,input_at,1,18,0.3511822521686554,1,0.024912916123867035,0.2858514189720154,6.136839389801025,0.37409770488739014,1.7609319686889648,0.0,0.0
80,10,8,0.8,input_at,1,19,0.6045127511024475,1,0.0693276897072792,0.28749653697013855,6.193851947784424,0.22718273103237152,1.0363354682922363,0.0,0.0
80,10,8,0.8,input_at,1,20,0.1801994889974594,0,0.006229481194168329,0.2758585810661316,6.263622283935547,0.7421013116836548,3.9172871112823486,0.0,0.0
80,10,8,0.8,input_at,1,21,0.2672245502471924,0,0.016022922471165657,0.2816941440105438,6.1507697105407715,0.5259298086166382,2.6422324180603027,0.0,0.0
80,10,8,0.8,input_at,1,22,0.15992331504821777,0,0.004448618274182081,0.27898454666137695,6.236748218536377,0.8621112108230591,4.779514789581299,0.0,0.0
80,10,8,0.8,input_at,1,23,0.04209406301379204,0,0.0003163592191413045,0.2759646773338318,6.207015037536621,3.075960397720337,17.710002899169922,0.0,0.0
80,10,8,0.8,input_at,1,24,0.27144116163253784,0,0.011567887850105762,0.2704196572303772,6.339390754699707,0.5717488527297974,3.042780637741089,0.0,0.0
80,10,8,0.8,input_at,1,25,0.22277167439460754,0,0.014302638359367847,0.27025464177131653,6.336693286895752,0.7951456308364868,3.7925143241882324,0.0,0.0
80,10,8,0.8,input_at,1,26,0.04744201898574829,0,0.00037155119935050607,0.2732417583465576,6.288499355316162,3.1400415897369385,18.513315200805664,0.0,0.0
80,10,8,0.8,input_at,1,27,0.18008503317832947,0,0.005336792208254337,0.29096242785453796,6.025981903076172,0.8309105038642883,4.5658183097839355,0.0,0.0
80,10,8,0.8,input_at,1,28,0.09318960458040237,0,0.0013260706327855587,0.2743900418281555,6.333826541900635,1.9201444387435913,12.367012023925781,0.0,0.0
80,10,8,0.8,input_at,1,29,0.11683887988328934,0,0.0025508117396384478,0.26714783906936646,6.304244518280029,1.2039694786071777,6.575907230377197,0.0,0.0
80,10,8,0.8,input_at,1,30,0.08408064395189285,0,0.0010637931991368532,0.276568204164505,6.279570579528809,2.758894920349121,18.816009521484375,0.0,0.0
80,10,8,0.8,input_at,1,31,0.2220579981803894,0,0.007497463840991259,0.2839292883872986,6.1732892990112305,1.09242844581604,6.701686382293701,0.0,0.0
80,10,8,0.8,input_at,1,32,0.08491337299346924,0,0.0010985851986333728,0.268877238035202,6.316270351409912,2.4355762004852295,16.714733123779297,0.0,0.0
80,10,8,0.8,input_at,1,33,0.1370352804660797,0,0.002829501871019602,0.27165281772613525,6.321012020111084,1.711527705192566,11.824928283691406,0.0,0.0
80,10,8,0.8,input_at,1,34,0.06621862947940826,0,0.0006515107816085219,0.271958589553833,6.206235408782959,3.056732177734375,19.3696346282959,0.0,0.0
80,10,8,0.8,input_at,1,35,0.26210328936576843,0,0.010617039166390896,0.27594324946403503,6.206230640411377,1.0219734907150269,6.544314861297607,0.0,0.0
80,10,8,0.8,input_at,1,36,0.11270899325609207,0,0.0019350065849721432,0.2764225900173187,6.199865818023682,2.1212515830993652,14.697489738464355,0.0,0.0
80,10,8,0.8,input_at,1,37,0.024749968200922012,0,0.00012216730101499707,0.272673636674881,6.221573829650879,13.197447776794434,28.84558868408203,0.0,1.0
80,10,8,0.8,input_at,1,38,0.10378114134073257,0,0.0016500939382240176,0.28227943181991577,6.192785263061523,2.359135627746582,15.885393142700195,0.0,0.0
80,10,8,0.8,input_at,1,39,0.3410552144050598,1,0.01836179569363594,0.2735295593738556,6.240325450897217,13.214792251586914,4.516485691070557,0.0,0.0
80,10,8,0.8,input_at,1,40,0.23780855536460876,0,0.008722972124814987,0.2811121642589569,6.154189109802246,1.1718322038650513,7.875221252441406,0.0,0.0
80,10,8,0.8,input_at,1,41,0.1502254754304886,0,0.0034472865518182516,0.26745644211769104,6.361181259155273,1.700622320175171,12.29271411895752,0.0,0.0
80,10,8,0.8,input_at,1,42,0.014715478755533695,0,4.213169086142443e-05,0.2794491648674011,6.159115791320801,9.187402725219727,29.292638778686523,0.0,1.0
80,10,8,0.8,input_at,1,43,0.09262587875127792,0,0.0013108366401866078,0.271461546421051,6.284386157989502,2.742548942565918,18.554248809814453,0.0,0.0
80,10,8,0.8,input_at,1,44,0.1173367127776146,0,0.0021192478016018867,0.2736124098300934,6.206169605255127,2.544788360595703,17.701223373413086,0.0,0.0
80,10,8,0.8,input_at,1,45,0.025763612240552902,0,0.0001224871230078861,0.26581019163131714,6.312457084655762,15.027765274047852,28.795978546142578,0.0,1.0
80,10,8,0.8,input_at,1,46,0.7425552010536194,1,0.0858016163110733,0.3170374035835266,5.6247711181640625,0.4264465570449829,2.0993683338165283,0.0,0.0
80,10,8,0.8,input_at,1,47,0.05597466602921486,0,0.0005247968947514892,0.27349671721458435,6.274056911468506,28.776960372924805,23.080913543701172,1.0,0.0
80,10,8,0.8,input_at,1,48,0.17461355030536652,0,0.004680179059505463,0.2754085063934326,6.254138946533203,1.6335341930389404,11.509183883666992,0.0,0.0
80,10,8,0.8,input_at,1,49,0.20235133171081543,0,0.006327189039438963,0.2767130434513092,6.2056474685668945,1.3738993406295776,9.274162292480469,0.0,0.0
80,10,8,0.8,input_at,1,50,0.22071334719657898,0,0.007706973236054182,0.2782459855079651,6.214665412902832,22.87747573852539,6.737112998962402,0.0,0.0
80,10,8,0.8,input_at,1,51,0.15435487031936646,0,0.0036594076082110405,0.290921688079834,6.082981586456299,1.8542664051055908,13.623537063598633,0.0,0.0
80,10,8,0.8,input_at,1,52,0.24253882467746735,0,0.009082073345780373,0.2708394229412079,6.3317790031433105,1.1791348457336426,7.885226249694824,0.0,0.0
80,10,8,0.8,input_at,1,53,0.195485919713974,0,0.0058770072646439075,0.28189384937286377,6.119284629821777,1.4022492170333862,9.368553161621094,0.0,0.0
80,10,8,0.8,input_at,1,54,0.11671634018421173,0,0.0020934417843818665,0.27693507075309753,6.232148170471191,2.2961246967315674,15.899057388305664,0.0,0.0
80,10,8,0.8,input_at,1,55,0.3387010097503662,1,0.017770299687981606,0.2769644260406494,6.21492338180542,0.832032322883606,4.8133649826049805,0.0,0.0
80,10,8,0.8,input_at,1,56,0.3169728219509125,1,0.015579378232359886,0.2858043611049652,6.136765956878662,0.8971073627471924,5.426535606384277,0.0,0.0
80,10,8,0.8,input_at,1,57,0.561791181564331,1,0.04911387711763382,0.2858540713787079,6.097793102264404,0.5424838662147522,2.839290142059326,0.0,0.0
80,10,8,0.8,input_at,1,58,0.31836339831352234,1,0.015780983492732048,0.29019150137901306,6.079705238342285,0.8940752744674683,5.3069353103637695,0.0,0.0
80,10,8,0.8,input_at,1,59,0.6263039708137512,1,0.061088770627975464,0.307548463344574,5.838637828826904,0.4845193028450012,2.5153486728668213,0.0,0.0
80,10,8,0.8,input_at,1,60,0.029646284878253937,0,0.00016505947860423476,0.2758866846561432,6.160289764404297,16.18781852722168,29.07273292541504,0.0,1.0
80,10,8,0.8,input_at,1,61,0.3664397597312927,1,0.021079765632748604,0.2846401035785675,6.123726844787598,0.9070714116096497,4.064330577850342,0.0,0.0
80,10,8,0.8,input_at,1,62,0.09864930808544159,0,0.0014889813028275967,0.26769545674324036,6.31151819229126,2.8539230823516846,19.196043014526367,0.0,0.0
80,10,8,0.8,input_at,1,63,0.1998617947101593,0,0.006153378169983625,0.27681562304496765,6.264851093292236,1.4520889520645142,10.33003044128418,0.0,0.0
80,10,8,0.8,input_at,1,64,0.18833795189857483,0,0.005456157494336367,0.2762089669704437,6.149381160736084,1.4653733968734741,10.109002113342285,0.0,0.0
80,10,8,0.8,input_at,1,65,0.3222797214984894,1,0.016112113371491432,0.2966490387916565,5.91460657119751,0.8752583861351013,5.302321910858154,0.0,0.0
80,10,8,0.8,input_at,1,66,0.021711960434913635,0,7.249637565109879e-05,0.26445484161376953,6.378167152404785,12.502272605895996,28.19387435913086,0.0,1.0
80,10,8,0.8,input_at,1,67,0.2680553197860718,0,0.011141190305352211,0.28516197204589844,6.1116743087768555,1.0448153018951416,6.770833969116211,0.0,0.0
80,10,8,0.8,input_at,1,68,0.7711610198020935,1,0.09267739206552505,0.32587602734565735,5.576370716094971,0.4059651494026184,2.031254291534424,0.0,0.0
80,10,8,0.8,input_at,1,69,0.33024322986602783,1,0.016912352293729782,0.27538228034973145,6.1791672706604,0.8554970622062683,5.00805139541626,0.0,0.0
80,10,8,0.8,input_at,1,70,0.1884726732969284,0,0.005630828905850649,0.278779536485672,6.253157615661621,19.225679397583008,7.800833702087402,0.0,0.0
80,10,8,0.8,input_at,1,71,0.07741670310497284,0,0.0009212170843966305,0.2714380621910095,6.318324565887451,3.7855019569396973,24.40180015563965,0.0,0.0
80,10,8,0.8,input_at,1,72,0.28706270456314087,0,0.012798468582332134,0.2628864347934723,6.336490631103516,1.018571138381958,6.569694995880127,0.0,0.0
80,10,8,0.8,input_at,1,73,0.7328685522079468,1,0.08436308056116104,0.31764814257621765,5.642023086547852,0.43108272552490234,1.9979937076568604,0.0,0.0
80,10,8,0.8,input_at,1,74,0.5096442699432373,1,0.04093336686491966,0.2939080595970154,5.979188919067383,0.6065079569816589,2.998995304107666,0.0,0.0
80,10,8,0.8,input_at,1,75,0.10028589516878128,0,0.00163809594232589,0.2615583539009094,6.397540092468262,28.754398345947266,13.672924041748047,1.0,0.0
80,10,8,0.8,input_at,1,76,0.3179982602596283,1,0.015987640246748924,0.2841528058052063,6.11718225479126,6.91562032699585,4.720831871032715,0.0,0.0
80,10,8,0.8,input_at,1,77,0.23254624009132385,0,0.008547252975404263,0.2731293737888336,6.274926662445068,20.44715690612793,6.204847812652588,0.0,0.0
80,10,8,0.8,input_at,1,78,0.1475621610879898,0,0.003368593519553542,0.27081283926963806,6.255842685699463,1.9352532625198364,13.63044261932373,0.0,0.0
80,10,8,0.8,input_at,1,79,0.12843924760818481,0,0.0026435009203851223,0.27706247568130493,6.268685817718506,28.225238800048828,11.206217765808105,1.0,0.0
80,10,8,0.8,input_at,2,0,2.4658467769622803,1,0.8145812153816223,0.5264016389846802,3.0576140880584717,0.20224140584468842,0.8253705501556396,0.0,0.0
80,10,8,0.8,input_at,2,1,1.2574373483657837,1,0.4702981412410736,0.29638803005218506,5.484106540679932,0.10627777874469757,0.41819146275520325,0.0,0.0
80,10,8,0.8,input_at,2,2,1.4733814001083374,1,0.49172720313072205,0.3384212851524353,5.005316734313965,0.12406935542821884,0.5070393681526184,0.0,0.0
80,10,8,0.8,input_at,2,3,1.4210214614868164,1,0.333804726600647,0.344299852848053,4.835884094238281,0.09460680186748505,0.3760016858577728,0.0,0.0
80,10,8,0.8,input_at,2,4,1.9068176746368408,1,0.6044221520423889,0.41701453924179077,4.1052117347717285,0.16554348170757294,0.6652755737304688,0.0,0.0
80,10,8,0.8,input_at,2,5,1.3723379373550415,1,0.39652395248413086,0.29462265968322754,5.15671968460083,0.10851431638002396,0.4313572943210602,0.0,0.0
80,10,8,0.8,input_at,2,6,0.853306770324707,1,0.12115465104579926,0.32114896178245544,5.254480361938477,0.2277318686246872,0.9073123931884766,0.0,0.0
80,10,8,0.8,input_at,2,7,0.33164694905281067,1,0.010758999735116959,0.33008673787117004,5.131130218505859,1.3690563440322876,4.729280471801758,0.0,0.0
80,10,8,0.8,input_at,2,8,0.41020673513412476,1,0.024422429502010345,0.32542991638183594,5.201682090759277,0.6985357999801636,2.941457509994507,0.0,0.0
80,10,8,0.8,input_at,2,9,0.41187942028045654,1,0.01613103598356247,0.34266018867492676,5.018144130706787,2.2273848056793213,4.695461750030518,0.0,0.0
80,10,8,0.8,input_at,2,10,0.6285092830657959,1,0.044479090720415115,0.3307527005672455,5.112521648406982,0.3789045512676239,1.6130867004394531,0.0,0.0
80,10,8,0.8,input_at,2,11,0.37448224425315857,1,0.012985710054636002,0.335080087184906,5.072288513183594,11.960917472839355,6.298951148986816,0.0,0.0
80,10,8,0.8,input_at,2,12,0.06061425432562828,0,0.0009113939595408738,0.33359259366989136,5.123961448669434,6.842936038970947,25.227476119995117,0.0,0.0
80,10,8,0.8,input_at,2,13,0.33619362115859985,1,0.009426842443645,0.34068790078163147,5.0684404373168945,40.960975646972656,7.174760341644287,1.0,0.0
80,10,8,0.8,input_at,2,14,0.15593025088310242,0,0.002407375955954194,0.3420003056526184,5.022393703460693,40.403541564941406,26.987049102783203,1.0,0.0
80,10,8,0.8,input_at,2,15,0.40748509764671326,1,0.013681197538971901,0.3453073501586914,4.962348937988281,15.954995155334473,7.736292362213135,0.0,0.0
80,10,8,0.8,input_at,2,16,0.24249814450740814,0,0.010475622490048409,0.30733969807624817,5.360793590545654,3.2060041427612305,13.006935119628906,0.0,0.0
80,10,8,0.8,input_at,2,17,0.18275010585784912,0,0.005264465231448412,0.32956868410110474,5.150457859039307,11.169690132141113,27.227962493896484,0.0,0.0
80,10,8,0.8,input_at,2,18,0.32827338576316833,1,0.020556604489684105,0.32198601961135864,5.227774143218994,2.674748659133911,9.027298927307129,0.0,0.0
80,10,8,0.8,input_at,2,19,0.06719845533370972,0,0.0005249605746939778,0.3236457407474518,5.2596211433410645,21.127466201782227,38.81922149658203,0.0,1.0
80,10,8,0.8,input_at,2,20,0.22754888236522675,0,0.006252809427678585,0.32781773805618286,5.1713738441467285,38.97831344604492,12.578282356262207,1.0,0.0
80,10,8,0.8,input_at,2,21,0.9020606875419617,1,0.06530806422233582,0.3733355402946472,4.661269187927246,16.464296340942383,3.177716016769409,0.0,0.0
80,10,8,0.8,input_at,2,22,0.4511350691318512,1,0.019043801352381706,0.3274407982826233,5.11341667175293,10.04660701751709,4.755618572235107,0.0,0.0
80,10,8,0.8,input_at,2,23,0.3776490390300751,1,0.02421126514673233,0.32159706950187683,5.2170305252075195,9.917277336120605,6.328507900238037,0.0,0.0
80,10,8,0.8,input_at,2,24,0.3496023714542389,1,0.01251181960105896,0.32262134552001953,5.260613918304443,39.89727783203125,10.248905181884766,1.0,0.0
80,10,8,0.8,input_at,2,25,0.291353315114975,0,0.017536168918013573,0.3153320550918579,5.283100128173828,35.015716552734375,13.71178150177002,0.0,0.0
80,10,8,0.8,input_at,2,26,0.5866201519966125,1,0.044165659695863724,0.32608091831207275,5.181538105010986,41.93091583251953,7.771982192993164,1.0,0.0
80,10,8,0.8,input_at,2,27,0.5074985027313232,1,0.04290932044386864,0.33140602707862854,5.110892295837402,6.599099159240723,6.71681022644043,0.0,0.0
80,10,8,0.8,input_at,2,28,0.775338888168335,1,0.06272759288549423,0.3423343002796173,5.0246357917785645,2.6380603313446045,4.291513442993164,0.0,0.0
80,10,8,0.8,input_at,2,29,0.3006168007850647,1,0.014863109216094017,0.3110733926296234,5.3416595458984375,6.741790294647217,9.324304580688477,0.0,0.0
80,10,8,0.8,input_at,2,30,0.2716216742992401,0,0.012557541020214558,0.331697940826416,5.180267810821533,20.50920295715332,10.762941360473633,0.0,0.0
80,10,8,0.8,input_at,2,31,0.4226992428302765,1,0.0315144881606102,0.3201451599597931,5.2234272956848145,15.520428657531738,6.320563793182373,0.0,0.0
80,10,8,0.8,input_at,2,32,0.318422794342041,1,0.012041933834552765,0.33613163232803345,5.121529579162598,8.497245788574219,9.47957706451416,0.0,0.0
80,10,8,0.8,input_at,2,33,0.33499354124069214,1,0.016981109976768494,0.3200399577617645,5.242550849914551,40.98674392700195,19.54977035522461,1.0,0.0
80,10,8,0.8,input_at,2,34,0.233260378241539,0,0.005547921173274517,0.33832648396492004,5.101725101470947,38.170021057128906,11.651376724243164,1.0,0.0
80,10,8,0.8,input_at,2,35,0.21801602840423584,0,0.007938466034829617,0.32895025610923767,5.102258205413818,39.37828063964844,11.74074935913086,1.0,0.0
80,10,8,0.8,input_at,2,36,0.17668522894382477,0,0.005530351772904396,0.3215687870979309,5.251852989196777,16.74372673034668,13.686074256896973,0.0,0.0
80,10,8,0.8,input_at,2,37,0.10539501905441284,0,0.0015544620109722018,0.3227178752422333,5.286769866943359,19.862125396728516,10.442541122436523,0.0,0.0
80,10,8,0.8,input_at,2,38,1.0370651483535767,1,0.09267069399356842,0.381624698638916,4.6170783042907715,42.982566833496094,6.349178314208984,1.0,0.0
80,10,8,0.8,input_at,2,39,0.32513418793678284,1,0.010726743377745152,0.33931809663772583,5.0750579833984375,6.961788177490234,4.743982791900635,0.0,0.0
80,10,8,0.8,input_at,2,40,1.2300223112106323,1,0.12863591313362122,0.38570770621299744,4.428533554077148,3.7206945419311523,2.88942289352417,0.0,0.0
80,10,8,0.8,input_at,2,41,0.48893973231315613,1,0.06326133012771606,0.3215275704860687,5.281098365783691,42.382850646972656,10.034371376037598,1.0,0.0
80,10,8,0.8,input_at,2,42,0.7968897223472595,1,0.09693528711795807,0.31847184896469116,5.255239009857178,1.4688769578933716,4.550278663635254,0.0,0.0
80,10,8,0.8,input_at,2,43,0.5385876893997192,1,0.05497920513153076,0.3245620131492615,5.172677040100098,41.459041595458984,6.834286212921143,1.0,0.0
80,10,8,0.8,input_at,2,44,1.1189308166503906,1,0.09886271506547928,0.401899516582489,4.366275787353516,45.6666145324707,8.444908142089844,1.0,0.0
80,10,8,0.8,input_at,2,45,0.7317480444908142,1,0.04252881184220314,0.3667198717594147,4.79209041595459,2.1293044090270996,4.085968494415283,0.0,0.0
80,10,8,0.8,input_at,2,46,0.3679356873035431,1,0.025780845433473587,0.3335493803024292,5.137340545654297,7.447036266326904,4.013390064239502,0.0,0.0
80,10,8,0.8,input_at,2,47,0.723603367805481,1,0.08258526772260666,0.3304585814476013,5.168909072875977,1.300757884979248,6.139719009399414,0.0,0.0
80,10,8,0.8,input_at,2,48,0.7015403509140015,1,0.03877471759915352,0.34191370010375977,5.014063835144043,41.46595764160156,11.604177474975586,1.0,0.0
80,10,8,0.8,input_at,2,49,0.1688355952501297,0,0.0038444208912551403,0.3422090709209442,5.021962642669678,2.406693458557129,8.402271270751953,0.0,0.0
80,10,8,0.8,input_at,2,50,0.4290459454059601,1,0.03733989968895912,0.3402225375175476,5.066997051239014,39.2215576171875,7.89154052734375,1.0,0.0
80,10,8,0.8,input_at,2,51,0.9226465821266174,1,0.09063645452260971,0.3503529727458954,4.8013834953308105,1.3199396133422852,4.095120906829834,0.0,0.0
80,10,8,0.8,input_at,2,52,0.5529859066009521,1,0.02438034676015377,0.34986943006515503,4.94633150100708,0.8548229336738586,3.302665948867798,0.0,0.0
80,10,8,0.8,input_at,2,53,0.3968067765235901,1,0.01953178457915783,0.3414492905139923,5.0460638999938965,7.15576696395874,16.103185653686523,0.0,0.0
80,10,8,0.8,input_at,2,54,0.548637330532074,1,0.02697502076625824,0.3312142789363861,5.123592376708984,40.838356018066406,4.496090888977051,1.0,0.0
80,10,8,0.8,input_at,2,55,0.5093376040458679,1,0.029903126880526543,0.3359825611114502,5.107220649719238,1.7591713666915894,5.395323276519775,0.0,0.0
80,10,8,0.8,input_at,2,56,0.7612634897232056,1,0.053722091019153595,0.3465152680873871,4.8837995529174805,0.9012464284896851,2.9267945289611816,0.0,0.0
80,10,8,0.8,input_at,2,57,0.261921763420105,0,0.018780728802084923,0.3318088948726654,5.193235874176025,19.09520149230957,9.937503814697266,0.0,0.0
80,10,8,0.8,input_at,2,58,0.7392105460166931,1,0.045864276587963104,0.3579401969909668,4.772797107696533,42.078704833984375,16.710487365722656,1.0,0.0
80,10,8,0.8,input_at,2,59,0.8355879783630371,1,0.0562112033367157,0.3556860685348511,4.836680889129639,2.733766794204712,2.934701681137085,0.0,0.0
80,10,8,0.8,input_at,2,60,0.3110714554786682,1,0.016254184767603874,0.31751206517219543,5.213557243347168,39.74544906616211,13.207201957702637,1.0,0.0
80,10,8,0.8,input_at,2,61,0.4038730263710022,1,0.03092539869248867,0.3204681873321533,5.2967705726623535,39.461212158203125,6.674618244171143,1.0,0.0
80,10,8,0.8,input_at,2,62,0.5636994242668152,1,0.0265989787876606,0.3526722192764282,4.94731330871582,42.559104919433594,4.769747734069824,1.0,0.0
80,10,8,0.8,input_at,2,63,1.0650633573532104,1,0.1003667488694191,0.3828434646129608,4.620847225189209,43.96795654296875,11.290708541870117,1.0,0.0
80,10,8,0.8,input_at,2,64,0.21828806400299072,0,0.004518791101872921,0.3325977325439453,5.126741409301758,40.033782958984375,13.325297355651855,1.0,0.0
80,10,8,0.8,input_at,2,65,0.4824616014957428,1,0.024242306128144264,0.3360132575035095,5.1365742683410645,39.66157913208008,5.280226707458496,1.0,0.0
80,10,8,0.8,input_at,2,66,0.706404983997345,1,0.05969267338514328,0.3439252972602844,5.04123592376709,41.05207443237305,4.634536266326904,1.0,0.0
80,10,8,0.8,input_at,2,67,0.6093756556510925,1,0.029648058116436005,0.3572622239589691,4.88358736038208,13.36064338684082,4.679976463317871,0.0,0.0
80,10,8,0.8,input_at,2,68,0.7725950479507446,1,0.08259741216897964,0.30641981959342957,5.2232465744018555,39.633148193359375,3.7350618839263916,1.0,0.0
80,10,8,0.8,input_at,2,69,0.7030189633369446,1,0.05487971007823944,0.34322741627693176,4.984580039978027,27.429067611694336,5.505505561828613,0.0,0.0
80,10,8,0.8,input_at,2,70,0.38564276695251465,1,0.014891043305397034,0.3380908966064453,5.005115509033203,24.154935836791992,6.471432685852051,0.0,0.0
80,10,8,0.8,input_at,2,71,0.657379150390625,1,0.044925060123205185,0.3433381915092468,4.9666571617126465,9.019074440002441,5.356945514678955,0.0,0.0
80,10,8,0.8,input_at,2,72,0.6326465010643005,1,0.037281397730112076,0.33488741517066956,5.0713791847229,7.499967098236084,5.004091262817383,0.0,0.0
80,10,8,0.8,input_at,2,73,0.35418030619621277,1,0.011810371652245522,0.324273943901062,5.190728664398193,1.8532614707946777,5.509908676147461,0.0,0.0
80,10,8,0.8,input_at,2,74,1.0780271291732788,1,0.11265287548303604,0.3785560131072998,4.636314868927002,42.30901336669922,3.3132576942443848,1.0,0.0
80,10,8,0.8,input_at,2,75,0.5454162359237671,1,0.03109101764857769,0.33324602246284485,5.1147565841674805,11.616947174072266,5.182055473327637,0.0,0.0
80,10,8,0.8,input_at,2,76,0.7661530375480652,1,0.04770646616816521,0.37170523405075073,4.669830322265625,3.383218765258789,3.8733508586883545,0.0,0.0
80,10,8,0.8,input_at,2,77,0.5243461728096008,1,0.03278713673353195,0.3361051678657532,5.12772798538208,1.1772416830062866,4.455248832702637,0.0,0.0
80,10,8,0.8,input_at,2,78,0.4445111155509949,1,0.029354913160204887,0.3235343396663666,5.132322311401367,3.240194797515869,6.974620342254639,0.0,0.0
80,10,8,0.8,input_at,2,79,0.9217816591262817,1,0.11640879511833191,0.3027920424938202,5.122060775756836,0.6655941009521484,2.6782939434051514,0.0,0.0
80,10,8,0.8,input_at,3,0,1.2230311632156372,1,0.8382285237312317,0.28725215792655945,5.581777095794678,0.12020909041166306,0.4751686155796051,0.0,0.0
80,10,8,0.8,input_at,3,1,1.1087350845336914,1,0.407418429851532,0.35523954033851624,5.176220417022705,0.09269934147596359,0.3662710189819336,0.0,0.0
80,10,8,0.8,input_at,3,2,1.1978440284729004,1,0.5490926504135132,0.3038732707500458,5.457268238067627,0.09956099092960358,0.3966899812221527,0.0,0.0
80,10,8,0.8,input_at,3,3,1.5563453435897827,1,0.9053142666816711,0.35515111684799194,4.623318195343018,0.15266858041286469,0.5997883677482605,0.0,0.0
80,10,8,0.8,input_at,3,4,1.2458019256591797,1,0.8533070683479309,0.276877760887146,5.570933818817139,0.11879661679267883,0.47500893473625183,0.0,0.0
80,10,8,0.8,input_at,3,5,1.0071228742599487,1,0.5976643562316895,0.301515132188797,5.726949214935303,0.08684480935335159,0.347009539604187,0.0,0.0
80,10,8,0.8,input_at,3,6,1.3796164989471436,1,0.8584368824958801,0.3394128382205963,4.95429801940918,0.13246817886829376,0.524054229259491,0.0,0.0
80,10,8,0.8,input_at,3,7,1.363439917564392,1,0.4323728680610657,0.35650572180747986,4.5702805519104,0.14017103612422943,0.567901611328125,0.0,0.0
80,10,8,0.8,input_at,3,8,0.32883477210998535,1,0.03262665495276451,0.3294949233531952,5.4093337059021,0.7369980812072754,3.646365165710449,0.0,0.0
80,10,8,0.8,input_at,3,9,1.3541826009750366,1,0.34564292430877686,0.39071595668792725,4.270346641540527,0.2583862841129303,0.9127708077430725,0.0,0.0
80,10,8,0.8,input_at,3,10,0.1626679003238678,0,0.015999196097254753,0.3298620283603668,5.446826934814453,1.3153839111328125,7.820977687835693,0.0,0.0
80,10,8,0.8,input_at,3,11,0.19229687750339508,0,0.015616415068507195,0.34805986285209656,5.167766571044922,0.9366743564605713,5.860556602478027,0.0,0.0
80,10,8,0.8,input_at,3,12,1.340049147605896,1,0.426844984292984,0.36185288429260254,4.5761189460754395,0.13597024977207184,0.5575625896453857,0.0,0.0
80,10,8,0.8,input_at,3,13,0.2238188236951828,0,0.009877818636596203,0.33132630586624146,5.310081958770752,3.2195961475372314,8.430710792541504,0.0,0.0
80,10,8,0.8,input_at,3,14,0.22067460417747498,0,0.009009366855025291,0.3396899700164795,5.256500244140625,1.400276780128479,6.148332595825195,0.0,0.0
80,10,8,0.8,input_at,3,15,0.263746440410614,0,0.012548675760626793,0.32181012630462646,5.450318336486816,1.2227705717086792,5.412654399871826,0.0,0.0
80,10,8,0.8,input_at,3,16,0.17608310282230377,0,0.005070931278169155,0.3481864035129547,5.243865489959717,2.0127642154693604,9.677833557128906,0.0,0.0
80,10,8,0.8,input_at,3,17,0.4442661702632904,1,0.034485749900341034,0.32342591881752014,5.292634010314941,0.6784656047821045,2.9335763454437256,0.0,0.0
80,10,8,0.8,input_at,3,18,1.5400514602661133,1,0.40697145462036133,0.45448118448257446,3.7203190326690674,0.2560882866382599,0.9481117129325867,0.0,0.0
80,10,8,0.8,input_at,3,19,0.2503158450126648,0,0.009682821109890938,0.3312861919403076,5.319494724273682,23.450679779052734,12.137943267822266,1.0,0.0
80,10,8,0.8,input_at,3,20,0.6549109816551208,1,0.048268672078847885,0.3914048969745636,4.667622089385986,11.418856620788574,3.2579469680786133,0.0,0.0
80,10,8,0.8,input_at,3,21,0.2846483588218689,0,0.008949678391218185,0.34832701086997986,5.229909896850586,1.5712836980819702,6.058915138244629,0.0,0.0
80,10,8,0.8,input_at,3,22,1.8898829221725464,1,0.39468297362327576,0.5947747230529785,2.627204418182373,0.28507673740386963,1.029585599899292,0.0,0.0
80,10,8,0.8,input_at,3,23,0.4544296860694885,1,0.023652926087379456,0.345535010099411,5.1599836349487305,1.1339173316955566,5.418673515319824,0.0,0.0
80,10,8,0.8,input_at,3,24,0.12717026472091675,0,0.002824225928634405,0.3393462300300598,5.303099632263184,2.3802881240844727,9.518036842346191,0.0,0.0
80,10,8,0.8,input_at,3,25,1.582895278930664,1,0.2770257890224457,0.5444450378417969,3.0269393920898438,0.32914847135543823,1.208747386932373,0.0,0.0
80,10,8,0.8,input_at,3,26,1.0498583316802979,1,0.123659648001194,0.4524677097797394,3.9138364791870117,0.45838505029678345,1.7336732149124146,0.0,0.0
80,10,8,0.8,input_at,3,27,0.04148324951529503,0,0.00023904218687675893,0.33622321486473083,5.248414516448975,22.918739318847656,22.918739318847656,1.0,1.0
80,10,8,0.8,input_at,3,28,0.048214610666036606,0,0.0003561828634701669,0.3309810161590576,5.343944072723389,6.150286674499512,23.54490852355957,0.0,0.5
80,10,8,0.8,input_at,3,29,0.04322265833616257,0,0.0003367310273461044,0.3428625762462616,5.287765026092529,23.221363067626953,23.221363067626953,1.0,1.0
80,10,8,0.8,input_at,3,30,0.4033006429672241,1,0.020041361451148987,0.37086978554725647,4.941956520080566,0.8986353278160095,3.5800516605377197,0.0,0.0
80,10,8,0.8,input_at,3,31,0.07939404994249344,0,0.0011252339463680983,0.34175753593444824,5.279292583465576,3.752290725708008,15.428022384643555,0.0,0.0
80,10,8,0.8,input_at,3,32,0.10330846905708313,0,0.0012961081229150295,0.3546915054321289,5.0996246337890625,3.777081251144409,13.7160005569458,0.0,0.0
80,10,8,0.8,input_at,3,33,0.04299117252230644,0,0.00022621030802838504,0.3430108428001404,5.2180986404418945,22.701343536376953,22.701343536376953,1.0,1.0
80,10,8,0.8,input_at,3,34,0.018414106220006943,0,5.0055492465617135e-05,0.3325991630554199,5.356689929962158,23.336009979248047,23.336009979248047,1.0,1.0
80,10,8,0.8,input_at,3,35,0.05001843720674515,0,0.0002822130045387894,0.34097814559936523,5.222127437591553,23.289470672607422,23.289470672607422,1.0,1.0
80,10,8,0.8,input_at,3,36,0.19413091242313385,0,0.0050411531701684,0.3326151967048645,5.362948894500732,23.109914779663086,18.65375518798828,1.0,0.0
80,10,8,0.8,input_at,3,37,0.12690763175487518,0,0.0020302021875977516,0.33592793345451355,5.360697269439697,2.7197062969207764,10.182056427001953,0.0,0.0
80,10,8,0.8,input_at,3,38,0.0523548498749733,0,0.0003223076637368649,0.32281628251075745,5.412540912628174,7.0505852699279785,22.94224739074707,0.0,1.0
80,10,8,0.8,input_at,3,39,0.016320107504725456,0,3.6869671021122485e-05,0.33377429842948914,5.3284831047058105,23.570327758789062,23.570327758789062,1.0,1.0
80,10,8,0.8,input_at,3,40,0.0324459932744503,0,0.00012527561921160668,0.33721572160720825,5.3011674880981445,11.712867736816406,23.518234252929688,0.0,1.0
80,10,8,0.8,input_at,3,41,0.052069567143917084,0,0.0003088817175012082,0.3381236493587494,5.339921951293945,7.471237659454346,23.074573516845703,0.0,1.0
80,10,8,0.8,input_at,3,42,0.13147802650928497,0,0.001966745825484395,0.3283160328865051,5.513646602630615,3.1371095180511475,11.649999618530273,0.0,0.0
80,10,8,0.8,input_at,3,43,0.03431873396039009,0,0.0001360942260362208,0.34076571464538574,5.297973155975342,11.707736015319824,23.19214630126953,0.0,1.0
80,10,8,0.8,input_at,3,44,0.01173928938806057,0,1.6364681869163178e-05,0.342568576335907,5.345881462097168,23.68356704711914,23.68356704711914,1.0,1.0
80,10,8,0.8,input_at,3,45,0.1022065058350563,0,0.00140130624640733,0.3447323441505432,5.226808071136475,22.800817489624023,22.800817489624023,1.0,1.0
80,10,8,0.8,input_at,3,46,0.06796520203351974,0,0.0005504447035491467,0.3277931213378906,5.533981800079346,5.432960510253906,19.576906204223633,0.0,0.0
80,10,8,0.8,input_at,3,47,0.02610577642917633,0,0.00011113790969830006,0.33569997549057007,5.36801815032959,13.764677047729492,23.57534408569336,0.0,1.0
80,10,8,0.8,input_at,3,48,0.20321401953697205,0,0.00493311882019043,0.33096688985824585,5.447465896606445,1.8316154479980469,6.81049108505249,0.0,0.0
80,10,8,0.8,input_at,3,49,0.2825670540332794,0,0.009720467031002045,0.3400755822658539,5.364447116851807,1.2938454151153564,5.072155952453613,0.0,0.0
80,10,8,0.8,input_at,3,50,0.0929022952914238,0,0.001137079088948667,0.34495627880096436,5.26595401763916,23.418903350830078,23.418903350830078,1.0,1.0
80,10,8,0.8,input_at,3,51,0.02025429718196392,0,5.484884241013788e-05,0.3313215970993042,5.307960033416748,23.599048614501953,23.599048614501953,1.0,1.0
80,10,8,0.8,input_at,3,52,0.03339634835720062,0,0.00013935347669757903,0.3215446472167969,5.467025279998779,23.514253616333008,23.514253616333008,1.0,1.0
80,10,8,0.8,input_at,3,53,0.018745332956314087,0,4.038098268210888e-05,0.3511664569377899,5.167928695678711,23.887691497802734,23.887691497802734,1.0,1.0
80,10,8,0.8,input_at,3,54,0.11035385727882385,0,0.0014623182360082865,0.33031123876571655,5.459940433502197,3.3555843830108643,12.26120376586914,0.0,0.0
80,10,8,0.8,input_at,3,55,0.06886719167232513,0,0.0005431053577922285,0.3351776599884033,5.336719989776611,5.677157878875732,20.40555763244629,0.0,0.0
80,10,8,0.8,input_at,3,56,0.1420450210571289,0,0.002403500722721219,0.3463883399963379,5.154757976531982,2.6911051273345947,9.968743324279785,0.0,0.0
80,10,8,0.8,input_at,3,57,0.07235868275165558,0,0.0005877568037249148,0.34129494428634644,5.331363201141357,5.647757053375244,20.581527709960938,0.0,0.0
80,10,8,0.8,input_at,3,58,0.016962822526693344,0,4.061615254613571e-05,0.34130412340164185,5.318358421325684,23.231884002685547,23.231884002685547,1.0,1.0
80,10,8,0.8,input_at,3,59,0.09935832768678665,0,0.0011578681878745556,0.3281048834323883,5.479142665863037,3.895390272140503,14.281554222106934,0.0,0.0
80,10,8,0.8,input_at,3,60,0.07790549844503403,0,0.0007507169502787292,0.33397194743156433,5.3403120040893555,22.987537384033203,22.987537384033203,1.0,1.0
80,10,8,0.8,input_at,3,61,0.05019201710820198,0,0.0003049873048439622,0.3353829085826874,5.311405181884766,7.607638359069824,23.790807723999023,0.0,1.0
80,10,8,0.8,input_at,3,62,0.09580830484628677,0,0.001104925642721355,0.3310612738132477,5.333359241485596,3.8156392574310303,13.877567291259766,0.0,0.0
80,10,8,0.8,input_at,3,63,0.14593446254730225,0,0.0025459914468228817,0.344245582818985,5.212502479553223,2.469344139099121,9.197029113769531,0.0,0.0
80,10,8,0.8,input_at,3,64,0.0038606866728514433,0,1.8232909724247293e-06,0.33218055963516235,5.362007141113281,23.365825653076172,23.365825653076172,1.0,1.0
80,10,8,0.8,input_at,3,65,0.0872248113155365,0,0.0009593642898835242,0.35023239254951477,5.175887584686279,23.842737197875977,23.842737197875977,1.0,1.0
80,10,8,0.8,input_at,3,66,0.040568817406892776,0,0.0001832200214266777,0.33916306495666504,5.2461442947387695,10.887918472290039,22.791297912597656,0.0,1.0
80,10,8,0.8,input_at,3,67,0.026884475722908974,0,8.494728535879403e-05,0.33719751238822937,5.302704334259033,23.838987350463867,23.838987350463867,1.0,1.0
80,10,8,0.8,input_at,3,68,0.10174667090177536,0,0.0012584433425217867,0.3293099105358124,5.472797870635986,23.117626190185547,23.117626190185547,1.0,1.0
80,10,8,0.8,input_at,3,69,0.10808423906564713,0,0.0014422038802877069,0.3463505208492279,5.2331695556640625,3.242598295211792,11.852344512939453,0.0,0.0
80,10,8,0.8,input_at,3,70,0.04747438058257103,0,0.0002637768629938364,0.3554004430770874,5.056832313537598,8.375962257385254,23.523887634277344,0.0,1.0
80,10,8,0.8,input_at,3,71,0.03763348236680031,0,0.00017213652608916163,0.34078508615493774,5.376312732696533,9.501076698303223,23.773849487304688,0.0,1.0
80,10,8,0.8,input_at,3,72,0.022198237478733063,0,5.6728484196355566e-05,0.34755682945251465,5.130144119262695,16.158769607543945,23.21249008178711,0.0,1.0
80,10,8,0.8,input_at,3,73,0.018565207719802856,0,4.0635710320202634e-05,0.339975506067276,5.299999237060547,20.593856811523438,23.682186126708984,0.0,1.0
80,10,8,0.8,input_at,3,74,0.006892338860780001,0,5.919219347561011e-06,0.34566864371299744,5.197906970977783,23.566362380981445,23.566362380981445,1.0,1.0
80,10,8,0.8,input_at,3,75,0.03307640552520752,0,0.000132672386826016,0.3489806652069092,5.228736877441406,10.497011184692383,23.067331314086914,0.0,1.0
80,10,8,0.8,input_at,3,76,0.02264910750091076,0,6.232996383914724e-05,0.3454146385192871,5.19457483291626,17.131710052490234,23.123088836669922,0.0,1.0
80,10,8,0.8,input_at,3,77,0.03863969072699547,0,0.00018354368512518704,0.3504616320133209,5.170526027679443,9.180615425109863,23.488462448120117,0.0,1.0
80,10,8,0.8,input_at,3,78,0.02039346657693386,0,4.6294197090901434e-05,0.3424966037273407,5.245835781097412,19.97524070739746,24.392093658447266,0.0,1.0
80,10,8,0.8,input_at,3,79,0.08293544501066208,0,0.0009426430333405733,0.33783063292503357,5.3590617179870605,24.180879592895508,24.180879592895508,1.0,1.0
80,10,8,0.8,input_at,4,0,1.8564555644989014,1,0.7293203473091125,0.4545564651489258,3.9900665283203125,0.14194154739379883,0.577663242816925,0.0,0.0
80,10,8,0.8,input_at,4,1,0.9866418838500977,1,0.603148877620697,0.21663637459278107,7.6253509521484375,0.09440799057483673,0.37828338146209717,0.0,0.0
80,10,8,0.8,input_at,4,2,1.9174411296844482,1,0.7516132593154907,0.45937737822532654,3.9260120391845703,0.15369944274425507,0.6059994101524353,0.0,0.0
80,10,8,0.8,input_at,4,3,1.1594704389572144,1,0.4560067653656006,0.24529892206192017,6.781378269195557,0.1250450760126114,0.5103142261505127,0.0,0.0
80,10,8,0.8,input_at,4,4,1.1879053115844727,1,0.39934027194976807,0.2828065752983093,6.403808116912842,0.11795130372047424,0.4731128215789795,0.0,0.0
80,10,8,0.8,input_at,4,5,1.3119850158691406,1,0.4664473235607147,0.3085651993751526,5.975121974945068,0.13807962834835052,0.5556384325027466,0.0,0.0
80,10,8,0.8,input_at,4,6,1.385514497756958,1,0.46975088119506836,0.32309627532958984,5.729559421539307,0.1388789564371109,0.5644123554229736,0.0,0.0
80,10,8,0.8,input_at,4,7,1.1739978790283203,1,0.3977715075016022,0.27329543232917786,6.516506671905518,0.12255175411701202,0.49299225211143494,0.0,0.0
80,10,8,0.8,input_at,4,8,1.1464698314666748,1,0.45102977752685547,0.25209662318229675,6.758079528808594,0.12397520989179611,0.4929102957248688,0.0,0.0
80,10,8,0.8,input_at,4,9,1.4986507892608643,1,0.48423904180526733,0.3603503406047821,5.210042953491211,0.15546642243862152,0.6176170706748962,0.0,0.0
80,10,8,0.8,input_at,4,10,1.3076790571212769,1,0.4647754728794098,0.3083387315273285,5.990154266357422,0.13236498832702637,0.5419204831123352,0.0,0.0
80,10,8,0.8,input_at,4,11,0.015463858842849731,0,5.166721166460775e-05,0.20368868112564087,7.368887901306152,11.905574798583984,25.54886817932129,0.0,1.0
80,10,8,0.8,input_at,4,12,0.12358557432889938,0,0.00906198937445879,0.19416269659996033,7.510283470153809,1.3827828168869019,7.010541915893555,0.0,0.0
80,10,8,0.8,input_at,4,13,1.3760900497436523,1,0.4628276824951172,0.33300623297691345,5.574075698852539,0.14459386467933655,0.5755445957183838,0.0,0.0
80,10,8,0.8,input_at,4,14,0.01649518497288227,0,6.652392767136917e-05,0.19719596207141876,7.4436798095703125,9.67723560333252,26.02802085876465,0.0,1.0
80,10,8,0.8,input_at,4,15,0.012049964629113674,0,3.655385080492124e-05,0.20281918346881866,7.383845329284668,11.66391372680664,25.222158432006836,0.0,1.0
80,10,8,0.8,input_at,4,16,0.016748718917369843,0,5.275244257063605e-05,0.2085263729095459,7.349431991577148,19.832191467285156,25.3714599609375,0.0,1.0
80,10,8,0.8,input_at,4,17,0.014053383842110634,0,4.300669752410613e-05,0.1961386352777481,7.526967525482178,13.420587539672852,25.95308494567871,0.0,1.0
80,10,8,0.8,input_at,4,18,1.4713202714920044,1,0.4667491018772125,0.3608163297176361,5.186506271362305,0.1631712168455124,0.6467236280441284,0.0,0.0
80,10,8,0.8,input_at,4,19,0.009742345660924911,0,2.0845776816713624e-05,0.20634084939956665,7.3643798828125,18.003381729125977,25.153553009033203,0.0,1.0
80,10,8,0.8,input_at,4,20,0.011043195612728596,0,4.25904945586808e-05,0.20828750729560852,7.3099894523620605,12.829800605773926,25.51229476928711,0.0,1.0
80,10,8,0.8,input_at,4,21,0.00957335066050291,0,2.1933383322902955e-05,0.19876207411289215,7.447966575622559,14.822833061218262,25.679243087768555,0.0,1.0
80,10,8,0.8,input_at,4,22,0.013890475034713745,0,4.069532951689325e-05,0.20535536110401154,7.531662464141846,13.22572135925293,25.0515079498291,0.0,1.0
80,10,8,0.8,input_at,4,23,0.2946017384529114,0,0.02148832567036152,0.19651472568511963,7.425180912017822,7.421847343444824,6.368918418884277,0.0,0.0
80,10,8,0.8,input_at,4,24,0.013387239538133144,0,3.811152055277489e-05,0.19785122573375702,7.466102123260498,12.7207670211792,25.605350494384766,0.0,1.0
80,10,8,0.8,input_at,4,25,0.00836956687271595,0,1.618693750060629e-05,0.2056257426738739,7.4670562744140625,18.27065086364746,25.405786514282227,0.0,1.0
80,10,8,0.8,input_at,4,26,0.013096993789076805,0,3.597939939936623e-05,0.20702433586120605,7.353612422943115,14.7185697555542,25.54781150817871,0.0,1.0
80,10,8,0.8,input_at,4,27,0.014931929297745228,0,4.8006393626565114e-05,0.20376664400100708,7.405363082885742,11.36452579498291,25.47938346862793,0.0,1.0
80,10,8,0.8,input_at,4,28,0.01945595070719719,0,8.183641330106184e-05,0.2036602646112442,7.412829399108887,8.604905128479004,25.794239044189453,0.0,1.0
80,10,8,0.8,input_at,4,29,0.09533058851957321,0,0.0019058409379795194,0.20645512640476227,7.350287914276123,25.87296485900879,22.36387062072754,1.0,0.0
80,10,8,0.8,input_at,4,30,0.007971051149070263,0,1.5094477021193597e-05,0.21518176794052124,7.257560729980469,13.239418983459473,25.784217834472656,0.0,1.0
80,10,8,0.8,input_at,4,31,0.05434722080826759,0,0.0006000025314278901,0.20118023455142975,7.493467330932617,4.6992692947387695,24.204833984375,0.0,0.0
80,10,8,0.8,input_at,4,32,0.03896566480398178,0,0.00031530362321063876,0.20206131041049957,7.425372123718262,25.10944175720215,25.14411735534668,0.0,1.0
80,10,8,0.8,input_at,4,33,0.042902275919914246,0,0.00037159770727157593,0.2052270770072937,7.401058197021484,5.059207916259766,25.477764129638672,0.0,0.875
80,10,8,0.8,input_at,4,34,0.06819771975278854,0,0.0009246262488886714,0.20528435707092285,7.2969746589660645,3.5993118286132812,18.159969329833984,0.0,0.0
80,10,8,0.8,input_at,4,35,0.11779666692018509,0,0.0028833895921707153,0.20134294033050537,7.418328285217285,16.669509887695312,19.375165939331055,0.0,0.0
80,10,8,0.8,input_at,4,36,0.12144399434328079,0,0.0031052613630890846,0.21145832538604736,7.3128252029418945,16.18808364868164,19.28011703491211,0.0,0.0
80,10,8,0.8,input_at,4,37,0.006697096396237612,0,1.0576541171758436e-05,0.19749848544597626,7.4916672706604,16.103628158569336,24.51441764831543,0.0,1.0
80,10,8,0.8,input_at,4,38,0.11363769322633743,0,0.002617589430883527,0.19864298403263092,7.398441791534424,2.2920644283294678,11.460020065307617,0.0,0.0
80,10,8,0.8,input_at,4,39,0.046514566987752914,0,0.0004843283968511969,0.20132407546043396,7.394076824188232,14.76936149597168,25.420917510986328,0.0,1.0
80,10,8,0.8,input_at,4,40,0.025294452905654907,0,0.00012196174066048115,0.19643376767635345,7.502091407775879,9.102190017700195,25.403778076171875,0.0,1.0
80,10,8,0.8,input_at,4,41,0.027132460847496986,0,0.00023155006056185812,0.2007245421409607,7.566262245178223,4.874635219573975,24.752288818359375,0.0,1.0
80,10,8,0.8,input_at,4,42,0.05283838137984276,0,0.0005264344508759677,0.21102863550186157,7.399864196777344,4.290992736816406,20.47005844116211,0.0,0.0
80,10,8,0.8,input_at,4,43,0.04921160638332367,0,0.0005684341886080801,0.2079991102218628,7.361813068389893,13.517668724060059,25.01070213317871,0.0,1.0
80,10,8,0.8,input_at,4,44,0.16506588459014893,0,0.00570002943277359,0.2109159380197525,7.399877071380615,11.432218551635742,15.185091018676758,0.0,0.0
80,10,8,0.8,input_at,4,45,0.015180402435362339,0,4.764759069075808e-05,0.20059826970100403,7.397015571594238,6.512307167053223,25.984649658203125,0.0,1.0
80,10,8,0.8,input_at,4,46,0.11921228468418121,0,0.0027793659828603268,0.21110226213932037,7.372707366943359,2.077054738998413,10.08509635925293,0.0,0.0
80,10,8,0.8,input_at,4,47,0.6387849450111389,1,0.1204291507601738,0.21975953876972198,7.296638488769531,25.835330963134766,7.840874195098877,1.0,0.0
80,10,8,0.8,input_at,4,48,0.05550742894411087,0,0.0005933328066021204,0.2040458619594574,7.420937538146973,1.9067736864089966,9.831070899963379,0.0,0.0
80,10,8,0.8,input_at,4,49,0.3064565360546112,1,0.025695016607642174,0.2159872055053711,7.389724254608154,0.7034019231796265,3.975048542022705,0.0,0.0
80,10,8,0.8,input_at,4,50,0.2260970175266266,0,0.012303684838116169,0.21095532178878784,7.291392803192139,1.6162655353546143,7.2980756759643555,0.0,0.0
80,10,8,0.8,input_at,4,51,0.4404391348361969,1,0.03875569626688957,0.20878678560256958,7.307084083557129,0.607453465461731,2.737279176712036,0.0,0.0
80,10,8,0.8,input_at,4,52,0.08439832180738449,0,0.0016230938490480185,0.21649572253227234,7.273568153381348,10.847024917602539,22.119726181030273,0.0,0.0
80,10,8,0.8,input_at,4,53,0.33882057666778564,1,0.024313295260071754,0.21867498755455017,7.3073859214782715,0.8051121234893799,3.7322874069213867,0.0,0.0
80,10,8,0.8,input_at,4,54,0.7955673336982727,1,0.1162705048918724,0.2700006365776062,6.699443340301514,6.034960746765137,3.776966094970703,0.0,0.0
80,10,8,0.8,input_at,4,55,0.5238389372825623,1,0.054471153765916824,0.21738246083259583,7.307814598083496,0.5161707997322083,2.320760726928711,0.0,0.0
80,10,8,0.8,input_at,4,56,0.27826571464538574,0,0.028385885059833527,0.19868461787700653,7.436124801635742,25.31943130493164,4.714198112487793,1.0,0.0
80,10,8,0.8,input_at,4,57,0.29205751419067383,0,0.017588665708899498,0.2057160884141922,7.512692928314209,8.386398315429688,9.555774688720703,0.0,0.0
80,10,8,0.8,input_at,4,58,0.12301964312791824,0,0.0028097927570343018,0.2091774046421051,7.399142265319824,5.77296257019043,24.840673446655273,0.0,0.5
80,10,8,0.8,input_at,4,59,0.7747418880462646,1,0.10245072841644287,0.27190420031547546,6.629434585571289,3.812570571899414,3.239117383956909,0.0,0.0
80,10,8,0.8,input_at,4,60,0.2649446725845337,0,0.025393208488821983,0.20849506556987762,7.418485641479492,0.5241348743438721,2.6157217025756836,0.0,0.0
80,10,8,0.8,input_at,4,61,0.4063505232334137,1,0.028159156441688538,0.22538641095161438,7.184822082519531,25.581058502197266,13.861913681030273,1.0,0.0
80,10,8,0.8,input_at,4,62,0.07731981575489044,0,0.0009907317580655217,0.20754584670066833,7.4031500816345215,23.00377082824707,25.690887451171875,0.0,1.0
80,10,8,0.8,input_at,4,63,0.07646510004997253,0,0.0010681854328140616,0.19907326996326447,7.375551223754883,25.225000381469727,25.225000381469727,1.0,1.0
80,10,8,0.8,input_at,4,64,0.5092149972915649,1,0.045578449964523315,0.23875609040260315,7.05723762512207,7.4767608642578125,4.2278594970703125,0.0,0.0
80,10,8,0.8,input_at,4,65,0.2229570597410202,0,0.008783082477748394,0.20558002591133118,7.414775371551514,0.5322086215019226,2.735556125640869,0.0,0.0
80,10,8,0.8,input_at,4,66,0.3228954076766968,1,0.017324605956673622,0.20370228588581085,7.378573417663574,25.527862548828125,14.700343132019043,1.0,0.0
80,10,8,0.8,input_at,4,67,0.1925281286239624,0,0.007823585532605648,0.2088560312986374,7.343140125274658,14.266676902770996,12.784208297729492,0.0,0.0
80,10,8,0.8,input_at,4,68,0.7634153366088867,1,0.10692935436964035,0.2460460364818573,6.994617938995361,2.083286762237549,2.8470726013183594,0.0,0.0
80,10,8,0.8,input_at,4,69,0.20325039327144623,0,0.015070505440235138,0.2053127884864807,7.471953868865967,0.6402881145477295,3.446617364883423,0.0,0.0
80,10,8,0.8,input_at,4,70,0.41066044569015503,1,0.030708545818924904,0.2105991542339325,7.355082988739014,25.02580451965332,8.0863676071167,1.0,0.0
80,10,8,0.8,input_at,4,71,0.1673194020986557,0,0.004824754782021046,0.20611251890659332,7.406844615936279,25.970842361450195,24.69552993774414,1.0,0.375
80,10,8,0.8,input_at,4,72,0.10725951939821243,0,0.0019268282921984792,0.197212353348732,7.499704360961914,1.3583868741989136,6.675363063812256,0.0,0.0
80,10,8,0.8,input_at,4,73,1.2096753120422363,1,0.2618013024330139,0.3394923806190491,5.598516941070557,2.4555327892303467,3.0532426834106445,0.0,0.0
80,10,8,0.8,input_at,4,74,0.5542755126953125,1,0.05138443782925606,0.22541925311088562,7.211032390594482,3.050382614135742,3.383105754852295,0.0,0.0
80,10,8,0.8,input_at,4,75,0.2503100037574768,0,0.016584478318691254,0.21302343904972076,7.3442301750183105,0.41319403052330017,2.156619071960449,0.0,0.0
80,10,8,0.8,input_at,4,76,0.3715457022190094,1,0.04632751643657684,0.20351573824882507,7.545279502868652,0.4539521634578705,2.462646722793579,0.0,0.0
80,10,8,0.8,input_at,4,77,0.5166147947311401,1,0.04634474217891693,0.23657889664173126,6.990420818328857,25.25240707397461,8.900341033935547,1.0,0.0
80,10,8,0.8,input_at,4,78,0.37659069895744324,1,0.027900472283363342,0.21732531487941742,7.410547256469727,7.021276950836182,8.461508750915527,0.0,0.0
80,10,8,0.8,input_at,4,79,0.1705569326877594,0,0.008014582097530365,0.20535321533679962,7.363468170166016,25.12241554260254,20.55912971496582,1.0,0.0
80,10,8,0.8,lat,0,0,3.487974166870117,1,0.8468625545501709,0.5587741732597351,2.952014923095703,0.39558112621307373,1.3696391582489014,0.0,0.0
80,10,8,0.8,lat,0,1,1.976927638053894,1,0.4944181442260742,0.3029640018939972,6.153800010681152,0.2210027426481247,0.9021705389022827,0.0,0.0
80,10,8,0.8,lat,0,2,0.04563521593809128,0,0.00024365542049054056,0.19876906275749207,7.815318584442139,13.567790985107422,37.170101165771484,0.0,1.0
80,10,8,0.8,lat,0,3,1.8376028537750244,1,0.4968699514865875,0.2642962634563446,6.7206645011901855,0.2062724083662033,0.8473940491676331,0.0,0.0
80,10,8,0.8,lat,0,4,1.9647070169448853,1,0.4896375238895416,0.3069084584712982,6.130448341369629,0.21000607311725616,0.8412423133850098,0.0,0.0
80,10,8,0.8,lat,0,5,1.6374679803848267,1,0.21266113221645355,0.31454554200172424,6.099786758422852,0.1749970018863678,0.7058756351470947,0.0,0.0
80,10,8,0.8,lat,0,6,1.8302723169326782,1,0.4884246289730072,0.2734133303165436,6.597809314727783,0.1994483470916748,0.7884618639945984,0.0,0.0
80,10,8,0.8,lat,0,7,2.3290205001831055,1,0.5541369318962097,0.39096900820732117,4.867742538452148,0.24660705029964447,0.9949422478675842,0.0,0.0
80,10,8,0.8,lat,0,8,1.9663546085357666,1,0.6782662868499756,0.2634654641151428,6.883622646331787,0.16514159739017487,0.6566414833068848,0.0,0.0
80,10,8,0.8,lat,0,9,1.889035940170288,1,0.4605568051338196,0.3005591332912445,6.2569122314453125,0.20016326010227203,0.7925981879234314,0.0,0.0
80,10,8,0.8,lat,0,10,1.8927559852600098,1,0.46003225445747375,0.29031065106391907,6.371554851531982,0.20466892421245575,0.8122683763504028,0.0,0.0
80,10,8,0.8,lat,0,11,1.5336920022964478,1,0.42625126242637634,0.21267536282539368,7.603376865386963,0.16170772910118103,0.6600934863090515,0.0,0.0
80,10,8,0.8,lat,0,12,2.084986925125122,1,0.425291508436203,0.358824223279953,5.301120758056641,0.22825634479522705,0.9273227453231812,0.0,0.0
80,10,8,0.8,lat,0,13,1.4919651746749878,1,0.41718998551368713,0.21455100178718567,7.614179611206055,0.15317784249782562,0.6104116439819336,0.0,0.0
80,10,8,0.8,lat,0,14,1.7037014961242676,1,0.42678505182266235,0.25110265612602234,7.045436859130859,0.1801009178161621,0.7217171788215637,0.0,0.0
80,10,8,0.8,lat,0,15,1.6301130056381226,1,0.5161452889442444,0.22053705155849457,7.496382236480713,0.20302720367908478,0.7888778448104858,0.0,0.0
80,10,8,0.8,lat,0,16,0.19138740003108978,0,0.00828036293387413,0.20675422251224518,7.834721565246582,1.0792696475982666,5.765087604522705,0.0,0.0
80,10,8,0.8,lat,0,17,1.5710750818252563,1,0.3066027760505676,0.2553301453590393,6.978174209594727,0.14939028024673462,0.5912356972694397,0.0,0.0
80,10,8,0.8,lat,0,18,0.12744808197021484,0,0.0033114547841250896,0.19439485669136047,7.993831634521484,1.7878042459487915,10.830865859985352,0.0,0.0
80,10,8,0.8,lat,0,19,0.2912016808986664,0,0.014493828639388084,0.19614745676517487,7.952240467071533,0.8970115184783936,4.5719380378723145,0.0,0.0
80,10,8,0.8,lat,0,20,0.08404579758644104,0,0.0017825261456891894,0.2105688899755478,7.778439998626709,2.2075250148773193,13.54101848602295,0.0,0.0
80,10,8,0.8,lat,0,21,0.055486708879470825,0,0.0010752864181995392,0.21035251021385193,7.666342735290527,3.4483063220977783,16.59822654724121,0.0,0.0
80,10,8,0.8,lat,0,22,0.10502736270427704,0,0.002085136715322733,0.22143293917179108,7.572996139526367,2.849184274673462,13.52088451385498,0.0,0.0
80,10,8,0.8,lat,0,23,0.16728322207927704,0,0.005173534154891968,0.20482885837554932,7.863734722137451,1.4038355350494385,8.689776420593262,0.0,0.0
80,10,8,0.8,lat,0,24,0.23405702412128448,0,0.007684227079153061,0.21088941395282745,7.739829063415527,1.0270251035690308,5.969941139221191,0.0,0.0
80,10,8,0.8,lat,0,25,0.15467742085456848,0,0.0028065843507647514,0.1981731355190277,7.9072771072387695,4.157238960266113,18.158750534057617,0.0,0.0
80,10,8,0.8,lat,0,26,0.29616257548332214,0,0.009835498407483101,0.19578556716442108,7.931115627288818,2.9908018112182617,10.400059700012207,0.0,0.0
80,10,8,0.8,lat,0,27,0.20267890393733978,0,0.0049010287038981915,0.2061270922422409,7.8088908195495605,3.5410714149475098,13.140157699584961,0.0,0.0
80,10,8,0.8,lat,0,28,0.14858004450798035,0,0.002442453522235155,0.2118152379989624,7.745412826538086,2.1720051765441895,11.793536186218262,0.0,0.0
80,10,8,0.8,lat,0,29,0.18832813203334808,0,0.004006222356110811,0.2003636509180069,7.895477294921875,4.0410847663879395,15.87462329864502,0.0,0.0
80,10,8,0.8,lat,0,30,0.3448103666305542,1,0.012909181416034698,0.18590481579303741,8.01003360748291,1.192360281944275,6.008957386016846,0.0,0.0
80,10,8,0.8,lat,0,31,0.3199928104877472,1,0.011378612369298935,0.20725636184215546,7.827633380889893,2.8064236640930176,9.863520622253418,0.0,0.0
80,10,8,0.8,lat,0,32,0.3501993417739868,1,0.013182871975004673,0.20518505573272705,7.753137588500977,1.3386942148208618,6.692374229431152,0.0,0.0
80,10,8,0.8,lat,0,33,0.5359805226325989,1,0.030991774052381516,0.2075408399105072,7.655007839202881,0.914025604724884,4.498097896575928,0.0,0.0
80,10,8,0.8,lat,0,34,0.0972747877240181,0,0.0010394410928711295,0.20025624334812164,7.840643405914307,3.5072879791259766,19.423227310180664,0.0,0.0
80,10,8,0.8,lat,0,35,0.1656176894903183,0,0.0029561580158770084,0.2179262489080429,7.600645542144775,2.5433459281921387,13.883954048156738,0.0,0.0
80,10,8,0.8,lat,0,36,0.050363656133413315,0,0.00031643302645534277,0.19997842609882355,7.886753559112549,4.860985279083252,28.525840759277344,0.0,0.0
80,10,8,0.8,lat,0,37,0.3477359116077423,1,0.013067313469946384,0.19680391252040863,7.916667461395264,1.4017436504364014,7.14237117767334,0.0,0.0
80,10,8,0.8,lat,0,38,0.09447111189365387,0,0.0010721690487116575,0.20447410643100739,7.88009786605835,6.869231700897217,29.00769805908203,0.0,0.0
80,10,8,0.8,lat,0,39,0.25230085849761963,0,0.006865706294775009,0.19391626119613647,7.9773406982421875,1.9834092855453491,10.082079887390137,0.0,0.0
80,10,8,0.8,lat,0,40,0.16217969357967377,0,0.0028309118933975697,0.2052384912967682,7.83319091796875,2.8546040058135986,14.621125221252441,0.0,0.0
80,10,8,0.8,lat,0,41,0.04032282158732414,0,0.0002759216004051268,0.21455462276935577,7.698480606079102,9.295306205749512,35.852294921875,0.0,0.125
80,10,8,0.8,lat,0,42,0.08336783200502396,0,0.0007654812070541084,0.19850128889083862,7.808881759643555,4.185100078582764,22.001604080200195,0.0,0.0
80,10,8,0.8,lat,0,43,0.4433961808681488,1,0.021769067272543907,0.20302066206932068,7.828653812408447,1.864099144935608,7.785967826843262,0.0,0.0
80,10,8,0.8,lat,0,44,0.39342525601387024,1,0.017178531736135483,0.20541372895240784,7.788415908813477,2.462143898010254,8.326845169067383,0.0,0.0
80,10,8,0.8,lat,0,45,0.4527515172958374,1,0.0226900614798069,0.20073500275611877,7.801661491394043,1.8958539962768555,7.32698917388916,0.0,0.0
80,10,8,0.8,lat,0,46,0.041264135390520096,0,0.00021440866112243384,0.21790745854377747,7.720578670501709,5.506680488586426,31.5058536529541,0.0,0.0
80,10,8,0.8,lat,0,47,0.03136388212442398,0,0.0001526814594399184,0.21407510340213776,7.697519779205322,6.224584579467773,36.35059356689453,0.0,0.375
80,10,8,0.8,lat,0,48,0.030193835496902466,0,0.00020546329324133694,0.21903499960899353,7.667471408843994,8.629840850830078,38.06050109863281,0.0,1.0
80,10,8,0.8,lat,0,49,0.16873958706855774,0,0.0030674259178340435,0.1860874891281128,8.049755096435547,2.970546245574951,14.198759078979492,0.0,0.0
80,10,8,0.8,lat,0,50,0.18521392345428467,0,0.003678317181766033,0.21568839251995087,7.612922668457031,2.8011527061462402,13.853400230407715,0.0,0.0
80,10,8,0.8,lat,0,51,0.21235693991184235,0,0.004879556130617857,0.2082369178533554,7.757741451263428,2.5510029792785645,12.14285659790039,0.0,0.0
80,10,8,0.8,lat,0,52,0.6052637100219727,1,0.03966939076781273,0.183590367436409,8.101391792297363,1.0050543546676636,4.478581428527832,0.0,0.0
80,10,8,0.8,lat,0,53,0.4180769622325897,1,0.019394202157855034,0.21750439703464508,7.598211765289307,2.183061361312866,7.919848442077637,0.0,0.0
80,10,8,0.8,lat,0,54,0.21498256921768188,0,0.0051832254976034164,0.20476216077804565,7.751568794250488,4.5215630531311035,14.913372039794922,0.0,0.0
80,10,8,0.8,lat,0,55,0.37632158398628235,1,0.01532494556158781,0.20856478810310364,7.7272210121154785,1.5732247829437256,7.048934459686279,0.0,0.0
80,10,8,0.8,lat,0,56,0.3244932293891907,1,0.011743810959160328,0.20061558485031128,7.832374572753906,2.958894968032837,9.819597244262695,0.0,0.0
80,10,8,0.8,lat,0,57,0.34019607305526733,1,0.012895671650767326,0.21118299663066864,7.751705169677734,2.9037628173828125,9.506171226501465,0.0,0.0
80,10,8,0.8,lat,0,58,0.2430170774459839,0,0.006663438398391008,0.20050130784511566,7.876465797424316,3.926161050796509,13.575594902038574,0.0,0.0
80,10,8,0.8,lat,0,59,0.4721320569515228,1,0.02479076385498047,0.20694367587566376,7.798248291015625,1.8919093608856201,7.078996658325195,0.0,0.0
80,10,8,0.8,lat,0,60,0.028423123061656952,0,0.00014334791922010481,0.2054183930158615,7.805284023284912,6.435583114624023,37.188140869140625,0.0,0.125
80,10,8,0.8,lat,0,61,0.2864533066749573,0,0.008882647380232811,0.19648240506649017,7.927626132965088,2.0769548416137695,9.659285545349121,0.0,0.0
80,10,8,0.8,lat,0,62,0.29348307847976685,0,0.009673938155174255,0.19259268045425415,7.969155788421631,3.211411952972412,10.754462242126465,0.0,0.0
80,10,8,0.8,lat,0,63,0.028425835072994232,0,0.00017589550407137722,0.20791009068489075,7.739363670349121,9.13435173034668,37.750831604003906,0.0,0.875
80,10,8,0.8,lat,0,64,0.05501207336783409,0,0.0003390962374396622,0.19616541266441345,7.848062515258789,5.198782920837402,30.06486701965332,0.0,0.0
80,10,8,0.8,lat,0,65,0.05486439913511276,0,0.0004201157425995916,0.19559843838214874,7.935330390930176,9.167326927185059,35.13914108276367,0.0,0.25
80,10,8,0.8,lat,0,66,0.27184784412384033,0,0.008034378290176392,0.20829513669013977,7.755568981170654,2.0633444786071777,9.678311347961426,0.0,0.0
80,10,8,0.8,lat,0,67,0.0667283833026886,0,0.0004998882068321109,0.20636464655399323,7.8230133056640625,4.297134876251221,24.18524742126465,0.0,0.0
80,10,8,0.8,lat,0,68,0.1016727089881897,0,0.001123112509958446,0.20662015676498413,7.750766754150391,4.084003448486328,21.273290634155273,0.0,0.0
80,10,8,0.8,lat,0,69,0.7819095253944397,1,0.06746349483728409,0.19491834938526154,7.81997537612915,0.8361051082611084,4.536731719970703,0.0,0.0
80,10,8,0.8,lat,0,70,0.06745890527963638,0,0.0004994507180526853,0.2087700515985489,7.769219398498535,4.852746963500977,26.856016159057617,0.0,0.0
80,10,8,0.8,lat,0,71,0.15271595120429993,0,0.0025154766626656055,0.21288791298866272,7.763645172119141,3.1231377124786377,15.530142784118652,0.0,0.0
80,10,8,0.8,lat,0,72,0.3074043393135071,1,0.010259282775223255,0.21169844269752502,7.767147064208984,1.9274494647979736,8.938629150390625,0.0,0.0
80,10,8,0.8,lat,0,73,1.63404381275177,1,0.2919805943965912,0.2598682641983032,6.784468650817871,0.48462533950805664,2.2391979694366455,0.0,0.0
80,10,8,0.8,lat,0,74,0.22300347685813904,0,0.0053909700363874435,0.19906499981880188,7.888323783874512,2.5903878211975098,12.010866165161133,0.0,0.0
80,10,8,0.8,lat,0,75,0.41125747561454773,1,0.018839294090867043,0.19846218824386597,7.816447734832764,2.3137388229370117,7.926982402801514,0.0,0.0
80,10,8,0.8,lat,0,76,0.3021206855773926,1,0.010242879390716553,0.18631882965564728,8.01712417602539,3.003668785095215,10.797799110412598,0.0,0.0
80,10,8,0.8,lat,0,77,0.2271856963634491,0,0.0058225905522704124,0.20528364181518555,7.860997676849365,4.0055694580078125,13.826765060424805,0.0,0.0
80,10,8,0.8,lat,0,78,0.4497228264808655,1,0.021995792165398598,0.20062030851840973,7.827869415283203,1.4119576215744019,6.328396320343018,0.0,0.0
80,10,8,0.8,lat,0,79,0.6792124509811401,1,0.05100925266742706,0.20053401589393616,7.817358016967773,1.0338245630264282,5.171324729919434,0.0,0.0
80,10,8,0.8,lat,1,0,2.461622476577759,1,0.5206254720687866,0.3807823956012726,5.035748481750488,0.27268776297569275,1.0979093313217163,0.0,0.0
80,10,8,0.8,lat,1,1,3.280136823654175,1,0.7752295732498169,0.5104459524154663,3.4152491092681885,0.38674914836883545,1.3432998657226562,0.0,0.0
80,10,8,0.8,lat,1,2,1.8991118669509888,1,0.9667490124702454,0.22025258839130402,7.64937162399292,0.18822690844535828,0.7423775792121887,0.0,0.0
80,10,8,0.8,lat,1,3,2.3163511753082275,1,0.4981212913990021,0.3551211953163147,5.434493064880371,0.2519994378089905,1.0069609880447388,0.0,0.0
80,10,8,0.8,lat,1,4,2.1057512760162354,1,0.49509286880493164,0.2949405610561371,6.319547176361084,0.2333856076002121,0.9039339423179626,0.0,0.0
80,10,8,0.8,lat,1,5,2.1578407287597656,1,0.49264824390411377,0.3051028847694397,6.215255260467529,0.23614005744457245,0.9562515020370483,0.0,0.0
80,10,8,0.8,lat,1,6,2.1045420169830322,1,0.4945547580718994,0.3054877519607544,6.164249420166016,0.23569266498088837,0.9530774354934692,0.0,0.0
80,10,8,0.8,lat,1,7,1.825998306274414,1,0.48985081911087036,0.23503455519676208,7.301618576049805,0.20321662724018097,0.8226743340492249,0.0,0.0
80,10,8,0.8,lat,1,8,2.156318187713623,1,0.49188411235809326,0.30973124504089355,6.060603141784668,0.2342330664396286,0.9349920153617859,0.0,0.0
80,10,8,0.8,lat,1,9,2.139540672302246,1,0.3546057343482971,0.3618139922618866,5.401471138000488,0.22010420262813568,0.8793745040893555,0.0,0.0
80,10,8,0.8,lat,1,10,2.291668176651001,1,0.4876943826675415,0.34943971037864685,5.502218246459961,0.2524600028991699,1.0085368156433105,0.0,0.0
80,10,8,0.8,lat,1,11,1.8184608221054077,1,0.4859769940376282,0.23820601403713226,7.248510360717773,0.20333260297775269,0.8321957588195801,0.0,0.0
80,10,8,0.8,lat,1,12,1.8316776752471924,1,0.42964351177215576,0.25894036889076233,6.962356090545654,0.19071358442306519,0.7532665133476257,0.0,0.0
80,10,8,0.8,lat,1,13,2.341318130493164,1,0.4710688292980194,0.36318713426589966,5.276968955993652,0.2840832769870758,1.1181279420852661,0.0,0.0
80,10,8,0.8,lat,1,14,0.5332488417625427,1,0.04383072257041931,0.17617055773735046,8.142394065856934,0.6338315010070801,3.0296638011932373,0.0,0.0
80,10,8,0.8,lat,1,15,1.5145539045333862,1,0.5746484398841858,0.17907766997814178,8.284502983093262,0.14290352165699005,0.5643618106842041,0.0,0.0
80,10,8,0.8,lat,1,16,0.5176755785942078,1,0.0399274006485939,0.19439445436000824,7.961030006408691,0.7750318050384521,3.9528987407684326,0.0,0.0
80,10,8,0.8,lat,1,17,1.886561632156372,1,0.4286220371723175,0.2657892107963562,6.817487716674805,0.1927376687526703,0.7830535173416138,0.0,0.0
80,10,8,0.8,lat,1,18,0.44271525740623474,1,0.03436325117945671,0.1791485697031021,8.229126930236816,0.6337214112281799,3.1335103511810303,0.0,0.0
80,10,8,0.8,lat,1,19,1.2923861742019653,1,0.25100019574165344,0.17822687327861786,8.027292251586914,0.33147120475769043,1.374743938446045,0.0,0.0
80,10,8,0.8,lat,1,20,0.9822697639465332,1,0.15359385311603546,0.17515914142131805,8.112693786621094,0.3744969069957733,1.6251286268234253,0.0,0.0
80,10,8,0.8,lat,1,21,0.14175669848918915,0,0.0035180586855858564,0.2092711180448532,7.787657737731934,2.039184093475342,12.014946937561035,0.0,0.0
80,10,8,0.8,lat,1,22,0.39719894528388977,1,0.024970846250653267,0.18008990585803986,8.052755355834961,0.928411602973938,5.160895347595215,0.0,0.0
80,10,8,0.8,lat,1,23,0.1349194198846817,0,0.002790269209071994,0.18337348103523254,8.07813549041748,3.5191493034362793,27.49176597595215,0.0,0.0
80,10,8,0.8,lat,1,24,0.6731768846511841,1,0.07148046791553497,0.1756964474916458,8.109861373901367,0.6060088872909546,3.0105714797973633,0.0,0.0
80,10,8,0.8,lat,1,25,0.16289913654327393,0,0.004141873214393854,0.18548381328582764,7.969465255737305,2.5628321170806885,14.300115585327148,0.0,0.0
80,10,8,0.8,lat,1,26,0.0656101256608963,0,0.0006504122284241021,0.18154482543468475,8.027775764465332,12.900799751281738,40.71178436279297,0.0,1.0
80,10,8,0.8,lat,1,27,0.3202228546142578,1,0.01580837368965149,0.19168753921985626,7.957667350769043,1.3270150423049927,7.268157958984375,0.0,0.0
80,10,8,0.8,lat,1,28,0.1351219266653061,0,0.002805521944537759,0.1829962134361267,8.038259506225586,3.4707298278808594,18.12987518310547,0.0,0.0
80,10,8,0.8,lat,1,29,0.22793959081172943,0,0.007871950976550579,0.1873624622821808,8.009947776794434,2.0256128311157227,10.843121528625488,0.0,0.0
80,10,8,0.8,lat,1,30,0.021145332604646683,0,6.727682921336964e-05,0.1850634515285492,8.099544525146484,30.068077087402344,39.48200225830078,0.0,1.0
80,10,8,0.8,lat,1,31,0.10437136143445969,0,0.0015716488705947995,0.1759190708398819,8.033289909362793,6.292189598083496,27.771692276000977,0.0,0.0
80,10,8,0.8,lat,1,32,0.010916796512901783,0,2.23415918298997e-05,0.18381989002227783,7.982846736907959,27.64962387084961,40.96039581298828,0.0,1.0
80,10,8,0.8,lat,1,33,0.06951528042554855,0,0.0006631829892285168,0.1814565807580948,8.0478515625,11.81662654876709,41.2879638671875,0.0,1.0
80,10,8,0.8,lat,1,34,0.05822823941707611,0,0.0005059296963736415,0.185401052236557,7.985666751861572,10.98666763305664,41.41471862792969,0.0,1.0
80,10,8,0.8,lat,1,35,0.014732049778103828,0,3.378025576239452e-05,0.1716429740190506,8.065665245056152,38.55093002319336,42.522239685058594,0.0,1.0
80,10,8,0.8,lat,1,36,0.005918731912970543,0,4.7872749746602494e-06,0.18524903059005737,8.038528442382812,39.84929656982422,39.84929656982422,1.0,1.0
80,10,8,0.8,lat,1,37,0.007196571212261915,0,5.95787241763901e-06,0.18377785384655,7.9780473709106445,41.09931945800781,41.09931945800781,1.0,1.0
80,10,8,0.8,lat,1,38,0.005036473739892244,0,4.989193712390261e-06,0.18568022549152374,8.01763916015625,41.135250091552734,41.135250091552734,1.0,1.0
80,10,8,0.8,lat,1,39,0.02742891199886799,0,9.805504669202492e-05,0.18658864498138428,8.031519889831543,40.591827392578125,40.591827392578125,1.0,1.0
80,10,8,0.8,lat,1,40,0.004911315627396107,0,2.741381877058302e-06,0.17434601485729218,8.024796485900879,41.24364471435547,41.24364471435547,1.0,1.0
80,10,8,0.8,lat,1,41,0.0059618218801915646,0,3.9648743950237986e-06,0.171539768576622,8.103161811828613,40.36166763305664,40.36166763305664,1.0,1.0
80,10,8,0.8,lat,1,42,0.004770913161337376,0,2.252891590615036e-06,0.1788616180419922,8.047511100769043,40.28649139404297,40.28649139404297,1.0,1.0
80,10,8,0.8,lat,1,43,0.012487850151956081,0,1.875614543678239e-05,0.18777325749397278,7.893010139465332,40.06223678588867,40.06223678588867,1.0,1.0
80,10,8,0.8,lat,1,44,0.00429075863212347,0,2.09957374863734e-06,0.18536168336868286,8.089274406433105,40.071712493896484,40.071712493896484,1.0,1.0
80,10,8,0.8,lat,1,45,0.006708034314215183,0,5.126971700519789e-06,0.17234620451927185,8.22341537475586,40.312076568603516,40.312076568603516,1.0,1.0
80,10,8,0.8,lat,1,46,0.0047270567156374454,0,2.4208761715271976e-06,0.18130066990852356,7.986156463623047,40.201499938964844,40.201499938964844,1.0,1.0
80,10,8,0.8,lat,1,47,0.004122202750295401,0,1.859984536167758e-06,0.1730279177427292,8.184779167175293,40.14927673339844,40.14927673339844,1.0,1.0
80,10,8,0.8,lat,1,48,0.0029379245825111866,0,9.692834055385902e-07,0.17915168404579163,8.069936752319336,39.966224670410156,39.966224670410156,1.0,1.0
80,10,8,0.8,lat,1,49,0.004527443554252386,0,2.7172209229320288e-06,0.19109326601028442,7.907260417938232,40.25273132324219,40.25273132324219,1.0,1.0
80,10,8,0.8,lat,1,50,0.0033402848057448864,0,1.4988341945354478e-06,0.18422143161296844,7.925931453704834,40.091957092285156,40.091957092285156,1.0,1.0
80,10,8,0.8,lat,1,51,0.004056629724800587,0,2.0289987787691643e-06,0.17650750279426575,8.098306655883789,41.76829528808594,41.76829528808594,1.0,1.0
80,10,8,0.8,lat,1,52,0.007522095460444689,0,7.988157449290156e-06,0.1806982010602951,8.050769805908203,39.735321044921875,39.735321044921875,1.0,1.0
80,10,8,0.8,lat,1,53,0.002595840720459819,0,7.299783533198934e-07,0.19735847413539886,7.8743672370910645,40.97029113769531,40.97029113769531,1.0,1.0
80,10,8,0.8,lat,1,54,0.0050558359362185,0,2.4111138827720424e-06,0.17492347955703735,8.118002891540527,40.27280807495117,40.27280807495117,1.0,1.0
80,10,8,0.8,lat,1,55,0.003139025531709194,0,9.739987945067696e-07,0.1760891079902649,8.109825134277344,39.80500793457031,39.80500793457031,1.0,1.0
80,10,8,0.8,lat,1,56,0.006661746650934219,0,5.131806574354414e-06,0.19676396250724792,7.837856769561768,39.006019592285156,39.006019592285156,1.0,1.0
80,10,8,0.8,lat,1,57,0.005279100965708494,0,3.319788902444998e-06,0.18421705067157745,8.098989486694336,40.38142776489258,40.38142776489258,1.0,1.0
80,10,8,0.8,lat,1,58,0.004984726198017597,0,2.058168320218101e-06,0.18427999317646027,7.891975402832031,41.141822814941406,41.141822814941406,1.0,1.0
80,10,8,0.8,lat,1,59,0.004380138590931892,0,2.0699455944850342e-06,0.17534838616847992,8.011265754699707,40.999778747558594,40.999778747558594,1.0,1.0
80,10,8,0.8,lat,1,60,0.007095213048160076,0,6.196700724103721e-06,0.18616527318954468,8.009554862976074,40.59355926513672,40.59355926513672,1.0,1.0
80,10,8,0.8,lat,1,61,0.004304572008550167,0,2.557611423981143e-06,0.18371734023094177,7.992639541625977,40.70005798339844,40.70005798339844,1.0,1.0
80,10,8,0.8,lat,1,62,0.004529316909611225,0,2.0706536361103645e-06,0.18761883676052094,7.964605808258057,40.822288513183594,40.822288513183594,1.0,1.0
80,10,8,0.8,lat,1,63,0.002970944158732891,0,9.518552133158664e-07,0.1882697194814682,8.066136360168457,39.81747817993164,39.81747817993164,1.0,1.0
80,10,8,0.8,lat,1,64,0.005265527404844761,0,2.913307980634272e-06,0.19119161367416382,8.021170616149902,39.79931640625,39.79931640625,1.0,1.0
80,10,8,0.8,lat,1,65,0.006149712484329939,0,3.6679373351944378e-06,0.1937531977891922,7.962547779083252,39.23072052001953,39.23072052001953,1.0,1.0
80,10,8,0.8,lat,1,66,0.004315163008868694,0,4.330256615503458e-06,0.17985904216766357,7.963865756988525,40.667667388916016,40.667667388916016,1.0,1.0
80,10,8,0.8,lat,1,67,0.005229320842772722,0,2.600098696348141e-06,0.18093353509902954,8.013708114624023,40.39043426513672,40.39043426513672,1.0,1.0
80,10,8,0.8,lat,1,68,0.003458659630268812,0,1.7407479617759236e-06,0.184426411986351,8.086082458496094,40.12974166870117,40.12974166870117,1.0,1.0
80,10,8,0.8,lat,1,69,0.004433292895555496,0,3.1216068236972205e-06,0.1901605874300003,7.979249000549316,40.21715545654297,40.21715545654297,1.0,1.0
80,10,8,0.8,lat,1,70,0.0027864372823387384,0,1.0993226169375703e-06,0.18343493342399597,8.134804725646973,40.32086181640625,40.32086181640625,1.0,1.0
80,10,8,0.8,lat,1,71,0.0057828486897051334,0,3.257400749134831e-06,0.17864513397216797,8.089689254760742,39.69317626953125,39.69317626953125,1.0,1.0
80,10,8,0.8,lat,1,72,0.0029059676453471184,0,8.767215149418917e-07,0.1805276721715927,8.049722671508789,39.91767120361328,39.91767120361328,1.0,1.0
80,10,8,0.8,lat,1,73,0.010581511072814465,0,1.692129808361642e-05,0.17523548007011414,8.087958335876465,40.62297058105469,40.62297058105469,1.0,1.0
80,10,8,0.8,lat,1,74,0.002372013172134757,0,9.523152471047069e-07,0.17493367195129395,8.069086074829102,40.45032501220703,40.45032501220703,1.0,1.0
80,10,8,0.8,lat,1,75,0.006486683618277311,0,5.178398623684188e-06,0.19136816263198853,7.8790764808654785,41.59229278564453,41.59229278564453,1.0,1.0
80,10,8,0.8,lat,1,76,0.005612319801002741,0,2.9541699859692017e-06,0.19915419816970825,7.836905002593994,41.3017692565918,41.3017692565918,1.0,1.0
80,10,8,0.8,lat,1,77,0.007728953380137682,0,7.294828719750512e-06,0.18967954814434052,7.880376815795898,40.16619873046875,40.16619873046875,1.0,1.0
80,10,8,0.8,lat,1,78,0.0081864008679986,0,1.1097421520389616e-05,0.1793239563703537,8.003935813903809,40.57533264160156,40.57533264160156,1.0,1.0
80,10,8,0.8,lat,1,79,0.005801330786198378,0,3.504496817186009e-06,0.17773175239562988,8.087666511535645,40.43056869506836,40.43056869506836,1.0,1.0
80,10,8,0.8,lat,2,0,2.1944568157196045,1,0.4847714304924011,0.31004875898361206,6.381972789764404,0.23788757622241974,0.9631306529045105,0.0,0.0
80,10,8,0.8,lat,2,1,2.1731116771698,1,0.4807334244251251,0.3067920207977295,6.444301605224609,0.24691805243492126,0.9823467135429382,0.0,0.0
80,10,8,0.8,lat,2,2,2.553687572479248,1,0.49666517972946167,0.3797663748264313,5.2016167640686035,0.27423882484436035,1.1178865432739258,0.0,0.0
80,10,8,0.8,lat,2,3,1.9776411056518555,1,0.4975336492061615,0.26980194449424744,7.0670928955078125,0.21953676640987396,0.8944981694221497,0.0,0.0
80,10,8,0.8,lat,2,4,2.0807087421417236,1,0.4890778064727783,0.28708314895629883,6.780305862426758,0.21642674505710602,0.8842467069625854,0.0,0.0
80,10,8,0.8,lat,2,5,1.7815426588058472,1,0.5037114024162292,0.21835823357105255,8.091376304626465,0.20021480321884155,0.818689227104187,0.0,0.0
80,10,8,0.8,lat,2,6,2.201042890548706,1,0.505408763885498,0.31606101989746094,6.29634952545166,0.23036649823188782,0.9003793597221375,0.0,0.0
80,10,8,0.8,lat,2,7,2.125627040863037,1,0.5213473439216614,0.29037249088287354,6.757437705993652,0.22759325802326202,0.9251012206077576,0.0,0.0
80,10,8,0.8,lat,2,8,1.9339722394943237,1,0.48365291953086853,0.25747787952423096,7.395273208618164,0.20739862322807312,0.8182092905044556,0.0,0.0
80,10,8,0.8,lat,2,9,2.5776546001434326,1,0.49224069714546204,0.39377838373184204,4.983022689819336,0.2843916416168213,1.1286002397537231,0.0,0.0
80,10,8,0.8,lat,2,10,1.7980622053146362,1,0.485560804605484,0.22798267006874084,7.902616024017334,0.19485895335674286,0.7768335342407227,0.0,0.0
80,10,8,0.8,lat,2,11,2.286996841430664,1,0.5046987533569336,0.3312101364135742,6.050302505493164,0.217843696475029,0.8835739493370056,0.0,0.0
80,10,8,0.8,lat,2,12,2.087388038635254,1,0.5180442929267883,0.28006887435913086,6.926487445831299,0.22493553161621094,0.8742151260375977,0.0,0.0
80,10,8,0.8,lat,2,13,2.0307486057281494,1,0.4794577956199646,0.27081170678138733,7.074620723724365,0.22764012217521667,0.9082654118537903,0.0,0.0
80,10,8,0.8,lat,2,14,0.014141795225441456,0,1.8767659639706835e-05,0.17223453521728516,8.777730941772461,17.54293441772461,56.998172760009766,0.0,1.0
80,10,8,0.8,lat,2,15,0.5135045051574707,1,0.027485117316246033,0.1764272004365921,8.681729316711426,3.6733508110046387,14.457130432128906,0.0,0.0
80,10,8,0.8,lat,2,16,0.09226159006357193,0,0.000897951249498874,0.17283789813518524,8.731865882873535,56.93851852416992,53.03206253051758,1.0,0.125
80,10,8,0.8,lat,2,17,0.7376788258552551,1,0.05850405991077423,0.17053429782390594,8.789548873901367,2.076641321182251,8.834124565124512,0.0,0.0
80,10,8,0.8,lat,2,18,0.17269709706306458,0,0.0030485279858112335,0.17317812144756317,8.756921768188477,31.249967575073242,22.52016258239746,0.0,0.0
80,10,8,0.8,lat,2,19,0.0954422876238823,0,0.0009831215720623732,0.16245950758457184,8.902912139892578,5.907229900360107,16.297529220581055,0.0,0.0
80,10,8,0.8,lat,2,20,0.5790834426879883,1,0.037064604461193085,0.17618945240974426,8.747403144836426,2.2607367038726807,9.884893417358398,0.0,0.0
80,10,8,0.8,lat,2,21,0.6442690491676331,1,0.04340988025069237,0.1728820502758026,8.741025924682617,5.057401180267334,4.443519592285156,0.0,0.0
80,10,8,0.8,lat,2,22,0.5373068451881409,1,0.029423004016280174,0.16942352056503296,8.750438690185547,4.248892784118652,7.38361930847168,0.0,0.0
80,10,8,0.8,lat,2,23,0.5317554473876953,1,0.029278937727212906,0.16862937808036804,8.810685157775879,2.8816263675689697,12.53085994720459,0.0,0.0
80,10,8,0.8,lat,2,24,0.27507108449935913,0,0.0077725681476294994,0.16739042103290558,8.906413078308105,6.032088279724121,16.473899841308594,0.0,0.0
80,10,8,0.8,lat,2,25,0.6341599225997925,1,0.04287681356072426,0.16105766594409943,8.893363952636719,1.9923782348632812,8.852336883544922,0.0,0.0
80,10,8,0.8,lat,2,26,0.11968453228473663,0,0.0014833310851827264,0.1641678363084793,8.884136199951172,6.258177757263184,15.911133766174316,0.0,0.0
80,10,8,0.8,lat,2,27,0.13181789219379425,0,0.0018970564706251025,0.17132516205310822,8.708444595336914,7.521014213562012,28.83934211730957,0.0,0.0
80,10,8,0.8,lat,2,28,0.6291282176971436,1,0.04029298573732376,0.1671963781118393,8.740087509155273,3.2302002906799316,6.909668445587158,0.0,0.0
80,10,8,0.8,lat,2,29,0.5250120162963867,1,0.029730770736932755,0.17797517776489258,8.69108772277832,2.1204893589019775,9.075249671936035,0.0,0.0
80,10,8,0.8,lat,2,30,0.550783634185791,1,0.03292596712708473,0.17343370616436005,8.798135757446289,1.9911866188049316,8.410139083862305,0.0,0.0
80,10,8,0.8,lat,2,31,0.46959352493286133,1,0.022868068888783455,0.17543691396713257,8.82400894165039,2.8545992374420166,13.039006233215332,0.0,0.0
80,10,8,0.8,lat,2,32,0.4392472803592682,1,0.021035529673099518,0.16869017481803894,8.856391906738281,2.7179014682769775,11.456019401550293,0.0,0.0
80,10,8,0.8,lat,2,33,0.4417671859264374,1,0.020487716421484947,0.16418789327144623,8.894615173339844,2.5856969356536865,11.159016609191895,0.0,0.0
80,10,8,0.8,lat,2,34,0.34648850560188293,1,0.013030210509896278,0.1757494956254959,8.80133056640625,3.301698923110962,14.397650718688965,0.0,0.0
80,10,8,0.8,lat,2,35,0.19992172718048096,0,0.004230345133692026,0.17443133890628815,8.727931022644043,6.366122722625732,26.347164154052734,0.0,0.0
80,10,8,0.8,lat,2,36,0.2388119399547577,0,0.005904515739530325,0.16991008818149567,8.802681922912598,5.801695346832275,24.329126358032227,0.0,0.0
80,10,8,0.8,lat,2,37,0.13520848751068115,0,0.0019139156211167574,0.17747986316680908,8.731256484985352,11.706175804138184,44.140445709228516,0.0,0.0
80,10,8,0.8,lat,2,38,1.0742005109786987,1,0.10291352868080139,0.1966342180967331,8.418789863586426,59.455848693847656,7.680677890777588,1.0,0.0
80,10,8,0.8,lat,2,39,0.6448351144790649,1,0.042132314294576645,0.17589403688907623,8.695883750915527,3.3667232990264893,7.114157676696777,0.0,0.0
80,10,8,0.8,lat,2,40,0.8912931680679321,1,0.08055448532104492,0.1687534600496292,8.698378562927246,5.154715538024902,4.484094619750977,0.0,0.0
80,10,8,0.8,lat,2,41,0.2956565022468567,0,0.009477192535996437,0.17402036488056183,8.797398567199707,5.816191673278809,23.825101852416992,0.0,0.0
80,10,8,0.8,lat,2,42,0.1911400407552719,0,0.0037404957693070173,0.16917599737644196,8.753548622131348,10.023717880249023,48.707218170166016,0.0,0.0
80,10,8,0.8,lat,2,43,0.16763615608215332,0,0.0030553818214684725,0.17228153347969055,8.763357162475586,10.284465789794922,38.40950012207031,0.0,0.0
80,10,8,0.8,lat,2,44,1.0637885332107544,1,0.10300441831350327,0.19007141888141632,8.467120170593262,60.864723205566406,8.531285285949707,1.0,0.0
80,10,8,0.8,lat,2,45,0.7492284178733826,1,0.06014300137758255,0.17323002219200134,8.817519187927246,2.5711021423339844,11.541504859924316,0.0,0.0
80,10,8,0.8,lat,2,46,0.6492143273353577,1,0.04687459394335747,0.17365510761737823,8.737308502197266,58.80165100097656,23.1849422454834,1.0,0.0
80,10,8,0.8,lat,2,47,0.26495417952537537,0,0.006987753789871931,0.18033401668071747,8.707625389099121,1.0742875337600708,5.290700912475586,0.0,0.0
80,10,8,0.8,lat,2,48,0.592911958694458,1,0.032444171607494354,0.17528486251831055,8.70003890991211,8.474781036376953,5.108545303344727,0.0,0.0
80,10,8,0.8,lat,2,49,0.2558983862400055,0,0.006979352794587612,0.17960935831069946,8.646846771240234,5.249430179595947,20.298189163208008,0.0,0.0
80,10,8,0.8,lat,2,50,0.6528351306915283,1,0.07732907682657242,0.17568761110305786,8.746537208557129,58.92761993408203,58.92761993408203,1.0,1.0
80,10,8,0.8,lat,2,51,0.47616907954216003,1,0.02318892441689968,0.18435367941856384,8.644807815551758,3.3159706592559814,8.18790340423584,0.0,0.0
80,10,8,0.8,lat,2,52,0.5551928877830505,1,0.03247174993157387,0.1730579435825348,8.8087797164917,1.73340904712677,7.794415473937988,0.0,0.0
80,10,8,0.8,lat,2,53,0.13459272682666779,0,0.001924610580317676,0.1676090806722641,8.754027366638184,6.266781806945801,57.700599670410156,0.0,1.0
80,10,8,0.8,lat,2,54,0.20946136116981506,0,0.003921136260032654,0.17376691102981567,8.769448280334473,1.1699973344802856,4.898584365844727,0.0,0.0
80,10,8,0.8,lat,2,55,0.6930742859840393,1,0.052119746804237366,0.18090246617794037,8.658660888671875,3.386282205581665,15.269678115844727,0.0,0.0
80,10,8,0.8,lat,2,56,0.9757126569747925,1,0.09639859199523926,0.17142044007778168,8.632331848144531,2.310330390930176,4.918964385986328,0.0,0.0
80,10,8,0.8,lat,2,57,0.29212620854377747,0,0.009450818412005901,0.17268158495426178,8.750030517578125,6.952585697174072,26.8887882232666,0.0,0.0
80,10,8,0.8,lat,2,58,0.6984104514122009,1,0.050124842673540115,0.17441806197166443,8.752630233764648,58.38927459716797,13.750784873962402,1.0,0.0
80,10,8,0.8,lat,2,59,0.9325069785118103,1,0.07846331596374512,0.17728546261787415,8.637231826782227,1.0398393869400024,3.3471972942352295,0.0,0.0
80,10,8,0.8,lat,2,60,0.34665003418922424,1,0.018052922561764717,0.16434749960899353,8.850469589233398,57.461509704589844,57.461509704589844,1.0,1.0
80,10,8,0.8,lat,2,61,0.4084837734699249,1,0.017356600612401962,0.17735671997070312,8.732120513916016,2.928676128387451,13.312029838562012,0.0,0.0
80,10,8,0.8,lat,2,62,0.6427546143531799,1,0.03868694603443146,0.1690148264169693,8.659037590026855,1.0412299633026123,4.458212375640869,0.0,0.0
80,10,8,0.8,lat,2,63,1.0759729146957397,1,0.11426649242639542,0.1850576549768448,8.599894523620605,59.49391174316406,9.6016263961792,1.0,0.0
80,10,8,0.8,lat,2,64,0.20858868956565857,0,0.004698051605373621,0.15940295159816742,8.93937873840332,57.37327575683594,28.590747833251953,1.0,0.0
80,10,8,0.8,lat,2,65,0.6141445636749268,1,0.041610024869441986,0.1781679093837738,8.763659477233887,57.32395553588867,19.180185317993164,1.0,0.0
80,10,8,0.8,lat,2,66,0.22758597135543823,0,0.005493985489010811,0.16802042722702026,8.841052055358887,0.9447078704833984,4.771949768066406,0.0,0.0
80,10,8,0.8,lat,2,67,0.6413748264312744,1,0.057071905583143234,0.16676069796085358,8.858912467956543,58.03323745727539,58.03323745727539,1.0,1.0
80,10,8,0.8,lat,2,68,0.9600234627723694,1,0.1733718365430832,0.16612091660499573,9.044177055358887,58.458740234375,58.458740234375,1.0,1.0
80,10,8,0.8,lat,2,69,0.6980867981910706,1,0.046498723328113556,0.17586341500282288,8.718522071838379,1.5264991521835327,3.512967824935913,0.0,0.0
80,10,8,0.8,lat,2,70,0.40177008509635925,1,0.026262525469064713,0.16425779461860657,8.925085067749023,58.752044677734375,58.752044677734375,1.0,1.0
80,10,8,0.8,lat,2,71,0.6322505474090576,1,0.036505457013845444,0.18489286303520203,8.671998977661133,0.6973909735679626,2.9975461959838867,0.0,0.0
80,10,8,0.8,lat,2,72,0.5824092030525208,1,0.03163193538784981,0.1757538765668869,8.74772834777832,0.8445855975151062,3.0675580501556396,0.0,0.0
80,10,8,0.8,lat,2,73,0.543958306312561,1,0.03520102798938751,0.1837315559387207,8.67108154296875,58.350990295410156,58.350990295410156,1.0,1.0
80,10,8,0.8,lat,2,74,0.6995782852172852,1,0.05756649747490883,0.17037831246852875,8.839218139648438,38.0836296081543,6.018877983093262,0.0,0.0
80,10,8,0.8,lat,2,75,0.5793231725692749,1,0.037214942276477814,0.17377951741218567,8.83504581451416,0.7699770927429199,2.9298136234283447,0.0,0.0
80,10,8,0.8,lat,2,76,0.7623218894004822,1,0.06418711692094803,0.179702490568161,8.705085754394531,5.124837875366211,19.651968002319336,0.0,0.0
80,10,8,0.8,lat,2,77,0.6289392113685608,1,0.03562786057591438,0.17869168519973755,8.70093822479248,0.7414560914039612,3.3461992740631104,0.0,0.0
80,10,8,0.8,lat,2,78,0.3482171297073364,1,0.012636816129088402,0.17025215923786163,8.78747272491455,2.1378984451293945,9.59166145324707,0.0,0.0
80,10,8,0.8,lat,2,79,0.46336132287979126,1,0.025743024423718452,0.16977514326572418,8.887107849121094,0.7224478721618652,3.2112648487091064,0.0,0.0
80,10,8,0.8,lat,3,0,2.2153072357177734,1,0.9786580801010132,0.252956748008728,7.381797790527344,0.21909387409687042,0.8889749646186829,0.0,0.0
80,10,8,0.8,lat,3,1,2.3367865085601807,1,0.5014488101005554,0.3231535851955414,6.025737762451172,0.25113776326179504,1.032644510269165,0.0,0.0
80,10,8,0.8,lat,3,2,3.541398763656616,1,0.8271656632423401,0.49791574478149414,3.5710947513580322,0.4427761733531952,1.488104224205017,0.0,0.0
80,10,8,0.8,lat,3,3,2.513720750808716,1,0.541042149066925,0.3455907702445984,5.6667962074279785,0.27389612793922424,1.0898231267929077,0.0,0.0
80,10,8,0.8,lat,3,4,1.9855968952178955,1,0.9606238603591919,0.2163066267967224,8.003076553344727,0.19655218720436096,0.7980076670646667,0.0,0.0
80,10,8,0.8,lat,3,5,2.1876845359802246,1,0.49828919768333435,0.29254692792892456,6.601558208465576,0.24520602822303772,0.9903922080993652,0.0,0.0
80,10,8,0.8,lat,3,6,2.7882444858551025,1,0.9789482951164246,0.3626492917537689,5.386956691741943,0.27913761138916016,1.106914758682251,0.0,0.0
80,10,8,0.8,lat,3,7,2.326737642288208,1,0.49719902873039246,0.32482895255088806,5.995632648468018,0.26363489031791687,1.05536687374115,0.0,0.0
80,10,8,0.8,lat,3,8,2.155318021774292,1,0.4940418004989624,0.2862597405910492,6.647801399230957,0.24236653745174408,0.9634472727775574,0.0,0.0
80,10,8,0.8,lat,3,9,2.1604459285736084,1,0.49457916617393494,0.28679993748664856,6.616391658782959,0.24029242992401123,0.973921000957489,0.0,0.0
80,10,8,0.8,lat,3,10,0.10925238579511642,0,0.0014907494187355042,0.16931197047233582,8.54680347442627,7.256553649902344,42.34689712524414,0.0,0.875
80,10,8,0.8,lat,3,11,0.045652154833078384,0,0.00025757396360859275,0.17412646114826202,8.421953201293945,42.013267517089844,42.013267517089844,1.0,1.0
80,10,8,0.8,lat,3,12,2.169213056564331,1,0.4895901381969452,0.2992846965789795,6.413694381713867,0.2399742603302002,0.960055410861969,0.0,0.0
80,10,8,0.8,lat,3,13,0.015906713902950287,0,4.2458872485440224e-05,0.1707276701927185,8.531891822814941,15.582928657531738,42.03282928466797,0.0,1.0
80,10,8,0.8,lat,3,14,2.3285412788391113,1,0.39858123660087585,0.34267234802246094,5.763060092926025,0.22681641578674316,0.8865320086479187,0.0,0.0
80,10,8,0.8,lat,3,15,0.04067409411072731,0,0.00021236808970570564,0.1832864135503769,8.363750457763672,6.772665500640869,30.24281883239746,0.0,0.0
80,10,8,0.8,lat,3,16,1.561331033706665,1,0.4308391809463501,0.1867859959602356,8.439916610717773,0.17082779109477997,0.6935349106788635,0.0,0.0
80,10,8,0.8,lat,3,17,1.7349750995635986,1,0.24586047232151031,0.25673237442970276,7.2758283615112305,0.3197802007198334,1.169334053993225,0.0,0.0
80,10,8,0.8,lat,3,18,2.304593324661255,1,0.4548000693321228,0.3249379098415375,6.045045852661133,0.3040102422237396,1.208960771560669,0.0,0.0
80,10,8,0.8,lat,3,19,0.41545000672340393,1,0.02708839811384678,0.17678163945674896,8.49975299835205,0.6528651714324951,2.8969080448150635,0.0,0.0
80,10,8,0.8,lat,3,20,0.34977930784225464,1,0.01589377410709858,0.16927863657474518,8.549814224243164,0.8368362188339233,3.6226089000701904,0.0,0.0
80,10,8,0.8,lat,3,21,1.1073400974273682,1,0.22017887234687805,0.16402514278888702,8.798439979553223,0.24049167335033417,0.9588963389396667,0.0,0.0
80,10,8,0.8,lat,3,22,2.2480382919311523,1,0.4007638096809387,0.31692737340927124,6.1521687507629395,0.20736637711524963,0.8373212814331055,0.0,0.0
80,10,8,0.8,lat,3,23,0.6769246459007263,1,0.07248736917972565,0.1735149323940277,8.5650053024292,0.41329139471054077,1.7726072072982788,0.0,0.0
80,10,8,0.8,lat,3,24,0.02103446237742901,0,4.2261890484951437e-05,0.17616640031337738,8.48462200164795,19.196043014526367,40.94483947753906,0.0,1.0
80,10,8,0.8,lat,3,25,1.203534483909607,1,0.1138797476887703,0.2011156976222992,8.022126197814941,12.186727523803711,2.775182008743286,0.0,0.0
80,10,8,0.8,lat,3,26,0.14011068642139435,0,0.001547687454149127,0.17461630702018738,8.428329467773438,42.8648567199707,40.60115432739258,1.0,0.25
80,10,8,0.8,lat,3,27,0.008819724433124065,0,5.9067374422738794e-06,0.18041326105594635,8.337392807006836,41.20661163330078,41.20661163330078,1.0,1.0
80,10,8,0.8,lat,3,28,0.005996668245643377,0,2.858195784938289e-06,0.1800553798675537,8.414361000061035,42.42072677612305,42.42072677612305,1.0,1.0
80,10,8,0.8,lat,3,29,0.004044602159410715,0,1.4583979464077856e-06,0.16776730120182037,8.544349670410156,41.734840393066406,41.734840393066406,1.0,1.0
80,10,8,0.8,lat,3,30,0.003988569136708975,0,1.4754022004126455e-06,0.18376193940639496,8.37409782409668,41.14398193359375,41.14398193359375,1.0,1.0
80,10,8,0.8,lat,3,31,0.007766428403556347,0,5.554070412472356e-06,0.18617641925811768,8.285699844360352,42.6166877746582,42.6166877746582,1.0,1.0
80,10,8,0.8,lat,3,32,0.004646700341254473,0,1.7953951783056254e-06,0.16978992521762848,8.569816589355469,42.28068542480469,42.28068542480469,1.0,1.0
80,10,8,0.8,lat,3,33,0.005870278924703598,0,4.007007646578131e-06,0.1658230572938919,8.505517959594727,40.52992248535156,40.52992248535156,1.0,1.0
80,10,8,0.8,lat,3,34,0.008161215111613274,0,6.100717655499466e-06,0.17560607194900513,8.52869701385498,41.75688934326172,41.75688934326172,1.0,1.0
80,10,8,0.8,lat,3,35,0.007017471827566624,0,3.889419076585909e-06,0.16583670675754547,8.648210525512695,42.27432632446289,42.27432632446289,1.0,1.0
80,10,8,0.8,lat,3,36,0.0032527900766581297,0,7.972683988555218e-07,0.17660270631313324,8.54738712310791,41.40033721923828,41.40033721923828,1.0,1.0
80,10,8,0.8,lat,3,37,0.005952063947916031,0,2.4727112304390175e-06,0.17232893407344818,8.481163024902344,41.19602966308594,41.19602966308594,1.0,1.0
80,10,8,0.8,lat,3,38,0.005178569350391626,0,2.44107377511682e-06,0.16984914243221283,8.502962112426758,41.18819808959961,41.18819808959961,1.0,1.0
80,10,8,0.8,lat,3,39,0.007515024393796921,0,4.8144424908969086e-06,0.17581769824028015,8.42085075378418,41.946773529052734,41.946773529052734,1.0,1.0
80,10,8,0.8,lat,3,40,0.0032016546465456486,0,9.190363812194846e-07,0.18820971250534058,8.340027809143066,42.77717971801758,42.77717971801758,1.0,1.0
80,10,8,0.8,lat,3,41,0.003712291829288006,0,1.3052223266640794e-06,0.18540656566619873,8.305926322937012,41.362022399902344,41.362022399902344,1.0,1.0
80,10,8,0.8,lat,3,42,0.007619910407811403,0,5.2234736358514056e-06,0.17656871676445007,8.477896690368652,38.564945220947266,41.12046813964844,0.0,1.0
80,10,8,0.8,lat,3,43,0.0027083042077720165,0,8.528381272299157e-07,0.17269085347652435,8.50460433959961,41.364166259765625,41.364166259765625,1.0,1.0
80,10,8,0.8,lat,3,44,0.004586549010127783,0,3.0557168884115526e-06,0.1866271048784256,8.38585376739502,41.26775360107422,41.26775360107422,1.0,1.0
80,10,8,0.8,lat,3,45,0.006985775660723448,0,4.4767821236746386e-06,0.18401888012886047,8.406595230102539,41.926021575927734,41.926021575927734,1.0,1.0
80,10,8,0.8,lat,3,46,0.007168090436607599,0,4.092243216291536e-06,0.16519249975681305,8.568357467651367,42.120113372802734,42.120113372802734,1.0,1.0
80,10,8,0.8,lat,3,47,0.0031410392839461565,0,1.0055083521365304e-06,0.17523375153541565,8.481657028198242,42.532081604003906,42.532081604003906,1.0,1.0
80,10,8,0.8,lat,3,48,0.0036958802957087755,0,1.0722772003646242e-06,0.17093820869922638,8.499454498291016,42.169822692871094,42.169822692871094,1.0,1.0
80,10,8,0.8,lat,3,49,0.0031457040458917618,0,8.660354069434106e-07,0.16973629593849182,8.557502746582031,41.37541961669922,41.37541961669922,1.0,1.0
80,10,8,0.8,lat,3,50,0.004169374704360962,0,1.7083040120269288e-06,0.17345596849918365,8.528851509094238,42.176021575927734,42.176021575927734,1.0,1.0
80,10,8,0.8,lat,3,51,0.007853149436414242,0,4.75445403935737e-06,0.17627772688865662,8.4994535446167,42.2990608215332,42.2990608215332,1.0,1.0
80,10,8,0.8,lat,3,52,0.0027423659339547157,0,7.719135055594961e-07,0.1805521696805954,8.349740982055664,41.956214904785156,41.956214904785156,1.0,1.0
80,10,8,0.8,lat,3,53,0.004187488462775946,0,1.473871407142724e-06,0.167338028550148,8.576837539672852,42.42524719238281,42.42524719238281,1.0,1.0
80,10,8,0.8,lat,3,54,0.006677708122879267,0,3.9970291254576296e-06,0.15847286581993103,8.698963165283203,40.91381072998047,40.91381072998047,1.0,1.0
80,10,8,0.8,lat,3,55,0.006920459680259228,0,4.494133008847712e-06,0.17199184000492096,8.484049797058105,41.66395568847656,41.66395568847656,1.0,1.0
80,10,8,0.8,lat,3,56,0.0033828795421868563,0,1.210464574796788e-06,0.17847518622875214,8.446515083312988,42.655845642089844,42.655845642089844,1.0,1.0
80,10,8,0.8,lat,3,57,0.0035464181564748287,0,9.875102477963082e-07,0.17431753873825073,8.585548400878906,41.58877944946289,41.58877944946289,1.0,1.0
80,10,8,0.8,lat,3,58,0.003791232593357563,0,1.4765306559638702e-06,0.16490019857883453,8.60863208770752,40.879371643066406,40.879371643066406,1.0,1.0
80,10,8,0.8,lat,3,59,0.004133661277592182,0,1.910598939502961e-06,0.16066867113113403,8.619455337524414,41.749454498291016,41.749454498291016,1.0,1.0
80,10,8,0.8,lat,3,60,0.00400293804705143,0,1.375966462546785e-06,0.17350347340106964,8.565896987915039,41.4832763671875,41.4832763671875,1.0,1.0
80,10,8,0.8,lat,3,61,0.0028403829783201218,0,8.081699434114853e-07,0.16225184500217438,8.517548561096191,42.050689697265625,42.050689697265625,1.0,1.0
80,10,8,0.8,lat,3,62,0.004946253728121519,0,1.7388020978614804e-06,0.17166639864444733,8.393603324890137,42.12811279296875,42.12811279296875,1.0,1.0
80,10,8,0.8,lat,3,63,0.006274169310927391,0,3.228402874810854e-06,0.18152017891407013,8.406808853149414,41.949462890625,41.949462890625,1.0,1.0
80,10,8,0.8,lat,3,64,0.0049233026802539825,0,2.969971319544129e-06,0.18451350927352905,8.34768009185791,42.38639450073242,42.38639450073242,1.0,1.0
80,10,8,0.8,lat,3,65,0.004404589533805847,0,1.9641040580609115e-06,0.17594604194164276,8.513030052185059,42.322349548339844,42.322349548339844,1.0,1.0
80,10,8,0.8,lat,3,66,0.003988458774983883,0,1.3980875337438192e-06,0.17187368869781494,8.50252628326416,40.75517654418945,40.75517654418945,1.0,1.0
80,10,8,0.8,lat,3,67,0.0042632827535271645,0,2.529070115997456e-06,0.18245501816272736,8.393731117248535,42.395179748535156,42.395179748535156,1.0,1.0
80,10,8,0.8,lat,3,68,0.006417903117835522,0,3.7703684938605875e-06,0.18800024688243866,8.359261512756348,41.462154388427734,41.462154388427734,1.0,1.0
80,10,8,0.8,lat,3,69,0.004866982344537973,0,2.2369733869709307e-06,0.16574643552303314,8.517507553100586,42.6142463684082,42.6142463684082,1.0,1.0
80,10,8,0.8,lat,3,70,0.003956110682338476,0,2.0737797967740335e-06,0.17351405322551727,8.40457820892334,40.83293914794922,40.83293914794922,1.0,1.0
80,10,8,0.8,lat,3,71,0.005849549546837807,0,4.74006992590148e-06,0.17424644529819489,8.385149955749512,41.860321044921875,41.860321044921875,1.0,1.0
80,10,8,0.8,lat,3,72,0.004270059056580067,0,1.8862106117012445e-06,0.17147858440876007,8.573437690734863,40.68263244628906,40.68263244628906,1.0,1.0
80,10,8,0.8,lat,3,73,0.0031171482987701893,0,8.220962399718701e-07,0.17186367511749268,8.438127517700195,42.656982421875,42.656982421875,1.0,1.0
80,10,8,0.8,lat,3,74,0.007591117173433304,0,4.842450834985357e-06,0.1618129014968872,8.612855911254883,39.39055252075195,42.11753463745117,0.0,1.0
80,10,8,0.8,lat,3,75,0.004506984725594521,0,1.7081496253013029e-06,0.1669902801513672,8.517271995544434,41.27332305908203,41.27332305908203,1.0,1.0
80,10,8,0.8,lat,3,76,0.0031475317664444447,0,9.367461188958259e-07,0.1751883327960968,8.425699234008789,41.30230712890625,41.30230712890625,1.0,1.0
80,10,8,0.8,lat,3,77,0.0028270245529711246,0,7.055754736029485e-07,0.16274790465831757,8.536896705627441,42.0188102722168,42.0188102722168,1.0,1.0
80,10,8,0.8,lat,3,78,0.003568679792806506,0,1.0385075484009576e-06,0.1637905240058899,8.541138648986816,42.869606018066406,42.869606018066406,1.0,1.0
80,10,8,0.8,lat,3,79,0.004353489261120558,0,1.7098547004934517e-06,0.16266469657421112,8.593995094299316,43.3311882019043,43.3311882019043,1.0,1.0
80,10,8,0.8,lat,4,0,2.2790367603302,1,0.5040677785873413,0.35104313492774963,5.69257926940918,0.2580227553844452,1.0450527667999268,0.0,0.0
80,10,8,0.8,lat,4,1,2.0081214904785156,1,0.9724264740943909,0.24283717572689056,7.801194667816162,0.1988391876220703,0.809066653251648,0.0,0.0
80,10,8,0.8,lat,4,2,2.2474443912506104,1,0.49973976612091064,0.35093313455581665,5.684428691864014,0.24609379470348358,1.021043300628662,0.0,0.0
80,10,8,0.8,lat,4,3,2.0806374549865723,1,0.49963390827178955,0.2932595908641815,6.705183982849121,0.23279865086078644,0.9383752346038818,0.0,0.0
80,10,8,0.8,lat,4,4,2.173858404159546,1,0.4998423755168915,0.32625481486320496,6.135961055755615,0.24900229275226593,1.0037329196929932,0.0,0.0
80,10,8,0.8,lat,4,5,2.246025323867798,1,0.49910396337509155,0.3471120595932007,5.754461288452148,0.2472899705171585,0.983414888381958,0.0,0.0
80,10,8,0.8,lat,4,6,2.171356439590454,1,0.4986531734466553,0.3193568289279938,6.261745929718018,0.24433834850788116,0.9588163495063782,0.0,0.0
80,10,8,0.8,lat,4,7,2.021669387817383,1,0.4988401532173157,0.2787550091743469,7.001181125640869,0.2224680483341217,0.9127107858657837,0.0,0.0
80,10,8,0.8,lat,4,8,2.0781056880950928,1,0.4983768165111542,0.29741084575653076,6.6391496658325195,0.23513759672641754,0.9180685877799988,0.0,0.0
80,10,8,0.8,lat,4,9,2.259279489517212,1,0.4955790936946869,0.3336573839187622,5.996288776397705,0.25500136613845825,1.014685869216919,0.0,0.0
80,10,8,0.8,lat,4,10,2.014859199523926,1,0.5014927387237549,0.28967538475990295,6.815150260925293,0.2198585867881775,0.8994657397270203,0.0,0.0
80,10,8,0.8,lat,4,11,2.1232235431671143,1,0.5009722113609314,0.31321239471435547,6.3514275550842285,0.22846360504627228,0.9207854866981506,0.0,0.0
80,10,8,0.8,lat,4,12,0.030722085386514664,0,0.00038601274718530476,0.14165131747722626,8.911357879638672,10.286462783813477,41.14169692993164,0.0,0.75
80,10,8,0.8,lat,4,13,2.0143542289733887,1,0.4951706528663635,0.2945759892463684,6.730119705200195,0.22828355431556702,0.9148163795471191,0.0,0.0
80,10,8,0.8,lat,4,14,1.9193494319915771,1,0.49129730463027954,0.2547405958175659,7.482030391693115,0.21689435839653015,0.8587647080421448,0.0,0.0
80,10,8,0.8,lat,4,15,2.123591899871826,1,0.49978259205818176,0.3098110556602478,6.42433500289917,0.23351740837097168,0.9430671334266663,0.0,0.0
80,10,8,0.8,lat,4,16,1.9266270399093628,1,0.493213415145874,0.2571460008621216,7.411789417266846,0.2077314406633377,0.8144668936729431,0.0,0.0
80,10,8,0.8,lat,4,17,0.025587186217308044,0,0.00020692378166131675,0.14016005396842957,8.944990158081055,13.708040237426758,42.51641082763672,0.0,1.0
80,10,8,0.8,lat,4,18,1.9911986589431763,1,0.48870086669921875,0.2802082300186157,6.990963935852051,0.22077979147434235,0.876163899898529,0.0,0.0
80,10,8,0.8,lat,4,19,0.051722895354032516,0,0.0009553998825140297,0.14112886786460876,8.947773933410645,6.5184478759765625,27.960689544677734,0.0,0.0
80,10,8,0.8,lat,4,20,0.08686994016170502,0,0.0027847460005432367,0.14114795625209808,8.916388511657715,3.941978931427002,41.926265716552734,0.0,1.0
80,10,8,0.8,lat,4,21,0.06055197864770889,0,0.001395637751556933,0.13328450918197632,8.990286827087402,5.4588093757629395,23.889766693115234,0.0,0.0
80,10,8,0.8,lat,4,22,0.20382726192474365,0,0.015180188231170177,0.13712571561336517,9.129661560058594,1.6451070308685303,7.997524738311768,0.0,0.0
80,10,8,0.8,lat,4,23,0.013792464509606361,0,6.976171425776556e-05,0.14061498641967773,8.933011054992676,24.226726531982422,42.26741027832031,0.0,1.0
80,10,8,0.8,lat,4,24,0.09873674809932709,0,0.00348755344748497,0.13847537338733673,8.955327987670898,3.417405605316162,16.090986251831055,0.0,0.0
80,10,8,0.8,lat,4,25,0.10095992684364319,0,0.003621956566348672,0.1409767121076584,8.991869926452637,3.3988633155822754,41.73591232299805,0.0,1.0
80,10,8,0.8,lat,4,26,0.29164406657218933,0,0.030356891453266144,0.14105603098869324,8.991839408874512,1.1589783430099487,5.562204837799072,0.0,0.0
80,10,8,0.8,lat,4,27,0.29962456226348877,0,0.03209461271762848,0.13503673672676086,9.048819541931152,1.127637267112732,5.341381549835205,0.0,0.0
80,10,8,0.8,lat,4,28,0.2159508764743805,0,0.016598090529441833,0.1389239877462387,9.019110679626465,1.5683605670928955,7.395042896270752,0.0,0.0
80,10,8,0.8,lat,4,29,0.729626476764679,1,0.18841125071048737,0.13707861304283142,9.25107192993164,0.47237345576286316,2.054471731185913,0.0,0.0
80,10,8,0.8,lat,4,30,0.012799526564776897,0,5.068649261374958e-05,0.14170733094215393,8.969837188720703,41.41374969482422,41.41374969482422,1.0,1.0
80,10,8,0.8,lat,4,31,0.0066070398315787315,0,1.344774955214234e-05,0.14691083133220673,9.00576400756836,41.06589889526367,41.06589889526367,1.0,1.0
80,10,8,0.8,lat,4,32,0.2902447283267975,0,0.029409458860754967,0.1461222767829895,9.013242721557617,1.1746513843536377,5.593841075897217,0.0,0.0
80,10,8,0.8,lat,4,33,0.3030301332473755,1,0.032353393733501434,0.1406167894601822,9.056633949279785,1.1216322183609009,5.3135881423950195,0.0,0.0
80,10,8,0.8,lat,4,34,0.11231400072574615,0,0.004444592632353306,0.14269858598709106,8.940340995788574,3.025167942047119,14.288372993469238,0.0,0.0
80,10,8,0.8,lat,4,35,0.3992288112640381,1,0.05567149072885513,0.14537376165390015,9.109260559082031,0.8554996252059937,3.964465379714966,0.0,0.0
80,10,8,0.8,lat,4,36,0.31572699546813965,1,0.03461276367306709,0.14696119725704193,8.994277954101562,1.0823051929473877,5.235738277435303,0.0,0.0
80,10,8,0.8,lat,4,37,0.20788364112377167,0,0.015015740878880024,0.13470737636089325,9.013080596923828,1.642806053161621,8.011402130126953,0.0,0.0
80,10,8,0.8,lat,4,38,0.4368801712989807,1,0.06638693809509277,0.13531316816806793,9.078520774841309,0.7926896214485168,3.7337191104888916,0.0,0.0
80,10,8,0.8,lat,4,39,0.34981435537338257,1,0.042497847229242325,0.14266660809516907,9.05787467956543,0.976570188999176,4.669707298278809,0.0,0.0
80,10,8,0.8,lat,4,40,0.03544968366622925,0,0.00043971469858661294,0.1416756957769394,8.901479721069336,9.58525276184082,39.286170959472656,0.0,0.0
80,10,8,0.8,lat,4,41,0.49462127685546875,1,0.08459790050983429,0.14222954213619232,9.127074241638184,0.6943520903587341,3.1207828521728516,0.0,0.0
80,10,8,0.8,lat,4,42,0.08252246677875519,0,0.0023381381761282682,0.14178763329982758,8.971802711486816,4.1597580909729,18.827457427978516,0.0,0.0
80,10,8,0.8,lat,4,43,0.09803721308708191,0,0.003315489273518324,0.1379176378250122,8.990976333618164,3.492100715637207,16.267742156982422,0.0,0.0
80,10,8,0.8,lat,4,44,0.09452075511217117,0,0.003093735547736287,0.1397242546081543,9.009270668029785,3.615934371948242,16.731929779052734,0.0,0.0
80,10,8,0.8,lat,4,45,0.0620507076382637,0,0.0013173578772693872,0.13623175024986267,9.027291297912598,5.5340046882629395,23.959266662597656,0.0,0.0
80,10,8,0.8,lat,4,46,0.028729211539030075,0,0.0002847308642230928,0.1409248560667038,8.976183891296387,11.89189338684082,41.77935028076172,0.0,1.0
80,10,8,0.8,lat,4,47,0.2868986427783966,0,0.028449688106775284,0.13781046867370605,8.971745491027832,1.1940287351608276,7.632322311401367,0.0,0.0
80,10,8,0.8,lat,4,48,0.20595619082450867,0,0.014615998603403568,0.14366519451141357,8.968598365783691,1.6636539697647095,7.986983299255371,0.0,0.0
80,10,8,0.8,lat,4,49,0.15756994485855103,0,0.008567100390791893,0.13990691304206848,8.966014862060547,2.1745455265045166,10.534897804260254,0.0,0.0
80,10,8,0.8,lat,4,50,0.16401922702789307,0,0.009236069396138191,0.13928727805614471,8.995001792907715,2.0916035175323486,10.199281692504883,0.0,0.0
80,10,8,0.8,lat,4,51,0.00591778289526701,0,9.605701961845625e-06,0.14414766430854797,8.922459602355957,41.19525146484375,41.19525146484375,1.0,1.0
80,10,8,0.8,lat,4,52,0.09253643453121185,0,0.0029523882549256086,0.14027570188045502,9.042734146118164,3.699411630630493,16.84268569946289,0.0,0.0
80,10,8,0.8,lat,4,53,0.05730968341231346,0,0.0011425823904573917,0.13028806447982788,9.06326675415039,5.954614162445068,26.008399963378906,0.0,0.0
80,10,8,0.8,lat,4,54,0.35420307517051697,1,0.04302644729614258,0.1385815441608429,9.136908531188965,0.968910813331604,4.578757286071777,0.0,0.0
80,10,8,0.8,lat,4,55,0.014076771214604378,0,6.513169500976801e-05,0.14722852408885956,8.935043334960938,41.574546813964844,41.574546813964844,1.0,1.0
80,10,8,0.8,lat,4,56,0.08670707792043686,0,0.0025917659513652325,0.13981646299362183,8.93758487701416,4.0457353591918945,41.392189025878906,0.0,1.0
80,10,8,0.8,lat,4,57,0.10780078917741776,0,0.0039528654888272285,0.14341920614242554,8.973602294921875,3.195399284362793,14.773099899291992,0.0,0.0
80,10,8,0.8,lat,4,58,0.01282560545951128,0,5.457736915559508e-05,0.13694603741168976,8.897051811218262,26.4427490234375,40.82899475097656,0.0,1.0
80,10,8,0.8,lat,4,59,0.12107289582490921,0,0.004991309251636267,0.14698633551597595,8.923455238342285,2.8427035808563232,13.438989639282227,0.0,0.0
80,10,8,0.8,lat,4,60,0.15584902465343475,0,0.008328340947628021,0.13592998683452606,9.022255897521973,2.2017483711242676,10.737399101257324,0.0,0.0
80,10,8,0.8,lat,4,61,0.004157225135713816,0,4.114644070796203e-06,0.1428777426481247,8.891411781311035,41.499176025390625,41.499176025390625,1.0,1.0
80,10,8,0.8,lat,4,62,0.022490041330456734,0,0.00016090278222691268,0.14521798491477966,8.838924407958984,15.550318717956543,40.936622619628906,0.0,1.0
80,10,8,0.8,lat,4,63,0.05986136943101883,0,0.0012125730281695724,0.14399830996990204,8.94726276397705,5.751845359802246,24.836612701416016,0.0,0.0
80,10,8,0.8,lat,4,64,0.13495700061321259,0,0.006234768778085709,0.13915805518627167,9.01688003540039,2.546004056930542,12.221538543701172,0.0,0.0
80,10,8,0.8,lat,4,65,0.05523721128702164,0,0.0010615126229822636,0.14806248247623444,8.931268692016602,6.176059246063232,26.715797424316406,0.0,0.0
80,10,8,0.8,lat,4,66,0.019827375188469887,0,0.00012543851335067302,0.1396791636943817,9.005562782287598,41.33058547973633,41.33058547973633,1.0,1.0
80,10,8,0.8,lat,4,67,0.05527245253324509,0,0.0010317579144611955,0.14330589771270752,8.968548774719238,6.24749231338501,26.71200180053711,0.0,0.0
80,10,8,0.8,lat,4,68,0.03273449093103409,0,0.0003645844117272645,0.13974666595458984,8.965324401855469,10.522223472595215,40.87741470336914,0.0,0.25
80,10,8,0.8,lat,4,69,0.08098814636468887,0,0.0022786655463278294,0.13880281150341034,8.936330795288086,4.218608379364014,18.997163772583008,0.0,0.0
80,10,8,0.8,lat,4,70,0.0028967170510441065,0,9.65049366641324e-07,0.14295966923236847,8.954964637756348,41.25862121582031,41.25862121582031,1.0,1.0
80,10,8,0.8,lat,4,71,0.015190541744232178,0,7.490738062188029e-05,0.14142942428588867,8.993666648864746,22.9947452545166,41.49747848510742,0.0,1.0
80,10,8,0.8,lat,4,72,0.03806276619434357,0,0.00048515567323192954,0.13530664145946503,8.923978805541992,9.086527824401855,36.93162155151367,0.0,0.0
80,10,8,0.8,lat,4,73,0.29409438371658325,0,0.029545394703745842,0.1400091052055359,9.077189445495605,1.168339729309082,5.751977920532227,0.0,0.0
80,10,8,0.8,lat,4,74,0.0634271577000618,0,0.0013664399739354849,0.13872958719730377,9.016162872314453,5.419200420379639,23.794906616210938,0.0,0.0
80,10,8,0.8,lat,4,75,0.0835430845618248,0,0.002392144873738289,0.13762548565864563,8.972689628601074,4.102102756500244,18.320762634277344,0.0,0.0
80,10,8,0.8,lat,4,76,0.129592165350914,0,0.005732742603868246,0.1375674605369568,9.00930404663086,2.650841474533081,12.928842544555664,0.0,0.0
80,10,8,0.8,lat,4,77,0.029709357768297195,0,0.00029291436658240855,0.13996471464633942,8.966452598571777,40.421730041503906,40.421730041503906,1.0,1.0
80,10,8,0.8,lat,4,78,0.02146312966942787,0,0.00015410312335006893,0.14059150218963623,9.022750854492188,16.012060165405273,40.71117401123047,0.0,1.0
80,10,8,0.8,lat,4,79,0.014256331138312817,0,6.563759234268218e-05,0.144313782453537,8.946006774902344,24.322736740112305,40.33802795410156,0.0,1.0
80,10,8,0.9,baseline,0,0,1.2992476224899292,1,0.5499851107597351,0.31110119819641113,5.885600566864014,0.11903157830238342,0.4475787878036499,0.0,0.0
80,10,8,0.9,baseline,0,1,1.320759892463684,1,0.4735110402107239,0.3371906578540802,5.679157257080078,0.1296057552099228,0.526448667049408,0.0,0.0
80,10,8,0.9,baseline,0,2,1.4027321338653564,1,0.48651206493377686,0.38089224696159363,4.915695667266846,0.13783998787403107,0.5497152805328369,0.0,0.0
80,10,8,0.9,baseline,0,3,1.1596237421035767,1,0.4773360788822174,0.30169937014579773,6.0900492668151855,0.11797023564577103,0.47316625714302063,0.0,0.0
80,10,8,0.9,baseline,0,4,1.139745831489563,1,0.46686476469039917,0.27658411860466003,6.5712151527404785,0.1116357371211052,0.44058993458747864,0.0,0.0
80,10,8,0.9,baseline,0,5,1.4861806631088257,1,0.4606793522834778,0.42913466691970825,4.300258636474609,0.14326566457748413,0.5572068691253662,0.0,0.0
80,10,8,0.9,baseline,0,6,1.226474642753601,1,0.46891722083091736,0.32782217860221863,5.740081310272217,0.12140396982431412,0.47955521941185,0.0,0.0
80,10,8,0.9,baseline,0,7,1.2192550897598267,1,0.4465123414993286,0.33273205161094666,5.788538455963135,0.12588520348072052,0.5110803842544556,0.0,0.0
80,10,8,0.9,baseline,0,8,1.424943208694458,1,0.3358503580093384,0.40553316473960876,4.6882123947143555,0.13073770701885223,0.48793941736221313,0.0,0.0
80,10,8,0.9,baseline,0,9,1.3779985904693604,1,0.46917301416397095,0.38876819610595703,4.863296031951904,0.14239533245563507,0.564694344997406,0.0,0.0
80,10,8,0.9,baseline,0,10,1.471292495727539,1,0.4460732936859131,0.41532379388809204,4.535871505737305,0.1495039016008377,0.5997157096862793,0.0,0.0
80,10,8,0.9,baseline,0,11,1.2856839895248413,1,0.44532984495162964,0.3302750885486603,5.766501426696777,0.13119429349899292,0.5316645503044128,0.0,0.0
80,10,8,0.9,baseline,0,12,1.5976321697235107,1,0.4659808874130249,0.466287225484848,3.8430886268615723,0.15815114974975586,0.6123254299163818,0.0,0.0
80,10,8,0.9,baseline,0,13,1.5864242315292358,1,0.42763960361480713,0.4665335714817047,3.8609390258789062,0.15359017252922058,0.6033252477645874,0.0,0.0
80,10,8,0.9,baseline,0,14,1.1364089250564575,1,0.33497485518455505,0.2998506426811218,6.249760627746582,0.12327881902456284,0.4916001558303833,0.0,0.0
80,10,8,0.9,baseline,0,15,1.5217509269714355,1,0.4299592971801758,0.43253225088119507,4.277090072631836,0.14781169593334198,0.5858413577079773,0.0,0.0
80,10,8,0.9,baseline,0,16,0.14104309678077698,0,0.006714807823300362,0.19092659652233124,8.047835350036621,0.6389201879501343,3.3063297271728516,0.0,0.0
80,10,8,0.9,baseline,0,17,2.0296525955200195,1,0.44969290494918823,0.6049535274505615,2.588130474090576,0.14687176048755646,0.5797042846679688,0.0,0.0
80,10,8,0.9,baseline,0,18,1.6287516355514526,1,0.3296041786670685,0.5329856276512146,3.179658889770508,0.1474533975124359,0.5889844298362732,0.0,0.0
80,10,8,0.9,baseline,0,19,1.4772467613220215,1,0.36481451988220215,0.42492184042930603,4.352323532104492,0.15299299359321594,0.5937038064002991,0.0,0.0
80,10,8,0.9,baseline,0,20,0.08287642896175385,0,0.0028125792741775513,0.22481289505958557,7.670680999755859,1.0653760433197021,5.498249053955078,0.0,0.0
80,10,8,0.9,baseline,0,21,0.8279258012771606,1,0.13243374228477478,0.28022581338882446,6.673681735992432,0.26243141293525696,1.2005751132965088,0.0,0.0
80,10,8,0.9,baseline,0,22,0.38163065910339355,1,0.01961049810051918,0.22677578032016754,7.730555534362793,0.6797224879264832,2.935509204864502,0.0,0.0
80,10,8,0.9,baseline,0,23,0.2423110455274582,0,0.024309132248163223,0.23825398087501526,7.574314117431641,0.3671157658100128,1.8670293092727661,0.0,0.0
80,10,8,0.9,baseline,0,24,0.09151583164930344,0,0.0009658760391175747,0.20893384516239166,7.8498663902282715,3.6931447982788086,19.67220115661621,0.0,1.0
80,10,8,0.9,baseline,0,25,0.14531347155570984,0,0.006805179174989462,0.21914072334766388,7.7051239013671875,0.7111133337020874,3.4950761795043945,0.0,0.0
80,10,8,0.9,baseline,0,26,1.0929964780807495,1,0.14539434015750885,0.3767429292201996,5.199990272521973,0.3242141604423523,1.2991631031036377,0.0,0.0
80,10,8,0.9,baseline,0,27,0.6421789526939392,1,0.052389293909072876,0.2908640205860138,6.650542259216309,0.48172640800476074,2.100857973098755,0.0,0.0
80,10,8,0.9,baseline,0,28,0.0442049466073513,0,0.0008129277266561985,0.22946926951408386,7.63033390045166,1.9100737571716309,9.73623275756836,0.0,0.0
80,10,8,0.9,baseline,0,29,0.2444572001695633,0,0.008283188566565514,0.23827779293060303,7.323375701904297,0.944707453250885,4.105216026306152,0.0,0.0
80,10,8,0.9,baseline,0,30,0.08391769230365753,0,0.0007999122608453035,0.22914205491542816,7.554971218109131,2.230336904525757,14.990850448608398,0.0,0.0
80,10,8,0.9,baseline,0,31,0.17737609148025513,0,0.004442269913852215,0.24482573568820953,7.527494430541992,1.2002458572387695,5.02229642868042,0.0,0.0
80,10,8,0.9,baseline,0,32,0.05756067857146263,0,0.00038548471638932824,0.22628924250602722,7.732516765594482,4.579497814178467,19.727209091186523,0.0,1.0
80,10,8,0.9,baseline,0,33,0.15594521164894104,0,0.002835427178069949,0.23575060069561005,7.522988796234131,2.758877992630005,20.78300666809082,0.0,1.0
80,10,8,0.9,baseline,0,34,0.025069350376725197,0,0.0001450156996725127,0.2360827922821045,7.501478672027588,3.1479668617248535,19.212421417236328,0.0,0.0
80,10,8,0.9,baseline,0,35,0.03151332214474678,0,0.00012979480379726738,0.20245173573493958,8.031157493591309,3.922745943069458,19.506961822509766,0.0,1.0
80,10,8,0.9,baseline,0,36,0.03061119094491005,0,0.0002650209644343704,0.19066768884658813,7.86605167388916,3.1885619163513184,14.74804401397705,0.0,0.0
80,10,8,0.9,baseline,0,37,0.08840586990118027,0,0.0008879608358256519,0.21384544670581818,7.761425495147705,4.136451244354248,19.29924774169922,0.0,1.0
80,10,8,0.9,baseline,0,38,0.023639606311917305,0,0.0001987139694392681,0.22236917912960052,7.667061805725098,4.0159125328063965,17.369056701660156,0.0,0.0
80,10,8,0.9,baseline,0,39,0.05054115504026413,0,0.00029607495525851846,0.19844059646129608,7.954514980316162,3.6097233295440674,20.031028747558594,0.0,1.0
80,10,8,0.9,baseline,0,40,0.023242125287652016,0,0.00011503376299515367,0.23082131147384644,7.523082256317139,4.394561290740967,19.6048583984375,0.0,1.0
80,10,8,0.9,baseline,0,41,0.04116019234061241,0,0.0003331690968479961,0.214241623878479,7.896740913391113,2.919679641723633,12.559309005737305,0.0,0.0
80,10,8,0.9,baseline,0,42,0.0232599638402462,0,0.00020413992751855403,0.23837719857692719,7.405043601989746,3.6935031414031982,18.0422420501709,0.0,0.0
80,10,8,0.9,baseline,0,43,0.05707530304789543,0,0.00045736777246929705,0.228208988904953,7.658565521240234,3.577260732650757,13.306954383850098,0.0,0.0
80,10,8,0.9,baseline,0,44,0.06144312769174576,0,0.0005261897458694875,0.23505887389183044,7.572113037109375,3.0308284759521484,11.580446243286133,0.0,0.0
80,10,8,0.9,baseline,0,45,0.1698961853981018,0,0.0035774540156126022,0.21528805792331696,7.694884777069092,1.7056496143341064,6.499534606933594,0.0,0.0
80,10,8,0.9,baseline,0,46,0.028023509308695793,0,0.00023242626048158854,0.2365582138299942,7.458717346191406,3.6650614738464355,15.975343704223633,0.0,0.0
80,10,8,0.9,baseline,0,47,0.021992195397615433,0,0.00020821054931730032,0.20127327740192413,7.90428352355957,3.4961066246032715,17.402393341064453,0.0,0.0
80,10,8,0.9,baseline,0,48,0.014967875555157661,0,7.711753278272226e-05,0.2147342562675476,7.717772960662842,5.847765922546387,20.35669708251953,0.0,1.0
80,10,8,0.9,baseline,0,49,0.03104468248784542,0,0.00012920194421894848,0.24544495344161987,7.380509376525879,4.4166669845581055,19.75551986694336,0.0,1.0
80,10,8,0.9,baseline,0,50,0.02287718653678894,0,0.0002086312451865524,0.23727084696292877,7.259394645690918,3.431462287902832,17.277620315551758,0.0,0.0
80,10,8,0.9,baseline,0,51,0.05685798451304436,0,0.0003624523233156651,0.24485941231250763,7.37810754776001,3.1201250553131104,19.283205032348633,0.0,0.625
80,10,8,0.9,baseline,0,52,0.08844919502735138,0,0.000889354501850903,0.22534707188606262,7.760239601135254,3.4284112453460693,19.437028884887695,0.0,1.0
80,10,8,0.9,baseline,0,53,0.051623474806547165,0,0.0003694733022712171,0.23262058198451996,7.449427127838135,3.8253989219665527,14.268760681152344,0.0,0.0
80,10,8,0.9,baseline,0,54,0.05365704372525215,0,0.0003616719041019678,0.20550082623958588,8.092329978942871,4.768913745880127,16.97850227355957,0.0,0.0
80,10,8,0.9,baseline,0,55,0.038661204278469086,0,0.00018269880092702806,0.24433763325214386,7.36610221862793,4.029575347900391,19.128114700317383,0.0,1.0
80,10,8,0.9,baseline,0,56,0.039670053869485855,0,0.0002178224385716021,0.23017866909503937,7.6236138343811035,5.146888732910156,19.057241439819336,0.0,0.125
80,10,8,0.9,baseline,0,57,0.059514738619327545,0,0.00047144366544671357,0.20969679951667786,7.828948974609375,3.82220458984375,13.944117546081543,0.0,0.0
80,10,8,0.9,baseline,0,58,0.05285615846514702,0,0.0004014981386717409,0.2121221274137497,7.947065830230713,3.485856294631958,13.344449043273926,0.0,0.0
80,10,8,0.9,baseline,0,59,0.1663825809955597,0,0.0034107735846191645,0.23598475754261017,7.485044002532959,1.785377025604248,6.790598392486572,0.0,0.0
80,10,8,0.9,baseline,0,60,0.028911180794239044,0,0.00020430020231287926,0.20934328436851501,7.848381042480469,3.517155170440674,15.970756530761719,0.0,0.0
80,10,8,0.9,baseline,0,61,0.0444512739777565,0,0.00023521068214904517,0.22322511672973633,7.742021560668945,3.2301182746887207,20.268739700317383,0.0,0.625
80,10,8,0.9,baseline,0,62,0.0633963793516159,0,0.0005661949981004,0.2076011449098587,7.903210639953613,20.045902252197266,20.045902252197266,1.0,1.0
80,10,8,0.9,baseline,0,63,0.017709162086248398,0,8.436735515715554e-05,0.20942726731300354,7.732029438018799,5.988781929016113,19.842113494873047,0.0,1.0
80,10,8,0.9,baseline,0,64,0.01955346390604973,0,9.718705405248329e-05,0.23385517299175262,7.5724873542785645,4.981441497802734,19.668773651123047,0.0,1.0
80,10,8,0.9,baseline,0,65,0.01970120705664158,0,0.00010157316864933819,0.22111068665981293,7.634153366088867,4.710906982421875,20.218326568603516,0.0,1.0
80,10,8,0.9,baseline,0,66,0.05996370688080788,0,0.00040870197699405253,0.23451866209506989,7.437845706939697,3.0688679218292236,19.912818908691406,0.0,0.375
80,10,8,0.9,baseline,0,67,0.01795084774494171,0,8.704459469299763e-05,0.24644488096237183,7.203001022338867,6.43708610534668,20.32288360595703,0.0,1.0
80,10,8,0.9,baseline,0,68,0.023700060322880745,0,9.855468670139089e-05,0.206910640001297,7.649852752685547,4.321394443511963,19.368938446044922,0.0,1.0
80,10,8,0.9,baseline,0,69,0.10635717958211899,0,0.0014064641436561942,0.19519668817520142,8.021501541137695,2.570774555206299,9.682015419006348,0.0,0.0
80,10,8,0.9,baseline,0,70,0.018762098625302315,0,0.00010907161777140573,0.2035447061061859,7.942916393280029,5.209033966064453,20.338871002197266,0.0,1.0
80,10,8,0.9,baseline,0,71,0.029701780527830124,0,0.00011109660408692434,0.23149098455905914,7.480537414550781,4.474005699157715,19.6361083984375,0.0,1.0
80,10,8,0.9,baseline,0,72,0.08876001089811325,0,0.0008984524174593389,0.2235797494649887,7.6225152015686035,2.6887006759643555,19.617830276489258,0.0,0.625
80,10,8,0.9,baseline,0,73,0.6357908248901367,1,0.047422513365745544,0.2760820984840393,6.80623722076416,21.097694396972656,17.128019332885742,1.0,0.0
80,10,8,0.9,baseline,0,74,0.05578421801328659,0,0.00035204653977416456,0.22629766166210175,7.659646987915039,4.187400817871094,19.986116409301758,0.0,1.0
80,10,8,0.9,baseline,0,75,0.04329030215740204,0,0.0002747672551777214,0.21584320068359375,7.690861701965332,4.081246376037598,15.597874641418457,0.0,0.0
80,10,8,0.9,baseline,0,76,0.042188871651887894,0,0.0002782585797831416,0.20846667885780334,7.88308048248291,3.938103199005127,15.305106163024902,0.0,0.0
80,10,8,0.9,baseline,0,77,0.031758226454257965,0,0.00017035601194947958,0.21894070506095886,7.725980281829834,4.548417568206787,18.021095275878906,0.0,0.0
80,10,8,0.9,baseline,0,78,0.08075585961341858,0,0.000741404015570879,0.22655850648880005,7.65116024017334,4.479952335357666,19.855878829956055,0.0,1.0
80,10,8,0.9,baseline,0,79,0.058061983436346054,0,0.00048023989074863493,0.2200545221567154,7.533193588256836,3.3461334705352783,12.345867156982422,0.0,0.0
80,10,8,0.9,baseline,1,0,1.410804033279419,1,0.47856271266937256,0.3749302625656128,5.194327354431152,0.13939154148101807,0.5383883118629456,0.0,0.0
80,10,8,0.9,baseline,1,1,1.2968693971633911,1,0.4757879674434662,0.3652268946170807,5.415079593658447,0.12734216451644897,0.5257567167282104,0.0,0.0
80,10,8,0.9,baseline,1,2,1.3314372301101685,1,0.4760214388370514,0.372498482465744,5.257876396179199,0.13063748180866241,0.5166314244270325,0.0,0.0
80,10,8,0.9,baseline,1,3,1.3894966840744019,1,0.4832686185836792,0.3836507499217987,5.078604221343994,0.14028847217559814,0.5605958700180054,0.0,0.0
80,10,8,0.9,baseline,1,4,1.3821132183074951,1,0.4784053564071655,0.3665570020675659,5.3599934577941895,0.14505480229854584,0.5782968401908875,0.0,0.0
80,10,8,0.9,baseline,1,5,1.5288512706756592,1,0.48705828189849854,0.42586323618888855,4.469662666320801,0.15080079436302185,0.6103630065917969,0.0,0.0
80,10,8,0.9,baseline,1,6,1.3325380086898804,1,0.45548081398010254,0.3679046630859375,5.391308307647705,0.1310778558254242,0.5315862894058228,0.0,0.0
80,10,8,0.9,baseline,1,7,1.4926310777664185,1,0.4807480275630951,0.41415250301361084,4.627463340759277,0.14664074778556824,0.5842543840408325,0.0,0.0
80,10,8,0.9,baseline,1,8,1.4923269748687744,1,0.43770188093185425,0.44488728046417236,4.195332050323486,0.13143746554851532,0.5225850343704224,0.0,0.0
80,10,8,0.9,baseline,1,9,1.278917670249939,1,0.4627608358860016,0.3516809344291687,5.60017204284668,0.1283709704875946,0.5057694315910339,0.0,0.0
80,10,8,0.9,baseline,1,10,1.6569743156433105,1,0.4561385214328766,0.4977288246154785,3.574019193649292,0.1489989012479782,0.5893502831459045,0.0,0.0
80,10,8,0.9,baseline,1,11,1.478541612625122,1,0.43027761578559875,0.4304906129837036,4.415410041809082,0.13186798989772797,0.5188555121421814,0.0,0.0
80,10,8,0.9,baseline,1,12,1.28980553150177,1,0.34485822916030884,0.3768790662288666,5.196226119995117,0.10424394905567169,0.42062801122665405,0.0,0.0
80,10,8,0.9,baseline,1,13,1.3110402822494507,1,0.4414486289024353,0.36670762300491333,5.397182464599609,0.1309189796447754,0.5177316665649414,0.0,0.0
80,10,8,0.9,baseline,1,14,1.2940561771392822,1,0.449720174074173,0.3671616017818451,5.340638160705566,0.13663002848625183,0.5529972314834595,0.0,0.0
80,10,8,0.9,baseline,1,15,1.493336796760559,1,0.4642314314842224,0.4335591793060303,4.352204322814941,0.15371358394622803,0.6199406385421753,0.0,0.0
80,10,8,0.9,baseline,1,16,1.3383182287216187,1,0.4312443435192108,0.37906742095947266,5.146297454833984,0.14473409950733185,0.575934886932373,0.0,0.0
80,10,8,0.9,baseline,1,17,1.6260159015655518,1,0.43972140550613403,0.502480149269104,3.5178375244140625,0.14596745371818542,0.5854742527008057,0.0,0.0
80,10,8,0.9,baseline,1,18,0.5410218834877014,1,0.06193724274635315,0.19765149056911469,8.23178768157959,0.22902707755565643,1.0265495777130127,0.0,0.0
80,10,8,0.9,baseline,1,19,1.156596302986145,1,0.27661845088005066,0.33775609731674194,5.9185099601745605,0.12188702821731567,0.4842958450317383,0.0,0.0
80,10,8,0.9,baseline,1,20,1.4426676034927368,1,0.44966283440589905,0.41455918550491333,4.616287708282471,0.15120390057563782,0.606575608253479,0.0,0.0
80,10,8,0.9,baseline,1,21,0.15123407542705536,0,0.004858267493546009,0.17144916951656342,8.607969284057617,0.8086003065109253,4.728508949279785,0.0,0.0
80,10,8,0.9,baseline,1,22,0.007085456512868404,0,2.1333924451027997e-05,0.18148161470890045,8.46196174621582,10.374674797058105,18.988473892211914,0.0,1.0
80,10,8,0.9,baseline,1,23,0.006869238335639238,0,1.2015036190859973e-05,0.1680144965648651,8.575677871704102,15.482486724853516,18.870540618896484,0.0,1.0
80,10,8,0.9,baseline,1,24,0.13497105240821838,0,0.0038925991393625736,0.17750754952430725,8.52009391784668,0.8898364901542664,5.304746150970459,0.0,0.0
80,10,8,0.9,baseline,1,25,0.017003687098622322,0,8.766262180870399e-05,0.17583279311656952,8.63325309753418,4.603178977966309,19.222156524658203,0.0,1.0
80,10,8,0.9,baseline,1,26,0.00476750498637557,0,5.391374997998355e-06,0.16498075425624847,8.752975463867188,19.070402145385742,19.070402145385742,1.0,1.0
80,10,8,0.9,baseline,1,27,0.008012857288122177,0,2.1269490389386192e-05,0.1752615123987198,8.505714416503906,9.390018463134766,18.995548248291016,0.0,1.0
80,10,8,0.9,baseline,1,28,0.003812063718214631,0,4.596291546477005e-06,0.17736239731311798,8.438824653625488,19.377225875854492,19.377225875854492,1.0,1.0
80,10,8,0.9,baseline,1,29,0.0058433604426681995,0,9.190460332320072e-06,0.17720584571361542,8.558014869689941,19.795738220214844,19.795738220214844,1.0,1.0
80,10,8,0.9,baseline,1,30,0.00587226077914238,0,6.981732894928427e-06,0.18796679377555847,8.408857345581055,18.369653701782227,18.369653701782227,1.0,1.0
80,10,8,0.9,baseline,1,31,0.009272944182157516,0,1.693051126494538e-05,0.15875573456287384,8.770662307739258,18.039113998413086,18.373180389404297,0.0,1.0
80,10,8,0.9,baseline,1,32,0.0058608027175068855,0,1.6698322724550962e-05,0.16837705671787262,8.418889045715332,11.77491569519043,19.157367706298828,0.0,1.0
80,10,8,0.9,baseline,1,33,0.006402693223208189,0,9.726209100335836e-06,0.1904715746641159,8.417060852050781,19.563350677490234,19.563350677490234,1.0,1.0
80,10,8,0.9,baseline,1,34,0.007111955899745226,0,1.3495773600880057e-05,0.1737762689590454,8.569770812988281,14.775675773620605,19.54837989807129,0.0,1.0
80,10,8,0.9,baseline,1,35,0.0036668337415903807,0,3.949501660827082e-06,0.16912803053855896,8.519161224365234,20.347793579101562,20.347793579101562,1.0,1.0
80,10,8,0.9,baseline,1,36,0.006350485607981682,0,9.154849067272153e-06,0.17779624462127686,8.539512634277344,19.129474639892578,19.129474639892578,1.0,1.0
80,10,8,0.9,baseline,1,37,0.004932138603180647,0,6.995221610850422e-06,0.16903549432754517,8.517609596252441,18.564834594726562,19.44670867919922,0.0,1.0
80,10,8,0.9,baseline,1,38,0.0077256071381270885,0,1.8223987353849225e-05,0.17537268996238708,8.55604076385498,13.22535514831543,19.14039421081543,0.0,1.0
80,10,8,0.9,baseline,1,39,0.007026101928204298,0,1.007853734336095e-05,0.16745072603225708,8.648468971252441,19.111597061157227,19.111597061157227,1.0,1.0
80,10,8,0.9,baseline,1,40,0.007496727164834738,0,1.5773095583426766e-05,0.17674870789051056,8.530569076538086,13.825674057006836,18.479129791259766,0.0,1.0
80,10,8,0.9,baseline,1,41,0.003663878422230482,0,2.942604851341457e-06,0.16646583378314972,8.521873474121094,18.946197509765625,18.946197509765625,1.0,1.0
80,10,8,0.9,baseline,1,42,0.006174562498927116,0,1.0000931979448069e-05,0.16820555925369263,8.49565601348877,18.735000610351562,18.735000610351562,1.0,1.0
80,10,8,0.9,baseline,1,43,0.004999934229999781,0,6.369508810166735e-06,0.16952422261238098,8.60484504699707,18.857349395751953,18.857349395751953,1.0,1.0
80,10,8,0.9,baseline,1,44,0.005489075090736151,0,7.014459242782323e-06,0.18669411540031433,8.452863693237305,18.797815322875977,18.797815322875977,1.0,1.0
80,10,8,0.9,baseline,1,45,0.004309618379920721,0,7.211000138340751e-06,0.18653148412704468,8.391377449035645,18.466224670410156,19.305328369140625,0.0,1.0
80,10,8,0.9,baseline,1,46,0.0068794237449765205,0,1.1137177352793515e-05,0.17918947339057922,8.503132820129395,15.78931999206543,19.692604064941406,0.0,1.0
80,10,8,0.9,baseline,1,47,0.006287803407758474,0,1.5554298443021253e-05,0.16574938595294952,8.670015335083008,12.059348106384277,18.516084671020508,0.0,1.0
80,10,8,0.9,baseline,1,48,0.004872501362115145,0,4.509959126153262e-06,0.1653459072113037,8.630334854125977,18.8818302154541,18.8818302154541,1.0,1.0
80,10,8,0.9,baseline,1,49,0.00787117425352335,0,1.4248322258936241e-05,0.1694425791501999,8.61311149597168,15.329764366149902,18.314334869384766,0.0,1.0
80,10,8,0.9,baseline,1,50,0.008906880393624306,0,2.719573603826575e-05,0.15600985288619995,8.725645065307617,9.94962215423584,18.712337493896484,0.0,1.0
80,10,8,0.9,baseline,1,51,0.008196396753191948,0,1.4266287507780362e-05,0.17437292635440826,8.583223342895508,20.09805679321289,20.09805679321289,1.0,1.0
80,10,8,0.9,baseline,1,52,0.005023161415010691,0,7.106371867848793e-06,0.1726628988981247,8.584602355957031,19.15951156616211,19.15951156616211,1.0,1.0
80,10,8,0.9,baseline,1,53,0.006092671770602465,0,9.794739526114427e-06,0.17259535193443298,8.610994338989258,19.618003845214844,19.618003845214844,1.0,1.0
80,10,8,0.9,baseline,1,54,0.008700748905539513,0,2.1618421669700183e-05,0.1830603927373886,8.458951950073242,15.453648567199707,19.02336883544922,0.0,1.0
80,10,8,0.9,baseline,1,55,0.005579839926213026,0,6.937389116501436e-06,0.19124382734298706,8.330662727355957,18.456804275512695,18.456804275512695,1.0,1.0
80,10,8,0.9,baseline,1,56,0.006562800146639347,0,1.2017577319056727e-05,0.1710985153913498,8.601704597473145,18.951068878173828,18.951068878173828,1.0,1.0
80,10,8,0.9,baseline,1,57,0.007095213048160076,0,2.007103103096597e-05,0.15792320668697357,8.602142333984375,10.88080883026123,18.974063873291016,0.0,1.0
80,10,8,0.9,baseline,1,58,0.008033919148147106,0,1.543906364531722e-05,0.15545162558555603,8.72471809387207,18.900039672851562,19.04094886779785,0.0,1.0
80,10,8,0.9,baseline,1,59,0.008144444786012173,0,2.2547443222720176e-05,0.16958820819854736,8.550224304199219,11.44842529296875,19.07883071899414,0.0,1.0
80,10,8,0.9,baseline,1,60,0.005834479816257954,0,7.684137926844414e-06,0.17869840562343597,8.526473999023438,18.772275924682617,18.772275924682617,1.0,1.0
80,10,8,0.9,baseline,1,61,0.007821803912520409,0,1.3642060366692021e-05,0.16684184968471527,8.639533996582031,19.355337142944336,19.355337142944336,1.0,1.0
80,10,8,0.9,baseline,1,62,0.005421058740466833,0,6.68304573991918e-06,0.15708573162555695,8.729479789733887,19.422744750976562,19.422744750976562,1.0,1.0
80,10,8,0.9,baseline,1,63,0.003179754363372922,0,3.366480314070941e-06,0.17515596747398376,8.558608055114746,18.925758361816406,18.925758361816406,1.0,1.0
80,10,8,0.9,baseline,1,64,0.0047579118981957436,0,4.792319032276282e-06,0.1706327348947525,8.538804054260254,18.747549057006836,18.747549057006836,1.0,1.0
80,10,8,0.9,baseline,1,65,0.007034602575004101,0,1.5767938748467714e-05,0.16831722855567932,8.47585391998291,14.980812072753906,18.52847671508789,0.0,1.0
80,10,8,0.9,baseline,1,66,0.008223747834563255,0,2.327479887753725e-05,0.17109067738056183,8.503460884094238,12.999987602233887,19.236328125,0.0,1.0
80,10,8,0.9,baseline,1,67,0.008031626231968403,0,1.650926969887223e-05,0.16732817888259888,8.63244342803955,19.16875457763672,19.16875457763672,1.0,1.0
80,10,8,0.9,baseline,1,68,0.007142475340515375,0,1.4129752344160806e-05,0.16790173947811127,8.714255332946777,19.373126983642578,19.373126983642578,1.0,1.0
80,10,8,0.9,baseline,1,69,0.006041142623871565,0,1.0761777048173826e-05,0.1825553923845291,8.380057334899902,18.381269454956055,18.870622634887695,0.0,1.0
80,10,8,0.9,baseline,1,70,0.005504898261278868,0,8.947142305260058e-06,0.15865390002727509,8.602289199829102,19.223636627197266,19.87480926513672,0.0,1.0
80,10,8,0.9,baseline,1,71,0.005150418728590012,0,5.557149506785208e-06,0.17159022390842438,8.597134590148926,19.10541343688965,19.10541343688965,1.0,1.0
80,10,8,0.9,baseline,1,72,0.0074333916418254375,0,1.1210087905055843e-05,0.16089673340320587,8.77177619934082,18.37944221496582,18.37944221496582,1.0,1.0
80,10,8,0.9,baseline,1,73,0.0061052534729242325,0,1.282913945033215e-05,0.17129665613174438,8.644983291625977,15.038161277770996,18.87430763244629,0.0,1.0
80,10,8,0.9,baseline,1,74,0.0045586200430989265,0,6.309418949967949e-06,0.16051527857780457,8.702349662780762,18.807819366455078,18.807819366455078,1.0,1.0
80,10,8,0.9,baseline,1,75,0.006396463606506586,0,1.2305908057896886e-05,0.19203341007232666,8.311362266540527,15.267877578735352,19.19288444519043,0.0,1.0
80,10,8,0.9,baseline,1,76,0.006933326832950115,0,1.585085738042835e-05,0.17299316823482513,8.6536283493042,14.981255531311035,19.121562957763672,0.0,1.0
80,10,8,0.9,baseline,1,77,0.007489557843655348,0,1.3483225302479696e-05,0.18011923134326935,8.389214515686035,13.582115173339844,18.630992889404297,0.0,1.0
80,10,8,0.9,baseline,1,78,0.0064218915067613125,0,1.1180318324477412e-05,0.17919811606407166,8.431901931762695,19.244001388549805,19.244001388549805,1.0,1.0
80,10,8,0.9,baseline,1,79,0.006641601677983999,0,1.0027164535131305e-05,0.18758942186832428,8.371844291687012,19.479543685913086,19.479543685913086,1.0,1.0
80,10,8,0.9,baseline,2,0,1.266326665878296,1,0.4629945158958435,0.3403250277042389,5.306935787200928,0.12608855962753296,0.5138565301895142,0.0,0.0
80,10,8,0.9,baseline,2,1,1.208381175994873,1,0.4172990322113037,0.3353669047355652,5.654053211212158,0.11010938882827759,0.44576799869537354,0.0,0.0
80,10,8,0.9,baseline,2,2,1.240466594696045,1,0.4391055405139923,0.3377218246459961,5.492395877838135,0.12386210262775421,0.5024760961532593,0.0,0.0
80,10,8,0.9,baseline,2,3,1.2333743572235107,1,0.445122092962265,0.34147030115127563,5.37660551071167,0.1200447678565979,0.47489604353904724,0.0,0.0
80,10,8,0.9,baseline,2,4,1.3229397535324097,1,0.4666762351989746,0.3796752393245697,4.877127170562744,0.1326286643743515,0.5379466414451599,0.0,0.0
80,10,8,0.9,baseline,2,5,1.3249515295028687,1,0.4651052951812744,0.3780120313167572,4.824642658233643,0.13286596536636353,0.5306594967842102,0.0,0.0
80,10,8,0.9,baseline,2,6,1.2430981397628784,1,0.45162877440452576,0.34297657012939453,5.342195987701416,0.12682844698429108,0.5119444131851196,0.0,0.0
80,10,8,0.9,baseline,2,7,1.2886966466903687,1,0.49880844354629517,0.34528258442878723,5.331662178039551,0.1250157505273819,0.4838726222515106,0.0,0.0
80,10,8,0.9,baseline,2,8,1.230215072631836,1,0.46517378091812134,0.3228258490562439,5.684297561645508,0.12663908302783966,0.5038574934005737,0.0,0.0
80,10,8,0.9,baseline,2,9,1.5852118730545044,1,0.3826366066932678,0.47732529044151306,3.7498257160186768,0.1353081613779068,0.5629910826683044,0.0,0.0
80,10,8,0.9,baseline,2,10,1.4782992601394653,1,0.3832928538322449,0.458092600107193,3.9252138137817383,0.12669438123703003,0.507983386516571,0.0,0.0
80,10,8,0.9,baseline,2,11,1.5135705471038818,1,0.3676750063896179,0.4602876305580139,3.93707275390625,0.13440556824207306,0.5391607284545898,0.0,0.0
80,10,8,0.9,baseline,2,12,1.4306071996688843,1,0.3753530979156494,0.4352402985095978,4.187512397766113,0.1299067884683609,0.5192021131515503,0.0,0.0
80,10,8,0.9,baseline,2,13,1.2129175662994385,1,0.46868908405303955,0.30693358182907104,5.8008198738098145,0.12591542303562164,0.5050763487815857,0.0,0.0
80,10,8,0.9,baseline,2,14,1.4122685194015503,1,0.3952169716358185,0.4269888401031494,4.309813022613525,0.1307634711265564,0.5262386202812195,0.0,0.0
80,10,8,0.9,baseline,2,15,1.5011487007141113,1,0.2906022369861603,0.46501800417900085,3.951192617416382,0.11882062256336212,0.472645103931427,0.0,0.0
80,10,8,0.9,baseline,2,16,1.129641056060791,1,0.4252726137638092,0.2933192849159241,6.14854097366333,0.12720274925231934,0.505700945854187,0.0,0.0
80,10,8,0.9,baseline,2,17,1.4240294694900513,1,0.4108641743659973,0.39888089895248413,4.652523040771484,0.1375579535961151,0.5375684499740601,0.0,0.0
80,10,8,0.9,baseline,2,18,0.413640558719635,1,0.01738945208489895,0.2980464994907379,6.672046661376953,0.6628508567810059,3.3036117553710938,0.0,0.0
80,10,8,0.9,baseline,2,19,0.4500056505203247,1,0.021691827103495598,0.3013477325439453,6.629809379577637,0.5091214776039124,2.5444440841674805,0.0,0.0
80,10,8,0.9,baseline,2,20,0.5155112743377686,1,0.027655338868498802,0.32733356952667236,6.1088128089904785,0.9501844048500061,4.635753154754639,0.0,0.0
80,10,8,0.9,baseline,2,21,0.8669495582580566,1,0.06994345784187317,0.38179871439933777,5.157525539398193,0.47167137265205383,2.125883102416992,0.0,0.0
80,10,8,0.9,baseline,2,22,0.29620447754859924,0,0.009026911109685898,0.2914588749408722,6.77235746383667,1.080672025680542,6.409640789031982,0.0,0.0
80,10,8,0.9,baseline,2,23,0.05638087913393974,0,0.00032982268021441996,0.2908811569213867,6.805772304534912,4.38018274307251,16.910451889038086,0.0,0.0
80,10,8,0.9,baseline,2,24,0.08000379800796509,0,0.0006179088377393782,0.26773691177368164,7.1758832931518555,7.224790573120117,19.7275333404541,0.0,1.0
80,10,8,0.9,baseline,2,25,0.4267759621143341,1,0.01773042045533657,0.3128651976585388,6.381480693817139,1.2552495002746582,5.1411848068237305,0.0,0.0
80,10,8,0.9,baseline,2,26,0.11844975501298904,0,0.0013905667001381516,0.274840384721756,7.106159210205078,3.343076705932617,11.894963264465332,0.0,0.0
80,10,8,0.9,baseline,2,27,0.4380328357219696,1,0.018410738557577133,0.30761367082595825,6.4716105461120605,1.135180950164795,4.674830913543701,0.0,0.0
80,10,8,0.9,baseline,2,28,0.08108122646808624,0,0.0006361420964822173,0.2584233283996582,7.422622203826904,6.555663585662842,20.547962188720703,0.0,1.0
80,10,8,0.9,baseline,2,29,0.6307253837585449,1,0.037524476647377014,0.33029401302337646,6.0340094566345215,0.9044055938720703,3.7214648723602295,0.0,0.0
80,10,8,0.9,baseline,2,30,0.4763043522834778,1,0.021404223516583443,0.3138035237789154,6.367590427398682,1.2203021049499512,4.743433952331543,0.0,0.0
80,10,8,0.9,baseline,2,31,0.009449106641113758,0,4.512701343628578e-05,0.2740628719329834,7.087539196014404,7.924391746520996,21.00733757019043,0.0,1.0
80,10,8,0.9,baseline,2,32,0.5034329295158386,1,0.023780588060617447,0.32762259244918823,6.1512064933776855,1.1740361452102661,4.70368766784668,0.0,0.0
80,10,8,0.9,baseline,2,33,0.29067474603652954,0,0.007990352809429169,0.2875250577926636,6.88500452041626,1.923909068107605,6.936681270599365,0.0,0.0
80,10,8,0.9,baseline,2,34,0.24826641380786896,0,0.005843643564730883,0.3011280298233032,6.599305152893066,2.0609991550445557,7.286506175994873,0.0,0.0
80,10,8,0.9,baseline,2,35,0.07192215323448181,0,0.0005124112358316779,0.27953824400901794,6.9416608810424805,5.263518333435059,16.876615524291992,0.0,0.0
80,10,8,0.9,baseline,2,36,0.07085613161325455,0,0.00047811426338739693,0.2680341601371765,7.199931621551514,7.801661014556885,19.46786880493164,0.0,1.0
80,10,8,0.9,baseline,2,37,0.012711831368505955,0,2.2984357201494277e-05,0.2642967998981476,7.328152656555176,9.214167594909668,20.115455627441406,0.0,1.0
80,10,8,0.9,baseline,2,38,0.7255650162696838,1,0.04867526516318321,0.3433549404144287,5.799192905426025,20.113994598388672,20.113994598388672,1.0,1.0
80,10,8,0.9,baseline,2,39,0.23327824473381042,0,0.005113298073410988,0.2925490438938141,6.792594909667969,2.8488259315490723,20.572460174560547,0.0,1.0
80,10,8,0.9,baseline,2,40,0.7363712787628174,1,0.05006282776594162,0.33815404772758484,5.881636142730713,21.140336990356445,21.140336990356445,1.0,1.0
80,10,8,0.9,baseline,2,41,0.25399312376976013,0,0.006028786301612854,0.29104936122894287,6.808896541595459,2.256774663925171,7.800818920135498,0.0,0.0
80,10,8,0.9,baseline,2,42,0.09422429651021957,0,0.0008372783195227385,0.28739696741104126,6.864139556884766,4.87924337387085,15.035017967224121,0.0,0.0
80,10,8,0.9,baseline,2,43,0.12844334542751312,0,0.0015607646200805902,0.2711101472377777,7.176292896270752,3.5696048736572266,11.680615425109863,0.0,0.0
80,10,8,0.9,baseline,2,44,0.6238881945610046,1,0.03601878136396408,0.35494446754455566,5.657244682312012,20.1710147857666,20.1710147857666,1.0,1.0
80,10,8,0.9,baseline,2,45,0.7013587951660156,1,0.04555927589535713,0.3343132436275482,6.0018768310546875,1.0210015773773193,3.8820040225982666,0.0,0.0
80,10,8,0.9,baseline,2,46,0.14056508243083954,0,0.0018518547294661403,0.3068121075630188,6.502207279205322,5.246837615966797,20.677398681640625,0.0,1.0
80,10,8,0.9,baseline,2,47,0.19048629701137543,0,0.003397569293156266,0.26456010341644287,7.327367305755615,2.894099473953247,9.406874656677246,0.0,0.0
80,10,8,0.9,baseline,2,48,0.35045185685157776,1,0.01139508280903101,0.30335021018981934,6.590326309204102,2.167372703552246,19.747751235961914,0.0,1.0
80,10,8,0.9,baseline,2,49,0.14947868883609772,0,0.0020960241090506315,0.26964646577835083,7.176885604858398,3.576230764389038,11.111202239990234,0.0,0.0
80,10,8,0.9,baseline,2,50,0.04663188382983208,0,0.00022310251370072365,0.29016605019569397,6.826655864715576,5.014461040496826,18.984661102294922,0.0,0.0
80,10,8,0.9,baseline,2,51,0.16302518546581268,0,0.002472545951604843,0.3054248094558716,6.451653480529785,4.345797538757324,20.34733009338379,0.0,1.0
80,10,8,0.9,baseline,2,52,0.457766056060791,1,0.019435564056038857,0.3282012343406677,6.09477424621582,1.4934965372085571,5.331848621368408,0.0,0.0
80,10,8,0.9,baseline,2,53,0.01045036781579256,0,5.948275065748021e-05,0.27968326210975647,7.024401664733887,6.875741481781006,20.38327407836914,0.0,1.0
80,10,8,0.9,baseline,2,54,0.15768320858478546,0,0.0023053749464452267,0.2744007110595703,7.003213882446289,4.703368663787842,20.575044631958008,0.0,1.0
80,10,8,0.9,baseline,2,55,0.43180766701698303,1,0.01729557104408741,0.3007413148880005,6.6228203773498535,1.6171308755874634,5.778947830200195,0.0,0.0
80,10,8,0.9,baseline,2,56,0.4199863374233246,1,0.016337133944034576,0.3357395827770233,5.931639671325684,1.7801374197006226,18.243942260742188,0.0,0.5
80,10,8,0.9,baseline,2,57,0.19576740264892578,0,0.0035716539714485407,0.28169313073158264,6.960475444793701,2.7648491859436035,9.132193565368652,0.0,0.0
80,10,8,0.9,baseline,2,58,0.25300315022468567,0,0.005967215169221163,0.2867544889450073,6.798132419586182,2.9300830364227295,19.93117332458496,0.0,1.0
80,10,8,0.9,baseline,2,59,0.6489483118057251,1,0.038971129804849625,0.3351101279258728,5.943329811096191,19.82594108581543,19.82594108581543,1.0,1.0
80,10,8,0.9,baseline,2,60,0.012228540144860744,0,1.9308414266561158e-05,0.28751638531684875,6.8586225509643555,12.246736526489258,19.8977108001709,0.0,1.0
80,10,8,0.9,baseline,2,61,0.30485960841178894,1,0.008577167056500912,0.29619503021240234,6.688056468963623,2.0962681770324707,6.970293045043945,0.0,0.0
80,10,8,0.9,baseline,2,62,0.20895980298519135,0,0.004081131424754858,0.28445109724998474,6.937254428863525,3.4855105876922607,20.05293846130371,0.0,1.0
80,10,8,0.9,baseline,2,63,0.5272088646888733,1,0.02570049837231636,0.2957817614078522,6.67335844039917,20.308420181274414,20.308420181274414,1.0,1.0
80,10,8,0.9,baseline,2,64,0.04192975163459778,0,0.00016968166164588183,0.27049317955970764,7.102541923522949,9.122995376586914,20.219409942626953,0.0,1.0
80,10,8,0.9,baseline,2,65,0.13980300724506378,0,0.001792393741197884,0.28341636061668396,6.977300643920898,5.255311965942383,20.079896926879883,0.0,1.0
80,10,8,0.9,baseline,2,66,0.07763597369194031,0,0.0005712360725738108,0.26802417635917664,7.2095441818237305,6.306153297424316,20.313474655151367,0.0,1.0
80,10,8,0.9,baseline,2,67,0.4006962776184082,1,0.014842251315712929,0.30316296219825745,6.5618109703063965,1.6729334592819214,5.887537479400635,0.0,0.0
80,10,8,0.9,baseline,2,68,0.21319693326950073,0,0.00420419592410326,0.2935723662376404,6.69531774520874,2.9132649898529053,9.14409065246582,0.0,0.0
80,10,8,0.9,baseline,2,69,0.43628156185150146,1,0.017588762566447258,0.3287442922592163,6.147613048553467,1.6376047134399414,5.692445755004883,0.0,0.0
80,10,8,0.9,baseline,2,70,0.22669930756092072,0,0.004790188744664192,0.3091147840023041,6.450414180755615,2.5631866455078125,8.40699291229248,0.0,0.0
80,10,8,0.9,baseline,2,71,0.3526521325111389,1,0.01151337195187807,0.29833585023880005,6.662528991699219,2.068218231201172,6.762462139129639,0.0,0.0
80,10,8,0.9,baseline,2,72,0.3780244290828705,1,0.013233751989901066,0.28870928287506104,6.797703742980957,1.8725157976150513,6.451131343841553,0.0,0.0
80,10,8,0.9,baseline,2,73,0.26289358735084534,0,0.006447747815400362,0.2961781919002533,6.728342056274414,2.2711143493652344,7.748630523681641,0.0,0.0
80,10,8,0.9,baseline,2,74,0.1931440681219101,0,0.00346114463172853,0.2730202078819275,7.111273765563965,3.9880411624908447,20.153182983398438,0.0,1.0
80,10,8,0.9,baseline,2,75,0.23062628507614136,0,0.004939614329487085,0.29652324318885803,6.706325531005859,2.6801772117614746,8.687697410583496,0.0,0.0
80,10,8,0.9,baseline,2,76,0.5309318900108337,1,0.026063304394483566,0.3214638829231262,6.222992420196533,1.3391549587249756,4.839491367340088,0.0,0.0
80,10,8,0.9,baseline,2,77,0.40187007188796997,1,0.014857519418001175,0.30148354172706604,6.564492225646973,1.7275683879852295,5.9163031578063965,0.0,0.0
80,10,8,0.9,baseline,2,78,0.034961167722940445,0,0.00012129461538279429,0.2756832540035248,7.043920040130615,7.924301624298096,20.562448501586914,0.0,1.0
80,10,8,0.9,baseline,2,79,0.07506559044122696,0,0.0005263776401989162,0.27612534165382385,7.093343734741211,4.465632915496826,16.249147415161133,0.0,0.0
80,10,8,0.9,baseline,3,0,1.437636137008667,1,0.49498310685157776,0.37603336572647095,5.179282188415527,0.1435689479112625,0.5805953741073608,0.0,0.0
80,10,8,0.9,baseline,3,1,1.2062429189682007,1,0.48632505536079407,0.3206027150154114,6.203097820281982,0.12334315478801727,0.4967811107635498,0.0,0.0
80,10,8,0.9,baseline,3,2,1.409491777420044,1,0.49048012495040894,0.3682369291782379,5.345035552978516,0.13843795657157898,0.5586856007575989,0.0,0.0
80,10,8,0.9,baseline,3,3,1.5882364511489868,1,0.4941824972629547,0.4317375719547272,4.383525848388672,0.1576916128396988,0.6246264576911926,0.0,0.0
80,10,8,0.9,baseline,3,4,1.2005223035812378,1,0.48232343792915344,0.3066696226596832,6.429617404937744,0.12344347685575485,0.48828965425491333,0.0,0.0
80,10,8,0.9,baseline,3,5,1.3929771184921265,1,0.4798191785812378,0.3772813081741333,5.220649719238281,0.1417836993932724,0.5717847347259521,0.0,0.0
80,10,8,0.9,baseline,3,6,1.4712624549865723,1,0.489033043384552,0.41961073875427246,4.541759490966797,0.15062956511974335,0.5979817509651184,0.0,0.0
80,10,8,0.9,baseline,3,7,1.468294382095337,1,0.4870530068874359,0.4073229730129242,4.704147815704346,0.1471545249223709,0.6034204363822937,0.0,0.0
80,10,8,0.9,baseline,3,8,1.5205374956130981,1,0.48764482140541077,0.4161297380924225,4.5925421714782715,0.15328137576580048,0.6146735548973083,0.0,0.0
80,10,8,0.9,baseline,3,9,1.6905752420425415,1,0.46274659037590027,0.49875104427337646,3.563413619995117,0.16466987133026123,0.6327816843986511,0.0,0.0
80,10,8,0.9,baseline,3,10,1.3780665397644043,1,0.47075772285461426,0.39050236344337463,5.0015435218811035,0.1390070766210556,0.5587877035140991,0.0,0.0
80,10,8,0.9,baseline,3,11,1.5144835710525513,1,0.48243221640586853,0.4281645715236664,4.377191543579102,0.15497224032878876,0.6145176291465759,0.0,0.0
80,10,8,0.9,baseline,3,12,1.6648249626159668,1,0.4189848303794861,0.4683613181114197,3.9045286178588867,0.16253942251205444,0.6398366093635559,0.0,0.0
80,10,8,0.9,baseline,3,13,1.3917089700698853,1,0.46388518810272217,0.3773837685585022,5.198955535888672,0.15080298483371735,0.621819794178009,0.0,0.0
80,10,8,0.9,baseline,3,14,1.3584665060043335,1,0.4549538791179657,0.3853673040866852,5.055776596069336,0.14708316326141357,0.5794596672058105,0.0,0.0
80,10,8,0.9,baseline,3,15,1.7187018394470215,1,0.42300480604171753,0.5080937743186951,3.4687187671661377,0.16499552130699158,0.6552575826644897,0.0,0.0
80,10,8,0.9,baseline,3,16,1.0610687732696533,1,0.27455344796180725,0.27995508909225464,6.995802402496338,0.09920176863670349,0.4018561840057373,0.0,0.0
80,10,8,0.9,baseline,3,17,1.6494324207305908,1,0.4219556748867035,0.4842697083950043,3.7187952995300293,0.1569174826145172,0.6112253665924072,0.0,0.0
80,10,8,0.9,baseline,3,18,1.524446725845337,1,0.455160528421402,0.4328310191631317,4.382191181182861,0.16485296189785004,0.6648769974708557,0.0,0.0
80,10,8,0.9,baseline,3,19,1.0618387460708618,1,0.24536681175231934,0.30381762981414795,6.570958137512207,0.10239165276288986,0.4096504747867584,0.0,0.0
80,10,8,0.9,baseline,3,20,0.16076135635375977,0,0.009792049415409565,0.16081684827804565,8.944093704223633,0.46216675639152527,2.405651330947876,0.0,0.0
80,10,8,0.9,baseline,3,21,0.44948267936706543,1,0.04070383682847023,0.18443185091018677,8.562267303466797,0.27806180715560913,1.330308437347412,0.0,0.0
80,10,8,0.9,baseline,3,22,0.008714697323739529,0,1.8345252101426013e-05,0.1707051545381546,8.650157928466797,12.94394588470459,19.66378402709961,0.0,1.0
80,10,8,0.9,baseline,3,23,0.506948709487915,1,0.053056422621011734,0.19775080680847168,8.392964363098145,0.22905544936656952,1.0273771286010742,0.0,0.0
80,10,8,0.9,baseline,3,24,0.14815790951251984,0,0.004677163437008858,0.17290091514587402,8.57753849029541,0.715397834777832,3.865051031112671,0.0,0.0
80,10,8,0.9,baseline,3,25,0.3035486042499542,1,0.019220620393753052,0.17760814726352692,8.611262321472168,0.3816087245941162,1.9634206295013428,0.0,0.0
80,10,8,0.9,baseline,3,26,0.15592381358146667,0,0.005057801492512226,0.16959166526794434,8.76876449584961,0.7353093028068542,4.121698379516602,0.0,0.0
80,10,8,0.9,baseline,3,27,0.009530349634587765,0,3.15865472657606e-05,0.182449072599411,8.547760009765625,8.219245910644531,19.380781173706055,0.0,1.0
80,10,8,0.9,baseline,3,28,0.022810952737927437,0,0.00013973673048894852,0.19749745726585388,8.441516876220703,3.68291974067688,19.668054580688477,0.0,1.0
80,10,8,0.9,baseline,3,29,0.15180280804634094,0,0.0060756513848900795,0.17044049501419067,8.6596097946167,0.6466552019119263,19.557802200317383,0.0,1.0
80,10,8,0.9,baseline,3,30,0.03868939355015755,0,0.0004203445860184729,0.18778422474861145,8.458887100219727,2.0109870433807373,11.92110824584961,0.0,0.0
80,10,8,0.9,baseline,3,31,0.013808301649987698,0,8.147989865392447e-05,0.16304472088813782,8.616373062133789,5.09913969039917,19.718280792236328,0.0,1.0
80,10,8,0.9,baseline,3,32,0.009391107596457005,0,2.4470515199936926e-05,0.182417631149292,8.558168411254883,12.130759239196777,20.142810821533203,0.0,1.0
80,10,8,0.9,baseline,3,33,0.007557077333331108,0,2.775599386950489e-05,0.18872633576393127,8.502660751342773,9.092972755432129,19.807830810546875,0.0,1.0
80,10,8,0.9,baseline,3,34,0.008679194375872612,0,1.591128238942474e-05,0.19639459252357483,8.302214622497559,15.57611083984375,19.99370002746582,0.0,1.0
80,10,8,0.9,baseline,3,35,0.010639902204275131,0,4.188558159512468e-05,0.18253149092197418,8.474122047424316,8.558786392211914,19.92283058166504,0.0,1.0
80,10,8,0.9,baseline,3,36,0.011611906811594963,0,5.716580562875606e-05,0.180959552526474,8.647597312927246,6.012579441070557,19.077531814575195,0.0,1.0
80,10,8,0.9,baseline,3,37,0.009375538676977158,0,2.1790776372654364e-05,0.17968206107616425,8.648378372192383,10.939325332641602,19.017684936523438,0.0,1.0
80,10,8,0.9,baseline,3,38,0.011127356439828873,0,5.078491085441783e-05,0.17145897448062897,8.670328140258789,6.588748455047607,19.030841827392578,0.0,1.0
80,10,8,0.9,baseline,3,39,0.010767389088869095,0,3.715130515047349e-05,0.1739526391029358,8.291765213012695,7.6475749015808105,20.17051887512207,0.0,1.0
80,10,8,0.9,baseline,3,40,0.007644624449312687,0,1.9045361113967374e-05,0.18680740892887115,8.506155967712402,13.779556274414062,19.813201904296875,0.0,1.0
80,10,8,0.9,baseline,3,41,0.009443892166018486,0,3.207952613593079e-05,0.1814153641462326,8.57348918914795,8.74179744720459,19.428199768066406,0.0,1.0
80,10,8,0.9,baseline,3,42,0.011982548981904984,0,2.9866861950722523e-05,0.18047916889190674,8.651054382324219,8.406609535217285,19.597782135009766,0.0,1.0
80,10,8,0.9,baseline,3,43,0.01159522496163845,0,3.333843051223084e-05,0.17821212112903595,8.601069450378418,12.74889087677002,19.614742279052734,0.0,1.0
80,10,8,0.9,baseline,3,44,0.006484605371952057,0,1.4631566955358721e-05,0.17456017434597015,8.552305221557617,12.610501289367676,19.766490936279297,0.0,1.0
80,10,8,0.9,baseline,3,45,0.009054315276443958,0,1.863262696133461e-05,0.17607879638671875,8.595638275146484,10.583664894104004,19.600141525268555,0.0,1.0
80,10,8,0.9,baseline,3,46,0.009350048378109932,0,2.061790473817382e-05,0.18120238184928894,8.565495491027832,12.528552055358887,20.411312103271484,0.0,1.0
80,10,8,0.9,baseline,3,47,0.006064105778932571,0,1.2588874596985988e-05,0.16691304743289948,8.637733459472656,13.965319633483887,19.672027587890625,0.0,1.0
80,10,8,0.9,baseline,3,48,0.011488507501780987,0,5.106200842419639e-05,0.1716088056564331,8.65868091583252,6.37270450592041,19.405447006225586,0.0,1.0
80,10,8,0.9,baseline,3,49,0.007130182348191738,0,1.1565738532226533e-05,0.1708119511604309,8.742135047912598,19.221345901489258,19.221345901489258,1.0,1.0
80,10,8,0.9,baseline,3,50,0.011698303744196892,0,3.280975579400547e-05,0.17909562587738037,8.605780601501465,10.049934387207031,19.60448455810547,0.0,1.0
80,10,8,0.9,baseline,3,51,0.007951278239488602,0,1.6396132195950486e-05,0.17134840786457062,8.623909950256348,11.820115089416504,19.1453914642334,0.0,1.0
80,10,8,0.9,baseline,3,52,0.009111140854656696,0,4.100228034076281e-05,0.201533704996109,8.037569046020508,7.417060375213623,20.27579116821289,0.0,1.0
80,10,8,0.9,baseline,3,53,0.011195787228643894,0,3.609633131418377e-05,0.18078859150409698,8.665184020996094,8.958434104919434,20.192623138427734,0.0,1.0
80,10,8,0.9,baseline,3,54,0.007178849074989557,0,1.2353804777376354e-05,0.1836487054824829,8.556922912597656,20.067462921142578,20.067462921142578,1.0,1.0
80,10,8,0.9,baseline,3,55,0.008780390955507755,0,2.046839290414937e-05,0.18128308653831482,8.428086280822754,9.777000427246094,19.347394943237305,0.0,1.0
80,10,8,0.9,baseline,3,56,0.008723153732717037,0,2.3042804969009012e-05,0.1793353408575058,8.59349250793457,10.62813949584961,19.213748931884766,0.0,1.0
80,10,8,0.9,baseline,3,57,0.010258066467940807,0,2.0310477339080535e-05,0.1714954376220703,8.662688255310059,12.887234687805176,19.462453842163086,0.0,1.0
80,10,8,0.9,baseline,3,58,0.008872666396200657,0,3.142894274787977e-05,0.1760018914937973,8.510848999023438,8.832165718078613,19.394384384155273,0.0,1.0
80,10,8,0.9,baseline,3,59,0.00889529101550579,0,1.7922566257766448e-05,0.17818839848041534,8.595069885253906,12.208205223083496,19.913707733154297,0.0,1.0
80,10,8,0.9,baseline,3,60,0.007932223379611969,0,1.3607710570795462e-05,0.18755236268043518,8.497299194335938,15.722230911254883,20.418107986450195,0.0,1.0
80,10,8,0.9,baseline,3,61,0.008125923573970795,0,1.3109724022797309e-05,0.1773262917995453,8.581483840942383,19.51850700378418,19.51850700378418,1.0,1.0
80,10,8,0.9,baseline,3,62,0.010597002692520618,0,2.713441244850401e-05,0.16793076694011688,8.673003196716309,12.162195205688477,19.28668212890625,0.0,1.0
80,10,8,0.9,baseline,3,63,0.011082502081990242,0,4.112024180358276e-05,0.18267062306404114,8.588149070739746,7.97044563293457,19.33200454711914,0.0,1.0
80,10,8,0.9,baseline,3,64,0.011589393950998783,0,4.5445285650203004e-05,0.2034556269645691,8.08349609375,7.369807243347168,19.659900665283203,0.0,1.0
80,10,8,0.9,baseline,3,65,0.008530986495316029,0,1.8576862203190103e-05,0.1718468815088272,8.689271926879883,12.04144287109375,19.204099655151367,0.0,1.0
80,10,8,0.9,baseline,3,66,0.007518623489886522,0,1.4754387848370243e-05,0.19217027723789215,8.495306968688965,15.683943748474121,19.474266052246094,0.0,1.0
80,10,8,0.9,baseline,3,67,0.012118875049054623,0,3.599414412747137e-05,0.19370684027671814,8.459329605102539,10.163788795471191,19.646942138671875,0.0,1.0
80,10,8,0.9,baseline,3,68,0.009705630131065845,0,3.4204840630991384e-05,0.1855967491865158,8.520365715026855,8.386897087097168,20.369718551635742,0.0,1.0
80,10,8,0.9,baseline,3,69,0.006816300563514233,0,1.0126521374331787e-05,0.16559220850467682,8.621952056884766,19.160188674926758,19.802156448364258,0.0,1.0
80,10,8,0.9,baseline,3,70,0.010663828812539577,0,4.291378354537301e-05,0.18535307049751282,8.587372779846191,7.233832836151123,19.96635627746582,0.0,1.0
80,10,8,0.9,baseline,3,71,0.010514342226088047,0,3.892636232194491e-05,0.19133345782756805,8.4089994430542,7.36298131942749,19.427570343017578,0.0,1.0
80,10,8,0.9,baseline,3,72,0.014780208468437195,0,4.040966450702399e-05,0.18244130909442902,8.515565872192383,8.579577445983887,20.726444244384766,0.0,1.0
80,10,8,0.9,baseline,3,73,0.01397431269288063,0,6.230855797184631e-05,0.19370386004447937,8.399046897888184,5.8282790184021,20.030826568603516,0.0,1.0
80,10,8,0.9,baseline,3,74,0.010180987417697906,0,2.887260416173376e-05,0.18484479188919067,8.5257568359375,10.029984474182129,18.73599624633789,0.0,1.0
80,10,8,0.9,baseline,3,75,0.010819309391081333,0,3.918597212759778e-05,0.18113960325717926,8.6539888381958,7.801080703735352,18.985305786132812,0.0,1.0
80,10,8,0.9,baseline,3,76,0.008514339104294777,0,2.4460056010866538e-05,0.19535407423973083,8.298686981201172,10.257843971252441,19.723018646240234,0.0,1.0
80,10,8,0.9,baseline,3,77,0.007725363597273827,0,1.7276335711358115e-05,0.1932898312807083,8.385369300842285,11.678125381469727,19.721769332885742,0.0,1.0
80,10,8,0.9,baseline,3,78,0.008654303848743439,0,1.9738437913474627e-05,0.17539361119270325,8.753006935119629,11.235280990600586,20.789642333984375,0.0,1.0
80,10,8,0.9,baseline,3,79,0.011659009382128716,0,3.640965587692335e-05,0.17453612387180328,8.66655445098877,9.116634368896484,20.25649642944336,0.0,1.0
80,10,8,0.9,baseline,4,0,1.2541106939315796,1,0.494392991065979,0.3387514054775238,5.834814548492432,0.12838158011436462,0.505876898765564,0.0,0.0
80,10,8,0.9,baseline,4,1,1.1835850477218628,1,0.485235333442688,0.3023909628391266,6.454020977020264,0.12108303606510162,0.482246458530426,0.0,0.0
80,10,8,0.9,baseline,4,2,1.204427719116211,1,0.4821474552154541,0.3350827097892761,5.880985736846924,0.1256312131881714,0.4967312216758728,0.0,0.0
80,10,8,0.9,baseline,4,3,1.2640657424926758,1,0.4938045144081116,0.31235042214393616,6.329188346862793,0.1311347782611847,0.5294782519340515,0.0,0.0
80,10,8,0.9,baseline,4,4,1.2062792778015137,1,0.4840548038482666,0.3134010434150696,6.148166656494141,0.12461869418621063,0.5040886402130127,0.0,0.0
80,10,8,0.9,baseline,4,5,1.5342473983764648,1,0.5015213489532471,0.4501326382160187,4.098976135253906,0.1555842161178589,0.6161026954650879,0.0,0.0
80,10,8,0.9,baseline,4,6,1.4479955434799194,1,0.4928048551082611,0.40718600153923035,4.724306583404541,0.14735329151153564,0.5884667634963989,0.0,0.0
80,10,8,0.9,baseline,4,7,1.1686985492706299,1,0.472907155752182,0.29059991240501404,6.629392623901367,0.12338303029537201,0.4876493513584137,0.0,0.0
80,10,8,0.9,baseline,4,8,1.2524968385696411,1,0.4852549135684967,0.32724106311798096,6.008852005004883,0.1305597573518753,0.5181857347488403,0.0,0.0
80,10,8,0.9,baseline,4,9,1.2304246425628662,1,0.4761698246002197,0.3089350461959839,6.326011657714844,0.13092069327831268,0.5237900018692017,0.0,0.0
80,10,8,0.9,baseline,4,10,1.5700078010559082,1,0.42671987414360046,0.4669126272201538,3.903129816055298,0.16088935732841492,0.6229619383811951,0.0,0.0
80,10,8,0.9,baseline,4,11,1.6236976385116577,1,0.41647112369537354,0.4800265431404114,3.7759828567504883,0.13537411391735077,0.5453437566757202,0.0,0.0
80,10,8,0.9,baseline,4,12,1.4296547174453735,1,0.48062998056411743,0.41714757680892944,4.54052209854126,0.14850416779518127,0.590731680393219,0.0,0.0
80,10,8,0.9,baseline,4,13,1.5113004446029663,1,0.4864319860935211,0.4256916046142578,4.415404796600342,0.16042743623256683,0.6514157652854919,0.0,0.0
80,10,8,0.9,baseline,4,14,1.3381284475326538,1,0.3465023934841156,0.3784957230091095,5.136897563934326,0.10687676072120667,0.4272374212741852,0.0,0.0
80,10,8,0.9,baseline,4,15,1.5672332048416138,1,0.3942808508872986,0.4587366282939911,4.028095245361328,0.12951429188251495,0.5107889175415039,0.0,0.0
80,10,8,0.9,baseline,4,16,1.5943118333816528,1,0.4091549217700958,0.46419110894203186,3.9558534622192383,0.17160317301750183,0.6669347882270813,0.0,0.0
80,10,8,0.9,baseline,4,17,1.5430630445480347,1,0.39095401763916016,0.45624420046806335,4.048104286193848,0.15229786932468414,0.5850062370300293,0.0,0.0
80,10,8,0.9,baseline,4,18,1.4962348937988281,1,0.3775039613246918,0.43844273686408997,4.285109996795654,0.15994909405708313,0.6227198839187622,0.0,0.0
80,10,8,0.9,baseline,4,19,0.020106488838791847,0,0.0002533051301725209,0.17957082390785217,8.374740600585938,20.084152221679688,20.084152221679688,1.0,1.0
80,10,8,0.9,baseline,4,20,1.395024061203003,1,0.33905279636383057,0.4187658429145813,4.52665901184082,0.16598455607891083,0.6563610434532166,0.0,0.0
80,10,8,0.9,baseline,4,21,0.4637514054775238,1,0.0426090769469738,0.1851569563150406,8.405305862426758,0.28244295716285706,1.4123321771621704,0.0,0.0
80,10,8,0.9,baseline,4,22,1.0178691148757935,1,0.20134837925434113,0.31369173526763916,6.254075050354004,0.1435643434524536,0.5810393691062927,0.0,0.0
80,10,8,0.9,baseline,4,23,0.008140191435813904,0,1.4636407286161557e-05,0.15977102518081665,8.603194236755371,19.52737808227539,19.52737808227539,1.0,1.0
80,10,8,0.9,baseline,4,24,0.01531376875936985,0,5.5713204346830025e-05,0.17834490537643433,8.351394653320312,6.373507499694824,18.481046676635742,0.0,1.0
80,10,8,0.9,baseline,4,25,0.006188388913869858,0,8.034287930058781e-06,0.16675448417663574,8.414767265319824,18.76780128479004,18.76780128479004,1.0,1.0
80,10,8,0.9,baseline,4,26,0.012186931446194649,0,4.027984687127173e-05,0.16998860239982605,8.472349166870117,7.0457444190979,18.862735748291016,0.0,1.0
80,10,8,0.9,baseline,4,27,0.15959221124649048,0,0.005461112130433321,0.17029248178005219,8.388020515441895,0.7241870760917664,4.122872829437256,0.0,0.0
80,10,8,0.9,baseline,4,28,0.36108115315437317,1,0.02816624380648136,0.16811144351959229,8.55475902557373,0.3158523440361023,1.6666449308395386,0.0,0.0
80,10,8,0.9,baseline,4,29,0.21926404535770416,0,0.010829279199242592,0.1758975088596344,8.468317985534668,0.4940420687198639,2.759896755218506,0.0,0.0
80,10,8,0.9,baseline,4,30,0.009877598844468594,0,4.85575437778607e-05,0.17530734837055206,8.3711576461792,7.409181594848633,19.52939224243164,0.0,1.0
80,10,8,0.9,baseline,4,31,0.03789578378200531,0,0.00038351365947164595,0.17457720637321472,8.208521842956543,2.3912527561187744,13.333518981933594,0.0,0.0
80,10,8,0.9,baseline,4,32,0.013210185803472996,0,3.9809874579077587e-05,0.15682674944400787,8.765725135803223,8.476446151733398,18.21002197265625,0.0,1.0
80,10,8,0.9,baseline,4,33,0.07100756466388702,0,0.001408402225933969,0.17319200932979584,8.325419425964355,1.2312802076339722,7.0233473777771,0.0,0.0
80,10,8,0.9,baseline,4,34,0.06631901860237122,0,0.0011152885854244232,0.18599458038806915,8.228017807006836,1.4016718864440918,7.911181926727295,0.0,0.0
80,10,8,0.9,baseline,4,35,0.008065617643296719,0,2.8690592444036156e-05,0.17385119199752808,8.254266738891602,8.82136058807373,19.570354461669922,0.0,1.0
80,10,8,0.9,baseline,4,36,0.009382124990224838,0,2.3423659513355233e-05,0.1832268089056015,8.081818580627441,10.426860809326172,18.702739715576172,0.0,1.0
80,10,8,0.9,baseline,4,37,0.021434837952256203,0,0.00015291704039555043,0.16902554035186768,8.279778480529785,3.7405900955200195,19.38418960571289,0.0,1.0
80,10,8,0.9,baseline,4,38,0.011845569126307964,0,3.462384484009817e-05,0.1847151517868042,8.324987411499023,8.357514381408691,19.607540130615234,0.0,1.0
80,10,8,0.9,baseline,4,39,0.009697887115180492,0,2.0665580450440757e-05,0.17152976989746094,8.472053527832031,11.315411567687988,18.69164276123047,0.0,1.0
80,10,8,0.9,baseline,4,40,0.005054584704339504,0,5.481519110617228e-06,0.16873568296432495,8.403575897216797,19.25501251220703,19.25501251220703,1.0,1.0
80,10,8,0.9,baseline,4,41,0.0060353404842317104,0,1.1370419088052586e-05,0.1925571858882904,8.116654396057129,19.00716209411621,19.00716209411621,1.0,1.0
80,10,8,0.9,baseline,4,42,0.008219555020332336,0,2.455328831274528e-05,0.17151829600334167,8.341666221618652,9.214431762695312,18.977764129638672,0.0,1.0
80,10,8,0.9,baseline,4,43,0.007661534007638693,0,1.3782418136543129e-05,0.17431147396564484,8.286395072937012,14.769185066223145,19.000761032104492,0.0,1.0
80,10,8,0.9,baseline,4,44,0.009448731318116188,0,2.2968581106397323e-05,0.16101102530956268,8.621747970581055,11.440847396850586,18.410139083862305,0.0,1.0
80,10,8,0.9,baseline,4,45,0.011102786287665367,0,3.662015660665929e-05,0.17418453097343445,8.273136138916016,12.56801986694336,19.18633460998535,0.0,1.0
80,10,8,0.9,baseline,4,46,0.005521582439541817,0,6.565755029441789e-06,0.17134150862693787,8.40584659576416,18.1424503326416,18.1424503326416,1.0,1.0
80,10,8,0.9,baseline,4,47,0.012066783383488655,0,2.94152141577797e-05,0.1717989146709442,8.280715942382812,10.325377464294434,19.198421478271484,0.0,1.0
80,10,8,0.9,baseline,4,48,0.007612885441631079,0,1.6219302779063582e-05,0.173406183719635,8.260930061340332,12.547972679138184,19.251466751098633,0.0,1.0
80,10,8,0.9,baseline,4,49,0.008135072886943817,0,1.094580420613056e-05,0.17113304138183594,8.52742862701416,18.647056579589844,18.647056579589844,1.0,1.0
80,10,8,0.9,baseline,4,50,0.008985821157693863,0,1.5990161045920104e-05,0.18768256902694702,8.330534934997559,17.698251724243164,18.485204696655273,0.0,1.0
80,10,8,0.9,baseline,4,51,0.010507175698876381,0,2.243702328996733e-05,0.16605202853679657,8.358510971069336,14.575604438781738,18.73686408996582,0.0,1.0
80,10,8,0.9,baseline,4,52,0.007824166677892208,0,1.798607991077006e-05,0.17439258098602295,8.310748100280762,13.162829399108887,19.468883514404297,0.0,1.0
80,10,8,0.9,baseline,4,53,0.0054834093898534775,0,8.21265894046519e-06,0.16827739775180817,8.60385513305664,20.034500122070312,20.034500122070312,1.0,1.0
80,10,8,0.9,baseline,4,54,0.006084899418056011,0,7.313831247302005e-06,0.15964430570602417,8.777122497558594,18.44205665588379,18.44205665588379,1.0,1.0
80,10,8,0.9,baseline,4,55,0.012471864931285381,0,3.0469867851934396e-05,0.16546766459941864,8.446869850158691,10.945530891418457,19.325010299682617,0.0,1.0
80,10,8,0.9,baseline,4,56,0.010315150022506714,0,2.672069240361452e-05,0.1669658124446869,8.477502822875977,15.221529960632324,19.786508560180664,0.0,1.0
80,10,8,0.9,baseline,4,57,0.010354600846767426,0,2.4589693566667847e-05,0.16039684414863586,8.444184303283691,11.681766510009766,18.194068908691406,0.0,1.0
80,10,8,0.9,baseline,4,58,0.006870487704873085,0,1.5749719750601798e-05,0.16814002394676208,8.240714073181152,12.456160545349121,19.039520263671875,0.0,1.0
80,10,8,0.9,baseline,4,59,0.007302568294107914,0,1.1023088518413715e-05,0.16601940989494324,8.482884407043457,19.406831741333008,19.406831741333008,1.0,1.0
80,10,8,0.9,baseline,4,60,0.009424109011888504,0,1.624928518140223e-05,0.17194519937038422,8.214127540588379,19.064558029174805,19.064558029174805,1.0,1.0
80,10,8,0.9,baseline,4,61,0.008962021209299564,0,2.1118963559274562e-05,0.16978012025356293,8.515886306762695,11.404935836791992,19.53976058959961,0.0,1.0
80,10,8,0.9,baseline,4,62,0.007212532218545675,0,1.852975765359588e-05,0.17339596152305603,8.469096183776855,11.159223556518555,18.677249908447266,0.0,1.0
80,10,8,0.9,baseline,4,63,0.012094181962311268,0,3.431081859162077e-05,0.18762868642807007,8.284317016601562,12.218352317810059,18.79268455505371,0.0,1.0
80,10,8,0.9,baseline,4,64,0.007269735913723707,0,1.494126900070114e-05,0.16862797737121582,8.396852493286133,17.685274124145508,18.54887580871582,0.0,1.0
80,10,8,0.9,baseline,4,65,0.008819352835416794,0,1.6906073142308742e-05,0.1719544380903244,8.495658874511719,19.182321548461914,19.182321548461914,1.0,1.0
80,10,8,0.9,baseline,4,66,0.0089678093791008,0,2.288444920850452e-05,0.17384189367294312,8.2770357131958,10.718207359313965,19.406105041503906,0.0,1.0
80,10,8,0.9,baseline,4,67,0.0068901521153748035,0,1.5147683370742016e-05,0.1801479607820511,8.305632591247559,14.952783584594727,18.530513763427734,0.0,1.0
80,10,8,0.9,baseline,4,68,0.00970405898988247,0,1.8021992218564264e-05,0.16663339734077454,8.504761695861816,13.413249015808105,19.978099822998047,0.0,1.0
80,10,8,0.9,baseline,4,69,0.008625458925962448,0,2.7675416276906617e-05,0.16753384470939636,8.41648006439209,11.510049819946289,19.54727554321289,0.0,1.0
80,10,8,0.9,baseline,4,70,0.010202359408140182,0,1.9908949980163015e-05,0.17180216312408447,8.162275314331055,18.744522094726562,18.744522094726562,1.0,1.0
80,10,8,0.9,baseline,4,71,0.007712092250585556,0,1.3965406651550438e-05,0.17849411070346832,8.526839256286621,15.273663520812988,18.819669723510742,0.0,1.0
80,10,8,0.9,baseline,4,72,0.00907223578542471,0,1.6756564946263097e-05,0.1753377914428711,8.268850326538086,17.149744033813477,19.27849578857422,0.0,1.0
80,10,8,0.9,baseline,4,73,0.008013026788830757,0,1.717601844575256e-05,0.17023217678070068,8.501178741455078,19.0880126953125,19.0880126953125,1.0,1.0
80,10,8,0.9,baseline,4,74,0.00960308313369751,0,1.981466448341962e-05,0.1727713942527771,8.398760795593262,17.490121841430664,18.998273849487305,0.0,1.0
80,10,8,0.9,baseline,4,75,0.009281824342906475,0,2.213923835370224e-05,0.17340241372585297,8.399679183959961,10.054357528686523,18.971107482910156,0.0,1.0
80,10,8,0.9,baseline,4,76,0.009442869573831558,0,1.6803518519736826e-05,0.15711894631385803,8.627603530883789,18.297813415527344,19.5506591796875,0.0,1.0
80,10,8,0.9,baseline,4,77,0.010156976990401745,0,3.104356073890813e-05,0.1816801130771637,8.281651496887207,9.065412521362305,18.709630966186523,0.0,1.0
80,10,8,0.9,baseline,4,78,0.009196446277201176,0,3.9074784581316635e-05,0.17026616632938385,8.70383358001709,8.201204299926758,19.18174934387207,0.0,1.0
80,10,8,0.9,baseline,4,79,0.0067791203036904335,0,1.4293181266111787e-05,0.18243418633937836,8.304328918457031,13.341493606567383,20.095508575439453,0.0,1.0
80,10,8,0.9,input_at,0,0,0.968385636806488,1,0.6417538523674011,0.24438424408435822,6.701474666595459,0.08705136179924011,0.34822461009025574,0.0,0.0
80,10,8,0.9,input_at,0,1,1.0470072031021118,1,0.4547922611236572,0.2912502586841583,6.030580043792725,0.11050676554441452,0.448300838470459,0.0,0.0
80,10,8,0.9,input_at,0,2,0.029796920716762543,0,0.0006157041643746197,0.25722354650497437,6.776966571807861,17.53704833984375,17.53704833984375,1.0,1.0
80,10,8,0.9,input_at,0,3,1.3488246202468872,1,0.6945781707763672,0.4114944338798523,4.453892230987549,0.12421596795320511,0.48946914076805115,0.0,0.0
80,10,8,0.9,input_at,0,4,1.0625839233398438,1,0.457781583070755,0.31344956159591675,5.844163417816162,0.11226912587881088,0.4461369216442108,0.0,0.0
80,10,8,0.9,input_at,0,5,1.1532762050628662,1,0.41855329275131226,0.3968518078327179,4.717108726501465,0.10919380187988281,0.4407138228416443,0.0,0.0
80,10,8,0.9,input_at,0,6,1.0828982591629028,1,0.4161719083786011,0.34727612137794495,5.330686092376709,0.10706041753292084,0.4304797649383545,0.0,0.0
80,10,8,0.9,input_at,0,7,0.16036570072174072,0,0.011903396807610989,0.21051830053329468,7.180327892303467,0.6478986740112305,3.561028242111206,0.0,0.0
80,10,8,0.9,input_at,0,8,1.4661707878112793,1,0.49058181047439575,0.452994167804718,3.8881170749664307,0.15602396428585052,0.6222087740898132,0.0,0.0
80,10,8,0.9,input_at,0,9,1.4667606353759766,1,0.49095118045806885,0.4819304347038269,3.6215341091156006,0.15090574324131012,0.5881118178367615,0.0,0.0
80,10,8,0.9,input_at,0,10,1.5705153942108154,1,0.4881443381309509,0.5161543488502502,3.29638409614563,0.1637750267982483,0.6397873759269714,0.0,0.0
80,10,8,0.9,input_at,0,11,1.5713638067245483,1,0.4887044429779053,0.5142446756362915,3.2952141761779785,0.1603662669658661,0.6480241417884827,0.0,0.0
80,10,8,0.9,input_at,0,12,0.19399668276309967,0,0.03192387521266937,0.23603889346122742,7.150474548339844,0.3646931052207947,2.0361721515655518,0.0,0.0
80,10,8,0.9,input_at,0,13,1.4967628717422485,1,0.5019777417182922,0.4953826069831848,3.51491117477417,0.11834613978862762,0.4534922242164612,0.0,0.0
80,10,8,0.9,input_at,0,14,1.25057053565979,1,0.4800499379634857,0.4063287079334259,4.557982444763184,0.10323361307382584,0.41569796204566956,0.0,0.0
80,10,8,0.9,input_at,0,15,1.5614012479782104,1,0.4812717139720917,0.501366138458252,3.423232078552246,0.1658170521259308,0.6501011848449707,0.0,0.0
80,10,8,0.9,input_at,0,16,1.5981825590133667,1,0.4431611895561218,0.5518577098846436,2.978334426879883,0.15699011087417603,0.5828933119773865,0.0,0.0
80,10,8,0.9,input_at,0,17,1.987375020980835,1,0.6250430941581726,0.6465358138084412,2.2841758728027344,0.18341805040836334,0.680385172367096,0.0,0.0
80,10,8,0.9,input_at,0,18,0.0769076868891716,0,0.0030484835151582956,0.22914136946201324,7.142387866973877,1.0598405599594116,6.135033130645752,0.0,0.0
80,10,8,0.9,input_at,0,19,0.7609854936599731,1,0.16676875948905945,0.25321486592292786,6.600650787353516,0.25354626774787903,1.2727478742599487,0.0,0.0
80,10,8,0.9,input_at,0,20,0.049492247402668,0,0.0007456912426277995,0.24233244359493256,6.88153600692749,1.792097568511963,10.325943946838379,0.0,0.0
80,10,8,0.9,input_at,0,21,0.05941163748502731,0,0.0011686637299135327,0.23750516772270203,6.920455455780029,2.038905382156372,11.90988826751709,0.0,0.0
80,10,8,0.9,input_at,0,22,0.6456072330474854,1,0.07636665552854538,0.2751057744026184,6.478750228881836,0.5806922912597656,3.04386043548584,0.0,0.0
80,10,8,0.9,input_at,0,23,0.17415554821491241,0,0.006361956708133221,0.2392757683992386,7.059067726135254,1.668709635734558,12.24966812133789,0.0,0.0
80,10,8,0.9,input_at,0,24,0.405534952878952,1,0.030746420845389366,0.2205287665128708,7.001581192016602,0.8261837363243103,4.819828510284424,0.0,0.0
80,10,8,0.9,input_at,0,25,0.033327292650938034,0,0.0002947309985756874,0.2261657863855362,6.868900299072266,4.733631134033203,16.9495849609375,0.0,1.0
80,10,8,0.9,input_at,0,26,0.0515904575586319,0,0.0006089707603678107,0.23428209125995636,6.932680606842041,3.975661277770996,17.044151306152344,0.0,1.0
80,10,8,0.9,input_at,0,27,0.07613338530063629,0,0.001508247572928667,0.2504567801952362,6.735959053039551,2.9082164764404297,16.909481048583984,0.0,1.0
80,10,8,0.9,input_at,0,28,0.12391972541809082,0,0.0024263032246381044,0.2308279573917389,7.049177646636963,2.326331853866577,12.439583778381348,0.0,0.0
80,10,8,0.9,input_at,0,29,0.10458073019981384,0,0.0019114738097414374,0.23416219651699066,6.84511137008667,3.5868043899536133,16.968223571777344,0.0,1.0
80,10,8,0.9,input_at,0,30,0.33483773469924927,1,0.01830930821597576,0.24863460659980774,6.886334419250488,1.0728009939193726,5.493412017822266,0.0,0.0
80,10,8,0.9,input_at,0,31,0.017011361196637154,0,0.00010531765292398632,0.2374817132949829,6.946122646331787,6.921918869018555,16.898035049438477,0.0,1.0
80,10,8,0.9,input_at,0,32,0.23822985589504242,0,0.009251649491488934,0.2445952445268631,6.93558406829834,1.605657935142517,11.114654541015625,0.0,0.0
80,10,8,0.9,input_at,0,33,0.3291657865047455,1,0.01741841621696949,0.2594146430492401,6.634098529815674,1.1740732192993164,6.142128944396973,0.0,0.0
80,10,8,0.9,input_at,0,34,0.09260232746601105,0,0.001389276352711022,0.24583540856838226,6.993383407592773,2.891606569290161,15.411919593811035,0.0,0.0
80,10,8,0.9,input_at,0,35,0.12901492416858673,0,0.002722816076129675,0.23456282913684845,6.954509735107422,2.2671680450439453,12.566925048828125,0.0,0.0
80,10,8,0.9,input_at,0,36,0.015277372673153877,0,8.334601443493739e-05,0.21613800525665283,7.041468620300293,6.305810451507568,16.763599395751953,0.0,1.0
80,10,8,0.9,input_at,0,37,0.21739080548286438,0,0.007716569118201733,0.21418070793151855,7.0796003341674805,1.5110111236572266,8.679173469543457,0.0,0.0
80,10,8,0.9,input_at,0,38,0.037470441311597824,0,0.00023747746308799833,0.24202865362167358,6.892049789428711,4.759145259857178,17.364990234375,0.0,1.0
80,10,8,0.9,input_at,0,39,0.13593918085098267,0,0.0030053267255425453,0.21514835953712463,7.08828592300415,2.1322999000549316,11.733993530273438,0.0,0.0
80,10,8,0.9,input_at,0,40,0.07291271537542343,0,0.0008712965063750744,0.23174375295639038,6.939456462860107,3.5363171100616455,17.409099578857422,0.0,1.0
80,10,8,0.9,input_at,0,41,0.01197543554008007,0,6.251363811315969e-05,0.21390722692012787,7.097855091094971,7.586672782897949,17.32729721069336,0.0,1.0
80,10,8,0.9,input_at,0,42,0.028823573142290115,0,0.00014579985872842371,0.2472653090953827,6.838528633117676,5.196836948394775,17.302637100219727,0.0,1.0
80,10,8,0.9,input_at,0,43,0.00972195714712143,0,4.329675721237436e-05,0.23385435342788696,7.033632278442383,10.501461029052734,17.601348876953125,0.0,1.0
80,10,8,0.9,input_at,0,44,0.013215063139796257,0,4.4481341319624335e-05,0.2456919550895691,6.889276504516602,11.045509338378906,16.538578033447266,0.0,1.0
80,10,8,0.9,input_at,0,45,0.11162056773900986,0,0.002062734914943576,0.22642779350280762,6.956576824188232,9.910565376281738,17.937076568603516,0.0,1.0
80,10,8,0.9,input_at,0,46,0.018327748402953148,0,8.248680387623608e-05,0.2339155226945877,6.9556965827941895,5.8549699783325195,17.149288177490234,0.0,1.0
80,10,8,0.9,input_at,0,47,0.018795538693666458,0,6.529957317980006e-05,0.22742152214050293,7.097907066345215,6.956099510192871,16.48259735107422,0.0,1.0
80,10,8,0.9,input_at,0,48,0.038392506539821625,0,0.0002460224786773324,0.2204378992319107,7.131598472595215,5.55928897857666,17.22234535217285,0.0,1.0
80,10,8,0.9,input_at,0,49,0.08504568785429001,0,0.0011852731695398688,0.25889796018600464,6.596706867218018,3.0736496448516846,16.32097816467285,0.0,0.125
80,10,8,0.9,input_at,0,50,0.03433527797460556,0,0.00019391790556255728,0.24824023246765137,6.7531208992004395,5.543503284454346,18.074071884155273,0.0,1.0
80,10,8,0.9,input_at,0,51,0.10448096692562103,0,0.0017774876905605197,0.2302667200565338,7.030795574188232,2.7060751914978027,14.373825073242188,0.0,0.0
80,10,8,0.9,input_at,0,52,0.23858176171779633,0,0.009126856923103333,0.2374800741672516,6.950023651123047,1.6715362071990967,11.227156639099121,0.0,0.0
80,10,8,0.9,input_at,0,53,0.017081530764698982,0,6.474835390690714e-05,0.23723019659519196,6.926804542541504,8.214899063110352,17.237197875976562,0.0,1.0
80,10,8,0.9,input_at,0,54,0.03435663878917694,0,0.0002092049253406003,0.23625752329826355,6.899641036987305,8.107325553894043,17.358234405517578,0.0,1.0
80,10,8,0.9,input_at,0,55,0.07785792648792267,0,0.0009695789776742458,0.2606087625026703,6.793420791625977,4.096985816955566,16.877422332763672,0.0,1.0
80,10,8,0.9,input_at,0,56,0.013257809914648533,0,5.576139301410876e-05,0.23538699746131897,6.884415626525879,7.417844772338867,16.779769897460938,0.0,1.0
80,10,8,0.9,input_at,0,57,0.02829906716942787,0,0.0001660792186157778,0.23703961074352264,7.009151935577393,7.079249858856201,15.799354553222656,0.0,1.0
80,10,8,0.9,input_at,0,58,0.016167474910616875,0,5.598859570454806e-05,0.22312165796756744,7.161914825439453,7.028355121612549,16.709716796875,0.0,1.0
80,10,8,0.9,input_at,0,59,0.11101207137107849,0,0.002035540761426091,0.23275060951709747,7.141677379608154,13.622952461242676,16.738842010498047,0.0,1.0
80,10,8,0.9,input_at,0,60,0.03109876438975334,0,0.00016460110782645643,0.22497442364692688,6.984485149383545,5.629805088043213,18.07190704345703,0.0,1.0
80,10,8,0.9,input_at,0,61,0.06461581587791443,0,0.0006686585256829858,0.21868455410003662,7.1305742263793945,4.554495334625244,17.72770118713379,0.0,1.0
80,10,8,0.9,input_at,0,62,0.029987912625074387,0,0.00017247874347958714,0.22223787009716034,7.107320785522461,8.713027000427246,16.721038818359375,0.0,1.0
80,10,8,0.9,input_at,0,63,0.020739689469337463,0,7.988331344677135e-05,0.22302094101905823,7.055004596710205,6.286306858062744,16.620359420776367,0.0,1.0
80,10,8,0.9,input_at,0,64,0.04036540538072586,0,0.00027177759329788387,0.23447507619857788,6.919016361236572,5.606955528259277,17.52926254272461,0.0,1.0
80,10,8,0.9,input_at,0,65,0.04990517720580101,0,0.00040880462620407343,0.22776615619659424,6.904175758361816,4.503149032592773,17.479951858520508,0.0,1.0
80,10,8,0.9,input_at,0,66,0.10282805562019348,0,0.001722518471069634,0.2537683844566345,6.652194023132324,2.920536518096924,15.941444396972656,0.0,0.0
80,10,8,0.9,input_at,0,67,0.027599981054663658,0,0.00012892317317891866,0.24472381174564362,6.776416778564453,7.20849609375,17.245656967163086,0.0,1.0
80,10,8,0.9,input_at,0,68,0.03731106221675873,0,0.00023417355259880424,0.23496104776859283,6.943079948425293,5.487853527069092,16.935192108154297,0.0,1.0
80,10,8,0.9,input_at,0,69,0.030387314036488533,0,0.00016809863154776394,0.2094563990831375,7.278581142425537,8.15245532989502,17.28287696838379,0.0,1.0
80,10,8,0.9,input_at,0,70,0.030193110927939415,0,0.00015649358101654798,0.22589163482189178,7.186630725860596,5.4325785636901855,17.77387809753418,0.0,1.0
80,10,8,0.9,input_at,0,71,0.051260240375995636,0,0.0004263608134351671,0.23393280804157257,6.906009674072266,4.620673179626465,16.645214080810547,0.0,1.0
80,10,8,0.9,input_at,0,72,0.12048328667879105,0,0.002357253571972251,0.23280298709869385,6.994197368621826,2.5854671001434326,13.888364791870117,0.0,0.0
80,10,8,0.9,input_at,0,73,0.7201856970787048,1,0.08693131059408188,0.30638253688812256,5.908409118652344,0.575855553150177,2.582674264907837,0.0,0.0
80,10,8,0.9,input_at,0,74,0.08084217458963394,0,0.0010564627591520548,0.2600512206554413,6.609630107879639,3.5410687923431396,17.797975540161133,0.0,0.875
80,10,8,0.9,input_at,0,75,0.019736718386411667,0,8.670445822644979e-05,0.22477173805236816,7.2201457023620605,5.71228551864624,16.303342819213867,0.0,1.0
80,10,8,0.9,input_at,0,76,0.010724741965532303,0,3.8535319617949426e-05,0.24411293864250183,6.792409896850586,12.47937297821045,17.835222244262695,0.0,1.0
80,10,8,0.9,input_at,0,77,0.01655622571706772,0,5.511454583029263e-05,0.22385305166244507,7.096194744110107,8.37967300415039,17.29081916809082,0.0,1.0
80,10,8,0.9,input_at,0,78,0.12126427888870239,0,0.0023591734934598207,0.22927996516227722,6.860560894012451,2.69808292388916,14.817723274230957,0.0,0.0
80,10,8,0.9,input_at,0,79,0.012900935485959053,0,5.967005927232094e-05,0.2151380330324173,7.134213924407959,9.899049758911133,16.68402671813965,0.0,1.0
80,10,8,0.9,input_at,1,0,1.386223554611206,1,0.8558176159858704,0.42166027426719666,4.4776105880737305,0.1310577392578125,0.5160601735115051,0.0,0.0
80,10,8,0.9,input_at,1,1,0.017923373728990555,0,0.0001463578810216859,0.1765659749507904,8.122237205505371,11.203757286071777,15.763586044311523,0.0,1.0
80,10,8,0.9,input_at,1,2,0.9574453234672546,1,0.8740965127944946,0.2647070288658142,7.056551933288574,0.09236068278551102,0.36624759435653687,0.0,0.0
80,10,8,0.9,input_at,1,3,1.2854448556900024,1,0.4809633493423462,0.43989503383636475,4.2064900398254395,0.13445152342319489,0.5422881841659546,0.0,0.0
80,10,8,0.9,input_at,1,4,1.186593770980835,1,0.48371705412864685,0.37144628167152405,5.180881500244141,0.12275905162096024,0.4928067922592163,0.0,0.0
80,10,8,0.9,input_at,1,5,1.27326500415802,1,0.4790748655796051,0.4192424416542053,4.476274490356445,0.12926551699638367,0.5140817165374756,0.0,0.0
80,10,8,0.9,input_at,1,6,1.1868048906326294,1,0.48415741324424744,0.39649349451065063,4.827687740325928,0.12342223525047302,0.5166130065917969,0.0,0.0
80,10,8,0.9,input_at,1,7,1.2642481327056885,1,0.48573336005210876,0.41790080070495605,4.500272274017334,0.12867939472198486,0.5185545086860657,0.0,0.0
80,10,8,0.9,input_at,1,8,1.3927977085113525,1,0.47649794816970825,0.500500500202179,3.5096700191497803,0.14147326350212097,0.5701276659965515,0.0,0.0
80,10,8,0.9,input_at,1,9,1.2726284265518188,1,0.47883325815200806,0.4195505976676941,4.4784932136535645,0.13419626653194427,0.5239281058311462,0.0,0.0
80,10,8,0.9,input_at,1,10,1.2887293100357056,1,0.48387694358825684,0.44609230756759644,4.136476993560791,0.13551564514636993,0.5292634963989258,0.0,0.0
80,10,8,0.9,input_at,1,11,1.3442137241363525,1,0.45451512932777405,0.46813419461250305,3.8827757835388184,0.11830276995897293,0.4603455662727356,0.0,0.0
80,10,8,0.9,input_at,1,12,1.2316330671310425,1,0.3962576687335968,0.4404046833515167,4.209064960479736,0.11320993304252625,0.449042409658432,0.0,0.0
80,10,8,0.9,input_at,1,13,1.388391137123108,1,0.4736432731151581,0.49128231406211853,3.6198601722717285,0.14001333713531494,0.5595879554748535,0.0,0.0
80,10,8,0.9,input_at,1,14,0.14702662825584412,0,0.007299373392015696,0.18393944203853607,7.9093017578125,0.9713082909584045,5.715653419494629,0.0,0.0
80,10,8,0.9,input_at,1,15,1.4741137027740479,1,0.473217248916626,0.5266123414039612,3.250619411468506,0.14083269238471985,0.5653409957885742,0.0,0.0
80,10,8,0.9,input_at,1,16,1.4898070096969604,1,0.4858943819999695,0.529849648475647,3.2208573818206787,0.15340955555438995,0.6132457256317139,0.0,0.0
80,10,8,0.9,input_at,1,17,0.9684560894966125,1,0.3051569163799286,0.33261680603027344,5.865583896636963,0.17262524366378784,0.6950855255126953,0.0,0.0
80,10,8,0.9,input_at,1,18,0.40647727251052856,1,0.05637616664171219,0.19944414496421814,7.872263431549072,0.3500446677207947,1.7367197275161743,0.0,0.0
80,10,8,0.9,input_at,1,19,0.7016807198524475,1,0.20771200954914093,0.2176080197095871,7.706495761871338,0.16354915499687195,0.700788676738739,0.0,0.0
80,10,8,0.9,input_at,1,20,1.2365078926086426,1,0.46516644954681396,0.41201844811439514,4.577415466308594,0.13249139487743378,0.5205215811729431,0.0,0.0
80,10,8,0.9,input_at,1,21,0.2565672993659973,0,0.022357570007443428,0.1830826997756958,7.979025363922119,0.5562649965286255,3.1331632137298584,0.0,0.0
80,10,8,0.9,input_at,1,22,0.15026675164699554,0,0.010832708328962326,0.18157866597175598,8.132609367370605,0.9012463688850403,5.5959792137146,0.0,0.0
80,10,8,0.9,input_at,1,23,0.040938716381788254,0,0.0006762889679521322,0.18224868178367615,8.043456077575684,2.760852336883545,14.917468070983887,0.0,0.0
80,10,8,0.9,input_at,1,24,0.11769339442253113,0,0.005675791297107935,0.17827171087265015,8.093682289123535,0.9539507627487183,5.465597152709961,0.0,0.0
80,10,8,0.9,input_at,1,25,0.09759557992219925,0,0.003896275768056512,0.1764317899942398,8.24373722076416,1.1377109289169312,6.365620136260986,0.0,0.0
80,10,8,0.9,input_at,1,26,0.022035954520106316,0,0.00018056192493531853,0.1701216995716095,8.146614074707031,5.728635311126709,16.05803680419922,0.0,1.0
80,10,8,0.9,input_at,1,27,0.052578575909137726,0,0.001155796810053289,0.18433010578155518,8.036641120910645,2.0207226276397705,10.969555854797363,0.0,0.0
80,10,8,0.9,input_at,1,28,0.018923060968518257,0,0.00016343948664143682,0.20047712326049805,7.889878273010254,5.1424360275268555,16.55181884765625,0.0,1.0
80,10,8,0.9,input_at,1,29,0.035852085798978806,0,0.0005203951732255518,0.1908765584230423,7.8601274490356445,3.1414310932159424,16.712505340576172,0.0,0.625
80,10,8,0.9,input_at,1,30,0.012687706388533115,0,6.932196265552193e-05,0.17971138656139374,8.13318920135498,7.987049102783203,15.249613761901855,0.0,1.0
80,10,8,0.9,input_at,1,31,0.011197402141988277,0,5.921944466535933e-05,0.1923646628856659,8.092789649963379,8.601155281066895,15.709309577941895,0.0,1.0
80,10,8,0.9,input_at,1,32,0.011496735736727715,0,6.957924051675946e-05,0.18679717183113098,7.816084861755371,7.547675609588623,16.418224334716797,0.0,1.0
80,10,8,0.9,input_at,1,33,0.012233048677444458,0,5.106590469949879e-05,0.1859583705663681,8.03682804107666,11.710777282714844,16.398591995239258,0.0,1.0
80,10,8,0.9,input_at,1,34,0.012384380213916302,0,5.790695649920963e-05,0.1846262812614441,7.97646951675415,9.719096183776855,16.85266876220703,0.0,1.0
80,10,8,0.9,input_at,1,35,0.009977699257433414,0,4.674097726820037e-05,0.17522503435611725,8.227152824401855,9.74520492553711,17.393966674804688,0.0,1.0
80,10,8,0.9,input_at,1,36,0.008393544703722,0,3.1797993869986385e-05,0.204404816031456,7.87648344039917,11.580327987670898,16.163389205932617,0.0,1.0
80,10,8,0.9,input_at,1,37,0.007901855744421482,0,2.5160254153888673e-05,0.2010987401008606,7.849484443664551,15.23595142364502,16.91290283203125,0.0,1.0
80,10,8,0.9,input_at,1,38,0.008660555817186832,0,3.3091411751229316e-05,0.1859080046415329,8.049193382263184,12.346085548400879,15.842499732971191,0.0,1.0
80,10,8,0.9,input_at,1,39,0.008262969553470612,0,2.4791548639768735e-05,0.20393401384353638,7.765143394470215,15.43824291229248,16.56789207458496,0.0,1.0
80,10,8,0.9,input_at,1,40,0.007715828251093626,0,2.3412016162183136e-05,0.17355255782604218,8.134841918945312,14.718786239624023,15.93806266784668,0.0,1.0
80,10,8,0.9,input_at,1,41,0.009358758106827736,0,2.9367138267843984e-05,0.18857291340827942,7.839754581451416,15.233487129211426,16.144756317138672,0.0,1.0
80,10,8,0.9,input_at,1,42,0.007432189304381609,0,2.0350325939944014e-05,0.18400168418884277,7.967261791229248,15.970773696899414,15.970773696899414,1.0,1.0
80,10,8,0.9,input_at,1,43,0.00634747464209795,0,1.3491021491063293e-05,0.19369831681251526,8.007611274719238,15.993480682373047,15.993480682373047,1.0,1.0
80,10,8,0.9,input_at,1,44,0.005602266173809767,0,1.2271271771169268e-05,0.20334051549434662,7.8153157234191895,15.43631362915039,15.43631362915039,1.0,1.0
80,10,8,0.9,input_at,1,45,0.007073966320604086,0,1.81927844096208e-05,0.2053096890449524,7.8498053550720215,16.435611724853516,16.435611724853516,1.0,1.0
80,10,8,0.9,input_at,1,46,0.007506761699914932,0,2.312793913006317e-05,0.1805698275566101,7.985064506530762,14.989789009094238,16.51264190673828,0.0,1.0
80,10,8,0.9,input_at,1,47,0.005919141694903374,0,1.40004240165581e-05,0.20642611384391785,7.85961389541626,15.855070114135742,15.855070114135742,1.0,1.0
80,10,8,0.9,input_at,1,48,0.007831175811588764,0,2.0819634301005863e-05,0.17658255994319916,8.313563346862793,16.11046028137207,16.11046028137207,1.0,1.0
80,10,8,0.9,input_at,1,49,0.007062576245516539,0,2.445468089717906e-05,0.1724093109369278,8.286575317382812,14.722297668457031,15.27745246887207,0.0,1.0
80,10,8,0.9,input_at,1,50,0.006947492249310017,0,2.088236578856595e-05,0.17943961918354034,8.086152076721191,14.443355560302734,16.31430435180664,0.0,1.0
80,10,8,0.9,input_at,1,51,0.00809689424932003,0,2.950484304165002e-05,0.18157395720481873,8.035683631896973,12.320154190063477,16.662586212158203,0.0,1.0
80,10,8,0.9,input_at,1,52,0.00824623741209507,0,3.429267599130981e-05,0.17557859420776367,8.16407585144043,11.049784660339355,16.405216217041016,0.0,1.0
80,10,8,0.9,input_at,1,53,0.008041329681873322,0,2.47240732278442e-05,0.17500101029872894,7.974662780761719,15.649370193481445,16.786453247070312,0.0,1.0
80,10,8,0.9,input_at,1,54,0.005133423022925854,0,8.934201105148531e-06,0.1884991079568863,7.974668979644775,16.254758834838867,16.254758834838867,1.0,1.0
80,10,8,0.9,input_at,1,55,0.007772999349981546,0,1.870242522272747e-05,0.1809776872396469,8.14179801940918,16.04179573059082,16.04179573059082,1.0,1.0
80,10,8,0.9,input_at,1,56,0.006137914955615997,0,1.700178654573392e-05,0.18175093829631805,7.92856502532959,15.683584213256836,16.228370666503906,0.0,1.0
80,10,8,0.9,input_at,1,57,0.004008031915873289,0,5.989485543977935e-06,0.18170535564422607,8.098592758178711,16.493873596191406,16.493873596191406,1.0,1.0
80,10,8,0.9,input_at,1,58,0.005948771722614765,0,1.327901645709062e-05,0.17835187911987305,8.232495307922363,16.31957244873047,16.31957244873047,1.0,1.0
80,10,8,0.9,input_at,1,59,0.006625328678637743,0,1.4224972801457625e-05,0.1752113550901413,8.101571083068848,15.979665756225586,15.979665756225586,1.0,1.0
80,10,8,0.9,input_at,1,60,0.0068183597177267075,0,1.680503373790998e-05,0.17425954341888428,8.036545753479004,15.832569122314453,15.832569122314453,1.0,1.0
80,10,8,0.9,input_at,1,61,0.00763957854360342,0,2.3469730876968242e-05,0.19355638325214386,7.926551818847656,15.201550483703613,16.47112274169922,0.0,1.0
80,10,8,0.9,input_at,1,62,0.007225190754979849,0,2.2285859813564457e-05,0.1782194823026657,8.070054054260254,14.933433532714844,16.59994888305664,0.0,1.0
80,10,8,0.9,input_at,1,63,0.005437313579022884,0,1.1768872354878113e-05,0.2074289172887802,7.869175434112549,16.271656036376953,16.271656036376953,1.0,1.0
80,10,8,0.9,input_at,1,64,0.007323382887989283,0,2.2075944798416458e-05,0.17403489351272583,8.253120422363281,15.12885856628418,15.925393104553223,0.0,1.0
80,10,8,0.9,input_at,1,65,0.006880348082631826,0,2.0193310774629936e-05,0.18532557785511017,8.011265754699707,15.41351318359375,15.41351318359375,1.0,1.0
80,10,8,0.9,input_at,1,66,0.007195932324975729,0,1.7559044863446616e-05,0.18768101930618286,7.99752950668335,16.35552978515625,16.35552978515625,1.0,1.0
80,10,8,0.9,input_at,1,67,0.006087456829845905,0,1.3967479389975779e-05,0.19338618218898773,7.934335708618164,16.399497985839844,16.399497985839844,1.0,1.0
80,10,8,0.9,input_at,1,68,0.008340512402355671,0,2.722026147239376e-05,0.19733434915542603,8.02495288848877,13.188079833984375,16.384387969970703,0.0,1.0
80,10,8,0.9,input_at,1,69,0.006194909103214741,0,1.5261577573255636e-05,0.2051457166671753,7.765690803527832,16.024768829345703,16.024768829345703,1.0,1.0
80,10,8,0.9,input_at,1,70,0.006140077952295542,0,1.8951699530589394e-05,0.16566312313079834,8.353214263916016,14.043721199035645,16.342119216918945,0.0,1.0
80,10,8,0.9,input_at,1,71,0.00793589185923338,0,2.540568857511971e-05,0.19221264123916626,8.006278038024902,13.979389190673828,16.616418838500977,0.0,1.0
80,10,8,0.9,input_at,1,72,0.005279093980789185,0,1.0834759450517595e-05,0.1861869841814041,8.050169944763184,15.603673934936523,15.603673934936523,1.0,1.0
80,10,8,0.9,input_at,1,73,0.005178158637136221,0,1.0288445992046036e-05,0.18439099192619324,8.08901309967041,16.074193954467773,16.074193954467773,1.0,1.0
80,10,8,0.9,input_at,1,74,0.006046858616173267,0,1.303418684983626e-05,0.17103713750839233,8.22221565246582,15.817538261413574,15.817538261413574,1.0,1.0
80,10,8,0.9,input_at,1,75,0.006913302466273308,0,2.0910250896122307e-05,0.17166784405708313,8.1273832321167,14.487152099609375,16.36539649963379,0.0,1.0
80,10,8,0.9,input_at,1,76,0.0055934772826731205,0,1.667807373451069e-05,0.17715409398078918,8.062540054321289,15.52102279663086,16.00157928466797,0.0,1.0
80,10,8,0.9,input_at,1,77,0.007072744891047478,0,2.4371656763833016e-05,0.1917916238307953,7.784115791320801,13.093989372253418,15.762332916259766,0.0,1.0
80,10,8,0.9,input_at,1,78,0.0077585214748978615,0,2.7736734409700148e-05,0.16455450654029846,8.043932914733887,12.70305061340332,16.410797119140625,0.0,1.0
80,10,8,0.9,input_at,1,79,0.006735461298376322,0,2.057025812973734e-05,0.18015162646770477,8.032188415527344,14.937886238098145,16.41233253479004,0.0,1.0
80,10,8,0.9,input_at,2,0,0.00941892433911562,0,8.502472155669238e-06,0.3189619779586792,5.888097763061523,18.42683982849121,18.42683982849121,1.0,1.0
80,10,8,0.9,input_at,2,1,1.139868974685669,1,0.5476837158203125,0.3314860165119171,5.345780849456787,0.09882204234600067,0.3975532054901123,0.0,0.0
80,10,8,0.9,input_at,2,2,1.1118817329406738,1,0.46558183431625366,0.314679890871048,5.382454872131348,0.11924149841070175,0.4801064431667328,0.0,0.0
80,10,8,0.9,input_at,2,3,0.9823423027992249,1,0.44493603706359863,0.3218795359134674,5.762537956237793,0.0898810401558876,0.3568401336669922,0.0,0.0
80,10,8,0.9,input_at,2,4,0.05122745409607887,0,0.0007499113562516868,0.32251235842704773,5.863478183746338,18.041824340820312,18.041824340820312,1.0,1.0
80,10,8,0.9,input_at,2,5,1.1774613857269287,1,0.484862357378006,0.34620365500450134,4.8446125984191895,0.1271098107099533,0.5120339393615723,0.0,0.0
80,10,8,0.9,input_at,2,6,1.2072099447250366,1,0.33870717883110046,0.4131834805011749,4.352018356323242,0.113697350025177,0.4547661244869232,0.0,0.0
80,10,8,0.9,input_at,2,7,1.3812897205352783,1,0.46562647819519043,0.41694125533103943,4.132315158843994,0.1408608853816986,0.5648389458656311,0.0,0.0
80,10,8,0.9,input_at,2,8,1.2460917234420776,1,0.41298937797546387,0.38798829913139343,4.598891735076904,0.13070127367973328,0.5201368927955627,0.0,0.0
80,10,8,0.9,input_at,2,9,1.3845258951187134,1,0.46023648977279663,0.4360065460205078,3.9727883338928223,0.14294448494911194,0.5755879878997803,0.0,0.0
80,10,8,0.9,input_at,2,10,1.2747012376785278,1,0.3594788610935211,0.4258415997028351,4.204424858093262,0.1222798153758049,0.48273494839668274,0.0,0.0
80,10,8,0.9,input_at,2,11,1.2469687461853027,1,0.4041040241718292,0.3894810080528259,4.513070583343506,0.11553845554590225,0.4490415155887604,0.0,0.0
80,10,8,0.9,input_at,2,12,0.40191107988357544,1,0.039927899837493896,0.32554709911346436,5.682328224182129,0.5388464331626892,6.200769424438477,0.0,0.0
80,10,8,0.9,input_at,2,13,1.2553237676620483,1,0.4002252221107483,0.3762570321559906,4.68782377243042,0.12709051370620728,0.5100517272949219,0.0,0.0
80,10,8,0.9,input_at,2,14,1.144091010093689,1,0.4935798645019531,0.3414292633533478,5.155158519744873,0.10801412165164948,0.4351215064525604,0.0,0.0
80,10,8,0.9,input_at,2,15,1.203804612159729,1,0.3696945607662201,0.36410582065582275,4.817063331604004,0.1332295835018158,0.5350887179374695,0.0,0.0
80,10,8,0.9,input_at,2,16,0.49562299251556396,1,0.05417586490511894,0.2901558578014374,6.084524631500244,0.3990226089954376,1.9614372253417969,0.0,0.0
80,10,8,0.9,input_at,2,17,0.12415905296802521,0,0.003724152222275734,0.3192608058452606,6.033992767333984,0.9363469481468201,5.016749858856201,0.0,0.0
80,10,8,0.9,input_at,2,18,1.520880937576294,1,0.44953885674476624,0.49339282512664795,3.3864119052886963,0.17245128750801086,0.6995255351066589,0.0,0.0
80,10,8,0.9,input_at,2,19,0.41221582889556885,1,0.0708138570189476,0.32329580187797546,5.922816276550293,0.32771995663642883,3.0435595512390137,0.0,0.0
80,10,8,0.9,input_at,2,20,0.1905968189239502,0,0.003355804132297635,0.33628785610198975,5.612494468688965,1.5175728797912598,6.570890426635742,0.0,0.0
80,10,8,0.9,input_at,2,21,1.211897611618042,1,0.19183440506458282,0.4503178894519806,3.916842460632324,0.2631806433200836,1.0440633296966553,0.0,0.0
80,10,8,0.9,input_at,2,22,1.251469612121582,1,0.2912614345550537,0.40448224544525146,4.293821334838867,0.19580012559890747,0.7727867960929871,0.0,0.0
80,10,8,0.9,input_at,2,23,0.07634984701871872,0,0.0006883943569846451,0.32292547821998596,5.853194713592529,2.5273549556732178,13.746834754943848,0.0,0.0
80,10,8,0.9,input_at,2,24,0.10936113446950912,0,0.0013170138699933887,0.29835331439971924,6.222933769226074,2.2805933952331543,12.567676544189453,0.0,0.0
80,10,8,0.9,input_at,2,25,0.10269754379987717,0,0.0010230321204289794,0.3505854606628418,5.454851150512695,2.3173885345458984,9.820980072021484,0.0,0.0
80,10,8,0.9,input_at,2,26,0.023826157674193382,0,6.936844874871895e-05,0.3385365605354309,5.59118127822876,7.887916564941406,18.301406860351562,0.0,1.0
80,10,8,0.9,input_at,2,27,0.2036488652229309,0,0.0037506655789911747,0.3227989971637726,5.875600814819336,1.8316041231155396,6.913694381713867,0.0,0.0
80,10,8,0.9,input_at,2,28,0.2267293930053711,0,0.004522211849689484,0.3302750587463379,5.880519390106201,5.071277141571045,18.824804306030273,0.0,0.75
80,10,8,0.9,input_at,2,29,0.44440537691116333,1,0.017453566193580627,0.32934650778770447,5.783036708831787,1.1344810724258423,4.418666362762451,0.0,0.0
80,10,8,0.9,input_at,2,30,0.2242230772972107,0,0.004456368274986744,0.3416975736618042,5.63639497756958,2.1711626052856445,7.351924896240234,0.0,0.0
80,10,8,0.9,input_at,2,31,0.013739758171141148,0,9.848905028775334e-05,0.31307253241539,5.986235618591309,6.306239128112793,18.673728942871094,0.0,1.0
80,10,8,0.9,input_at,2,32,0.3436320126056671,1,0.010409918613731861,0.3361879289150238,5.652599811553955,1.6037412881851196,5.636332035064697,0.0,0.0
80,10,8,0.9,input_at,2,33,0.2419804334640503,0,0.005185126326978207,0.333820104598999,5.697790145874023,2.1445088386535645,7.198638916015625,0.0,0.0
80,10,8,0.9,input_at,2,34,0.2531017065048218,0,0.005650673992931843,0.3494749367237091,5.432635307312012,2.0255043506622314,6.737051010131836,0.0,0.0
80,10,8,0.9,input_at,2,35,0.06568717211484909,0,0.0003910385712515563,0.32911938428878784,5.762846946716309,5.1866583824157715,17.70355987548828,0.0,0.0
80,10,8,0.9,input_at,2,36,0.07797291874885559,0,0.0005319075426086783,0.32731276750564575,5.872353553771973,18.227378845214844,18.227378845214844,1.0,1.0
80,10,8,0.9,input_at,2,37,0.04767778143286705,0,0.00020339858019724488,0.29487550258636475,6.261999607086182,15.817465782165527,18.47797203063965,0.0,1.0
80,10,8,0.9,input_at,2,38,0.9555709362030029,1,0.07990819960832596,0.46393337845802307,3.9116532802581787,19.8835506439209,19.8835506439209,1.0,1.0
80,10,8,0.9,input_at,2,39,0.3263389766216278,1,0.009300773963332176,0.34265339374542236,5.583702564239502,0.9490489959716797,19.751689910888672,0.0,1.0
80,10,8,0.9,input_at,2,40,0.9395199418067932,1,0.07728969305753708,0.4419434070587158,4.141134738922119,0.42555543780326843,2.0001137256622314,0.0,0.0
80,10,8,0.9,input_at,2,41,0.2328321784734726,0,0.004783357959240675,0.3424549996852875,5.509099006652832,2.3077399730682373,7.451632976531982,0.0,0.0
80,10,8,0.9,input_at,2,42,0.04328233376145363,0,0.00017376449250150472,0.3354036211967468,5.650232315063477,7.329243183135986,18.58892822265625,0.0,1.0
80,10,8,0.9,input_at,2,43,0.18670400977134705,0,0.0030746201518923044,0.329509973526001,5.695204734802246,2.9502651691436768,8.811605453491211,0.0,0.0
80,10,8,0.9,input_at,2,44,0.8778790831565857,1,0.06743697077035904,0.44688478112220764,4.097500324249268,20.645130157470703,20.645130157470703,1.0,1.0
80,10,8,0.9,input_at,2,45,0.7296260595321655,1,0.04667281731963158,0.3920958638191223,4.816361427307129,0.9942997694015503,3.522500991821289,0.0,0.0
80,10,8,0.9,input_at,2,46,0.1736709177494049,0,0.0026395011227577925,0.3359352946281433,5.635335445404053,18.829683303833008,18.829683303833008,1.0,1.0
80,10,8,0.9,input_at,2,47,0.19445499777793884,0,0.003335297806188464,0.32169196009635925,5.938334941864014,3.101137638092041,9.029241561889648,0.0,0.0
80,10,8,0.9,input_at,2,48,0.4900331497192383,1,0.021006900817155838,0.3558292090892792,5.4324469566345215,19.004304885864258,19.004304885864258,1.0,1.0
80,10,8,0.9,input_at,2,49,0.2219727486371994,0,0.004336367826908827,0.32514795660972595,5.916843891143799,2.851893663406372,8.221307754516602,0.0,0.0
80,10,8,0.9,input_at,2,50,0.09918788820505142,0,0.0008728380780667067,0.3244280517101288,5.862471103668213,4.414068222045898,13.706027030944824,0.0,0.0
80,10,8,0.9,input_at,2,51,0.26113161444664,0,0.005963756702840328,0.3472287654876709,5.3865227699279785,18.92275619506836,18.92275619506836,1.0,1.0
80,10,8,0.9,input_at,2,52,0.6740644574165344,1,0.03985191509127617,0.3986453115940094,4.764677047729492,1.0760895013809204,3.770979404449463,0.0,0.0
80,10,8,0.9,input_at,2,53,0.017750216647982597,0,3.175269011990167e-05,0.32605263590812683,5.801649570465088,12.86861801147461,18.927635192871094,0.0,1.0
80,10,8,0.9,input_at,2,54,0.29777926206588745,0,0.007751381956040859,0.3344724178314209,5.696440696716309,18.81467056274414,18.81467056274414,1.0,1.0
80,10,8,0.9,input_at,2,55,0.3876473009586334,1,0.013200810179114342,0.33603233098983765,5.646739482879639,1.7653008699417114,5.515646457672119,0.0,0.0
80,10,8,0.9,input_at,2,56,0.5471551418304443,1,0.02619587443768978,0.38684505224227905,4.897037029266357,0.5951105952262878,7.627241611480713,0.0,0.0
80,10,8,0.9,input_at,2,57,0.3116823136806488,1,0.008532826788723469,0.3381591737270355,5.563058376312256,2.183267831802368,6.3746771812438965,0.0,0.0
80,10,8,0.9,input_at,2,58,0.4114263951778412,1,0.014810653403401375,0.3467191755771637,5.42329216003418,18.97710418701172,18.97710418701172,1.0,1.0
80,10,8,0.9,input_at,2,59,0.8438981771469116,1,0.062319785356521606,0.43298712372779846,4.263403415679932,19.58452606201172,19.58452606201172,1.0,1.0
80,10,8,0.9,input_at,2,60,0.05454045534133911,0,0.0002694723370950669,0.3100474178791046,6.020840644836426,5.961818218231201,18.258026123046875,0.0,1.0
80,10,8,0.9,input_at,2,61,0.43310001492500305,1,0.016464952379465103,0.3435787260532379,5.540412902832031,1.667917013168335,5.07033634185791,0.0,0.0
80,10,8,0.9,input_at,2,62,0.22497303783893585,0,0.004427136387676001,0.3401513397693634,5.6646037101745605,1.6866344213485718,18.965564727783203,0.0,1.0
80,10,8,0.9,input_at,2,63,0.7510428428649902,1,0.0493631549179554,0.40575772523880005,4.653389930725098,19.653940200805664,19.653940200805664,1.0,1.0
80,10,8,0.9,input_at,2,64,0.06770756840705872,0,0.00040289873140864074,0.3338429629802704,5.715586185455322,18.532812118530273,18.532812118530273,1.0,1.0
80,10,8,0.9,input_at,2,65,0.1529458910226822,0,0.0020504051353782415,0.31227874755859375,6.0410566329956055,18.69673728942871,18.69673728942871,1.0,1.0
80,10,8,0.9,input_at,2,66,0.1423300802707672,0,0.001771239680238068,0.31346046924591064,6.020706653594971,18.496740341186523,18.496740341186523,1.0,1.0
80,10,8,0.9,input_at,2,67,0.5391550064086914,1,0.025486214086413383,0.34970906376838684,5.48038911819458,1.3480218648910522,4.444060802459717,0.0,0.0
80,10,8,0.9,input_at,2,68,0.30345484614372253,1,0.008086282759904861,0.33160901069641113,5.694000720977783,2.22216534614563,6.591377258300781,0.0,0.0
80,10,8,0.9,input_at,2,69,0.6794162392616272,1,0.04044364392757416,0.4156170189380646,4.520327091217041,1.159214973449707,3.8296597003936768,0.0,0.0
80,10,8,0.9,input_at,2,70,0.31416836380958557,1,0.008673352189362049,0.3597579002380371,5.266214847564697,1.9982718229293823,6.105554103851318,0.0,0.0
80,10,8,0.9,input_at,2,71,0.5691620707511902,1,0.02840706892311573,0.3750235140323639,5.037705898284912,1.3259727954864502,4.357808589935303,0.0,0.0
80,10,8,0.9,input_at,2,72,0.5932824015617371,1,0.030849451199173927,0.36179110407829285,5.27029275894165,1.3446968793869019,4.2711944580078125,0.0,0.0
80,10,8,0.9,input_at,2,73,0.21157114207744598,0,0.003935727756470442,0.34063073992729187,5.644260406494141,2.786094903945923,8.374095916748047,0.0,0.0
80,10,8,0.9,input_at,2,74,0.4113331139087677,1,0.014789389446377754,0.3384608328342438,5.563168525695801,0.7726231217384338,17.07953453063965,0.0,0.375
80,10,8,0.9,input_at,2,75,0.36880430579185486,1,0.01193770207464695,0.3539700508117676,5.357523441314697,1.801983118057251,5.6729736328125,0.0,0.0
80,10,8,0.9,input_at,2,76,0.6054958701133728,1,0.03213462233543396,0.37718063592910767,5.003979206085205,1.2738037109375,4.203218936920166,0.0,0.0
80,10,8,0.9,input_at,2,77,0.4769619107246399,1,0.01993275247514248,0.3542517125606537,5.452131271362305,1.6748149394989014,5.030673980712891,0.0,0.0
80,10,8,0.9,input_at,2,78,0.06776276230812073,0,0.00041667502955533564,0.31832003593444824,5.858241558074951,5.018043041229248,16.768386840820312,0.0,0.0
80,10,8,0.9,input_at,2,79,0.11226847767829895,0,0.0011176858097314835,0.315651535987854,6.036375522613525,4.822745323181152,13.371437072753906,0.0,0.0
80,10,8,0.9,input_at,3,0,1.0845528841018677,1,0.4774029552936554,0.28831538558006287,6.129903793334961,0.11441770195960999,0.46344247460365295,0.0,0.0
80,10,8,0.9,input_at,3,1,1.0683685541152954,1,0.4608692526817322,0.31010717153549194,6.0008745193481445,0.11764772981405258,0.4612494111061096,0.0,0.0
80,10,8,0.9,input_at,3,2,1.1234662532806396,1,0.47266289591789246,0.3064110577106476,6.027650833129883,0.11245638132095337,0.45305314660072327,0.0,0.0
80,10,8,0.9,input_at,3,3,1.1900097131729126,1,0.47764456272125244,0.3432878255844116,5.4454240798950195,0.12059129029512405,0.4873639941215515,0.0,0.0
80,10,8,0.9,input_at,3,4,1.0762507915496826,1,0.47162890434265137,0.3037647306919098,6.0803704261779785,0.10967322438955307,0.43223950266838074,0.0,0.0
80,10,8,0.9,input_at,3,5,1.1621007919311523,1,0.4995599091053009,0.33124202489852905,5.643235683441162,0.11820849031209946,0.4714754819869995,0.0,0.0
80,10,8,0.9,input_at,3,6,1.2733309268951416,1,0.48923948407173157,0.38004687428474426,4.8911638259887695,0.13217315077781677,0.5244489312171936,0.0,0.0
80,10,8,0.9,input_at,3,7,1.2719846963882446,1,0.4874556362628937,0.36840519309043884,4.995808124542236,0.12981016933918,0.5320660471916199,0.0,0.0
80,10,8,0.9,input_at,3,8,1.0797655582427979,1,0.47662729024887085,0.30518409609794617,6.0291361808776855,0.11453840881586075,0.4673961102962494,0.0,0.0
80,10,8,0.9,input_at,3,9,1.5133129358291626,1,0.3909914791584015,0.506971538066864,3.4080209732055664,0.11371871083974838,0.4524093568325043,0.0,0.0
80,10,8,0.9,input_at,3,10,0.11144032329320908,0,0.0026142694987356663,0.2525102198123932,7.158519744873047,1.1736986637115479,6.554479122161865,0.0,0.0
80,10,8,0.9,input_at,3,11,0.10370676219463348,0,0.002209999365732074,0.24798378348350525,7.076745510101318,1.3166942596435547,7.44245719909668,0.0,0.0
80,10,8,0.9,input_at,3,12,1.4975204467773438,1,0.48006951808929443,0.46516379714012146,3.8411145210266113,0.15228873491287231,0.6205818057060242,0.0,0.0
80,10,8,0.9,input_at,3,13,0.04192378744482994,0,0.00048482214333489537,0.23488512635231018,7.227161407470703,3.8913750648498535,19.992277145385742,0.0,1.0
80,10,8,0.9,input_at,3,14,1.1060785055160522,1,0.4582764804363251,0.31434935331344604,5.7108659744262695,0.11690647900104523,0.4725385308265686,0.0,0.0
80,10,8,0.9,input_at,3,15,0.03739186003804207,0,0.000303673732560128,0.23447653651237488,7.395340919494629,4.73970890045166,20.114595413208008,0.0,1.0
80,10,8,0.9,input_at,3,16,0.226424902677536,0,0.016821714118123055,0.23094157874584198,7.341825485229492,0.6151953935623169,5.480921268463135,0.0,0.0
80,10,8,0.9,input_at,3,17,1.5052815675735474,1,0.38636794686317444,0.4982844591140747,3.4709315299987793,0.11974145472049713,0.49175986647605896,0.0,0.0
80,10,8,0.9,input_at,3,18,1.4934759140014648,1,0.4771287143230438,0.46074867248535156,3.895888566970825,0.15085354447364807,0.6108556389808655,0.0,0.0
80,10,8,0.9,input_at,3,19,1.08527410030365,1,0.4389631152153015,0.31718912720680237,5.856021404266357,0.1298733949661255,0.5324967503547668,0.0,0.0
80,10,8,0.9,input_at,3,20,1.0924279689788818,1,0.40277403593063354,0.31465768814086914,5.996392250061035,0.13092266023159027,0.5264670252799988,0.0,0.0
80,10,8,0.9,input_at,3,21,0.3011176586151123,1,0.011759552173316479,0.25399208068847656,6.9919281005859375,0.8010372519493103,4.191075325012207,0.0,0.0
80,10,8,0.9,input_at,3,22,1.889547348022461,1,0.4347912073135376,0.5894376635551453,2.689065933227539,0.15892602503299713,0.636473536491394,0.0,0.0
80,10,8,0.9,input_at,3,23,0.483837366104126,1,0.031498122960329056,0.2801547050476074,6.624647617340088,0.8058916926383972,3.3684744834899902,0.0,0.0
80,10,8,0.9,input_at,3,24,0.33198362588882446,1,0.016414768993854523,0.2691294252872467,6.906960487365723,0.939253032207489,4.016907215118408,0.0,0.0
80,10,8,0.9,input_at,3,25,1.6922111511230469,1,0.34644192457199097,0.5704312920570374,2.848310947418213,0.17326365411281586,0.680686354637146,0.0,0.0
80,10,8,0.9,input_at,3,26,0.7637229561805725,1,0.07338690757751465,0.35435372591018677,5.401843070983887,0.35320961475372314,1.5911214351654053,0.0,0.0
80,10,8,0.9,input_at,3,27,0.03167669475078583,0,0.00020636347471736372,0.23440054059028625,7.204540252685547,5.342444896697998,20.27499771118164,0.0,0.875
80,10,8,0.9,input_at,3,28,0.2406640499830246,0,0.008774315007030964,0.22930841147899628,7.476506233215332,1.2158461809158325,4.951078414916992,0.0,0.0
80,10,8,0.9,input_at,3,29,0.20476703345775604,0,0.005463464185595512,0.25040969252586365,7.003693103790283,2.0473012924194336,19.209644317626953,0.0,1.0
80,10,8,0.9,input_at,3,30,0.7449038028717041,1,0.08330699056386948,0.30247119069099426,6.091038227081299,0.4156762659549713,1.935968279838562,0.0,0.0
80,10,8,0.9,input_at,3,31,0.5722599625587463,1,0.04710356891155243,0.273587167263031,6.7300615310668945,0.6135724782943726,2.7409629821777344,0.0,0.0
80,10,8,0.9,input_at,3,32,0.21422931551933289,0,0.006929740309715271,0.24220415949821472,7.147834777832031,1.373510479927063,5.419082164764404,0.0,0.0
80,10,8,0.9,input_at,3,33,0.09006097912788391,0,0.0013582783285528421,0.23192045092582703,7.228523254394531,2.698451519012451,9.934674263000488,0.0,0.0
80,10,8,0.9,input_at,3,34,0.02820761501789093,0,0.00017403933452442288,0.24171677231788635,7.233886241912842,5.869527816772461,19.62082290649414,0.0,1.0
80,10,8,0.9,input_at,3,35,0.2084093689918518,0,0.006413829978555441,0.2324771136045456,7.381313323974609,1.4462074041366577,5.563531875610352,0.0,0.0
80,10,8,0.9,input_at,3,36,0.42727532982826233,1,0.024851681664586067,0.2478526383638382,6.941023826599121,0.8983892202377319,18.10940933227539,0.0,1.0
80,10,8,0.9,input_at,3,37,0.4036400020122528,1,0.0232442244887352,0.2628924548625946,6.964517116546631,0.8268489837646484,3.5796847343444824,0.0,0.0
80,10,8,0.9,input_at,3,38,0.19049130380153656,0,0.00537901371717453,0.2416800856590271,7.398432731628418,1.5640103816986084,5.859630107879639,0.0,0.0
80,10,8,0.9,input_at,3,39,0.5033366680145264,1,0.03574184700846672,0.26722094416618347,6.5446271896362305,0.6861135959625244,2.986431360244751,0.0,0.0
80,10,8,0.9,input_at,3,40,0.16980116069316864,0,0.0042271120473742485,0.23769067227840424,7.263210773468018,1.7880135774612427,6.507540702819824,0.0,0.0
80,10,8,0.9,input_at,3,41,0.1085900366306305,0,0.0017874486511573195,0.24194635450839996,7.1314802169799805,2.67876935005188,9.022680282592773,0.0,0.0
80,10,8,0.9,input_at,3,42,0.026013759896159172,0,8.425104169873521e-05,0.22338323295116425,7.49540901184082,11.061843872070312,20.115379333496094,0.0,1.0
80,10,8,0.9,input_at,3,43,0.1418951153755188,0,0.0029500164091587067,0.2510143518447876,7.071605682373047,2.131580352783203,7.317997932434082,0.0,0.0
80,10,8,0.9,input_at,3,44,0.08432010561227798,0,0.0010756754782050848,0.25579407811164856,6.9890265464782715,3.4047939777374268,10.934686660766602,0.0,0.0
80,10,8,0.9,input_at,3,45,0.31554511189460754,1,0.013132303953170776,0.2608797252178192,6.930668830871582,1.2542665004730225,19.00203514099121,0.0,1.0
80,10,8,0.9,input_at,3,46,0.2149585485458374,0,0.006546858232468367,0.22506290674209595,7.59005069732666,1.5395344495773315,5.69365119934082,0.0,0.0
80,10,8,0.9,input_at,3,47,0.40964776277542114,1,0.02333104982972145,0.2644863426685333,6.682523250579834,0.8591911792755127,3.592954158782959,0.0,0.0
80,10,8,0.9,input_at,3,48,0.4742392301559448,1,0.031247327104210854,0.268098384141922,6.776604652404785,0.7446707487106323,3.191441535949707,0.0,0.0
80,10,8,0.9,input_at,3,49,0.6553928256034851,1,0.05952915921807289,0.31179046630859375,6.1193528175354,0.5690367817878723,2.5087764263153076,0.0,0.0
80,10,8,0.9,input_at,3,50,0.3934487998485565,1,0.020498748868703842,0.24774585664272308,7.153301239013672,1.0271661281585693,18.705554962158203,0.0,1.0
80,10,8,0.9,input_at,3,51,0.07701366394758224,0,0.0009026115294545889,0.22886019945144653,7.317555904388428,3.5910348892211914,11.390000343322754,0.0,0.0
80,10,8,0.9,input_at,3,52,0.030736517161130905,0,0.00010835705325007439,0.23409061133861542,7.247104167938232,15.90658950805664,20.228084564208984,0.0,1.0
80,10,8,0.9,input_at,3,53,0.09513551741838455,0,0.0013599691446870565,0.2290378361940384,7.387388706207275,2.9966330528259277,9.747599601745605,0.0,0.0
80,10,8,0.9,input_at,3,54,0.19657227396965027,0,0.005460505839437246,0.22694851458072662,7.29065465927124,1.6768214702606201,6.060715675354004,0.0,0.0
80,10,8,0.9,input_at,3,55,0.07758370786905289,0,0.0008986175525933504,0.22641487419605255,7.510790824890137,3.7112972736358643,11.748685836791992,0.0,0.0
80,10,8,0.9,input_at,3,56,0.31924134492874146,1,0.01418708823621273,0.2662503719329834,6.627851963043213,1.0689598321914673,4.217889308929443,0.0,0.0
80,10,8,0.9,input_at,3,57,0.07745285332202911,0,0.0007324331672862172,0.24689753353595734,7.164872646331787,19.42827606201172,19.42827606201172,1.0,1.0
80,10,8,0.9,input_at,3,58,0.08686260133981705,0,0.001106718205846846,0.24190978705883026,7.193979740142822,3.52355694770813,11.14932632446289,0.0,0.0
80,10,8,0.9,input_at,3,59,0.17065861821174622,0,0.004123455844819546,0.24946074187755585,7.042422771453857,1.919561743736267,6.7494306564331055,0.0,0.0
80,10,8,0.9,input_at,3,60,0.056763116270303726,0,0.0005168396746739745,0.24235109984874725,7.224419116973877,4.409095287322998,13.981115341186523,0.0,0.0
80,10,8,0.9,input_at,3,61,0.252505898475647,0,0.008888620883226395,0.26239272952079773,6.920731067657471,1.3531320095062256,5.070868492126465,0.0,0.0
80,10,8,0.9,input_at,3,62,0.283672958612442,0,0.0111302575096488,0.24474391341209412,7.215699672698975,1.2338322401046753,4.719963550567627,0.0,0.0
80,10,8,0.9,input_at,3,63,0.2615720331668854,0,0.009462603367865086,0.24569472670555115,7.226956367492676,1.3339678049087524,5.024827480316162,0.0,0.0
80,10,8,0.9,input_at,3,64,0.14773686230182648,0,0.003104301169514656,0.2393956333398819,6.910750865936279,2.2093467712402344,7.466185569763184,0.0,0.0
80,10,8,0.9,input_at,3,65,0.09113892912864685,0,0.001021275413222611,0.22568611800670624,7.418973445892334,19.281110763549805,19.281110763549805,1.0,1.0
80,10,8,0.9,input_at,3,66,0.03253478929400444,0,0.00012463000894058496,0.2461487203836441,7.227530002593994,16.146751403808594,19.365455627441406,0.0,1.0
80,10,8,0.9,input_at,3,67,0.16940531134605408,0,0.004026719834655523,0.22852765023708344,7.445002555847168,2.012772560119629,6.937850475311279,0.0,0.0
80,10,8,0.9,input_at,3,68,0.04551831632852554,0,0.00024520515580661595,0.220987930893898,7.515273571014404,20.109058380126953,20.109058380126953,1.0,1.0
80,10,8,0.9,input_at,3,69,0.4118674099445343,1,0.023301517590880394,0.2543739676475525,7.03803014755249,0.8881202340126038,3.671347141265869,0.0,0.0
80,10,8,0.9,input_at,3,70,0.08024947345256805,0,0.0009625388192944229,0.24048994481563568,7.33184289932251,3.6490085124969482,11.490555763244629,0.0,0.0
80,10,8,0.9,input_at,3,71,0.22465503215789795,0,0.007022448815405369,0.2284582406282425,7.371831893920898,1.5036394596099854,5.6045308113098145,0.0,0.0
80,10,8,0.9,input_at,3,72,0.09775181114673615,0,0.0013771944213658571,0.24093617498874664,7.227355480194092,3.241654872894287,10.29777717590332,0.0,0.0
80,10,8,0.9,input_at,3,73,0.10355940461158752,0,0.0015488817589357495,0.2450965791940689,7.166645526885986,3.0484461784362793,9.601268768310547,0.0,0.0
80,10,8,0.9,input_at,3,74,0.08266380429267883,0,0.0010106755653396249,0.24237041175365448,7.103463649749756,3.6278645992279053,11.22581672668457,0.0,0.0
80,10,8,0.9,input_at,3,75,0.18648011982440948,0,0.004852729849517345,0.25647079944610596,7.018462657928467,1.8243061304092407,6.353096008300781,0.0,0.0
80,10,8,0.9,input_at,3,76,0.13504458963871002,0,0.002587011083960533,0.24087241291999817,7.141552448272705,2.3679656982421875,7.982672214508057,0.0,0.0
80,10,8,0.9,input_at,3,77,0.23555825650691986,0,0.0077037750743329525,0.25877976417541504,7.022366523742676,1.4839853048324585,5.492424011230469,0.0,0.0
80,10,8,0.9,input_at,3,78,0.042561307549476624,0,0.00021246368123684078,0.24415773153305054,7.25603723526001,18.632564544677734,20.431610107421875,0.0,1.0
80,10,8,0.9,input_at,3,79,0.4177643954753876,1,0.02293562889099121,0.2691255211830139,6.706049919128418,0.9902517795562744,19.639814376831055,0.0,0.875
80,10,8,0.9,input_at,4,0,1.0151880979537964,1,0.4712192118167877,0.30396297574043274,6.100988388061523,0.11093663424253464,0.44870346784591675,0.0,0.0
80,10,8,0.9,input_at,4,1,0.9686417579650879,1,0.684536874294281,0.271198034286499,6.673649787902832,0.09327300637960434,0.37476295232772827,0.0,0.0
80,10,8,0.9,input_at,4,2,0.0016805577324703336,0,1.4998590813775081e-06,0.23204495012760162,7.1779656410217285,19.6877498626709,19.6877498626709,1.0,1.0
80,10,8,0.9,input_at,4,3,0.0054822745732963085,0,1.3832629520038608e-05,0.2096605747938156,7.495642185211182,20.399913787841797,20.399913787841797,1.0,1.0
80,10,8,0.9,input_at,4,4,0.9420329332351685,1,0.5305610299110413,0.26112282276153564,6.541317462921143,0.09694836288690567,0.3797154128551483,0.0,0.0
80,10,8,0.9,input_at,4,5,1.2464724779129028,1,0.46458137035369873,0.42249977588653564,4.3530097007751465,0.1267067939043045,0.49645522236824036,0.0,0.0
80,10,8,0.9,input_at,4,6,1.2235816717147827,1,0.4687746465206146,0.41148248314857483,4.5416436195373535,0.12462593615055084,0.4966769218444824,0.0,0.0
80,10,8,0.9,input_at,4,7,1.2892930507659912,1,0.47683805227279663,0.4037107527256012,4.5441508293151855,0.13654707372188568,0.546139657497406,0.0,0.0
80,10,8,0.9,input_at,4,8,1.2893017530441284,1,0.437317818403244,0.4296479821205139,4.280433654785156,0.12637527287006378,0.5103760361671448,0.0,0.0
80,10,8,0.9,input_at,4,9,1.0040277242660522,1,0.4580519199371338,0.2856534421443939,6.271407127380371,0.11489695310592651,0.44048231840133667,0.0,0.0
80,10,8,0.9,input_at,4,10,1.221502423286438,1,0.4672602415084839,0.3873480260372162,4.754479885101318,0.12612199783325195,0.517940104007721,0.0,0.0
80,10,8,0.9,input_at,4,11,0.2407793551683426,0,0.025427183136343956,0.23396779596805573,7.343556880950928,0.46704378724098206,3.145179510116577,0.0,0.0
80,10,8,0.9,input_at,4,12,1.5324591398239136,1,0.43106260895729065,0.5375509262084961,3.0950241088867188,0.1287832111120224,0.5135402083396912,0.0,0.0
80,10,8,0.9,input_at,4,13,1.2427868843078613,1,0.4577522873878479,0.40417081117630005,4.558803558349609,0.13081635534763336,0.5253692865371704,0.0,0.0
80,10,8,0.9,input_at,4,14,0.1758391559123993,0,0.009403496980667114,0.22949013113975525,7.238065242767334,0.8408249020576477,5.1713433265686035,0.0,0.0
80,10,8,0.9,input_at,4,15,1.286305546760559,1,0.4746064245700836,0.3974442481994629,4.630955696105957,0.13180677592754364,0.5310288071632385,0.0,0.0
80,10,8,0.9,input_at,4,16,1.283967137336731,1,0.43360334634780884,0.4206221401691437,4.418702125549316,0.13021180033683777,0.5252816081047058,0.0,0.0
80,10,8,0.9,input_at,4,17,0.11072079092264175,0,0.003702806541696191,0.19874466955661774,7.652111530303955,1.3419123888015747,9.101845741271973,0.0,0.0
80,10,8,0.9,input_at,4,18,1.5292367935180664,1,0.4277314245700836,0.5164572596549988,3.2985191345214844,0.13171938061714172,0.5356122255325317,0.0,0.0
80,10,8,0.9,input_at,4,19,0.8231039643287659,1,0.40625596046447754,0.22041472792625427,7.290854454040527,0.12626676261425018,0.5066357254981995,0.0,0.0
80,10,8,0.9,input_at,4,20,1.7443535327911377,1,0.4749220907688141,0.598208487033844,2.61938214302063,0.17142243683338165,0.6951926350593567,0.0,0.0
80,10,8,0.9,input_at,4,21,0.016507407650351524,0,4.5472366764442995e-05,0.22270894050598145,7.319024085998535,15.959723472595215,20.214738845825195,0.0,1.0
80,10,8,0.9,input_at,4,22,0.062494728714227676,0,0.0009509255178272724,0.21607638895511627,7.3034892082214355,19.666522979736328,19.666522979736328,1.0,1.0
80,10,8,0.9,input_at,4,23,1.7373679876327515,1,0.4720410704612732,0.5930745601654053,2.6606838703155518,0.16834020614624023,0.6563032269477844,0.0,0.0
80,10,8,0.9,input_at,4,24,0.012485037557780743,0,3.2127656595548615e-05,0.22442080080509186,7.296354293823242,17.189884185791016,19.61379623413086,0.0,1.0
80,10,8,0.9,input_at,4,25,0.01494481973350048,0,4.542120950645767e-05,0.2554214894771576,6.971147537231445,12.2114839553833,20.024333953857422,0.0,1.0
80,10,8,0.9,input_at,4,26,0.023672735318541527,0,0.00011102602729806677,0.22873693704605103,7.090224742889404,8.2841215133667,20.304201126098633,0.0,1.0
80,10,8,0.9,input_at,4,27,0.025759926065802574,0,0.00014366433606483042,0.23177528381347656,7.143365383148193,7.872941970825195,19.01980209350586,0.0,0.0
80,10,8,0.9,input_at,4,28,0.15798243880271912,0,0.005204781424254179,0.21421171724796295,7.499729633331299,1.2423405647277832,4.5282697677612305,0.0,0.0
80,10,8,0.9,input_at,4,29,0.131943941116333,0,0.003691843245178461,0.22752706706523895,7.371672630310059,1.4601547718048096,5.153696060180664,0.0,0.0
80,10,8,0.9,input_at,4,30,0.031242255121469498,0,0.00020676106214523315,0.22889918088912964,7.1222405433654785,6.05766487121582,16.02067756652832,0.0,0.0
80,10,8,0.9,input_at,4,31,0.13413186371326447,0,0.0038602445274591446,0.21563467383384705,7.332001209259033,1.4060957431793213,4.9967169761657715,0.0,0.0
80,10,8,0.9,input_at,4,32,0.04719928652048111,0,0.0004714851966127753,0.2279496192932129,7.26041316986084,4.037751197814941,11.070152282714844,0.0,0.0
80,10,8,0.9,input_at,4,33,0.1466788649559021,0,0.004677342250943184,0.2241225689649582,7.25726318359375,1.2763631343841553,4.647068023681641,0.0,0.0
80,10,8,0.9,input_at,4,34,0.16804593801498413,0,0.00613015703856945,0.23763000965118408,7.179919719696045,1.1073559522628784,4.209043025970459,0.0,0.0
80,10,8,0.9,input_at,4,35,0.08255618810653687,0,0.0014901314862072468,0.22119635343551636,7.203306198120117,2.183236598968506,6.993937015533447,0.0,0.0
80,10,8,0.9,input_at,4,36,0.06891550868749619,0,0.0010253620566800237,0.21728569269180298,7.181803226470947,2.8232264518737793,8.214885711669922,0.0,0.0
80,10,8,0.9,input_at,4,37,0.1126972883939743,0,0.002785308053717017,0.21118079125881195,7.497685432434082,1.6582707166671753,5.743513107299805,0.0,0.0
80,10,8,0.9,input_at,4,38,0.06940911710262299,0,0.0010473967995494604,0.2181997150182724,7.282649040222168,2.7715203762054443,8.083338737487793,0.0,0.0
80,10,8,0.9,input_at,4,39,0.09113875031471252,0,0.0018079651053994894,0.2118423581123352,7.5826096534729,2.0466103553771973,6.5704240798950195,0.0,0.0
80,10,8,0.9,input_at,4,40,0.10000284761190414,0,0.002199170645326376,0.20153789222240448,7.412487506866455,1.8643919229507446,6.143581867218018,0.0,0.0
80,10,8,0.9,input_at,4,41,0.2536810636520386,0,0.014119326137006283,0.23896034061908722,7.067445278167725,0.7509622573852539,3.131438732147217,0.0,0.0
80,10,8,0.9,input_at,4,42,0.11594997346401215,0,0.0029563819989562035,0.2471216320991516,6.988771915435791,1.6071988344192505,5.460306167602539,0.0,0.0
80,10,8,0.9,input_at,4,43,0.1132223829627037,0,0.00283709610812366,0.23206596076488495,6.90598201751709,1.6246957778930664,5.564585208892822,0.0,0.0
80,10,8,0.9,input_at,4,44,0.10299713164567947,0,0.002337636426091194,0.2159833461046219,7.280313491821289,1.8027390241622925,5.978464126586914,0.0,0.0
80,10,8,0.9,input_at,4,45,0.12900233268737793,0,0.0036846052389591932,0.22505512833595276,7.2101521492004395,1.4453599452972412,5.088422775268555,0.0,0.0
80,10,8,0.9,input_at,4,46,0.11922943592071533,0,0.003125406103208661,0.2389574497938156,6.937007904052734,1.5861910581588745,5.422023296356201,0.0,0.0
80,10,8,0.9,input_at,4,47,0.150641530752182,0,0.0050611356273293495,0.22806155681610107,7.242610931396484,1.22066068649292,4.559621810913086,0.0,0.0
80,10,8,0.9,input_at,4,48,0.22077032923698425,0,0.010810310021042824,0.23891319334506989,6.882704257965088,0.8539966940879822,3.413337469100952,0.0,0.0
80,10,8,0.9,input_at,4,49,0.4384079575538635,1,0.04263537749648094,0.2621247470378876,6.781144142150879,0.4878297746181488,2.1090340614318848,0.0,0.0
80,10,8,0.9,input_at,4,50,0.19816036522388458,0,0.00869079865515232,0.19964121282100677,7.6711225509643555,0.9541764259338379,3.8042571544647217,0.0,0.0
80,10,8,0.9,input_at,4,51,0.23962590098381042,0,0.012742075137794018,0.21720950305461884,7.2488298416137695,0.7797601222991943,3.3126442432403564,0.0,0.0
80,10,8,0.9,input_at,4,52,0.22657674551010132,0,0.011386538855731487,0.21694907546043396,7.420668125152588,0.8215807676315308,3.3429765701293945,0.0,0.0
80,10,8,0.9,input_at,4,53,0.19275540113449097,0,0.00823271181434393,0.22622336447238922,7.223445415496826,0.9729275703430176,3.8598690032958984,0.0,0.0
80,10,8,0.9,input_at,4,54,0.5550776124000549,1,0.06842006742954254,0.28797537088394165,6.3880438804626465,0.37654054164886475,1.703147292137146,0.0,0.0
80,10,8,0.9,input_at,4,55,0.2664240002632141,0,0.015741607174277306,0.22532479465007782,7.358137130737305,0.7174184322357178,3.0097692012786865,0.0,0.0
80,10,8,0.9,input_at,4,56,0.13164344429969788,0,0.003855082904919982,0.2153511345386505,7.3806867599487305,1.4203683137893677,4.983710765838623,0.0,0.0
80,10,8,0.9,input_at,4,57,0.19004929065704346,0,0.008043988607823849,0.23994645476341248,7.015073299407959,0.9801485538482666,3.8027560710906982,0.0,0.0
80,10,8,0.9,input_at,4,58,0.13898997008800507,0,0.004270832519978285,0.24761319160461426,6.897821426391602,1.3471331596374512,4.803274154663086,0.0,0.0
80,10,8,0.9,input_at,4,59,0.3643488883972168,1,0.029541965574026108,0.2265300303697586,7.154394626617432,0.5412529110908508,2.394268035888672,0.0,0.0
80,10,8,0.9,input_at,4,60,0.30671560764312744,1,0.02091510221362114,0.24464167654514313,7.067749500274658,0.6335819363594055,2.7780916690826416,0.0,0.0
80,10,8,0.9,input_at,4,61,0.06990978866815567,0,0.0010797791182994843,0.22592510282993317,7.0995635986328125,2.666721820831299,8.064422607421875,0.0,0.0
80,10,8,0.9,input_at,4,62,0.13475903868675232,0,0.0040363529697060585,0.24963240325450897,6.938701152801514,1.4012144804000854,4.875525951385498,0.0,0.0
80,10,8,0.9,input_at,4,63,0.16480112075805664,0,0.006084950175136328,0.20122383534908295,7.477965831756592,1.1277369260787964,4.269336700439453,0.0,0.0
80,10,8,0.9,input_at,4,64,0.34153974056243896,1,0.026011532172560692,0.24675405025482178,7.00261116027832,0.5681161284446716,2.5291664600372314,0.0,0.0
80,10,8,0.9,input_at,4,65,0.21940496563911438,0,0.0107566574588418,0.23226642608642578,7.128307342529297,0.8466018438339233,3.535447597503662,0.0,0.0
80,10,8,0.9,input_at,4,66,0.1324225664138794,0,0.0038946373388171196,0.23820947110652924,6.951150894165039,1.4234187602996826,4.980612754821777,0.0,0.0
80,10,8,0.9,input_at,4,67,0.16840426623821259,0,0.006303377449512482,0.23538637161254883,7.1941375732421875,1.1050479412078857,4.17761754989624,0.0,0.0
80,10,8,0.9,input_at,4,68,0.2798594832420349,0,0.017436495050787926,0.2205897867679596,7.298903465270996,0.6781638264656067,2.901902437210083,0.0,0.0
80,10,8,0.9,input_at,4,69,0.2560303807258606,0,0.014566708356142044,0.22490663826465607,7.172657012939453,0.751429557800293,3.1319119930267334,0.0,0.0
80,10,8,0.9,input_at,4,70,0.1284237504005432,0,0.00366351124830544,0.23012542724609375,7.189551830291748,1.4435557126998901,5.097756385803223,0.0,0.0
80,10,8,0.9,input_at,4,71,0.15711379051208496,0,0.005495423451066017,0.21540112793445587,7.475898265838623,1.206020474433899,4.478514671325684,0.0,0.0
80,10,8,0.9,input_at,4,72,0.23262064158916473,0,0.012086178176105022,0.21620336174964905,7.146285057067871,0.8166969418525696,3.336862802505493,0.0,0.0
80,10,8,0.9,input_at,4,73,0.6604095101356506,1,0.0972653403878212,0.2836868166923523,6.511784553527832,0.3391808867454529,1.4840521812438965,0.0,0.0
80,10,8,0.9,input_at,4,74,0.30389603972435,1,0.020528435707092285,0.22828762233257294,7.119626045227051,0.6541917324066162,2.8034660816192627,0.0,0.0
80,10,8,0.9,input_at,4,75,0.27523669600486755,0,0.016851000487804413,0.2399616688489914,6.994616985321045,0.713165283203125,2.962951183319092,0.0,0.0
80,10,8,0.9,input_at,4,76,0.264404833316803,0,0.015571595169603825,0.22717879712581635,7.314502716064453,0.7174805998802185,3.053856372833252,0.0,0.0
80,10,8,0.9,input_at,4,77,0.08810912817716599,0,0.0017459365772083402,0.21629372239112854,7.302594184875488,2.014925479888916,6.586790561676025,0.0,0.0
80,10,8,0.9,input_at,4,78,0.09289352595806122,0,0.0019150626612827182,0.23162253201007843,7.154388904571533,1.993456244468689,6.449456691741943,0.0,0.0
80,10,8,0.9,input_at,4,79,0.14896300435066223,0,0.004913346841931343,0.2435241937637329,6.803624629974365,1.2675485610961914,4.611860752105713,0.0,0.0
80,10,8,0.9,lat,0,0,3.1383156776428223,1,0.8098821043968201,0.5988767743110657,2.633607864379883,0.3933260440826416,1.2412610054016113,0.0,0.0
80,10,8,0.9,lat,0,1,1.9993896484375,1,0.4779731333255768,0.3861180543899536,5.057403564453125,0.206117182970047,0.831750750541687,0.0,0.0
80,10,8,0.9,lat,0,2,2.0657601356506348,1,0.49890223145484924,0.4157440960407257,4.573725700378418,0.21544577181339264,0.8555759787559509,0.0,0.0
80,10,8,0.9,lat,0,3,1.935286521911621,1,0.4507465064525604,0.4024341404438019,4.779721736907959,0.1950494349002838,0.778662919998169,0.0,0.0
80,10,8,0.9,lat,0,4,1.459006428718567,1,0.19628682732582092,0.29919466376304626,6.455254077911377,0.15251748263835907,0.6141086220741272,0.0,0.0
80,10,8,0.9,lat,0,5,1.894613265991211,1,0.4726053476333618,0.38355982303619385,5.043923854827881,0.19358357787132263,0.7752189636230469,0.0,0.0
80,10,8,0.9,lat,0,6,1.7566193342208862,1,0.4683108329772949,0.3411666750907898,5.771681308746338,0.18021279573440552,0.7050975561141968,0.0,0.0
80,10,8,0.9,lat,0,7,1.7687948942184448,1,0.4676622450351715,0.3559298515319824,5.538650989532471,0.1841893047094345,0.7385478615760803,0.0,0.0
80,10,8,0.9,lat,0,8,1.9370896816253662,1,0.45354631543159485,0.36254066228866577,5.434211254119873,0.1930958479642868,0.7771245241165161,0.0,0.0
80,10,8,0.9,lat,0,9,2.054807186126709,1,0.4861244857311249,0.4210870862007141,4.502556324005127,0.2143060564994812,0.8507996201515198,0.0,0.0
80,10,8,0.9,lat,0,10,1.89329993724823,1,0.4699151813983917,0.36670735478401184,5.356565952301025,0.19802261888980865,0.7954844236373901,0.0,0.0
80,10,8,0.9,lat,0,11,1.9901936054229736,1,0.47060805559158325,0.37643757462501526,5.153942108154297,0.2033083736896515,0.8179793357849121,0.0,0.0
80,10,8,0.9,lat,0,12,1.829215168952942,1,0.39902588725090027,0.36724504828453064,5.309135913848877,0.2020951807498932,0.7942333221435547,0.0,0.0
80,10,8,0.9,lat,0,13,1.855363130569458,1,0.4125417172908783,0.37031790614128113,5.268258094787598,0.20731189846992493,0.8200987577438354,0.0,0.0
80,10,8,0.9,lat,0,14,1.7435959577560425,1,0.37338119745254517,0.3327799141407013,5.814838886260986,0.20023289322853088,0.7915376424789429,0.0,0.0
80,10,8,0.9,lat,0,15,1.6606440544128418,1,0.3358957767486572,0.32860398292541504,6.069871425628662,0.21386854350566864,0.82977294921875,0.0,0.0
80,10,8,0.9,lat,0,16,1.738195776939392,1,0.34147119522094727,0.36791419982910156,5.364874362945557,0.18749560415744781,0.7353160381317139,0.0,0.0
80,10,8,0.9,lat,0,17,1.82308030128479,1,0.29789042472839355,0.41273796558380127,4.696273326873779,0.13573023676872253,0.5470963716506958,0.0,0.0
80,10,8,0.9,lat,0,18,1.5262655019760132,1,0.2845474183559418,0.3398641347885132,5.955069065093994,0.1662108600139618,0.6419729590415955,0.0,0.0
80,10,8,0.9,lat,0,19,0.1084759458899498,0,0.0016235917573794723,0.18509523570537567,8.49487018585205,2.064967393875122,11.216933250427246,0.0,0.0
80,10,8,0.9,lat,0,20,0.027016080915927887,0,0.00011848817666759714,0.1894560158252716,8.536642074584961,7.92268705368042,27.393407821655273,0.0,1.0
80,10,8,0.9,lat,0,21,0.029988138005137444,0,0.00014759389159735292,0.19003117084503174,8.504949569702148,7.130722999572754,26.904006958007812,0.0,0.125
80,10,8,0.9,lat,0,22,0.07119040191173553,0,0.0005145700415596366,0.18403960764408112,8.41320514678955,5.875736236572266,17.350980758666992,0.0,0.0
80,10,8,0.9,lat,0,23,0.05743889510631561,0,0.0005707837990485132,0.1901102364063263,8.414946556091309,3.724135398864746,16.442384719848633,0.0,0.0
80,10,8,0.9,lat,0,24,0.12692177295684814,0,0.0012116230791434646,0.19128316640853882,8.441673278808594,5.386866569519043,27.131311416625977,0.0,1.0
80,10,8,0.9,lat,0,25,0.08478063344955444,0,0.000661330355796963,0.18768908083438873,8.573464393615723,6.201469421386719,16.671167373657227,0.0,0.0
80,10,8,0.9,lat,0,26,0.13062304258346558,0,0.0014739860780537128,0.1923978328704834,8.415928840637207,5.23073148727417,12.78683853149414,0.0,0.0
80,10,8,0.9,lat,0,27,0.08808019012212753,0,0.0006963462219573557,0.18860916793346405,8.510090827941895,6.885152816772461,16.91801643371582,0.0,0.0
80,10,8,0.9,lat,0,28,0.03997476398944855,0,0.0001620583498151973,0.17849579453468323,8.592957496643066,5.490718841552734,27.61779022216797,0.0,1.0
80,10,8,0.9,lat,0,29,0.10743245482444763,0,0.0010232367785647511,0.1768762618303299,8.622566223144531,6.529088497161865,15.20505428314209,0.0,0.0
80,10,8,0.9,lat,0,30,0.12617594003677368,0,0.0011837681522592902,0.20158207416534424,8.331024169921875,7.2742919921875,27.839008331298828,0.0,1.0
80,10,8,0.9,lat,0,31,0.16309407353401184,0,0.0022223475389182568,0.1811230331659317,8.532161712646484,4.9601149559021,11.921271324157715,0.0,0.0
80,10,8,0.9,lat,0,32,0.28411564230918884,0,0.00621785968542099,0.188274085521698,8.48913860321045,27.53443145751953,27.53443145751953,1.0,1.0
80,10,8,0.9,lat,0,33,0.7746688723564148,1,0.04754861071705818,0.23652903735637665,7.691045761108398,29.60756492614746,29.60756492614746,1.0,1.0
80,10,8,0.9,lat,0,34,0.0638977587223053,0,0.00030885785236023366,0.1865294724702835,8.328051567077637,19.78706169128418,28.319103240966797,0.0,1.0
80,10,8,0.9,lat,0,35,0.078948013484478,0,0.0004790113598573953,0.17746031284332275,8.581477165222168,14.512494087219238,27.598968505859375,0.0,1.0
80,10,8,0.9,lat,0,36,0.018142012879252434,0,6.210363790160045e-05,0.15866272151470184,8.866111755371094,8.991488456726074,26.4862060546875,0.0,1.0
80,10,8,0.9,lat,0,37,0.2310631424188614,0,0.004096585791558027,0.1931515485048294,8.334087371826172,27.015626907348633,27.015626907348633,1.0,1.0
80,10,8,0.9,lat,0,38,0.04729887470602989,0,0.00022022315533831716,0.17883002758026123,8.508615493774414,8.996499061584473,24.847917556762695,0.0,0.0
80,10,8,0.9,lat,0,39,0.16225916147232056,0,0.0020300904288887978,0.1749275177717209,8.6044921875,27.919675827026367,27.919675827026367,1.0,1.0
80,10,8,0.9,lat,0,40,0.10248704999685287,0,0.0007952269515953958,0.1827455461025238,8.496320724487305,26.885587692260742,26.885587692260742,1.0,1.0
80,10,8,0.9,lat,0,41,0.1367170661687851,0,0.0015556897269561887,0.17051301896572113,8.636495590209961,6.122580528259277,13.620590209960938,0.0,0.0
80,10,8,0.9,lat,0,42,0.03888815641403198,0,0.00015998537128325552,0.18720149993896484,8.441903114318848,8.550183296203613,25.778221130371094,0.0,0.0
80,10,8,0.9,lat,0,43,0.3190651834011078,1,0.008175601251423359,0.19423823058605194,8.476277351379395,3.3654189109802246,8.512466430664062,0.0,0.0
80,10,8,0.9,lat,0,44,0.311397522687912,1,0.007788291200995445,0.18928690254688263,8.543306350708008,3.2488765716552734,8.545964241027832,0.0,0.0
80,10,8,0.9,lat,0,45,0.5131876468658447,1,0.02110256440937519,0.19793769717216492,8.390440940856934,2.311183214187622,6.242762565612793,0.0,0.0
80,10,8,0.9,lat,0,46,0.01913701370358467,0,3.60380690835882e-05,0.1926756501197815,8.498149871826172,11.569095611572266,26.84516143798828,0.0,1.0
80,10,8,0.9,lat,0,47,0.0914476066827774,0,0.0007018860196694732,0.1938592493534088,8.329209327697754,9.485239028930664,19.225868225097656,0.0,0.0
80,10,8,0.9,lat,0,48,0.04599875584244728,0,0.00019415626593399793,0.1725090891122818,8.509329795837402,10.810938835144043,28.13210678100586,0.0,1.0
80,10,8,0.9,lat,0,49,0.10751739889383316,0,0.0008608475909568369,0.2054242044687271,8.305817604064941,27.43526840209961,27.43526840209961,1.0,1.0
80,10,8,0.9,lat,0,50,0.0628398135304451,0,0.0003021246811840683,0.20378702878952026,8.242156982421875,27.95955467224121,27.95955467224121,1.0,1.0
80,10,8,0.9,lat,0,51,0.22633184492588043,0,0.003983296919614077,0.18707451224327087,8.497199058532715,27.12166976928711,27.12166976928711,1.0,1.0
80,10,8,0.9,lat,0,52,0.6213085651397705,1,0.030401531606912613,0.19659726321697235,8.300065994262695,28.58709716796875,28.58709716796875,1.0,1.0
80,10,8,0.9,lat,0,53,0.43265584111213684,1,0.015015337616205215,0.19560867547988892,8.401134490966797,2.5980184078216553,7.015806198120117,0.0,0.0
80,10,8,0.9,lat,0,54,0.40108051896095276,1,0.012922773137688637,0.1822647601366043,8.540706634521484,2.8775289058685303,7.524538993835449,0.0,0.0
80,10,8,0.9,lat,0,55,0.3013715147972107,1,0.007079198490828276,0.20393183827400208,8.282471656799316,27.206340789794922,27.206340789794922,1.0,1.0
80,10,8,0.9,lat,0,56,0.31577160954475403,1,0.008019011467695236,0.19785213470458984,8.365891456604004,3.427546501159668,8.466279029846191,0.0,0.0
80,10,8,0.9,lat,0,57,0.4307505488395691,1,0.01500428095459938,0.19570690393447876,8.20344352722168,2.744799852371216,6.967350006103516,0.0,0.0
80,10,8,0.9,lat,0,58,0.14186124503612518,0,0.001657700864598155,0.17911528050899506,8.560412406921387,6.4934797286987305,13.762065887451172,0.0,0.0
80,10,8,0.9,lat,0,59,0.650568962097168,1,0.033867694437503815,0.22317959368228912,8.016348838806152,1.9198920726776123,5.351712703704834,0.0,0.0
80,10,8,0.9,lat,0,60,0.16135205328464508,0,0.0021356428042054176,0.18260076642036438,8.593828201293945,5.590884208679199,12.658334732055664,0.0,0.0
80,10,8,0.9,lat,0,61,0.3646603524684906,1,0.010440181009471416,0.18960435688495636,8.494781494140625,29.065776824951172,29.065776824951172,1.0,1.0
80,10,8,0.9,lat,0,62,0.42306816577911377,1,0.014393082819879055,0.1869608759880066,8.5048246383667,2.7693071365356445,7.170043468475342,0.0,0.0
80,10,8,0.9,lat,0,63,0.01764417067170143,0,4.8263253120239824e-05,0.1889951080083847,8.317952156066895,12.50102424621582,27.265291213989258,0.0,1.0
80,10,8,0.9,lat,0,64,0.03406471014022827,0,9.052587120095268e-05,0.18209421634674072,8.493943214416504,14.67768383026123,27.581357955932617,0.0,1.0
80,10,8,0.9,lat,0,65,0.04995018243789673,0,0.00022855086717754602,0.17474785447120667,8.760811805725098,9.275650978088379,27.247726440429688,0.0,0.75
80,10,8,0.9,lat,0,66,0.25208523869514465,0,0.004944824147969484,0.19834648072719574,8.343894004821777,28.24456024169922,28.24456024169922,1.0,1.0
80,10,8,0.9,lat,0,67,0.021136945113539696,0,6.269721779972315e-05,0.19723430275917053,8.442696571350098,11.36122989654541,27.662471771240234,0.0,1.0
80,10,8,0.9,lat,0,68,0.06388410180807114,0,0.00030719503411091864,0.18224786221981049,8.470686912536621,26.252655029296875,26.252655029296875,1.0,1.0
80,10,8,0.9,lat,0,69,0.9389811158180237,1,0.07053972780704498,0.24180535972118378,7.597559928894043,24.202526092529297,8.049722671508789,0.0,0.0
80,10,8,0.9,lat,0,70,0.016144154593348503,0,4.499038914218545e-05,0.18173041939735413,8.46786117553711,10.907404899597168,28.365041732788086,0.0,1.0
80,10,8,0.9,lat,0,71,0.14137306809425354,0,0.0015411596978083253,0.1965852528810501,8.38525676727295,26.61904525756836,26.61904525756836,1.0,1.0
80,10,8,0.9,lat,0,72,0.45787087082862854,1,0.01654142700135708,0.20127630233764648,8.39550495147705,27.636302947998047,27.636302947998047,1.0,1.0
80,10,8,0.9,lat,0,73,2.0899577140808105,1,0.3479507565498352,0.4474608600139618,4.181066036224365,36.05134582519531,36.05134582519531,1.0,1.0
80,10,8,0.9,lat,0,74,0.3363511562347412,1,0.008882381021976471,0.18291032314300537,8.581709861755371,28.132205963134766,28.132205963134766,1.0,1.0
80,10,8,0.9,lat,0,75,0.44997408986091614,1,0.01631217822432518,0.2026543766260147,8.286108016967773,2.684602975845337,6.965705871582031,0.0,0.0
80,10,8,0.9,lat,0,76,0.39067089557647705,1,0.012266064062714577,0.19077004492282867,8.403676986694336,2.985766649246216,7.229027271270752,0.0,0.0
80,10,8,0.9,lat,0,77,0.22433537244796753,0,0.0040964120998978615,0.18471577763557434,8.47387981414795,4.850205421447754,10.488778114318848,0.0,0.0
80,10,8,0.9,lat,0,78,0.42189788818359375,1,0.014063873328268528,0.20929180085659027,8.251938819885254,28.03546714782715,28.03546714782715,1.0,1.0
80,10,8,0.9,lat,0,79,0.6104813814163208,1,0.029827430844306946,0.20907767117023468,8.237568855285645,1.8926115036010742,5.51680326461792,0.0,0.0
80,10,8,0.9,lat,1,0,2.164151191711426,1,0.5004464983940125,0.44963201880455017,4.161915302276611,0.22548837959766388,0.8769041895866394,0.0,0.0
80,10,8,0.9,lat,1,1,2.2978882789611816,1,0.5911511182785034,0.5057373046875,3.491997003555298,0.22621949017047882,0.933365523815155,0.0,0.0
80,10,8,0.9,lat,1,2,1.8792369365692139,1,0.4973205029964447,0.38850605487823486,5.0535478591918945,0.19490884244441986,0.782709002494812,0.0,0.0
80,10,8,0.9,lat,1,3,2.0080654621124268,1,0.4841441214084625,0.4360581636428833,4.360556125640869,0.2075527012348175,0.8236870169639587,0.0,0.0
80,10,8,0.9,lat,1,4,1.875701665878296,1,0.4961167275905609,0.3677736818790436,5.395614147186279,0.19489313662052155,0.7770510315895081,0.0,0.0
80,10,8,0.9,lat,1,5,2.1343770027160645,1,0.4943692684173584,0.4582873582839966,4.048651218414307,0.2201003134250641,0.8866828680038452,0.0,0.0
80,10,8,0.9,lat,1,6,1.8751214742660522,1,0.4957958161830902,0.3844400942325592,5.090918064117432,0.19595088064670563,0.8096471428871155,0.0,0.0
80,10,8,0.9,lat,1,7,1.8764244318008423,1,0.4958450496196747,0.3812548816204071,5.194753170013428,0.19998057186603546,0.8057574033737183,0.0,0.0
80,10,8,0.9,lat,1,8,2.1313750743865967,1,0.49302199482917786,0.47417283058166504,3.842277765274048,0.21654348075389862,0.8659662008285522,0.0,0.0
80,10,8,0.9,lat,1,9,2.041975975036621,1,0.48893284797668457,0.43797290325164795,4.339648723602295,0.2142808735370636,0.844497799873352,0.0,0.0
80,10,8,0.9,lat,1,10,2.0040414333343506,1,0.4824889898300171,0.43376901745796204,4.388550758361816,0.20722012221813202,0.8185967803001404,0.0,0.0
80,10,8,0.9,lat,1,11,1.9582843780517578,1,0.6785900592803955,0.38728639483451843,5.124524116516113,0.1833954006433487,0.7372188568115234,0.0,0.0
80,10,8,0.9,lat,1,12,1.6708818674087524,1,0.41212567687034607,0.33859723806381226,5.908538818359375,0.1675810068845749,0.6758300065994263,0.0,0.0
80,10,8,0.9,lat,1,13,1.7796295881271362,1,0.4596659541130066,0.3701644837856293,5.371894359588623,0.17821113765239716,0.7217220067977905,0.0,0.0
80,10,8,0.9,lat,1,14,0.00793757289648056,0,1.1079915566369891e-05,0.1600884199142456,8.735074996948242,25.973329544067383,25.973329544067383,1.0,1.0
80,10,8,0.9,lat,1,15,1.5989707708358765,1,0.4432089626789093,0.3333980143070221,6.062735080718994,0.15829238295555115,0.6399356722831726,0.0,0.0
80,10,8,0.9,lat,1,16,2.1280946731567383,1,0.4840596318244934,0.4636252224445343,3.980797290802002,0.22650298476219177,0.9089775681495667,0.0,0.0
80,10,8,0.9,lat,1,17,1.770838975906372,1,0.45613598823547363,0.3811211884021759,5.190844535827637,0.18310211598873138,0.741919755935669,0.0,0.0
80,10,8,0.9,lat,1,18,0.46188828349113464,1,0.03093152865767479,0.15768712759017944,8.942989349365234,0.605992317199707,3.105532169342041,0.0,0.0
80,10,8,0.9,lat,1,19,1.6385979652404785,1,0.44609585404396057,0.32854780554771423,6.101276397705078,0.1754516065120697,0.6850748062133789,0.0,0.0
80,10,8,0.9,lat,1,20,1.5788058042526245,1,0.37313687801361084,0.3223561942577362,6.283758640289307,0.17653629183769226,0.6951201558113098,0.0,0.0
80,10,8,0.9,lat,1,21,0.16333693265914917,0,0.004503063391894102,0.15805870294570923,8.750207901000977,1.4066864252090454,7.794673442840576,0.0,0.0
80,10,8,0.9,lat,1,22,0.009689022786915302,0,2.710738408495672e-05,0.1523200124502182,8.861499786376953,18.29981231689453,24.70279312133789,0.0,1.0
80,10,8,0.9,lat,1,23,0.005619315896183252,0,6.079609647713369e-06,0.14196978509426117,9.038084983825684,24.540847778320312,24.540847778320312,1.0,1.0
80,10,8,0.9,lat,1,24,0.204172283411026,0,0.006671029143035412,0.15771359205245972,9.001835823059082,1.2005985975265503,6.699107646942139,0.0,0.0
80,10,8,0.9,lat,1,25,0.03888900950551033,0,0.00034204547409899533,0.15697376430034637,8.835709571838379,4.849981784820557,24.588037490844727,0.0,0.5
80,10,8,0.9,lat,1,26,0.008199202828109264,0,1.075534055416938e-05,0.1508934050798416,8.934318542480469,24.71535873413086,24.71535873413086,1.0,1.0
80,10,8,0.9,lat,1,27,0.009912232868373394,0,2.2706541130901314e-05,0.1576772928237915,8.803812026977539,18.725412368774414,25.097171783447266,0.0,1.0
80,10,8,0.9,lat,1,28,0.005267616827040911,0,5.345010777091375e-06,0.1569962352514267,8.886726379394531,25.297714233398438,25.297714233398438,1.0,1.0
80,10,8,0.9,lat,1,29,0.005642694421112537,0,5.385596523410641e-06,0.15746410191059113,8.913304328918457,26.16558837890625,26.16558837890625,1.0,1.0
80,10,8,0.9,lat,1,30,0.004954586736857891,0,4.189417722955113e-06,0.15195943415164948,9.04645824432373,23.50950050354004,23.50950050354004,1.0,1.0
80,10,8,0.9,lat,1,31,0.004736016970127821,0,4.201434876449639e-06,0.1555963009595871,8.888065338134766,24.468515396118164,24.468515396118164,1.0,1.0
80,10,8,0.9,lat,1,32,0.005494087003171444,0,8.175088623829652e-06,0.1586681455373764,8.863347053527832,25.089780807495117,25.089780807495117,1.0,1.0
80,10,8,0.9,lat,1,33,0.004375387914478779,0,2.689180519155343e-06,0.1558244675397873,8.888627052307129,25.17441177368164,25.17441177368164,1.0,1.0
80,10,8,0.9,lat,1,34,0.005059365648776293,0,4.9920608944376e-06,0.1580049842596054,8.855719566345215,25.906877517700195,25.906877517700195,1.0,1.0
80,10,8,0.9,lat,1,35,0.00512607442215085,0,4.578909283736721e-06,0.15633052587509155,8.814462661743164,26.923810958862305,26.923810958862305,1.0,1.0
80,10,8,0.9,lat,1,36,0.0035621430724859238,0,1.7498500710644294e-06,0.1518767923116684,8.944350242614746,25.009441375732422,25.009441375732422,1.0,1.0
80,10,8,0.9,lat,1,37,0.006167883984744549,0,8.309361874125898e-06,0.1626890003681183,8.74518871307373,25.84764289855957,25.84764289855957,1.0,1.0
80,10,8,0.9,lat,1,38,0.00308561185374856,0,2.1241344256850425e-06,0.1469060778617859,8.986278533935547,24.924102783203125,24.924102783203125,1.0,1.0
80,10,8,0.9,lat,1,39,0.0027233462315052748,0,1.3752738823313848e-06,0.1523999273777008,9.106178283691406,25.06145668029785,25.06145668029785,1.0,1.0
80,10,8,0.9,lat,1,40,0.0029018125496804714,0,1.32793138618581e-06,0.14920131862163544,8.873343467712402,24.264869689941406,24.264869689941406,1.0,1.0
80,10,8,0.9,lat,1,41,0.003079234156757593,0,1.23514303140837e-06,0.1495758295059204,8.91858196258545,24.610218048095703,24.610218048095703,1.0,1.0
80,10,8,0.9,lat,1,42,0.0038328715600073338,0,2.8898584787384607e-06,0.15515901148319244,8.943253517150879,24.616193771362305,24.616193771362305,1.0,1.0
80,10,8,0.9,lat,1,43,0.004690051078796387,0,3.295001306469203e-06,0.14721561968326569,9.104336738586426,24.600250244140625,24.600250244140625,1.0,1.0
80,10,8,0.9,lat,1,44,0.004590911325067282,0,3.6901287785440218e-06,0.1520603597164154,8.924688339233398,24.022789001464844,24.022789001464844,1.0,1.0
80,10,8,0.9,lat,1,45,0.0053170714527368546,0,4.055908902955707e-06,0.15137945115566254,9.080288887023926,26.04496192932129,26.04496192932129,1.0,1.0
80,10,8,0.9,lat,1,46,0.0031521590426564217,0,1.2865095868619392e-06,0.15990641713142395,8.867817878723145,25.46633529663086,25.46633529663086,1.0,1.0
80,10,8,0.9,lat,1,47,0.004552250262349844,0,4.376614015200175e-06,0.14792971312999725,9.125802040100098,24.444557189941406,24.444557189941406,1.0,1.0
80,10,8,0.9,lat,1,48,0.0032979457173496485,0,1.7716733964334708e-06,0.15267005562782288,9.05411148071289,24.75362777709961,24.75362777709961,1.0,1.0
80,10,8,0.9,lat,1,49,0.0037218655925244093,0,1.6935816802288173e-06,0.16467270255088806,8.788703918457031,23.705810546875,23.705810546875,1.0,1.0
80,10,8,0.9,lat,1,50,0.004238416440784931,0,2.7580147161643254e-06,0.1509609818458557,8.856215476989746,24.79802131652832,24.79802131652832,1.0,1.0
80,10,8,0.9,lat,1,51,0.0039023926947265863,0,2.5899898901116103e-06,0.16475810110569,8.712048530578613,26.285709381103516,26.285709381103516,1.0,1.0
80,10,8,0.9,lat,1,52,0.003576800227165222,0,2.5481911052338546e-06,0.1585780382156372,8.828606605529785,25.636987686157227,25.636987686157227,1.0,1.0
80,10,8,0.9,lat,1,53,0.002801689086481929,0,1.145115788858675e-06,0.1609775573015213,8.722188949584961,25.525005340576172,25.525005340576172,1.0,1.0
80,10,8,0.9,lat,1,54,0.00392058165743947,0,2.478533815519768e-06,0.1411472111940384,8.979881286621094,24.791885375976562,24.791885375976562,1.0,1.0
80,10,8,0.9,lat,1,55,0.0046958825550973415,0,4.781384177476866e-06,0.15115945041179657,8.8921537399292,24.00921058654785,24.00921058654785,1.0,1.0
80,10,8,0.9,lat,1,56,0.00601964583620429,0,4.821561105927685e-06,0.15913863480091095,8.772488594055176,24.94422721862793,24.94422721862793,1.0,1.0
80,10,8,0.9,lat,1,57,0.002170295687392354,0,6.453204832723713e-07,0.15225574374198914,8.997933387756348,24.832080841064453,24.832080841064453,1.0,1.0
80,10,8,0.9,lat,1,58,0.00285928463563323,0,1.0732110240496695e-06,0.16362479329109192,8.671773910522461,25.650318145751953,25.650318145751953,1.0,1.0
80,10,8,0.9,lat,1,59,0.0039796773344278336,0,2.2542476472153794e-06,0.16114027798175812,8.776020050048828,25.156614303588867,25.156614303588867,1.0,1.0
80,10,8,0.9,lat,1,60,0.003979558125138283,0,2.2242941213335143e-06,0.14819307625293732,8.995420455932617,24.87558364868164,24.87558364868164,1.0,1.0
80,10,8,0.9,lat,1,61,0.0035199522972106934,0,1.2865605185652385e-06,0.14725090563297272,8.964299201965332,25.38225555419922,25.38225555419922,1.0,1.0
80,10,8,0.9,lat,1,62,0.003751271404325962,0,2.273850896017393e-06,0.15918457508087158,9.041455268859863,25.636919021606445,25.636919021606445,1.0,1.0
80,10,8,0.9,lat,1,63,0.0035705408081412315,0,2.0127697553107282e-06,0.15761145949363708,8.89862060546875,24.92905616760254,24.92905616760254,1.0,1.0
80,10,8,0.9,lat,1,64,0.0024836098309606314,0,8.418653010267008e-07,0.14948110282421112,8.96180534362793,24.887786865234375,24.887786865234375,1.0,1.0
80,10,8,0.9,lat,1,65,0.0026685900520533323,0,1.1607834267124417e-06,0.16283193230628967,8.931000709533691,24.184555053710938,24.184555053710938,1.0,1.0
80,10,8,0.9,lat,1,66,0.004215160850435495,0,2.4316934741364093e-06,0.1562860906124115,8.826000213623047,25.247154235839844,25.247154235839844,1.0,1.0
80,10,8,0.9,lat,1,67,0.0027983328327536583,0,9.996277867685421e-07,0.1458481401205063,9.121471405029297,25.200138092041016,25.200138092041016,1.0,1.0
80,10,8,0.9,lat,1,68,0.004146518651396036,0,2.2548124434251804e-06,0.16242359578609467,8.88227653503418,24.861766815185547,24.861766815185547,1.0,1.0
80,10,8,0.9,lat,1,69,0.003098029876127839,0,1.4402353372133803e-06,0.16181939840316772,8.688248634338379,24.51515007019043,24.51515007019043,1.0,1.0
80,10,8,0.9,lat,1,70,0.0020531336776912212,0,7.464960845027235e-07,0.14561507105827332,9.094064712524414,25.370559692382812,25.370559692382812,1.0,1.0
80,10,8,0.9,lat,1,71,0.00382192712277174,0,2.519584995752666e-06,0.15153221786022186,8.978659629821777,25.4866886138916,25.4866886138916,1.0,1.0
80,10,8,0.9,lat,1,72,0.0032134626526385546,0,1.8741860685622669e-06,0.16193826496601105,8.990090370178223,23.963924407958984,23.963924407958984,1.0,1.0
80,10,8,0.9,lat,1,73,0.0030584284104406834,0,1.5732913425381412e-06,0.150530144572258,8.937859535217285,24.81539535522461,24.81539535522461,1.0,1.0
80,10,8,0.9,lat,1,74,0.0037853673566132784,0,2.0918648715451127e-06,0.157563254237175,8.898390769958496,24.766040802001953,24.766040802001953,1.0,1.0
80,10,8,0.9,lat,1,75,0.0033718564081937075,0,1.686424525360053e-06,0.15767310559749603,8.785181045532227,25.62197494506836,25.62197494506836,1.0,1.0
80,10,8,0.9,lat,1,76,0.002700165146961808,0,1.0107597745445673e-06,0.16141702234745026,8.894670486450195,24.985214233398438,24.985214233398438,1.0,1.0
80,10,8,0.9,lat,1,77,0.003560073208063841,0,2.1243745322863106e-06,0.17408698797225952,8.744000434875488,24.818016052246094,24.818016052246094,1.0,1.0
80,10,8,0.9,lat,1,78,0.003697114996612072,0,2.2820829599368153e-06,0.15663553774356842,9.029937744140625,25.305692672729492,25.305692672729492,1.0,1.0
80,10,8,0.9,lat,1,79,0.0032625263556838036,0,1.7265350606976426e-06,0.1634446382522583,8.772806167602539,25.146520614624023,25.146520614624023,1.0,1.0
80,10,8,0.9,lat,2,0,1.8387733697891235,1,0.49010753631591797,0.3802877366542816,4.912642002105713,0.1918455809354782,0.7796522974967957,0.0,0.0
80,10,8,0.9,lat,2,1,1.8220261335372925,1,0.4928571283817291,0.37182462215423584,5.0966105461120605,0.18710879981517792,0.7565082311630249,0.0,0.0
80,10,8,0.9,lat,2,2,1.8458744287490845,1,0.4989781677722931,0.3711903393268585,5.104381561279297,0.18860961496829987,0.7705042958259583,0.0,0.0
80,10,8,0.9,lat,2,3,1.8203580379486084,1,0.49131539463996887,0.3937152028083801,4.771703243255615,0.1907234936952591,0.7774208188056946,0.0,0.0
80,10,8,0.9,lat,2,4,1.8107377290725708,1,0.4940379559993744,0.3804643750190735,4.902450084686279,0.18851874768733978,0.7596579194068909,0.0,0.0
80,10,8,0.9,lat,2,5,1.8172385692596436,1,0.4873265326023102,0.3876368999481201,4.783085823059082,0.18866990506649017,0.7584665417671204,0.0,0.0
80,10,8,0.9,lat,2,6,1.8287194967269897,1,0.4962305426597595,0.38638854026794434,4.821140766143799,0.1905042827129364,0.7660260796546936,0.0,0.0
80,10,8,0.9,lat,2,7,1.8782936334609985,1,0.46648943424224854,0.3978668749332428,4.732720375061035,0.1913817971944809,0.758758544921875,0.0,0.0
80,10,8,0.9,lat,2,8,1.6610523462295532,1,0.45744800567626953,0.32785263657569885,5.750612735748291,0.17026624083518982,0.6815877556800842,0.0,0.0
80,10,8,0.9,lat,2,9,1.8483089208602905,1,0.4964520335197449,0.3757699728012085,5.026907920837402,0.19373683631420135,0.7833055257797241,0.0,0.0
80,10,8,0.9,lat,2,10,1.688455581665039,1,0.41827359795570374,0.3672335147857666,5.200689792633057,0.16341054439544678,0.6447660326957703,0.0,0.0
80,10,8,0.9,lat,2,11,1.8784575462341309,1,0.461601197719574,0.40452879667282104,4.638509750366211,0.19341574609279633,0.7883714437484741,0.0,0.0
80,10,8,0.9,lat,2,12,1.6384576559066772,1,0.45192185044288635,0.3314940929412842,5.655096530914307,0.16516107320785522,0.6604193449020386,0.0,0.0
80,10,8,0.9,lat,2,13,1.590895175933838,1,0.4136398732662201,0.3309287130832672,5.848816871643066,0.16072025895118713,0.6280863881111145,0.0,0.0
80,10,8,0.9,lat,2,14,1.5820106267929077,1,0.41855388879776,0.32395797967910767,5.9799652099609375,0.15865270793437958,0.6433578133583069,0.0,0.0
80,10,8,0.9,lat,2,15,1.70745849609375,1,0.4167833626270294,0.3543705344200134,5.450821876525879,0.16897748410701752,0.6780025362968445,0.0,0.0
80,10,8,0.9,lat,2,16,1.5981110334396362,1,0.2886873483657837,0.3586387634277344,5.547934055328369,0.16200855374336243,0.6213946342468262,0.0,0.0
80,10,8,0.9,lat,2,17,1.3091191053390503,1,0.2399590164422989,0.2977612018585205,6.61229133605957,0.17110589146614075,0.6820122003555298,0.0,0.0
80,10,8,0.9,lat,2,18,0.0463542714715004,0,0.0001212915449286811,0.24643383920192719,7.695071220397949,19.987619400024414,27.204626083374023,0.0,1.0
80,10,8,0.9,lat,2,19,0.10928346961736679,0,0.0006394842639565468,0.2781837582588196,7.17732572555542,7.630668640136719,26.833229064941406,0.0,1.0
80,10,8,0.9,lat,2,20,0.2755565345287323,0,0.00412506889551878,0.2786997854709625,7.085340976715088,5.809727191925049,10.544888496398926,0.0,0.0
80,10,8,0.9,lat,2,21,0.8902060985565186,1,0.07064631581306458,0.288419246673584,6.928816795349121,0.28933271765708923,1.3085861206054688,0.0,0.0
80,10,8,0.9,lat,2,22,0.22063849866390228,0,0.00421138945966959,0.26471632719039917,7.4414591789245605,1.113696813583374,6.650996685028076,0.0,0.0
80,10,8,0.9,lat,2,23,0.10599426180124283,0,0.0006413916125893593,0.25911664962768555,7.49242639541626,6.912885665893555,16.60039710998535,0.0,0.0
80,10,8,0.9,lat,2,24,0.02259574830532074,0,4.830194666283205e-05,0.23762738704681396,7.898918628692627,9.125432014465332,26.50176239013672,0.0,1.0
80,10,8,0.9,lat,2,25,0.3538146913051605,1,0.006771099753677845,0.28871098160743713,6.924845218658447,5.360340118408203,9.35289478302002,0.0,0.0
80,10,8,0.9,lat,2,26,0.16549137234687805,0,0.0015021890867501497,0.26495450735092163,7.389978408813477,7.754761219024658,14.173171043395996,0.0,0.0
80,10,8,0.9,lat,2,27,0.3643278181552887,1,0.007153364364057779,0.27680152654647827,7.155845642089844,5.684474468231201,9.282777786254883,0.0,0.0
80,10,8,0.9,lat,2,28,0.028696509078145027,0,5.9444042562972754e-05,0.2535959780216217,7.562071323394775,9.338773727416992,27.694244384765625,0.0,1.0
80,10,8,0.9,lat,2,29,0.5059855580329895,1,0.013744031079113483,0.2606445252895355,7.455954074859619,4.812098979949951,7.921633720397949,0.0,0.0
80,10,8,0.9,lat,2,30,0.35840776562690735,1,0.0068963696248829365,0.2783241271972656,7.147350788116455,6.497353553771973,9.450613975524902,0.0,0.0
80,10,8,0.9,lat,2,31,0.03671633079648018,0,7.62415656936355e-05,0.25033602118492126,7.7107367515563965,22.839216232299805,27.497987747192383,0.0,1.0
80,10,8,0.9,lat,2,32,0.48706915974617004,1,0.012702694162726402,0.2752757668495178,7.169137477874756,5.390841484069824,8.284162521362305,0.0,0.0
80,10,8,0.9,lat,2,33,0.32516974210739136,1,0.005666628945618868,0.26807668805122375,7.291334629058838,7.960234642028809,10.347063064575195,0.0,0.0
80,10,8,0.9,lat,2,34,0.3017670810222626,1,0.004885099828243256,0.27215954661369324,7.278634071350098,8.633129119873047,10.670877456665039,0.0,0.0
80,10,8,0.9,lat,2,35,0.11316334456205368,0,0.0006904901820234954,0.25754109025001526,7.521243095397949,18.891769409179688,20.03822898864746,0.0,0.0
80,10,8,0.9,lat,2,36,0.09389554709196091,0,0.0004663648142013699,0.2585758864879608,7.386627197265625,20.551864624023438,26.54977035522461,0.0,1.0
80,10,8,0.9,lat,2,37,0.004340168554335833,0,3.8996486182441e-06,0.24269239604473114,7.752887725830078,26.925352096557617,26.925352096557617,1.0,1.0
80,10,8,0.9,lat,2,38,1.2524491548538208,1,0.08358898013830185,0.38569504022598267,5.1299214363098145,27.697935104370117,27.697935104370117,1.0,1.0
80,10,8,0.9,lat,2,39,0.3517959713935852,1,0.006588967051357031,0.26961788535118103,7.314164161682129,8.782225608825684,27.679128646850586,0.0,1.0
80,10,8,0.9,lat,2,40,1.1913639307022095,1,0.07560762017965317,0.3586844801902771,5.587409019470215,29.23184585571289,29.23184585571289,1.0,1.0
80,10,8,0.9,lat,2,41,0.38848045468330383,1,0.008076672442257404,0.2726024091243744,7.263386249542236,6.928734302520752,9.438714981079102,0.0,0.0
80,10,8,0.9,lat,2,42,0.09944043308496475,0,0.0005324385710991919,0.2700551152229309,7.263848781585693,20.39989471435547,21.565210342407227,0.0,0.0
80,10,8,0.9,lat,2,43,0.17739613354206085,0,0.0016884960932657123,0.26792043447494507,7.29547119140625,13.849422454833984,14.805877685546875,0.0,0.0
80,10,8,0.9,lat,2,44,1.1077545881271362,1,0.06539925187826157,0.36478933691978455,5.504959583282471,28.123706817626953,28.123706817626953,1.0,1.0
80,10,8,0.9,lat,2,45,0.9761725664138794,1,0.050906043499708176,0.3350297808647156,6.044544696807861,3.005516767501831,5.863800048828125,0.0,0.0
80,10,8,0.9,lat,2,46,0.2500631809234619,0,0.0033255345188081264,0.27197253704071045,7.276355266571045,27.71868896484375,27.71868896484375,1.0,1.0
80,10,8,0.9,lat,2,47,0.3108844459056854,1,0.005178868770599365,0.2626427412033081,7.437670707702637,8.688069343566895,10.7801513671875,0.0,0.0
80,10,8,0.9,lat,2,48,0.6180163025856018,1,0.02033512108027935,0.28934505581855774,6.9257121086120605,26.501371383666992,26.501371383666992,1.0,1.0
80,10,8,0.9,lat,2,49,0.24696727097034454,0,0.003265735227614641,0.24375876784324646,7.826797962188721,10.876909255981445,12.242650985717773,0.0,0.0
80,10,8,0.9,lat,2,50,0.10625722259283066,0,0.000608978618402034,0.24891506135463715,7.725091457366943,18.807937622070312,20.35096549987793,0.0,0.0
80,10,8,0.9,lat,2,51,0.2630138099193573,0,0.003680057590827346,0.28989696502685547,6.849490642547607,27.265151977539062,27.265151977539062,1.0,1.0
80,10,8,0.9,lat,2,52,0.7905120849609375,1,0.033337317407131195,0.3230377435684204,6.2423601150512695,3.811335802078247,6.5592780113220215,0.0,0.0
80,10,8,0.9,lat,2,53,0.007002524100244045,0,4.359500053396914e-06,0.2622338533401489,7.447872161865234,27.838947296142578,27.838947296142578,1.0,1.0
80,10,8,0.9,lat,2,54,0.2605663537979126,0,0.0036093180533498526,0.2556767165660858,7.526480197906494,27.298282623291016,27.298282623291016,1.0,1.0
80,10,8,0.9,lat,2,55,0.8277886509895325,1,0.03659234941005707,0.31226304173469543,6.446276664733887,3.5422890186309814,6.386713027954102,0.0,0.0
80,10,8,0.9,lat,2,56,0.6885611414909363,1,0.025235915556550026,0.3186260759830475,6.383421421051025,4.137376308441162,27.385711669921875,0.0,1.0
80,10,8,0.9,lat,2,57,0.34198442101478577,1,0.0062525151297450066,0.2648003101348877,7.4265923500061035,8.17318344116211,10.071722984313965,0.0,0.0
80,10,8,0.9,lat,2,58,0.4814436733722687,1,0.012339231558144093,0.27034658193588257,7.283608436584473,26.57018280029297,26.57018280029297,1.0,1.0
80,10,8,0.9,lat,2,59,1.1005768775939941,1,0.0645267516374588,0.35677245259284973,5.665627479553223,27.252601623535156,27.252601623535156,1.0,1.0
80,10,8,0.9,lat,2,60,0.023362332955002785,0,3.056330024264753e-05,0.2599113881587982,7.502157688140869,26.672168731689453,26.672168731689453,1.0,1.0
80,10,8,0.9,lat,2,61,0.5553860664367676,1,0.016465548425912857,0.2780747711658478,7.148368835449219,5.333962440490723,7.768190860748291,0.0,0.0
80,10,8,0.9,lat,2,62,0.3975716233253479,1,0.008410829119384289,0.26944196224212646,7.333933353424072,7.656423091888428,26.735822677612305,0.0,1.0
80,10,8,0.9,lat,2,63,0.9607463479042053,1,0.04917967692017555,0.3250017464160919,6.2076096534729,27.967092514038086,27.967092514038086,1.0,1.0
80,10,8,0.9,lat,2,64,0.08261170983314514,0,0.000362020218744874,0.2701817750930786,7.281413555145264,26.855907440185547,26.855907440185547,1.0,1.0
80,10,8,0.9,lat,2,65,0.2822425961494446,0,0.004234739579260349,0.2533239424228668,7.625086784362793,12.332483291625977,27.066232681274414,0.0,1.0
80,10,8,0.9,lat,2,66,0.1546410620212555,0,0.0012678902130573988,0.25051647424697876,7.636005878448486,19.638744354248047,27.001218795776367,0.0,1.0
80,10,8,0.9,lat,2,67,0.7542908191680908,1,0.030371570959687233,0.3045298457145691,6.663872241973877,3.94476580619812,6.685428142547607,0.0,0.0
80,10,8,0.9,lat,2,68,0.38758552074432373,1,0.008015819825232029,0.2774675786495209,7.115652084350586,7.560872554779053,9.586212158203125,0.0,0.0
80,10,8,0.9,lat,2,69,0.7591003179550171,1,0.030741356313228607,0.32053443789482117,6.301839351654053,3.968026638031006,6.643718242645264,0.0,0.0
80,10,8,0.9,lat,2,70,0.4314114451408386,1,0.00994787272065878,0.3047594726085663,6.643767356872559,6.679818630218506,8.933960914611816,0.0,0.0
80,10,8,0.9,lat,2,71,0.6958509683609009,1,0.025848569348454475,0.29759544134140015,6.776426792144775,4.252023220062256,6.968946933746338,0.0,0.0
80,10,8,0.9,lat,2,72,0.6549607515335083,1,0.02290920354425907,0.29120081663131714,6.861048698425293,4.5159783363342285,7.2788848876953125,0.0,0.0
80,10,8,0.9,lat,2,73,0.5579227805137634,1,0.016623327508568764,0.2824598550796509,7.037349224090576,5.288217544555664,7.839369773864746,0.0,0.0
80,10,8,0.9,lat,2,74,0.3194466233253479,1,0.005424670409411192,0.2575840950012207,7.451418876647949,12.798757553100586,26.71869468688965,0.0,1.0
80,10,8,0.9,lat,2,75,0.40512073040008545,1,0.008770104497671127,0.27943819761276245,7.067180633544922,7.142415523529053,9.32723331451416,0.0,0.0
80,10,8,0.9,lat,2,76,0.9737945795059204,1,0.05061863362789154,0.3345111906528473,6.06547737121582,3.0565872192382812,5.924619674682617,0.0,0.0
80,10,8,0.9,lat,2,77,0.7696334719657898,1,0.03161204606294632,0.2851153612136841,7.0013747215271,3.872492551803589,6.692680835723877,0.0,0.0
80,10,8,0.9,lat,2,78,0.08049827069044113,0,0.00035072091850452125,0.2637310028076172,7.39940071105957,23.909828186035156,25.581491470336914,0.0,0.0
80,10,8,0.9,lat,2,79,0.14978784322738647,0,0.0012062910245731473,0.24650906026363373,7.755752086639404,16.260108947753906,16.808561325073242,0.0,0.0
80,10,8,0.9,lat,3,0,2.1650197505950928,1,0.500869870185852,0.4144267141819,4.671762466430664,0.2252826988697052,0.9138484001159668,0.0,0.0
80,10,8,0.9,lat,3,1,1.9725009202957153,1,0.4995536208152771,0.39752113819122314,4.920591831207275,0.2073529213666916,0.8366053700447083,0.0,0.0
80,10,8,0.9,lat,3,2,1.9439359903335571,1,0.5006919503211975,0.35888493061065674,5.56182861328125,0.2020011693239212,0.819066047668457,0.0,0.0
80,10,8,0.9,lat,3,3,2.1055307388305664,1,0.4995490312576294,0.4058739244937897,4.806342601776123,0.22136607766151428,0.888212263584137,0.0,0.0
80,10,8,0.9,lat,3,4,1.971614122390747,1,0.49911943078041077,0.3798874318599701,5.202545166015625,0.20571929216384888,0.8195474147796631,0.0,0.0
80,10,8,0.9,lat,3,5,2.3848187923431396,1,0.49720028042793274,0.48146143555641174,3.7805678844451904,0.2507799565792084,0.9939925074577332,0.0,0.0
80,10,8,0.9,lat,3,6,2.044175148010254,1,0.4950317442417145,0.4181590676307678,4.622243404388428,0.21279488503932953,0.8501667380332947,0.0,0.0
80,10,8,0.9,lat,3,7,2.045058012008667,1,0.49548742175102234,0.4048144221305847,4.825925350189209,0.2098560333251953,0.8629536628723145,0.0,0.0
80,10,8,0.9,lat,3,8,2.2712934017181396,1,0.49039262533187866,0.45462894439697266,4.117202281951904,0.23633183538913727,0.9497120380401611,0.0,0.0
80,10,8,0.9,lat,3,9,2.103450059890747,1,0.4825729727745056,0.42382192611694336,4.5367302894592285,0.21543031930923462,0.8552799224853516,0.0,0.0
80,10,8,0.9,lat,3,10,2.1021182537078857,1,0.49796178936958313,0.4301047921180725,4.461539268493652,0.2206755131483078,0.9034456610679626,0.0,0.0
80,10,8,0.9,lat,3,11,2.264930248260498,1,0.4880913496017456,0.46542564034461975,3.9674606323242188,0.23276562988758087,0.9198623895645142,0.0,0.0
80,10,8,0.9,lat,3,12,2.0717482566833496,1,0.4885008931159973,0.3885418176651001,5.059816360473633,0.21893832087516785,0.8893203735351562,0.0,0.0
80,10,8,0.9,lat,3,13,2.1534042358398438,1,0.49533817172050476,0.4164755642414093,4.616884708404541,0.2295350879430771,0.9507901668548584,0.0,0.0
80,10,8,0.9,lat,3,14,1.9327768087387085,1,0.4950263798236847,0.388979434967041,5.076888084411621,0.2048034816980362,0.8074712753295898,0.0,0.0
80,10,8,0.9,lat,3,15,2.0801472663879395,1,0.4880914092063904,0.4100892245769501,4.738271236419678,0.21919310092926025,0.889035701751709,0.0,0.0
80,10,8,0.9,lat,3,16,2.306905508041382,1,0.47427982091903687,0.4489813446998596,4.189455986022949,0.23692794144153595,0.9365774393081665,0.0,0.0
80,10,8,0.9,lat,3,17,2.0876495838165283,1,0.47863417863845825,0.4206371307373047,4.571751117706299,0.21479858458042145,0.8673827648162842,0.0,0.0
80,10,8,0.9,lat,3,18,0.9235439896583557,1,0.21121057868003845,0.14640232920646667,9.526280403137207,0.2664628326892853,1.110664963722229,0.0,0.0
80,10,8,0.9,lat,3,19,1.2997459173202515,1,0.3486935496330261,0.23301661014556885,8.232110977172852,0.2028966099023819,0.8301486372947693,0.0,0.0
80,10,8,0.9,lat,3,20,0.3271210491657257,1,0.0383383184671402,0.16241785883903503,9.128777503967285,0.6501340866088867,3.501345157623291,0.0,0.0
80,10,8,0.9,lat,3,21,0.1495574563741684,0,0.007642295211553574,0.1670082062482834,8.891683578491211,1.4161492586135864,8.30306625366211,0.0,0.0
80,10,8,0.9,lat,3,22,0.10629231482744217,0,0.0037751132622361183,0.14689670503139496,9.14834976196289,2.0014657974243164,10.866634368896484,0.0,0.0
80,10,8,0.9,lat,3,23,0.275684654712677,0,0.0250675231218338,0.14121516048908234,9.30643367767334,0.7743532061576843,4.2980146408081055,0.0,0.0
80,10,8,0.9,lat,3,24,0.12630228698253632,0,0.005419661290943623,0.16237185895442963,8.920472145080566,1.6800508499145508,9.512173652648926,0.0,0.0
80,10,8,0.9,lat,3,25,0.21070802211761475,0,0.01344122551381588,0.16068868339061737,9.041533470153809,1.0314606428146362,5.931929111480713,0.0,0.0
80,10,8,0.9,lat,3,26,0.10102106630802155,0,0.0031516423914581537,0.14861322939395905,9.17046070098877,2.1405882835388184,12.267157554626465,0.0,0.0
80,10,8,0.9,lat,3,27,0.034906961023807526,0,0.00038243396556936204,0.1440725326538086,9.164307594299316,6.17114782333374,26.76231575012207,0.0,1.0
80,10,8,0.9,lat,3,28,0.05498671159148216,0,0.000951815745793283,0.15776868164539337,8.90499210357666,3.915102481842041,21.26065444946289,0.0,0.0
80,10,8,0.9,lat,3,29,0.04711299389600754,0,0.000733444350771606,0.14965017139911652,9.031865119934082,27.19158935546875,27.19158935546875,1.0,1.0
80,10,8,0.9,lat,3,30,0.04595324024558067,0,0.000705975282471627,0.15795165300369263,9.091672897338867,4.635024070739746,24.81007194519043,0.0,0.0
80,10,8,0.9,lat,3,31,0.022309426218271255,0,0.00015757417713757604,0.17445199191570282,8.877169609069824,9.645665168762207,27.51138687133789,0.0,1.0
80,10,8,0.9,lat,3,32,0.005452873185276985,0,6.507020316348644e-06,0.1491682082414627,9.069070816040039,27.66216468811035,27.66216468811035,1.0,1.0
80,10,8,0.9,lat,3,33,0.005836200900375843,0,8.032765435928013e-06,0.15208351612091064,8.984932899475098,27.899320602416992,27.899320602416992,1.0,1.0
80,10,8,0.9,lat,3,34,0.002406761283054948,0,6.863446060378919e-07,0.1628578156232834,8.98872184753418,27.648662567138672,27.648662567138672,1.0,1.0
80,10,8,0.9,lat,3,35,0.003524941857904196,0,1.5393891317216912e-06,0.15428386628627777,8.942798614501953,27.676393508911133,27.676393508911133,1.0,1.0
80,10,8,0.9,lat,3,36,0.004413604270666838,0,3.74072146769322e-06,0.1457163691520691,9.142769813537598,26.43580436706543,26.43580436706543,1.0,1.0
80,10,8,0.9,lat,3,37,0.005530775524675846,0,3.5319162634550594e-06,0.15781265497207642,9.043750762939453,26.669464111328125,26.669464111328125,1.0,1.0
80,10,8,0.9,lat,3,38,0.0039050320629030466,0,3.447280960244825e-06,0.1627330332994461,8.911147117614746,26.600770950317383,26.600770950317383,1.0,1.0
80,10,8,0.9,lat,3,39,0.005333623383194208,0,4.241418992023682e-06,0.16085998713970184,8.875783920288086,27.828941345214844,27.828941345214844,1.0,1.0
80,10,8,0.9,lat,3,40,0.0014308217214420438,0,2.8851351885350596e-07,0.13859009742736816,9.286897659301758,27.457876205444336,27.457876205444336,1.0,1.0
80,10,8,0.9,lat,3,41,0.0035528242588043213,0,1.879595401987899e-06,0.15328142046928406,9.048911094665527,27.085073471069336,27.085073471069336,1.0,1.0
80,10,8,0.9,lat,3,42,0.0032079985830932856,0,1.148424871644238e-06,0.15063990652561188,9.124947547912598,27.108482360839844,27.108482360839844,1.0,1.0
80,10,8,0.9,lat,3,43,0.0027778376825153828,0,9.286881663683744e-07,0.15293163061141968,9.145426750183105,27.084972381591797,27.084972381591797,1.0,1.0
80,10,8,0.9,lat,3,44,0.0030430471524596214,0,1.3307532071848982e-06,0.162484809756279,8.96022891998291,27.455556869506836,27.455556869506836,1.0,1.0
80,10,8,0.9,lat,3,45,0.006157826632261276,0,4.092162726010429e-06,0.15102162957191467,8.93051815032959,27.536392211914062,27.536392211914062,1.0,1.0
80,10,8,0.9,lat,3,46,0.0038353458512574434,0,2.007221155508887e-06,0.16945886611938477,8.779947280883789,28.55674934387207,28.55674934387207,1.0,1.0
80,10,8,0.9,lat,3,47,0.003174872836098075,0,1.293218929276918e-06,0.14964866638183594,9.075084686279297,27.493183135986328,27.493183135986328,1.0,1.0
80,10,8,0.9,lat,3,48,0.0038138360250741243,0,2.0800869151571533e-06,0.14749707281589508,9.153339385986328,26.937908172607422,26.937908172607422,1.0,1.0
80,10,8,0.9,lat,3,49,0.0037396003026515245,0,2.128248297594837e-06,0.14362917840480804,9.204530715942383,26.8155574798584,26.8155574798584,1.0,1.0
80,10,8,0.9,lat,3,50,0.0026801039930433035,0,1.066365143742587e-06,0.14578482508659363,9.077003479003906,27.64073371887207,27.64073371887207,1.0,1.0
80,10,8,0.9,lat,3,51,0.004773113410919905,0,2.392228907410754e-06,0.14983387291431427,9.04223918914795,26.585384368896484,26.585384368896484,1.0,1.0
80,10,8,0.9,lat,3,52,0.0037152410950511694,0,2.068449703074293e-06,0.15337106585502625,8.985721588134766,27.944908142089844,27.944908142089844,1.0,1.0
80,10,8,0.9,lat,3,53,0.0035596941597759724,0,1.6042737343013869e-06,0.13919870555400848,9.23928165435791,27.883682250976562,27.883682250976562,1.0,1.0
80,10,8,0.9,lat,3,54,0.002511511789634824,0,9.551664561513462e-07,0.14812718331813812,9.095477104187012,28.132219314575195,28.132219314575195,1.0,1.0
80,10,8,0.9,lat,3,55,0.0015339427627623081,0,2.6623615667631384e-07,0.1620900183916092,8.912847518920898,27.18585777282715,27.18585777282715,1.0,1.0
80,10,8,0.9,lat,3,56,0.0022504450753331184,0,7.070715355439461e-07,0.1473880410194397,9.108912467956543,26.407861709594727,26.407861709594727,1.0,1.0
80,10,8,0.9,lat,3,57,0.0025436091236770153,0,8.112276645988459e-07,0.15403704345226288,8.984319686889648,27.528411865234375,27.528411865234375,1.0,1.0
80,10,8,0.9,lat,3,58,0.0040310039184987545,0,3.867794475809205e-06,0.14207784831523895,9.064359664916992,26.749664306640625,26.749664306640625,1.0,1.0
80,10,8,0.9,lat,3,59,0.003412481164559722,0,1.3089955928080599e-06,0.14961564540863037,9.085502624511719,28.176040649414062,28.176040649414062,1.0,1.0
80,10,8,0.9,lat,3,60,0.0030046054162085056,0,1.0709771913752775e-06,0.13884350657463074,9.135336875915527,28.09469985961914,28.09469985961914,1.0,1.0
80,10,8,0.9,lat,3,61,0.0024952981621026993,0,8.654358794046857e-07,0.15813207626342773,9.011133193969727,27.31319236755371,27.31319236755371,1.0,1.0
80,10,8,0.9,lat,3,62,0.0030269341077655554,0,1.0491005468793446e-06,0.14784587919712067,9.217453002929688,26.33133888244629,26.33133888244629,1.0,1.0
80,10,8,0.9,lat,3,63,0.004052299074828625,0,3.0622170470451238e-06,0.15017381310462952,9.165191650390625,26.884918212890625,26.884918212890625,1.0,1.0
80,10,8,0.9,lat,3,64,0.004015838727355003,0,1.5309126411011675e-06,0.1703675091266632,8.919270515441895,27.143482208251953,27.143482208251953,1.0,1.0
80,10,8,0.9,lat,3,65,0.00476288003847003,0,2.1112823560542893e-06,0.1645641177892685,9.05143928527832,26.896766662597656,26.896766662597656,1.0,1.0
80,10,8,0.9,lat,3,66,0.003206536639481783,0,1.3673155763171962e-06,0.14949865639209747,9.182244300842285,27.32103729248047,27.32103729248047,1.0,1.0
80,10,8,0.9,lat,3,67,0.004283522255718708,0,2.1026144167990424e-06,0.15907752513885498,8.97636890411377,27.50645637512207,27.50645637512207,1.0,1.0
80,10,8,0.9,lat,3,68,0.003661559661850333,0,1.4397991208170424e-06,0.14848464727401733,9.172686576843262,28.299453735351562,28.299453735351562,1.0,1.0
80,10,8,0.9,lat,3,69,0.003580803284421563,0,1.3230484228188288e-06,0.16900990903377533,8.931644439697266,27.66378402709961,27.66378402709961,1.0,1.0
80,10,8,0.9,lat,3,70,0.003293214365839958,0,1.2345409459157963e-06,0.14511707425117493,9.033466339111328,27.369232177734375,27.369232177734375,1.0,1.0
80,10,8,0.9,lat,3,71,0.0032709534280002117,0,1.5992145563359372e-06,0.14792288839817047,9.03307819366455,27.019346237182617,27.019346237182617,1.0,1.0
80,10,8,0.9,lat,3,72,0.003503865795210004,0,1.4307897799881175e-06,0.16156968474388123,8.931215286254883,28.91758155822754,28.91758155822754,1.0,1.0
80,10,8,0.9,lat,3,73,0.003937010653316975,0,2.6994066502084024e-06,0.15489508211612701,9.175246238708496,27.757740020751953,27.757740020751953,1.0,1.0
80,10,8,0.9,lat,3,74,0.0028963603544980288,0,9.285557780458475e-07,0.14776809513568878,9.07251262664795,26.10015869140625,26.10015869140625,1.0,1.0
80,10,8,0.9,lat,3,75,0.0033939091954380274,0,1.1355421065673e-06,0.1592465490102768,9.048057556152344,26.801227569580078,26.801227569580078,1.0,1.0
80,10,8,0.9,lat,3,76,0.00345575250685215,0,1.4088672060097451e-06,0.14867688715457916,9.087737083435059,26.95509910583496,26.95509910583496,1.0,1.0
80,10,8,0.9,lat,3,77,0.0033298919443041086,0,1.0582446066109696e-06,0.159532368183136,8.989851951599121,27.45525360107422,27.45525360107422,1.0,1.0
80,10,8,0.9,lat,3,78,0.0034926997032016516,0,1.3552879636336002e-06,0.16151908040046692,9.036449432373047,29.081729888916016,29.081729888916016,1.0,1.0
80,10,8,0.9,lat,3,79,0.004155394155532122,0,2.4440187189611606e-06,0.14806760847568512,9.137167930603027,28.37350845336914,28.37350845336914,1.0,1.0
80,10,8,0.9,lat,4,0,2.132894277572632,1,0.4997270107269287,0.4254661500453949,4.495702266693115,0.22603461146354675,0.9009420871734619,0.0,0.0
80,10,8,0.9,lat,4,1,1.8787976503372192,1,0.4957019090652466,0.35611775517463684,5.5859856605529785,0.1982070803642273,0.8062413334846497,0.0,0.0
80,10,8,0.9,lat,4,2,1.964402198791504,1,0.49753597378730774,0.39872315526008606,4.899554252624512,0.20829208195209503,0.8308577537536621,0.0,0.0
80,10,8,0.9,lat,4,3,1.9711617231369019,1,0.49769100546836853,0.3527661859989166,5.663088798522949,0.2081756591796875,0.8443963527679443,0.0,0.0
80,10,8,0.9,lat,4,4,1.9640361070632935,1,0.4973525404930115,0.3887340724468231,5.0440545082092285,0.20507033169269562,0.8244299292564392,0.0,0.0
80,10,8,0.9,lat,4,5,2.381885528564453,1,0.4901387691497803,0.5101100206375122,3.4581236839294434,0.24407708644866943,0.9682400822639465,0.0,0.0
80,10,8,0.9,lat,4,6,2.1218199729919434,1,0.4988068640232086,0.42339715361595154,4.54102087020874,0.22197477519512177,0.8844415545463562,0.0,0.0
80,10,8,0.9,lat,4,7,2.0367465019226074,1,0.48390132188796997,0.39310359954833984,4.98356819152832,0.21280090510845184,0.8629135489463806,0.0,0.0
80,10,8,0.9,lat,4,8,1.9702966213226318,1,0.49727675318717957,0.37640097737312317,5.2561469078063965,0.20887809991836548,0.8300146460533142,0.0,0.0
80,10,8,0.9,lat,4,9,2.128873586654663,1,0.4978317320346832,0.4063801169395447,4.796963214874268,0.22709208726882935,0.909894585609436,0.0,0.0
80,10,8,0.9,lat,4,10,2.082650899887085,1,0.49423059821128845,0.41322001814842224,4.669376373291016,0.2153693288564682,0.8762889504432678,0.0,0.0
80,10,8,0.9,lat,4,11,2.117347240447998,1,0.49673718214035034,0.41745278239250183,4.6139349937438965,0.2219594120979309,0.8871584534645081,0.0,0.0
80,10,8,0.9,lat,4,12,1.8757778406143188,1,0.49413207173347473,0.3752422034740448,5.29758358001709,0.19479982554912567,0.7894456386566162,0.0,0.0
80,10,8,0.9,lat,4,13,2.373593807220459,1,0.4870151877403259,0.4864741861820221,3.7202565670013428,0.24649810791015625,0.9951032996177673,0.0,0.0
80,10,8,0.9,lat,4,14,1.9552993774414062,1,0.4332597553730011,0.39397627115249634,4.989701747894287,0.19316302239894867,0.7664908170700073,0.0,0.0
80,10,8,0.9,lat,4,15,2.0690345764160156,1,0.48878878355026245,0.4037823975086212,4.821471691131592,0.2097974568605423,0.8561808466911316,0.0,0.0
80,10,8,0.9,lat,4,16,2.2182350158691406,1,0.4880301058292389,0.42589136958122253,4.496645927429199,0.24207822978496552,0.9591338634490967,0.0,0.0
80,10,8,0.9,lat,4,17,2.022279739379883,1,0.47751858830451965,0.3900866210460663,5.036500930786133,0.21374139189720154,0.8592599034309387,0.0,0.0
80,10,8,0.9,lat,4,18,1.7722582817077637,1,0.44487789273262024,0.34112587571144104,5.951778888702393,0.1649070829153061,0.6560850739479065,0.0,0.0
80,10,8,0.9,lat,4,19,0.030290886759757996,0,0.0003497782163321972,0.144199401140213,9.011428833007812,6.057394981384277,28.021976470947266,0.0,1.0
80,10,8,0.9,lat,4,20,0.2618102431297302,0,0.012485582381486893,0.1515878587961197,8.967700004577637,0.9350823760032654,25.397138595581055,0.0,1.0
80,10,8,0.9,lat,4,21,0.042255476117134094,0,0.0007590086897835135,0.15608499944210052,8.944297790527344,4.280625820159912,23.480268478393555,0.0,0.0
80,10,8,0.9,lat,4,22,0.26735419034957886,0,0.02084323950111866,0.14408749341964722,9.177854537963867,0.7690047025680542,4.170197486877441,0.0,0.0
80,10,8,0.9,lat,4,23,0.15892577171325684,0,0.005798345897346735,0.15805858373641968,9.00652027130127,1.4018296003341675,27.621501922607422,0.0,1.0
80,10,8,0.9,lat,4,24,0.006127422209829092,0,3.847929292533081e-06,0.15147258341312408,8.991979598999023,25.43033218383789,25.43033218383789,1.0,1.0
80,10,8,0.9,lat,4,25,0.05602893978357315,0,0.001009958446957171,0.15861733257770538,8.92168140411377,26.186952590942383,26.186952590942383,1.0,1.0
80,10,8,0.9,lat,4,26,0.03449539840221405,0,0.00041793554555624723,0.14580795168876648,9.08910846710205,5.484067440032959,26.29410743713379,0.0,1.0
80,10,8,0.9,lat,4,27,0.09392749518156052,0,0.0033261426724493504,0.15625110268592834,8.919905662536621,1.9812854528427124,11.333138465881348,0.0,0.0
80,10,8,0.9,lat,4,28,0.2267569601535797,0,0.012706955894827843,0.1637742817401886,8.978331565856934,0.9384610056877136,5.309170246124268,0.0,0.0
80,10,8,0.9,lat,4,29,0.28677284717559814,0,0.018793592229485512,0.1500866562128067,9.058402061462402,0.7605507969856262,4.268526554107666,0.0,0.0
80,10,8,0.9,lat,4,30,0.006157252471894026,0,7.74886484578019e-06,0.1619841307401657,8.866227149963379,26.793926239013672,26.793926239013672,1.0,1.0
80,10,8,0.9,lat,4,31,0.050815336406230927,0,0.0008504739962518215,0.15169356763362885,8.972661018371582,3.7948737144470215,20.807321548461914,0.0,0.0
80,10,8,0.9,lat,4,32,0.022211609408259392,0,0.0001400014152750373,0.15969866514205933,8.925551414489746,8.947219848632812,25.44189453125,0.0,1.0
80,10,8,0.9,lat,4,33,0.09117544442415237,0,0.002561157802119851,0.1678357720375061,8.659626007080078,2.123490571975708,12.130842208862305,0.0,0.0
80,10,8,0.9,lat,4,34,0.05645521357655525,0,0.0010783110046759248,0.16060040891170502,8.89645004272461,3.384418249130249,18.749114990234375,0.0,0.0
80,10,8,0.9,lat,4,35,0.024405092000961304,0,0.00020226895867381245,0.15060430765151978,8.987044334411621,7.856485366821289,27.085256576538086,0.0,1.0
80,10,8,0.9,lat,4,36,0.011760430410504341,0,3.253313116147183e-05,0.16497071087360382,8.830801963806152,18.236486434936523,26.0771541595459,0.0,1.0
80,10,8,0.9,lat,4,37,0.03568059206008911,0,0.0003958462621085346,0.15968351066112518,8.89197063446045,5.467172145843506,26.78445816040039,0.0,1.0
80,10,8,0.9,lat,4,38,0.011809246614575386,0,3.155798913212493e-05,0.15089216828346252,8.9584379196167,27.43401336669922,27.43401336669922,1.0,1.0
80,10,8,0.9,lat,4,39,0.0037045369390398264,0,2.7382029657019302e-06,0.16125626862049103,8.954861640930176,26.09088897705078,26.09088897705078,1.0,1.0
80,10,8,0.9,lat,4,40,0.0030144790653139353,0,1.264999809791334e-06,0.1620699018239975,8.89259147644043,27.174476623535156,27.174476623535156,1.0,1.0
80,10,8,0.9,lat,4,41,0.006678498815745115,0,8.366204383492004e-06,0.14590835571289062,8.935086250305176,26.4871826171875,26.4871826171875,1.0,1.0
80,10,8,0.9,lat,4,42,0.003618707414716482,0,2.192761940023047e-06,0.168887659907341,8.802355766296387,25.922014236450195,25.922014236450195,1.0,1.0
80,10,8,0.9,lat,4,43,0.0029651173390448093,0,1.2632317520910874e-06,0.1565435528755188,9.033748626708984,26.35938262939453,26.35938262939453,1.0,1.0
80,10,8,0.9,lat,4,44,0.0028431203681975603,0,9.089705486076127e-07,0.15695160627365112,9.009136199951172,25.959701538085938,25.959701538085938,1.0,1.0
80,10,8,0.9,lat,4,45,0.0024863730650395155,0,1.0637920695444336e-06,0.1557408571243286,8.973014831542969,26.523639678955078,26.523639678955078,1.0,1.0
80,10,8,0.9,lat,4,46,0.003935432061553001,0,2.0281991055526305e-06,0.1423870027065277,9.087141036987305,25.291427612304688,25.291427612304688,1.0,1.0
80,10,8,0.9,lat,4,47,0.003600259078666568,0,1.7268952205995447e-06,0.15083692967891693,9.08830451965332,26.935707092285156,26.935707092285156,1.0,1.0
80,10,8,0.9,lat,4,48,0.004335764795541763,0,2.9651721433765488e-06,0.18034812808036804,8.760797500610352,26.830808639526367,26.830808639526367,1.0,1.0
80,10,8,0.9,lat,4,49,0.003910362254828215,0,1.9688411612150958e-06,0.13990312814712524,9.096418380737305,25.692100524902344,25.692100524902344,1.0,1.0
80,10,8,0.9,lat,4,50,0.0037459477316588163,0,1.7090648043449619e-06,0.14458012580871582,9.006997108459473,25.753013610839844,25.753013610839844,1.0,1.0
80,10,8,0.9,lat,4,51,0.00343150133267045,0,1.6492033410031581e-06,0.15785832703113556,8.923072814941406,26.57721519470215,26.57721519470215,1.0,1.0
80,10,8,0.9,lat,4,52,0.0024351796600967646,0,7.991797588147165e-07,0.15069039165973663,9.069623947143555,26.842281341552734,26.842281341552734,1.0,1.0
80,10,8,0.9,lat,4,53,0.00303139491006732,0,1.1021509180864086e-06,0.14121097326278687,9.128549575805664,27.770471572875977,27.770471572875977,1.0,1.0
80,10,8,0.9,lat,4,54,0.002237306209281087,0,6.437003889914195e-07,0.1389647275209427,9.08400821685791,25.854074478149414,25.854074478149414,1.0,1.0
80,10,8,0.9,lat,4,55,0.005464695859700441,0,4.704009825218236e-06,0.1745147556066513,8.817608833312988,26.93133544921875,26.93133544921875,1.0,1.0
80,10,8,0.9,lat,4,56,0.003606450278311968,0,2.2622750748269027e-06,0.1847405731678009,8.69076156616211,27.9765625,27.9765625,1.0,1.0
80,10,8,0.9,lat,4,57,0.0034009572118520737,0,1.422877176082693e-06,0.18129314482212067,8.687906265258789,24.917795181274414,24.917795181274414,1.0,1.0
80,10,8,0.9,lat,4,58,0.0028930907137691975,0,1.2816840353480075e-06,0.16159164905548096,8.914985656738281,25.65414047241211,25.65414047241211,1.0,1.0
80,10,8,0.9,lat,4,59,0.0021734372712671757,0,6.617733561142813e-07,0.15324310958385468,8.87825870513916,27.23055076599121,27.23055076599121,1.0,1.0
80,10,8,0.9,lat,4,60,0.00507755670696497,0,2.524172487028409e-06,0.16219207644462585,8.957939147949219,25.66513442993164,25.66513442993164,1.0,1.0
80,10,8,0.9,lat,4,61,0.004113117232918739,0,1.854705033110804e-06,0.14760930836200714,8.9772367477417,27.220672607421875,27.220672607421875,1.0,1.0
80,10,8,0.9,lat,4,62,0.0025497623719274998,0,7.146281859604642e-07,0.1459708958864212,9.02022933959961,25.53959846496582,25.53959846496582,1.0,1.0
80,10,8,0.9,lat,4,63,0.002333734417334199,0,7.994692055035557e-07,0.1412573754787445,9.111186027526855,25.91294288635254,25.91294288635254,1.0,1.0
80,10,8,0.9,lat,4,64,0.00268063903786242,0,8.197527563424956e-07,0.16526076197624207,8.874211311340332,25.658077239990234,25.658077239990234,1.0,1.0
80,10,8,0.9,lat,4,65,0.004137880634516478,0,1.6997399825413595e-06,0.15889409184455872,8.919940948486328,26.813140869140625,26.813140869140625,1.0,1.0
80,10,8,0.9,lat,4,66,0.0030508150812238455,0,1.132816578319762e-06,0.16699324548244476,8.849370002746582,26.64984893798828,26.64984893798828,1.0,1.0
80,10,8,0.9,lat,4,67,0.003346096258610487,0,1.1149650163133629e-06,0.16109219193458557,8.834371566772461,25.390827178955078,25.390827178955078,1.0,1.0
80,10,8,0.9,lat,4,68,0.0022200853563845158,0,7.010327749412681e-07,0.1489812582731247,9.00193977355957,28.230581283569336,28.230581283569336,1.0,1.0
80,10,8,0.9,lat,4,69,0.0041653127409517765,0,3.4921338283311343e-06,0.15447263419628143,8.979299545288086,27.213287353515625,27.213287353515625,1.0,1.0
80,10,8,0.9,lat,4,70,0.0033963616006076336,0,1.3443441275740042e-06,0.16262906789779663,8.89132308959961,25.391759872436523,25.391759872436523,1.0,1.0
80,10,8,0.9,lat,4,71,0.002042873529717326,0,4.5201784359960584e-07,0.15421918034553528,9.018562316894531,26.253765106201172,26.253765106201172,1.0,1.0
80,10,8,0.9,lat,4,72,0.002259313827380538,0,5.158162252882903e-07,0.15374046564102173,8.9505615234375,26.810131072998047,26.810131072998047,1.0,1.0
80,10,8,0.9,lat,4,73,0.004185800906270742,0,1.9656306449178373e-06,0.13508795201778412,9.093099594116211,26.17025375366211,26.17025375366211,1.0,1.0
80,10,8,0.9,lat,4,74,0.0025215817149728537,0,7.509432862207177e-07,0.15895980596542358,8.914544105529785,26.017471313476562,26.017471313476562,1.0,1.0
80,10,8,0.9,lat,4,75,0.004031477030366659,0,2.348725956835551e-06,0.160257488489151,8.909022331237793,26.12228775024414,26.12228775024414,1.0,1.0
80,10,8,0.9,lat,4,76,0.0017829092685133219,0,4.522970300513407e-07,0.18313871324062347,8.752002716064453,27.150697708129883,27.150697708129883,1.0,1.0
80,10,8,0.9,lat,4,77,0.003010372631251812,0,1.054595145433268e-06,0.16300411522388458,8.794183731079102,25.569427490234375,25.569427490234375,1.0,1.0
80,10,8,0.9,lat,4,78,0.0028709459584206343,0,1.3807688219458214e-06,0.1410052329301834,9.090147018432617,26.384140014648438,26.384140014648438,1.0,1.0
80,10,8,0.9,lat,4,79,0.002772716572508216,0,7.943228297335736e-07,0.1501346379518509,9.094598770141602,27.776508331298828,27.776508331298828,1.0,1.0
80,10,8,0.99,baseline,0,0,1.9452052116394043,1,0.33206531405448914,0.845245897769928,1.3887577056884766,0.1323012411594391,0.4917041063308716,0.0,0.0
80,10,8,0.99,baseline,0,1,2.083066463470459,1,0.4228757619857788,0.7675942182540894,1.6700130701065063,0.1585869938135147,0.5327707529067993,0.0,0.0
80,10,8,0.99,baseline,0,2,1.8001388311386108,1,0.361503541469574,0.7667855620384216,1.664218783378601,0.13876938819885254,0.48577454686164856,0.0,0.0
80,10,8,0.99,baseline,0,3,2.488931655883789,1,0.399173378944397,0.8634806275367737,1.3354936838150024,0.19705884158611298,0.6563360691070557,0.0,0.0
80,10,8,0.99,baseline,0,4,1.316943645477295,1,0.21922017633914948,0.5643686056137085,2.823002338409424,0.10988857597112656,0.40455541014671326,0.0,0.0
80,10,8,0.99,baseline,0,5,1.8487805128097534,1,0.4044279456138611,0.7840059995651245,1.5987428426742554,0.1532617062330246,0.511371910572052,0.0,0.0
80,10,8,0.99,baseline,0,6,1.3903312683105469,1,0.19472132623195648,0.759005606174469,1.7062991857528687,0.1100587472319603,0.4118525981903076,0.0,0.0
80,10,8,0.99,baseline,0,7,2.8406903743743896,1,0.4614504873752594,0.9334834814071655,1.1465667486190796,0.1793685108423233,0.6550731658935547,0.0,0.0
80,10,8,0.99,baseline,0,8,1.5380914211273193,1,0.2582063376903534,0.6932287216186523,1.9400091171264648,0.10004028677940369,0.39076104760169983,0.0,0.0
80,10,8,0.99,baseline,0,9,1.8087373971939087,1,0.27537864446640015,0.7828693389892578,1.6117669343948364,0.1498716026544571,0.5648675560951233,0.0,0.0
80,10,8,0.99,baseline,0,10,0.08495370298624039,0,0.0006298075313679874,0.37873923778533936,4.02422571182251,5.973686695098877,5.973686695098877,1.0,1.0
80,10,8,0.99,baseline,0,11,1.5059250593185425,1,0.22546246647834778,0.8047336935997009,1.5270874500274658,0.10801874101161957,0.41721317172050476,0.0,0.0
80,10,8,0.99,baseline,0,12,1.5637227296829224,1,0.3014846742153168,0.7029441595077515,1.9422043561935425,0.13190633058547974,0.49855202436447144,0.0,0.0
80,10,8,0.99,baseline,0,13,1.6275354623794556,1,0.31159839034080505,0.7722723484039307,1.650771141052246,0.14437682926654816,0.4230499863624573,0.0,0.0
80,10,8,0.99,baseline,0,14,1.5780011415481567,1,0.21035347878932953,0.8136361837387085,1.4948983192443848,0.10628032684326172,0.4085099995136261,0.0,0.0
80,10,8,0.99,baseline,0,15,1.550209879875183,1,0.19691163301467896,0.736029863357544,1.8056474924087524,0.11103368550539017,0.41251376271247864,0.0,0.0
80,10,8,0.99,baseline,0,16,1.5554338693618774,1,0.21004845201969147,0.7166681289672852,1.8893578052520752,0.15926742553710938,0.4633827805519104,0.0,0.0
80,10,8,0.99,baseline,0,17,1.956281304359436,1,0.25718367099761963,0.8265885710716248,1.4514254331588745,0.11646278947591782,0.4087733030319214,0.0,0.0
80,10,8,0.99,baseline,0,18,1.9090476036071777,1,0.2725614309310913,0.8080708384513855,1.5099976062774658,0.1584664136171341,0.44846105575561523,0.0,0.0
80,10,8,0.99,baseline,0,19,1.5635219812393188,1,0.21049700677394867,0.7573942542076111,1.7126524448394775,0.11768178641796112,0.4570223093032837,0.0,0.0
80,10,8,0.99,baseline,0,20,1.5608036518096924,1,0.24292710423469543,0.7198273539543152,1.8775900602340698,0.120576411485672,0.4295201301574707,0.0,0.0
80,10,8,0.99,baseline,0,21,1.4768191576004028,1,0.16138800978660583,0.7650216817855835,1.671138882637024,0.11517246812582016,0.4205404818058014,0.0,0.0
80,10,8,0.99,baseline,0,22,1.747300624847412,1,0.2205054759979248,0.7150495052337646,1.9038432836532593,0.1282680481672287,0.4896255135536194,0.0,0.0
80,10,8,0.99,baseline,0,23,1.5282012224197388,1,0.18925879895687103,0.7017204165458679,1.9627214670181274,0.10628857463598251,0.40748193860054016,0.0,0.0
80,10,8,0.99,baseline,0,24,1.9062941074371338,1,0.21421124041080475,0.8101005554199219,1.5063947439193726,0.1941642314195633,0.41047027707099915,0.0,0.0
80,10,8,0.99,baseline,0,25,1.537601351737976,1,0.18924658000469208,0.631325364112854,2.349844217300415,0.13885372877120972,0.5303276777267456,0.0,0.0
80,10,8,0.99,baseline,0,26,1.4877060651779175,1,0.18537625670433044,0.7188941240310669,1.8846243619918823,0.15086422860622406,0.4635501801967621,0.0,0.0
80,10,8,0.99,baseline,0,27,2.2765755653381348,1,0.25541648268699646,0.8587391972541809,1.3467046022415161,0.17072536051273346,0.3481205403804779,0.0,0.0
80,10,8,0.99,baseline,0,28,1.5800135135650635,1,0.1842319518327713,0.7513614296913147,1.7279175519943237,0.13407187163829803,0.540077269077301,0.0,0.0
80,10,8,0.99,baseline,0,29,1.2093795537948608,1,0.13041500747203827,0.7376407980918884,1.7921339273452759,0.14899688959121704,0.5315861701965332,0.0,0.0
80,10,8,0.99,baseline,0,30,1.2597771883010864,1,0.13619832694530487,0.7200576066970825,1.88153874874115,0.12838248908519745,0.445872038602829,0.0,0.0
80,10,8,0.99,baseline,0,31,1.4729288816452026,1,0.18970626592636108,0.7557790279388428,1.7141525745391846,0.14983995258808136,0.5591376423835754,0.0,0.0
80,10,8,0.99,baseline,0,32,1.3348388671875,1,0.14652536809444427,0.6587566137313843,2.1994500160217285,0.1666986346244812,0.5675240159034729,0.0,0.0
80,10,8,0.99,baseline,0,33,0.35463660955429077,1,0.0072651272639632225,0.3880244195461273,4.222521781921387,8.151066780090332,8.151066780090332,1.0,1.0
80,10,8,0.99,baseline,0,34,1.0106850862503052,1,0.07396533340215683,0.5586803555488586,2.757237434387207,0.2026526927947998,0.6710683107376099,0.0,0.0
80,10,8,0.99,baseline,0,35,0.1338827759027481,0,0.0013972739689052105,0.397735059261322,3.7886369228363037,4.664855003356934,4.664855003356934,1.0,1.0
80,10,8,0.99,baseline,0,36,0.5614538788795471,1,0.018156209960579872,0.3783145844936371,4.625160217285156,1.2126954793930054,10.467641830444336,0.0,0.75
80,10,8,0.99,baseline,0,37,0.2082313746213913,0,0.002727737883105874,0.4255076050758362,3.958371877670288,7.56992244720459,7.56992244720459,1.0,1.0
80,10,8,0.99,baseline,0,38,0.6355788111686707,1,0.03524152189493179,0.431296169757843,4.070106029510498,0.2414344698190689,1.6147586107254028,0.0,0.0
80,10,8,0.99,baseline,0,39,0.6237443685531616,1,0.021844029426574707,0.5164640545845032,3.1151516437530518,0.800469160079956,8.3723726272583,0.0,0.5
80,10,8,0.99,baseline,0,40,0.5349096059799194,1,0.01723373495042324,0.3337268829345703,5.196743488311768,10.769075393676758,10.769075393676758,1.0,1.0
80,10,8,0.99,baseline,0,41,0.2796412408351898,0,0.003992514219135046,0.29247722029685974,5.577432155609131,8.224417686462402,3.9790139198303223,1.0,0.0
80,10,8,0.99,baseline,0,42,0.1478489339351654,0,0.0012581634800881147,0.29805654287338257,5.428781986236572,7.515175819396973,5.938812732696533,1.0,0.0
80,10,8,0.99,baseline,0,43,0.16995921730995178,0,0.0026139384135603905,0.358428031206131,4.638904094696045,5.904168605804443,5.904168605804443,1.0,1.0
80,10,8,0.99,baseline,0,44,0.10276412963867188,0,0.0007384525379166007,0.33406317234039307,5.265431880950928,5.812556743621826,5.812556743621826,1.0,1.0
80,10,8,0.99,baseline,0,45,0.4422355592250824,1,0.009659649804234505,0.45087528228759766,3.7186546325683594,8.84604263305664,3.4365651607513428,1.0,0.0
80,10,8,0.99,baseline,0,46,0.36522573232650757,1,0.0067498949356377125,0.39990508556365967,4.303117275238037,7.90347146987915,7.90347146987915,1.0,1.0
80,10,8,0.99,baseline,0,47,0.3340148329734802,1,0.005470102187246084,0.31516942381858826,5.354493618011475,7.521853923797607,3.8374953269958496,1.0,0.0
80,10,8,0.99,baseline,0,48,0.05289318040013313,0,0.00019268403411842883,0.3823261260986328,4.828193664550781,6.6707763671875,6.6707763671875,1.0,1.0
80,10,8,0.99,baseline,0,49,0.07574547082185745,0,0.0005479780375026166,0.3913019001483917,4.295165538787842,7.38890266418457,7.38890266418457,1.0,1.0
80,10,8,0.99,baseline,0,50,0.18672548234462738,0,0.0025060498155653477,0.37479886412620544,4.788879871368408,7.394180774688721,4.844719886779785,1.0,0.0
80,10,8,0.99,baseline,0,51,0.25796523690223694,0,0.0036457700189203024,0.4704364240169525,3.6968109607696533,6.896432876586914,6.896432876586914,1.0,1.0
80,10,8,0.99,baseline,0,52,0.41922441124916077,1,0.015381519682705402,0.3355209231376648,5.139167308807373,10.198716163635254,4.408756256103516,1.0,0.0
80,10,8,0.99,baseline,0,53,0.03079761378467083,0,8.413533942075446e-05,0.2585681080818176,5.881746292114258,5.5823469161987305,5.5823469161987305,1.0,1.0
80,10,8,0.99,baseline,0,54,0.23388247191905975,0,0.002748189028352499,0.3989275395870209,4.378059387207031,7.550868988037109,5.31440544128418,1.0,0.0
80,10,8,0.99,baseline,0,55,0.27599939703941345,0,0.004498552065342665,0.3627585172653198,4.6066155433654785,6.622964859008789,4.274116516113281,1.0,0.0
80,10,8,0.99,baseline,0,56,0.029675569385290146,0,8.336497558047995e-05,0.2294706106185913,6.800040245056152,7.141692638397217,7.141692638397217,1.0,1.0
80,10,8,0.99,baseline,0,57,0.21696527302265167,0,0.0023765291552990675,0.39393457770347595,4.082520008087158,5.757955551147461,4.759878158569336,1.0,0.0
80,10,8,0.99,baseline,0,58,0.41826963424682617,1,0.009063106961548328,0.3353496789932251,4.976233005523682,7.486932277679443,3.5513901710510254,1.0,0.0
80,10,8,0.99,baseline,0,59,0.46373939514160156,1,0.012461879290640354,0.31215497851371765,5.237515449523926,10.1915283203125,3.736478328704834,1.0,0.0
80,10,8,0.99,baseline,0,60,0.4978714883327484,1,0.012948226183652878,0.39352330565452576,4.562386989593506,8.984357833862305,3.1665775775909424,1.0,0.0
80,10,8,0.99,baseline,0,61,0.21194037795066833,0,0.0025070144329220057,0.40724387764930725,4.318556308746338,3.9679834842681885,7.0015339851379395,0.0,1.0
80,10,8,0.99,baseline,0,62,0.27881619334220886,0,0.003917766269296408,0.3206859529018402,5.124691486358643,10.185110092163086,4.735542297363281,1.0,0.0
80,10,8,0.99,baseline,0,63,0.18180038034915924,0,0.0019885257352143526,0.24319757521152496,5.886017799377441,5.727461814880371,4.723540306091309,1.0,0.0
80,10,8,0.99,baseline,0,64,0.08987293392419815,0,0.0005953192594461143,0.2315303534269333,6.559837341308594,7.544949054718018,7.544949054718018,1.0,1.0
80,10,8,0.99,baseline,0,65,0.1109088882803917,0,0.000772067520301789,0.25253280997276306,5.904938697814941,5.475356101989746,5.475356101989746,1.0,1.0
80,10,8,0.99,baseline,0,66,0.10910680145025253,0,0.0008907574228942394,0.3149726390838623,5.111474514007568,8.46621322631836,8.46621322631836,1.0,1.0
80,10,8,0.99,baseline,0,67,0.10984908789396286,0,0.0007442367495968938,0.32964685559272766,5.193721771240234,6.889057636260986,6.7899169921875,1.0,0.5
80,10,8,0.99,baseline,0,68,0.06327641755342484,0,0.00023508109734393656,0.3790794312953949,4.499899387359619,6.985685348510742,6.985685348510742,1.0,1.0
80,10,8,0.99,baseline,0,69,0.5578864216804504,1,0.015437789261341095,0.4431658685207367,3.8928816318511963,9.58297061920166,3.806767463684082,1.0,0.0
80,10,8,0.99,baseline,0,70,0.14347708225250244,0,0.0009964676573872566,0.2691478729248047,6.2281599044799805,6.287627220153809,5.410476207733154,1.0,0.0
80,10,8,0.99,baseline,0,71,0.14442069828510284,0,0.0010562752140685916,0.26287758350372314,5.96806001663208,6.678375720977783,6.678375720977783,1.0,1.0
80,10,8,0.99,baseline,0,72,0.29851070046424866,0,0.004687294363975525,0.28679656982421875,5.745980262756348,9.252391815185547,9.252391815185547,1.0,1.0
80,10,8,0.99,baseline,0,73,1.3136411905288696,1,0.10405469685792923,0.6560907363891602,2.2096383571624756,17.269027709960938,4.601051330566406,1.0,0.0
80,10,8,0.99,baseline,0,74,0.29221802949905396,0,0.004401768557727337,0.30356523394584656,5.588587760925293,7.667608737945557,7.667608737945557,1.0,1.0
80,10,8,0.99,baseline,0,75,0.2548637390136719,0,0.003611080115661025,0.4032436013221741,4.24667501449585,7.415499210357666,4.6596903800964355,1.0,0.0
80,10,8,0.99,baseline,0,76,0.23994700610637665,0,0.00292214029468596,0.24155595898628235,6.29373025894165,8.259956359863281,4.488532066345215,1.0,0.0
80,10,8,0.99,baseline,0,77,0.34917953610420227,1,0.006016632542014122,0.4660520851612091,3.4227802753448486,6.9187445640563965,3.600477933883667,1.0,0.0
80,10,8,0.99,baseline,0,78,0.1620515137910843,0,0.0024032588116824627,0.24509947001934052,6.155571937561035,6.799925804138184,6.799925804138184,1.0,1.0
80,10,8,0.99,baseline,0,79,0.07107362151145935,0,0.0002799414505716413,0.26090362668037415,6.278903007507324,2.434656858444214,5.652172565460205,0.0,1.0
80,10,8,0.99,baseline,1,0,2.2250828742980957,1,0.433928519487381,0.8514398336410522,1.371746301651001,0.15409938991069794,0.5143570899963379,0.0,0.0
80,10,8,0.99,baseline,1,1,1.5565813779830933,1,0.2519773840904236,0.7526896595954895,1.7310330867767334,0.11262873560190201,0.4280890226364136,0.0,0.0
80,10,8,0.99,baseline,1,2,1.691201090812683,1,0.308069109916687,0.7176327109336853,1.892883062362671,0.1299753040075302,0.5210778713226318,0.0,0.0
80,10,8,0.99,baseline,1,3,1.779159665107727,1,0.29500386118888855,0.8110074400901794,1.5072938203811646,0.11983463168144226,0.45724257826805115,0.0,0.0
80,10,8,0.99,baseline,1,4,1.5452755689620972,1,0.31593552231788635,0.7205101251602173,1.8701200485229492,0.1101316586136818,0.41301536560058594,0.0,0.0
80,10,8,0.99,baseline,1,5,1.7755985260009766,1,0.322068989276886,0.8378351330757141,1.4155513048171997,0.133388951420784,0.4686906635761261,0.0,0.0
80,10,8,0.99,baseline,1,6,1.6897190809249878,1,0.2671692669391632,0.8172792196273804,1.4844192266464233,0.11512702703475952,0.4469654858112335,0.0,0.0
80,10,8,0.99,baseline,1,7,1.735121488571167,1,0.2422797679901123,0.8552599549293518,1.3595987558364868,0.11164262145757675,0.4188520610332489,0.0,0.0
80,10,8,0.99,baseline,1,8,2.0460197925567627,1,0.3836529552936554,0.864937961101532,1.330428957939148,0.1905524581670761,0.5704593062400818,0.0,0.0
80,10,8,0.99,baseline,1,9,1.445680856704712,1,0.2905174791812897,0.8237605094909668,1.4611988067626953,0.1237519308924675,0.42626893520355225,0.0,0.0
80,10,8,0.99,baseline,1,10,1.7917345762252808,1,0.3517826199531555,0.8226814866065979,1.4652425050735474,0.1254725158214569,0.4515236020088196,0.0,0.0
80,10,8,0.99,baseline,1,11,1.3839582204818726,1,0.1670503169298172,0.6615288257598877,2.1792147159576416,0.11043243110179901,0.4116184711456299,0.0,0.0
80,10,8,0.99,baseline,1,12,1.2348461151123047,1,0.1629929095506668,0.6166665554046631,2.434677839279175,0.09745991230010986,0.39424148201942444,0.0,0.0
80,10,8,0.99,baseline,1,13,1.5074084997177124,1,0.28065386414527893,0.7394894361495972,1.7877705097198486,0.12032093107700348,0.4405202269554138,0.0,0.0
80,10,8,0.99,baseline,1,14,1.1971116065979004,1,0.21576957404613495,0.667385458946228,2.1549830436706543,0.1107267439365387,0.3953497111797333,0.0,0.0
80,10,8,0.99,baseline,1,15,1.7554322481155396,1,0.34295862913131714,0.8152210712432861,1.4913374185562134,0.12538282573223114,0.4549596905708313,0.0,0.0
80,10,8,0.99,baseline,1,16,1.6870547533035278,1,0.23973819613456726,0.8121272325515747,1.501358985900879,0.09692216664552689,0.39261066913604736,0.0,0.0
80,10,8,0.99,baseline,1,17,1.7360811233520508,1,0.2518560588359833,0.8460626006126404,1.387524127960205,0.1271020472049713,0.4647737741470337,0.0,0.0
80,10,8,0.99,baseline,1,18,1.4670450687408447,1,0.2331152707338333,0.75522780418396,1.7201610803604126,0.1284025013446808,0.44613116979599,0.0,0.0
80,10,8,0.99,baseline,1,19,1.8533707857131958,1,0.3441234529018402,0.7942758202552795,1.562789797782898,0.1441347301006317,0.49467507004737854,0.0,0.0
80,10,8,0.99,baseline,1,20,1.4571588039398193,1,0.23339958488941193,0.8002756237983704,1.5437508821487427,0.12784633040428162,0.46751585602760315,0.0,0.0
80,10,8,0.99,baseline,1,21,1.811996579170227,1,0.3081706464290619,0.8489986062049866,1.3791526556015015,0.11942526698112488,0.4972529709339142,0.0,0.0
80,10,8,0.99,baseline,1,22,1.3991740942001343,1,0.16364039480686188,0.7009825110435486,1.9632657766342163,0.10054150968790054,0.38778799772262573,0.0,0.0
80,10,8,0.99,baseline,1,23,1.3734157085418701,1,0.19625943899154663,0.7823953032493591,1.6108777523040771,0.13212506473064423,0.42961546778678894,0.0,0.0
80,10,8,0.99,baseline,1,24,1.6063158512115479,1,0.263700008392334,0.6942465305328369,1.9996411800384521,0.15194439888000488,0.5596047043800354,0.0,0.0
80,10,8,0.99,baseline,1,25,1.8237630128860474,1,0.2823192775249481,0.8679397106170654,1.3211872577667236,0.1350460797548294,0.5228189826011658,0.0,0.0
80,10,8,0.99,baseline,1,26,1.5679223537445068,1,0.2145598828792572,0.8169056177139282,1.4855542182922363,0.13959571719169617,0.5165425539016724,0.0,0.0
80,10,8,0.99,baseline,1,27,1.7043641805648804,1,0.2399822622537613,0.7991377711296082,1.548142910003662,0.11990118026733398,0.458143025636673,0.0,0.0
80,10,8,0.99,baseline,1,28,1.3814889192581177,1,0.18314580619335175,0.8712195158004761,1.3123465776443481,0.12259203940629959,0.37433093786239624,0.0,0.0
80,10,8,0.99,baseline,1,29,1.3364161252975464,1,0.1694738268852234,0.7101313471794128,1.9272170066833496,0.1521882563829422,0.56354820728302,0.0,0.0
80,10,8,0.99,baseline,1,30,1.2968658208847046,1,0.15508060157299042,0.6728600263595581,2.1197571754455566,0.11225003004074097,0.4583193063735962,0.0,0.0
80,10,8,0.99,baseline,1,31,1.2237046957015991,1,0.14049507677555084,0.7172495722770691,1.885387659072876,0.14792481064796448,0.521130383014679,0.0,0.0
80,10,8,0.99,baseline,1,32,1.114966869354248,1,0.12166403234004974,0.6632780432701111,2.185413360595703,0.13894131779670715,0.5377550721168518,0.0,0.0
80,10,8,0.99,baseline,1,33,1.1652581691741943,1,0.14733488857746124,0.579057514667511,2.7323291301727295,0.12896639108657837,0.4745674729347229,0.0,0.0
80,10,8,0.99,baseline,1,34,0.1445019692182541,0,0.001465256791561842,0.29444989562034607,5.806673526763916,6.317224502563477,4.652616500854492,1.0,0.0
80,10,8,0.99,baseline,1,35,1.0115631818771362,1,0.08721973747015,0.4864736795425415,3.5503809452056885,0.18983185291290283,0.7004712820053101,0.0,0.0
80,10,8,0.99,baseline,1,36,0.9969959855079651,1,0.07578812539577484,0.6342259049415588,2.336775064468384,0.2119472175836563,0.6978515386581421,0.0,0.0
80,10,8,0.99,baseline,1,37,0.8637895584106445,1,0.05986662581562996,0.5565021634101868,2.926288366317749,0.3324076235294342,0.8117693066596985,0.0,0.0
80,10,8,0.99,baseline,1,38,0.7080725431442261,1,0.05310295149683952,0.49210646748542786,3.450967311859131,0.2256307601928711,1.1723484992980957,0.0,0.0
80,10,8,0.99,baseline,1,39,0.6166039109230042,1,0.04472486674785614,0.3608679175376892,4.537738800048828,0.7293811440467834,2.046023368835449,0.0,0.0
80,10,8,0.99,baseline,1,40,0.18653163313865662,0,0.0026802397333085537,0.27909907698631287,5.368907928466797,6.207036018371582,5.085459232330322,1.0,0.0
80,10,8,0.99,baseline,1,41,0.3566749393939972,1,0.009978407062590122,0.339225709438324,5.039257049560547,2.7584705352783203,8.049853324890137,0.0,1.0
80,10,8,0.99,baseline,1,42,0.4257729947566986,1,0.0164156686514616,0.29607489705085754,5.1820526123046875,9.783834457397461,9.783834457397461,1.0,1.0
80,10,8,0.99,baseline,1,43,0.054353028535842896,0,0.00024598673917353153,0.3225959539413452,5.526429176330566,4.987189292907715,4.987189292907715,1.0,1.0
80,10,8,0.99,baseline,1,44,0.09429552406072617,0,0.0007775825797580183,0.26263195276260376,6.337546348571777,7.559349536895752,7.345395565032959,1.0,0.25
80,10,8,0.99,baseline,1,45,0.22928698360919952,0,0.0036575067788362503,0.24000845849514008,5.75556755065918,7.228823184967041,4.109769344329834,1.0,0.0
80,10,8,0.99,baseline,1,46,0.2359251230955124,0,0.003767391899600625,0.2728723883628845,6.310649871826172,8.302762031555176,3.7493269443511963,1.0,0.0
80,10,8,0.99,baseline,1,47,0.19867298007011414,0,0.0027154467534273863,0.275012731552124,5.3659234046936035,7.843120098114014,7.843120098114014,1.0,1.0
80,10,8,0.99,baseline,1,48,0.08420103788375854,0,0.0005070589249953628,0.2711142897605896,6.221928119659424,7.697390556335449,7.697390556335449,1.0,1.0
80,10,8,0.99,baseline,1,49,0.11052871495485306,0,0.0009594284929335117,0.2716445028781891,5.752986907958984,7.1590471267700195,7.1590471267700195,1.0,1.0
80,10,8,0.99,baseline,1,50,0.20571090281009674,0,0.002742453943938017,0.26691514253616333,6.253420352935791,7.633498191833496,3.8753440380096436,1.0,0.0
80,10,8,0.99,baseline,1,51,0.12793371081352234,0,0.0012061500456184149,0.32346126437187195,5.423597812652588,7.5735182762146,5.077718257904053,1.0,0.0
80,10,8,0.99,baseline,1,52,0.18579605221748352,0,0.0024070299696177244,0.2754295766353607,6.393056392669678,8.697139739990234,8.697139739990234,1.0,1.0
80,10,8,0.99,baseline,1,53,0.12902477383613586,0,0.001127672498114407,0.25110387802124023,6.071369171142578,7.620249271392822,4.902677059173584,1.0,0.0
80,10,8,0.99,baseline,1,54,0.3220399022102356,1,0.006963170599192381,0.28412091732025146,5.6171417236328125,9.069369316101074,3.3875346183776855,1.0,0.0
80,10,8,0.99,baseline,1,55,0.1388006955385208,0,0.001391484634950757,0.24331095814704895,6.377127170562744,6.917888641357422,5.431405067443848,1.0,0.0
80,10,8,0.99,baseline,1,56,0.1389484703540802,0,0.001317664049565792,0.33086737990379333,4.838850975036621,5.3826904296875,4.271397113800049,1.0,0.0
80,10,8,0.99,baseline,1,57,0.12874792516231537,0,0.001189495320431888,0.27988529205322266,5.758469581604004,6.8998122215271,5.22174596786499,1.0,0.0
80,10,8,0.99,baseline,1,58,0.2441074550151825,0,0.003944344352930784,0.23896007239818573,6.667014122009277,9.094765663146973,3.730754852294922,1.0,0.0
80,10,8,0.99,baseline,1,59,0.1821824163198471,0,0.002354941563680768,0.21744805574417114,7.471120834350586,7.980079650878906,4.150889873504639,1.0,0.0
80,10,8,0.99,baseline,1,60,0.15488557517528534,0,0.001729629933834076,0.36411431431770325,4.9014410972595215,6.770196437835693,6.6446990966796875,1.0,0.0
80,10,8,0.99,baseline,1,61,0.35532307624816895,1,0.00892031192779541,0.2477429211139679,6.119622230529785,8.674103736877441,3.2865302562713623,1.0,0.0
80,10,8,0.99,baseline,1,62,0.045132189989089966,0,0.0001777919678715989,0.30059030652046204,5.7624359130859375,6.0746259689331055,6.0746259689331055,1.0,1.0
80,10,8,0.99,baseline,1,63,0.14368075132369995,0,0.0014364725211635232,0.33614617586135864,5.31117057800293,6.607914924621582,4.7760090827941895,1.0,0.0
80,10,8,0.99,baseline,1,64,0.2212262600660324,0,0.003427468240261078,0.21662218868732452,6.7018327713012695,8.433966636657715,3.927570104598999,1.0,0.0
80,10,8,0.99,baseline,1,65,0.039498958736658096,0,0.0001751133968355134,0.2445802241563797,6.613609790802002,3.9014320373535156,6.360173225402832,0.0,1.0
80,10,8,0.99,baseline,1,66,0.36703547835350037,1,0.009283832274377346,0.3064732551574707,5.747189998626709,8.741265296936035,3.3854422569274902,1.0,0.0
80,10,8,0.99,baseline,1,67,0.24827073514461517,0,0.004170916508883238,0.2289355993270874,7.021941184997559,8.233808517456055,3.7353453636169434,1.0,0.0
80,10,8,0.99,baseline,1,68,0.2462436556816101,0,0.004143599886447191,0.32082560658454895,5.7596635818481445,8.422904014587402,3.8441853523254395,1.0,0.0
80,10,8,0.99,baseline,1,69,0.13533152639865875,0,0.0012609645491465926,0.30478477478027344,5.27364444732666,5.800567150115967,4.903647422790527,1.0,0.0
80,10,8,0.99,baseline,1,70,0.6202887892723083,1,0.026188071817159653,0.4661415219306946,3.7100064754486084,10.395373344421387,2.8290154933929443,1.0,0.0
80,10,8,0.99,baseline,1,71,0.026152784004807472,0,8.390067523578182e-05,0.2833567261695862,5.676527976989746,4.830658435821533,4.830658435821533,1.0,1.0
80,10,8,0.99,baseline,1,72,0.04164955019950867,0,0.00019460103067103773,0.2835065424442291,6.120661735534668,6.129446029663086,7.040914535522461,0.0,1.0
80,10,8,0.99,baseline,1,73,0.8457687497138977,1,0.04892953485250473,0.5103594660758972,3.3268356323242188,11.989498138427734,2.5783307552337646,1.0,0.0
80,10,8,0.99,baseline,1,74,0.418867290019989,1,0.011876248754560947,0.365599662065506,4.923941612243652,8.053540229797363,3.1306352615356445,1.0,0.0
80,10,8,0.99,baseline,1,75,0.20938026905059814,0,0.0029690945520997047,0.33532896637916565,5.07539176940918,6.674777030944824,4.267916679382324,1.0,0.0
80,10,8,0.99,baseline,1,76,0.5244210958480835,1,0.018826909363269806,0.38968542218208313,4.558938980102539,8.273815155029297,2.9956367015838623,1.0,0.0
80,10,8,0.99,baseline,1,77,0.3155709505081177,1,0.0067906989715993404,0.346219927072525,4.666410446166992,6.9476118087768555,3.3260371685028076,1.0,0.0
80,10,8,0.99,baseline,1,78,0.053324535489082336,0,0.00027359244995750487,0.19698244333267212,7.51310396194458,8.392728805541992,8.392728805541992,1.0,1.0
80,10,8,0.99,baseline,1,79,0.43283918499946594,1,0.012913744896650314,0.29249513149261475,5.830864906311035,9.624561309814453,3.0275580883026123,1.0,0.0
80,10,8,0.99,baseline,2,0,2.230772018432617,1,0.45849740505218506,0.8495661020278931,1.3783460855484009,0.18976126611232758,0.6624805331230164,0.0,0.0
80,10,8,0.99,baseline,2,1,1.538040041923523,1,0.31073111295700073,0.8108917474746704,1.5065562725067139,0.1280026137828827,0.44733941555023193,0.0,0.0
80,10,8,0.99,baseline,2,2,1.7208874225616455,1,0.4017565846443176,0.7851859331130981,1.6015630960464478,0.13639433681964874,0.48321419954299927,0.0,0.0
80,10,8,0.99,baseline,2,3,1.7267011404037476,1,0.3140363395214081,0.7784028649330139,1.6290216445922852,0.13355198502540588,0.4881137013435364,0.0,0.0
80,10,8,0.99,baseline,2,4,1.7119754552841187,1,0.24350477755069733,0.8350545763969421,1.4247801303863525,0.11754526197910309,0.42085936665534973,0.0,0.0
80,10,8,0.99,baseline,2,5,1.6086758375167847,1,0.33779823780059814,0.7310084104537964,1.8234614133834839,0.11436040699481964,0.4268924593925476,0.0,0.0
80,10,8,0.99,baseline,2,6,1.909566044807434,1,0.30391207337379456,0.8040551543235779,1.530329704284668,0.12076820433139801,0.4386187791824341,0.0,0.0
80,10,8,0.99,baseline,2,7,1.7068852186203003,1,0.2681184411048889,0.796330988407135,1.5590639114379883,0.12018559128046036,0.43451908230781555,0.0,0.0
80,10,8,0.99,baseline,2,8,2.0364749431610107,1,0.3761395514011383,0.7638489603996277,1.687413215637207,0.16126976907253265,0.5557103753089905,0.0,0.0
80,10,8,0.99,baseline,2,9,1.523883581161499,1,0.22066476941108704,0.74754399061203,1.7508653402328491,0.1164184957742691,0.4235903322696686,0.0,0.0
80,10,8,0.99,baseline,2,10,1.3436146974563599,1,0.19622965157032013,0.7505173087120056,1.7409110069274902,0.10523001849651337,0.447524756193161,0.0,0.0
80,10,8,0.99,baseline,2,11,1.413140058517456,1,0.2545241713523865,0.6138818264007568,2.4661591053009033,0.11769627779722214,0.45923689007759094,0.0,0.0
80,10,8,0.99,baseline,2,12,1.5423082113265991,1,0.2558625340461731,0.7490308284759521,1.7492238283157349,0.09729360789060593,0.38573312759399414,0.0,0.0
80,10,8,0.99,baseline,2,13,1.686057448387146,1,0.19434797763824463,0.8023304343223572,1.5345662832260132,0.12124903500080109,0.4287026822566986,0.0,0.0
80,10,8,0.99,baseline,2,14,1.7603768110275269,1,0.2375909686088562,0.8124721646308899,1.4977326393127441,0.10347272455692291,0.34894511103630066,0.0,0.0
80,10,8,0.99,baseline,2,15,1.55361807346344,1,0.18398815393447876,0.7700331211090088,1.6495344638824463,0.0937204658985138,0.367430716753006,0.0,0.0
80,10,8,0.99,baseline,2,16,1.6298904418945312,1,0.2573331594467163,0.8404537439346313,1.4062503576278687,0.10739819705486298,0.37871378660202026,0.0,0.0
80,10,8,0.99,baseline,2,17,1.6068658828735352,1,0.21108821034431458,0.7602288126945496,1.6945958137512207,0.14163467288017273,0.43887859582901,0.0,0.0
80,10,8,0.99,baseline,2,18,1.4392050504684448,1,0.1940729320049286,0.6689586639404297,2.141681432723999,0.13042326271533966,0.5021960735321045,0.0,0.0
80,10,8,0.99,baseline,2,19,1.416061282157898,1,0.2119365930557251,0.701090931892395,1.9700061082839966,0.13298816978931427,0.49087390303611755,0.0,0.0
80,10,8,0.99,baseline,2,20,1.5415077209472656,1,0.21086393296718597,0.8130331635475159,1.4950312376022339,0.12492451071739197,0.42371320724487305,0.0,0.0
80,10,8,0.99,baseline,2,21,1.3990076780319214,1,0.15928922593593597,0.7005876898765564,1.9805587530136108,0.11170873045921326,0.42507728934288025,0.0,0.0
80,10,8,0.99,baseline,2,22,1.4589546918869019,1,0.2062138020992279,0.7088344693183899,1.9106172323226929,0.13732604682445526,0.48097142577171326,0.0,0.0
80,10,8,0.99,baseline,2,23,1.479699969291687,1,0.19862541556358337,0.713236391544342,1.914190649986267,0.13795536756515503,0.43111327290534973,0.0,0.0
80,10,8,0.99,baseline,2,24,1.416909098625183,1,0.1620764136314392,0.7372291684150696,1.7706634998321533,0.12058434635400772,0.43774861097335815,0.0,0.0
80,10,8,0.99,baseline,2,25,1.2365317344665527,1,0.12660692632198334,0.6504461169242859,2.2054131031036377,0.10270257294178009,0.39610081911087036,0.0,0.0
80,10,8,0.99,baseline,2,26,1.5455238819122314,1,0.21642009913921356,0.8118609189987183,1.496453046798706,0.16031330823898315,0.4426311254501343,0.0,0.0
80,10,8,0.99,baseline,2,27,1.323474407196045,1,0.1877492517232895,0.6889716386795044,2.0310566425323486,0.1290026754140854,0.4668073058128357,0.0,0.0
80,10,8,0.99,baseline,2,28,1.3434556722640991,1,0.17660894989967346,0.7181466817855835,1.8907533884048462,0.1214720830321312,0.427065372467041,0.0,0.0
80,10,8,0.99,baseline,2,29,1.3862380981445312,1,0.18526318669319153,0.7523852586746216,1.7368453741073608,0.13997222483158112,0.4400431513786316,0.0,0.0
80,10,8,0.99,baseline,2,30,1.177361011505127,1,0.15875786542892456,0.6258935332298279,2.3814966678619385,0.1394665390253067,0.5024734735488892,0.0,0.0
80,10,8,0.99,baseline,2,31,1.249373197555542,1,0.14444829523563385,0.590020477771759,2.631568431854248,0.13750535249710083,0.463915079832077,0.0,0.0
80,10,8,0.99,baseline,2,32,1.2806073427200317,1,0.14929944276809692,0.7488750219345093,1.7463862895965576,0.13186471164226532,0.46960699558258057,0.0,0.0
80,10,8,0.99,baseline,2,33,1.2500176429748535,1,0.13608580827713013,0.6790522336959839,2.0938777923583984,0.14505253732204437,0.5342042446136475,0.0,0.0
80,10,8,0.99,baseline,2,34,0.976483941078186,1,0.09078045934438705,0.6289570331573486,2.3758039474487305,0.14635485410690308,0.546252965927124,0.0,0.0
80,10,8,0.99,baseline,2,35,0.913012683391571,1,0.06843352317810059,0.5011448860168457,3.3009278774261475,0.1719718873500824,0.5270904898643494,0.0,0.0
80,10,8,0.99,baseline,2,36,1.0171552896499634,1,0.08061127364635468,0.6092025637626648,2.49417781829834,0.26876020431518555,0.6276734471321106,0.0,0.0
80,10,8,0.99,baseline,2,37,0.06187722459435463,0,0.00025848529185168445,0.23821404576301575,6.781593322753906,6.44427490234375,6.44427490234375,1.0,1.0
80,10,8,0.99,baseline,2,38,1.1695019006729126,1,0.10788233578205109,0.6572474241256714,2.1927096843719482,0.2040954977273941,0.5893256664276123,0.0,0.0
80,10,8,0.99,baseline,2,39,0.7200859785079956,1,0.04581484571099281,0.592801034450531,2.5658187866210938,1.2721705436706543,1.0850186347961426,0.0,0.0
80,10,8,0.99,baseline,2,40,1.038780689239502,1,0.07515104860067368,0.6275258660316467,2.3743386268615723,0.20969560742378235,0.7603675127029419,0.0,0.0
80,10,8,0.99,baseline,2,41,0.37786686420440674,1,0.013673709705471992,0.3116953372955322,5.665134429931641,7.730584621429443,7.730584621429443,1.0,1.0
80,10,8,0.99,baseline,2,42,0.21505679190158844,0,0.002543029375374317,0.22938962280750275,6.422727584838867,7.322345733642578,4.688780784606934,1.0,0.0
80,10,8,0.99,baseline,2,43,0.20875327289104462,0,0.0040408410131931305,0.30173152685165405,5.803685188293457,4.492314338684082,6.989190101623535,0.0,1.0
80,10,8,0.99,baseline,2,44,0.6687689423561096,1,0.028033817186951637,0.47695192694664,3.5499684810638428,10.915006637573242,10.915006637573242,1.0,1.0
80,10,8,0.99,baseline,2,45,0.3089720606803894,1,0.0051165358163416386,0.34256279468536377,5.354401588439941,7.337480068206787,4.548369884490967,1.0,0.0
80,10,8,0.99,baseline,2,46,0.1837766170501709,0,0.0023633651435375214,0.3840889632701874,4.686074256896973,5.819098472595215,5.819098472595215,1.0,1.0
80,10,8,0.99,baseline,2,47,0.22320173680782318,0,0.002748900791630149,0.3448827862739563,4.784168243408203,6.1992926597595215,5.040304183959961,1.0,0.0
80,10,8,0.99,baseline,2,48,0.2400829792022705,0,0.0038264691829681396,0.30744677782058716,5.473561763763428,6.584392070770264,8.319306373596191,0.0,1.0
80,10,8,0.99,baseline,2,49,0.19247038662433624,0,0.0020385165698826313,0.4293910562992096,4.036086559295654,6.849587440490723,5.50864315032959,1.0,0.0
80,10,8,0.99,baseline,2,50,0.43469128012657166,1,0.009840220212936401,0.3945161700248718,4.4644269943237305,10.157730102539062,10.157730102539062,1.0,1.0
80,10,8,0.99,baseline,2,51,0.09686991572380066,0,0.000713059154804796,0.3791620135307312,4.365604400634766,4.870823860168457,4.870823860168457,1.0,1.0
80,10,8,0.99,baseline,2,52,0.35425707697868347,1,0.006803038064390421,0.22581414878368378,7.278080463409424,9.249984741210938,4.319825172424316,1.0,0.0
80,10,8,0.99,baseline,2,53,0.10227502137422562,0,0.000630799971986562,0.3163900077342987,5.559502124786377,5.261863708496094,5.261863708496094,1.0,1.0
80,10,8,0.99,baseline,2,54,0.23342187702655792,0,0.0032327286899089813,0.26410973072052,6.325823783874512,7.719997406005859,4.809779167175293,1.0,0.0
80,10,8,0.99,baseline,2,55,0.13037115335464478,0,0.0010046000825241208,0.26469409465789795,5.944018363952637,7.709856986999512,5.751145839691162,1.0,0.0
80,10,8,0.99,baseline,2,56,0.25766870379447937,0,0.00430074380710721,0.36578845977783203,4.881914138793945,1.9736918210983276,7.933529853820801,0.0,1.0
80,10,8,0.99,baseline,2,57,0.2239467203617096,0,0.0026948023587465286,0.30405285954475403,6.111171245574951,7.641088962554932,4.950764179229736,1.0,0.0
80,10,8,0.99,baseline,2,58,0.0538904182612896,0,0.00029573735082522035,0.3119119107723236,5.561220645904541,7.6027631759643555,7.6027631759643555,1.0,1.0
80,10,8,0.99,baseline,2,59,0.48771288990974426,1,0.013862391002476215,0.316270649433136,5.649677276611328,10.37738037109375,10.37738037109375,1.0,1.0
80,10,8,0.99,baseline,2,60,0.07598813623189926,0,0.000408565771067515,0.39626413583755493,4.463925838470459,6.6536407470703125,6.6536407470703125,1.0,1.0
80,10,8,0.99,baseline,2,61,0.17941486835479736,0,0.0017279648454859853,0.31159186363220215,5.510128021240234,5.907827377319336,5.343979358673096,1.0,0.0
80,10,8,0.99,baseline,2,62,0.31634825468063354,1,0.005265285726636648,0.2998000383377075,5.694836616516113,8.213082313537598,8.213082313537598,1.0,1.0
80,10,8,0.99,baseline,2,63,0.810882031917572,1,0.034112006425857544,0.6338173151016235,2.3322606086730957,13.223943710327148,13.223943710327148,1.0,1.0
80,10,8,0.99,baseline,2,64,0.17483125627040863,0,0.0016543621895834804,0.30212172865867615,5.741569995880127,7.026539325714111,5.395353317260742,1.0,0.0
80,10,8,0.99,baseline,2,65,0.1715351939201355,0,0.0015566403744742274,0.2861875891685486,5.835336208343506,6.916838645935059,6.916838645935059,1.0,1.0
80,10,8,0.99,baseline,2,66,0.239333376288414,0,0.0031924820505082607,0.3372988998889923,4.620865821838379,6.358640670776367,4.752406597137451,1.0,0.0
80,10,8,0.99,baseline,2,67,0.42247435450553894,1,0.009779810905456543,0.2944464385509491,5.895412921905518,10.235723495483398,4.132030963897705,1.0,0.0
80,10,8,0.99,baseline,2,68,0.38112911581993103,1,0.007718376349657774,0.39476680755615234,4.522696018218994,8.337928771972656,4.118183135986328,1.0,0.0
80,10,8,0.99,baseline,2,69,0.6640575528144836,1,0.02423933707177639,0.4782097339630127,3.5440454483032227,9.398768424987793,3.4312665462493896,1.0,0.0
80,10,8,0.99,baseline,2,70,0.23018406331539154,0,0.0029805751983076334,0.24085015058517456,6.603856086730957,8.16231632232666,4.876544952392578,1.0,0.0
80,10,8,0.99,baseline,2,71,0.3020789325237274,1,0.0049796877428889275,0.4914728105068207,3.4318597316741943,6.138693809509277,4.706394672393799,1.0,0.0
80,10,8,0.99,baseline,2,72,0.5638888478279114,1,0.01746016927063465,0.35798120498657227,4.6600823402404785,10.603281021118164,3.7117772102355957,1.0,0.0
80,10,8,0.99,baseline,2,73,0.05433930829167366,0,0.0004438322503119707,0.2794378995895386,5.921235084533691,7.48544454574585,7.48544454574585,1.0,1.0
80,10,8,0.99,baseline,2,74,0.38129618763923645,1,0.008365483954548836,0.281057208776474,5.56198787689209,8.659144401550293,3.9274675846099854,1.0,0.0
80,10,8,0.99,baseline,2,75,0.5249666571617126,1,0.015219778753817081,0.3610408902168274,4.96828556060791,8.431374549865723,3.548086643218994,1.0,0.0
80,10,8,0.99,baseline,2,76,0.6634239554405212,1,0.02389778569340706,0.48165929317474365,3.660085916519165,9.994562149047852,3.4592134952545166,1.0,0.0
80,10,8,0.99,baseline,2,77,0.49730589985847473,1,0.013296396471560001,0.3142164349555969,5.1053266525268555,10.048674583435059,3.8712363243103027,1.0,0.0
80,10,8,0.99,baseline,2,78,0.12283848971128464,0,0.0008473330526612699,0.3554699420928955,4.8291916847229,5.143766403198242,5.143766403198242,1.0,1.0
80,10,8,0.99,baseline,2,79,0.29340270161628723,0,0.004750410560518503,0.3558866083621979,5.257182598114014,9.284255981445312,4.456856727600098,1.0,0.0
80,10,8,0.99,baseline,3,0,2.0942656993865967,1,0.3958665728569031,0.7731465697288513,1.6429517269134521,0.1723342090845108,0.5495457053184509,0.0,0.0
80,10,8,0.99,baseline,3,1,1.7190934419631958,1,0.35384976863861084,0.762789249420166,1.6862986087799072,0.14214970171451569,0.5021211504936218,0.0,0.0
80,10,8,0.99,baseline,3,2,1.901312232017517,1,0.4064086377620697,0.8684365749359131,1.320508599281311,0.16808782517910004,0.5464624166488647,0.0,0.0
80,10,8,0.99,baseline,3,3,1.8085896968841553,1,0.38413360714912415,0.7283940315246582,1.8439528942108154,0.13168101012706757,0.4546729028224945,0.0,0.0
80,10,8,0.99,baseline,3,4,1.3620156049728394,1,0.29952478408813477,0.6713623404502869,2.1142618656158447,0.12646372616291046,0.45637696981430054,0.0,0.0
80,10,8,0.99,baseline,3,5,1.84251868724823,1,0.3451804518699646,0.8175541758537292,1.482053518295288,0.17873375117778778,0.5452463030815125,0.0,0.0
80,10,8,0.99,baseline,3,6,1.8422504663467407,1,0.354598730802536,0.7160944938659668,1.8956271409988403,0.13531766831874847,0.4917060434818268,0.0,0.0
80,10,8,0.99,baseline,3,7,1.6847761869430542,1,0.3127439618110657,0.7368128895759583,1.8009229898452759,0.13396184146404266,0.4539133310317993,0.0,0.0
80,10,8,0.99,baseline,3,8,2.1372714042663574,1,0.3826189339160919,0.9084924459457397,1.2088643312454224,0.2005717009305954,0.5625309944152832,0.0,0.0
80,10,8,0.99,baseline,3,9,1.8650907278060913,1,0.32734915614128113,0.7982493042945862,1.5538241863250732,0.18645308911800385,0.639306902885437,0.0,0.0
80,10,8,0.99,baseline,3,10,1.369301438331604,1,0.22266976535320282,0.8270590901374817,1.448157787322998,0.11662930250167847,0.409160315990448,0.0,0.0
80,10,8,0.99,baseline,3,11,1.7388771772384644,1,0.28914639353752136,0.8540732860565186,1.3602502346038818,0.1583179086446762,0.5261753797531128,0.0,0.0
80,10,8,0.99,baseline,3,12,1.4839733839035034,1,0.2214949131011963,0.7720025777816772,1.6543161869049072,0.1126762330532074,0.4001477360725403,0.0,0.0
80,10,8,0.99,baseline,3,13,1.5267759561538696,1,0.24090825021266937,0.8300896883010864,1.4371460676193237,0.10880288481712341,0.450332373380661,0.0,0.0
80,10,8,0.99,baseline,3,14,1.563307523727417,1,0.28326350450515747,0.7356489896774292,1.810084581375122,0.11625980585813522,0.43539905548095703,0.0,0.0
80,10,8,0.99,baseline,3,15,1.6354680061340332,1,0.24875153601169586,0.7627708315849304,1.688693881034851,0.12549391388893127,0.42930278182029724,0.0,0.0
80,10,8,0.99,baseline,3,16,1.4115747213363647,1,0.22612719237804413,0.7791119813919067,1.6268916130065918,0.1114511713385582,0.42040181159973145,0.0,0.0
80,10,8,0.99,baseline,3,17,1.5749305486679077,1,0.22464019060134888,0.790284276008606,1.578710913658142,0.11099376529455185,0.4207659661769867,0.0,0.0
80,10,8,0.99,baseline,3,18,1.3036547899246216,1,0.2015565037727356,0.6759086847305298,2.099560260772705,0.10700066387653351,0.4211616814136505,0.0,0.0
80,10,8,0.99,baseline,3,19,1.5599619150161743,1,0.23080453276634216,0.7376172542572021,1.7945221662521362,0.11855027824640274,0.4561813473701477,0.0,0.0
80,10,8,0.99,baseline,3,20,1.491409182548523,1,0.18858541548252106,0.7854384183883667,1.6009831428527832,0.1206507757306099,0.38671839237213135,0.0,0.0
80,10,8,0.99,baseline,3,21,1.5715055465698242,1,0.20386365056037903,0.6961792707443237,2.0042686462402344,0.1254701316356659,0.4521741569042206,0.0,0.0
80,10,8,0.99,baseline,3,22,1.4217156171798706,1,0.17273454368114471,0.7209951877593994,1.8781743049621582,0.1121196448802948,0.3910311758518219,0.0,0.0
80,10,8,0.99,baseline,3,23,1.503709077835083,1,0.19030028581619263,0.6203833818435669,2.4212493896484375,0.126811221241951,0.4559667110443115,0.0,0.0
80,10,8,0.99,baseline,3,24,1.4612780809402466,1,0.20062707364559174,0.7308564782142639,1.8211877346038818,0.11776883155107498,0.4371337592601776,0.0,0.0
80,10,8,0.99,baseline,3,25,1.7089266777038574,1,0.22008010745048523,0.7635948657989502,1.6803356409072876,0.13818441331386566,0.45343950390815735,0.0,0.0
80,10,8,0.99,baseline,3,26,1.6118121147155762,1,0.2090163677930832,0.7302834391593933,1.8333240747451782,0.11517450958490372,0.42726007103919983,0.0,0.0
80,10,8,0.99,baseline,3,27,1.6102304458618164,1,0.20895268023014069,0.7371347546577454,1.8024413585662842,0.13827107846736908,0.440034419298172,0.0,0.0
80,10,8,0.99,baseline,3,28,1.6846098899841309,1,0.2126610428094864,0.7500773668289185,1.745666265487671,0.13359613716602325,0.40833359956741333,0.0,0.0
80,10,8,0.99,baseline,3,29,1.5909427404403687,1,0.19348768889904022,0.7655612826347351,1.6810057163238525,0.19437724351882935,0.45367833971977234,0.0,0.0
80,10,8,0.99,baseline,3,30,1.2665101289749146,1,0.17436794936656952,0.7114790081977844,1.9225114583969116,0.11950428783893585,0.3894207179546356,0.0,0.0
80,10,8,0.99,baseline,3,31,1.2343471050262451,1,0.16112570464611053,0.677791178226471,2.1077487468719482,0.11086295545101166,0.3883773386478424,0.0,0.0
80,10,8,0.99,baseline,3,32,1.3985332250595093,1,0.16043731570243835,0.8473897576332092,1.3846960067749023,0.11337711662054062,0.4002652168273926,0.0,0.0
80,10,8,0.99,baseline,3,33,1.298179268836975,1,0.1438026875257492,0.6553336381912231,2.2258803844451904,0.12234455347061157,0.49417442083358765,0.0,0.0
80,10,8,0.99,baseline,3,34,1.385081171989441,1,0.18119646608829498,0.6949984431266785,1.9913396835327148,0.12141036242246628,0.4627538025379181,0.0,0.0
80,10,8,0.99,baseline,3,35,1.4644562005996704,1,0.14454728364944458,0.7228555083274841,1.8550052642822266,0.6023948788642883,0.5185280442237854,0.0,0.0
80,10,8,0.99,baseline,3,36,1.2974354028701782,1,0.141082763671875,0.6881887316703796,2.0362086296081543,0.13534802198410034,0.44450390338897705,0.0,0.0
80,10,8,0.99,baseline,3,37,1.0495023727416992,1,0.12138409912586212,0.7244645953178406,1.8557771444320679,0.12247566133737564,0.49205201864242554,0.0,0.0
80,10,8,0.99,baseline,3,38,0.9680004119873047,1,0.0758080780506134,0.5519618391990662,2.934321403503418,0.1844540536403656,0.647663950920105,0.0,0.0
80,10,8,0.99,baseline,3,39,0.696507453918457,1,0.04108639061450958,0.3272543251514435,5.700244903564453,1.1182405948638916,5.580194473266602,0.0,0.0
80,10,8,0.99,baseline,3,40,0.4878895878791809,1,0.02302958071231842,0.3582315444946289,4.350484371185303,0.6241564750671387,5.897308826446533,0.0,0.0
80,10,8,0.99,baseline,3,41,0.3299958407878876,1,0.011748755350708961,0.2430180311203003,6.242193698883057,7.237174034118652,7.237174034118652,1.0,1.0
80,10,8,0.99,baseline,3,42,0.510068953037262,1,0.0261710062623024,0.3377893567085266,5.065620422363281,0.46785566210746765,5.045466899871826,0.0,0.0
80,10,8,0.99,baseline,3,43,0.10890147089958191,0,0.0013537064660340548,0.29619091749191284,6.010617256164551,8.028295516967773,8.028295516967773,1.0,1.0
80,10,8,0.99,baseline,3,44,0.13564066588878632,0,0.0016987398266792297,0.3212199807167053,5.630774974822998,8.139776229858398,8.139776229858398,1.0,1.0
80,10,8,0.99,baseline,3,45,0.05283533036708832,0,0.00022464565699920058,0.316035658121109,5.5203328132629395,5.636627674102783,5.636627674102783,1.0,1.0
80,10,8,0.99,baseline,3,46,0.08984073251485825,0,0.000738032627850771,0.3108251392841339,5.180034637451172,5.7654290199279785,5.7654290199279785,1.0,1.0
80,10,8,0.99,baseline,3,47,0.03540576249361038,0,9.450041397940367e-05,0.352487713098526,4.649590015411377,3.820603132247925,3.820603132247925,1.0,1.0
80,10,8,0.99,baseline,3,48,0.16214792430400848,0,0.001824702019803226,0.2673030495643616,5.770980358123779,6.336052894592285,6.336052894592285,1.0,1.0
80,10,8,0.99,baseline,3,49,0.04592067003250122,0,0.00015629117842763662,0.24795378744602203,6.236636161804199,6.1195759773254395,6.1195759773254395,1.0,1.0
80,10,8,0.99,baseline,3,50,0.10710786283016205,0,0.0009229708230122924,0.25889432430267334,6.798035621643066,5.963469505310059,5.963469505310059,1.0,1.0
80,10,8,0.99,baseline,3,51,0.022248918190598488,0,4.896792597719468e-05,0.3201043903827667,4.8904290199279785,5.433672904968262,5.433672904968262,1.0,1.0
80,10,8,0.99,baseline,3,52,0.027832265943288803,0,8.181660814443603e-05,0.27313387393951416,5.380448341369629,5.633073806762695,5.633073806762695,1.0,1.0
80,10,8,0.99,baseline,3,53,0.03945562615990639,0,0.00018052311497740448,0.2943912446498871,5.114377498626709,4.333835124969482,4.333835124969482,1.0,1.0
80,10,8,0.99,baseline,3,54,0.032606713473796844,0,0.00011235579586355016,0.2840708792209625,5.68377161026001,5.528779983520508,5.528779983520508,1.0,1.0
80,10,8,0.99,baseline,3,55,0.04681782051920891,0,0.00018436982645653188,0.2754891514778137,6.299206256866455,8.339953422546387,8.339953422546387,1.0,1.0
80,10,8,0.99,baseline,3,56,0.04220389202237129,0,0.00016751702059991658,0.2036670297384262,7.2667694091796875,6.757027626037598,6.757027626037598,1.0,1.0
80,10,8,0.99,baseline,3,57,0.0491858571767807,0,0.00018884925520978868,0.23374439775943756,6.560437202453613,5.367589473724365,5.367589473724365,1.0,1.0
80,10,8,0.99,baseline,3,58,0.04893152043223381,0,0.00024265621323138475,0.25561031699180603,6.19123649597168,6.720515251159668,6.720515251159668,1.0,1.0
80,10,8,0.99,baseline,3,59,0.05468612164258957,0,0.00028632121393457055,0.2780199944972992,5.402242660522461,7.78390645980835,7.78390645980835,1.0,1.0
80,10,8,0.99,baseline,3,60,0.0585613027215004,0,0.00027074318495579064,0.25817057490348816,6.056511402130127,5.878862380981445,5.878862380981445,1.0,1.0
80,10,8,0.99,baseline,3,61,0.03661765903234482,0,0.00013114332978148013,0.2418408989906311,6.00478458404541,6.998928070068359,6.998928070068359,1.0,1.0
80,10,8,0.99,baseline,3,62,0.03927888721227646,0,0.00014688176452182233,0.2114807814359665,6.778614044189453,6.941438674926758,6.941438674926758,1.0,1.0
80,10,8,0.99,baseline,3,63,0.04881906509399414,0,0.0002001523389481008,0.3469506800174713,4.278304100036621,4.028729438781738,4.028729438781738,1.0,1.0
80,10,8,0.99,baseline,3,64,0.04637771472334862,0,0.00025459323660470545,0.2673405408859253,5.875899791717529,5.897018909454346,5.897018909454346,1.0,1.0
80,10,8,0.99,baseline,3,65,0.021998045966029167,0,4.85369200760033e-05,0.28473353385925293,5.649127006530762,6.45310640335083,6.45310640335083,1.0,1.0
80,10,8,0.99,baseline,3,66,0.047598667442798615,0,0.00022520951461046934,0.2725554406642914,6.474913597106934,8.05362606048584,8.05362606048584,1.0,1.0
80,10,8,0.99,baseline,3,67,0.04275787994265556,0,0.00019616048666648567,0.2614172101020813,5.844970703125,5.157594203948975,5.157594203948975,1.0,1.0
80,10,8,0.99,baseline,3,68,0.037422310560941696,0,0.00012522409087978303,0.287410706281662,6.130415439605713,5.459053039550781,5.459053039550781,1.0,1.0
80,10,8,0.99,baseline,3,69,0.04589485749602318,0,0.00022810128575656563,0.28531524538993835,5.733958721160889,6.935582160949707,6.935582160949707,1.0,1.0
80,10,8,0.99,baseline,3,70,0.028154319152235985,0,7.931500294944271e-05,0.231514573097229,6.305522441864014,6.1422438621521,6.1422438621521,1.0,1.0
80,10,8,0.99,baseline,3,71,0.03248059004545212,0,0.00010671012569218874,0.30895310640335083,5.578616619110107,6.402163982391357,6.402163982391357,1.0,1.0
80,10,8,0.99,baseline,3,72,0.04829954728484154,0,0.00025188809377141297,0.3298405408859253,5.443767547607422,5.455983638763428,5.674637794494629,0.0,1.0
80,10,8,0.99,baseline,3,73,0.0353386215865612,0,0.00011765728413593024,0.31611719727516174,5.510132312774658,6.846680164337158,6.846680164337158,1.0,1.0
80,10,8,0.99,baseline,3,74,0.045543767511844635,0,0.00018593776621855795,0.28101733326911926,5.886926174163818,5.327268600463867,5.327268600463867,1.0,1.0
80,10,8,0.99,baseline,3,75,0.03374502435326576,0,0.00011079555406467989,0.2635188698768616,6.010322570800781,5.394973278045654,5.394973278045654,1.0,1.0
80,10,8,0.99,baseline,3,76,0.04632150009274483,0,0.00026473155594430864,0.31047090888023376,5.62831974029541,5.013580322265625,5.013580322265625,1.0,1.0
80,10,8,0.99,baseline,3,77,0.03231732174754143,0,0.00010617703810567036,0.30930250883102417,5.429544925689697,5.438865661621094,5.438865661621094,1.0,1.0
80,10,8,0.99,baseline,3,78,0.03472353518009186,0,0.00011538347462192178,0.23201484978199005,6.950551509857178,7.063549995422363,7.063549995422363,1.0,1.0
80,10,8,0.99,baseline,3,79,0.118962861597538,0,0.0010023859795182943,0.2666616439819336,6.011855125427246,8.199697494506836,8.199697494506836,1.0,1.0
80,10,8,0.99,baseline,4,0,1.8134902715682983,1,0.4175070524215698,0.7962028384208679,1.5620110034942627,0.13563480973243713,0.4815681278705597,0.0,0.0
80,10,8,0.99,baseline,4,1,1.6327273845672607,1,0.3765696585178375,0.7423171401023865,1.7763924598693848,0.12901656329631805,0.4788517653942108,0.0,0.0
80,10,8,0.99,baseline,4,2,1.3124160766601562,1,0.2590371370315552,0.7054169774055481,1.9510834217071533,0.11860381811857224,0.4253031015396118,0.0,0.0
80,10,8,0.99,baseline,4,3,1.7521638870239258,1,0.4158634841442108,0.8202975392341614,1.474273443222046,0.13139858841896057,0.48770537972450256,0.0,0.0
80,10,8,0.99,baseline,4,4,1.7960028648376465,1,0.35260432958602905,0.8024171590805054,1.5332642793655396,0.12791095674037933,0.45678573846817017,0.0,0.0
80,10,8,0.99,baseline,4,5,1.5130980014801025,1,0.2761249840259552,0.7945378422737122,1.5666327476501465,0.11971595138311386,0.40708208084106445,0.0,0.0
80,10,8,0.99,baseline,4,6,1.721026062965393,1,0.32276490330696106,0.7919606566429138,1.5763118267059326,0.13910706341266632,0.48972824215888977,0.0,0.0
80,10,8,0.99,baseline,4,7,1.8128364086151123,1,0.3901069760322571,0.7998559474945068,1.5430430173873901,0.14917625486850739,0.49672558903694153,0.0,0.0
80,10,8,0.99,baseline,4,8,1.7931089401245117,1,0.3184616267681122,0.8172646760940552,1.4857770204544067,0.13080713152885437,0.4787289500236511,0.0,0.0
80,10,8,0.99,baseline,4,9,1.4721981287002563,1,0.2812393307685852,0.7122306227684021,1.9015212059020996,0.1270800232887268,0.43548303842544556,0.0,0.0
80,10,8,0.99,baseline,4,10,1.7691380977630615,1,0.3466496765613556,0.8349225521087646,1.4232628345489502,0.15978193283081055,0.5055544972419739,0.0,0.0
80,10,8,0.99,baseline,4,11,1.3168479204177856,1,0.21389944851398468,0.7325166463851929,1.8223956823349,0.10906468331813812,0.3827519416809082,0.0,0.0
80,10,8,0.99,baseline,4,12,1.4939802885055542,1,0.24958662688732147,0.8011506795883179,1.5382671356201172,0.12154962867498398,0.3979949951171875,0.0,0.0
80,10,8,0.99,baseline,4,13,1.3497945070266724,1,0.2200828194618225,0.6438608765602112,2.2996737957000732,0.12517599761486053,0.43838149309158325,0.0,0.0
80,10,8,0.99,baseline,4,14,1.4596772193908691,1,0.21828030049800873,0.7381470799446106,1.7878248691558838,0.09887722879648209,0.386255145072937,0.0,0.0
80,10,8,0.99,baseline,4,15,1.662455677986145,1,0.24516262114048004,0.836992621421814,1.4173095226287842,0.13073711097240448,0.419698029756546,0.0,0.0
80,10,8,0.99,baseline,4,16,1.5430331230163574,1,0.23199108242988586,0.7153671383857727,1.90311861038208,0.1338268667459488,0.48037999868392944,0.0,0.0
80,10,8,0.99,baseline,4,17,1.4408929347991943,1,0.24428421258926392,0.750165581703186,1.7453029155731201,0.1342552900314331,0.4353553056716919,0.0,0.0
80,10,8,0.99,baseline,4,18,1.4161794185638428,1,0.21628697216510773,0.6606670022010803,2.1883621215820312,0.12827658653259277,0.4549493193626404,0.0,0.0
80,10,8,0.99,baseline,4,19,1.2207083702087402,1,0.16892069578170776,0.6062811613082886,2.524895191192627,0.11822172999382019,0.4260118901729584,0.0,0.0
80,10,8,0.99,baseline,4,20,1.6050883531570435,1,0.21978536248207092,0.8526062965393066,1.3679850101470947,0.12506404519081116,0.3881247341632843,0.0,0.0
80,10,8,0.99,baseline,4,21,1.4899113178253174,1,0.23211628198623657,0.7099139094352722,1.9307894706726074,0.12449393421411514,0.4036608040332794,0.0,0.0
80,10,8,0.99,baseline,4,22,1.3666322231292725,1,0.20580972731113434,0.7896173000335693,1.5792509317398071,0.12626145780086517,0.46457117795944214,0.0,0.0
80,10,8,0.99,baseline,4,23,1.5592910051345825,1,0.2079697996377945,0.7690639495849609,1.6676645278930664,0.11524591594934464,0.3795151114463806,0.0,0.0
80,10,8,0.99,baseline,4,24,1.3733148574829102,1,0.17826595902442932,0.7174645662307739,1.8864723443984985,0.09173726290464401,0.37533751130104065,0.0,0.0
80,10,8,0.99,baseline,4,25,1.525102972984314,1,0.17367692291736603,0.7267268300056458,1.8381214141845703,0.11025591194629669,0.4171679615974426,0.0,0.0
80,10,8,0.99,baseline,4,26,1.6388592720031738,1,0.23399783670902252,0.8272468447685242,1.449344515800476,0.11276945471763611,0.38555431365966797,0.0,0.0
80,10,8,0.99,baseline,4,27,1.553158164024353,1,0.19807834923267365,0.8440735340118408,1.3930089473724365,0.1267479807138443,0.3976954519748688,0.0,0.0
80,10,8,0.99,baseline,4,28,1.5160127878189087,1,0.2385716438293457,0.661949634552002,2.1707510948181152,0.16061581671237946,0.4577409327030182,0.0,0.0
80,10,8,0.99,baseline,4,29,1.8532686233520508,1,0.2740805447101593,0.7552365064620972,1.7181618213653564,0.17543353140354156,0.5011759400367737,0.0,0.0
80,10,8,0.99,baseline,4,30,1.5081664323806763,1,0.18358932435512543,0.7392858862876892,1.791804313659668,0.17007437348365784,0.42702972888946533,0.0,0.0
80,10,8,0.99,baseline,4,31,1.345577359199524,1,0.17961201071739197,0.6935832500457764,2.017335891723633,0.11639104783535004,0.44041720032691956,0.0,0.0
80,10,8,0.99,baseline,4,32,1.4632030725479126,1,0.20042869448661804,0.6986308693885803,1.991289734840393,0.1889367699623108,0.46778300404548645,0.0,0.0
80,10,8,0.99,baseline,4,33,0.03575139120221138,0,0.000147200160427019,0.29091954231262207,5.366961479187012,6.575995445251465,6.575995445251465,1.0,1.0
80,10,8,0.99,baseline,4,34,1.2921580076217651,1,0.17956514656543732,0.7115150094032288,1.8978291749954224,0.12303970754146576,0.449049711227417,0.0,0.0
80,10,8,0.99,baseline,4,35,1.2720396518707275,1,0.14639568328857422,0.6957957744598389,1.9959717988967896,0.13078050315380096,0.45162999629974365,0.0,0.0
80,10,8,0.99,baseline,4,36,0.9285207986831665,1,0.08920334279537201,0.6066175103187561,2.5194010734558105,1.8354511260986328,0.9526618719100952,0.0,0.0
80,10,8,0.99,baseline,4,37,1.2059895992279053,1,0.13583683967590332,0.7499009370803833,1.7335460186004639,0.127046599984169,0.4918990731239319,0.0,0.0
80,10,8,0.99,baseline,4,38,1.1244431734085083,1,0.11162926256656647,0.674501895904541,2.0995359420776367,0.1748056262731552,0.6002836227416992,0.0,0.0
80,10,8,0.99,baseline,4,39,0.6433520913124084,1,0.041556693613529205,0.38906097412109375,4.864413261413574,0.6333350539207458,4.670422077178955,0.0,0.0
80,10,8,0.99,baseline,4,40,0.42326614260673523,1,0.018747417256236076,0.24198158085346222,6.825284004211426,0.3164379596710205,5.87908935546875,0.0,0.0
80,10,8,0.99,baseline,4,41,0.4334179162979126,1,0.018047865480184555,0.279602974653244,6.136674404144287,3.2675862312316895,9.788125991821289,0.0,1.0
80,10,8,0.99,baseline,4,42,0.1702928990125656,0,0.003303437726572156,0.3025784194469452,5.2216477394104,3.314270257949829,7.290179252624512,0.0,1.0
80,10,8,0.99,baseline,4,43,0.04984269663691521,0,0.0002334834134671837,0.25274986028671265,6.0133891105651855,6.2524800300598145,6.2524800300598145,1.0,1.0
80,10,8,0.99,baseline,4,44,0.14009526371955872,0,0.002563548507168889,0.25795087218284607,6.160682201385498,2.158419132232666,5.501363277435303,0.0,1.0
80,10,8,0.99,baseline,4,45,0.06594476848840714,0,0.0004960536025464535,0.2645527124404907,5.577815532684326,4.678875923156738,4.678875923156738,1.0,1.0
80,10,8,0.99,baseline,4,46,0.15590524673461914,0,0.002382752951234579,0.3311086595058441,4.963010787963867,5.902444839477539,5.902444839477539,1.0,1.0
80,10,8,0.99,baseline,4,47,0.39825183153152466,1,0.012255450710654259,0.3453684151172638,4.912681579589844,1.8400588035583496,8.701868057250977,0.0,1.0
80,10,8,0.99,baseline,4,48,0.03538048639893532,0,0.00013121971278451383,0.3349590003490448,4.897500038146973,5.010098457336426,5.010098457336426,1.0,1.0
80,10,8,0.99,baseline,4,49,0.04573914036154747,0,0.00019574617908801883,0.3154613673686981,5.2002482414245605,5.253820419311523,5.253820419311523,1.0,1.0
80,10,8,0.99,baseline,4,50,0.05445993319153786,0,0.0003616373869590461,0.3219795525074005,4.92770528793335,6.648317337036133,6.648317337036133,1.0,1.0
80,10,8,0.99,baseline,4,51,0.04145849123597145,0,0.00015535928832832724,0.2870408594608307,5.7884039878845215,6.64061975479126,6.64061975479126,1.0,1.0
80,10,8,0.99,baseline,4,52,0.026889154687523842,0,6.913911056471989e-05,0.3195320665836334,4.936751365661621,5.14216423034668,5.14216423034668,1.0,1.0
80,10,8,0.99,baseline,4,53,0.05703354626893997,0,0.000270855613052845,0.3289906978607178,4.786917209625244,6.405352592468262,6.405352592468262,1.0,1.0
80,10,8,0.99,baseline,4,54,0.09609488397836685,0,0.0007847339729778469,0.25120145082473755,6.6384406089782715,5.7495574951171875,5.7495574951171875,1.0,1.0
80,10,8,0.99,baseline,4,55,0.04218326136469841,0,0.00023608215269632638,0.2139442265033722,7.107130527496338,6.028288841247559,6.028288841247559,1.0,1.0
80,10,8,0.99,baseline,4,56,0.12229567766189575,0,0.0011429960140958428,0.23426778614521027,6.419773578643799,6.650243759155273,6.650243759155273,1.0,1.0
80,10,8,0.99,baseline,4,57,0.03669803962111473,0,0.0001451781135983765,0.3157667815685272,4.697384357452393,4.111030578613281,4.111030578613281,1.0,1.0
80,10,8,0.99,baseline,4,58,0.09772491455078125,0,0.0007978918729349971,0.29987049102783203,5.22070837020874,6.322138786315918,6.322138786315918,1.0,1.0
80,10,8,0.99,baseline,4,59,0.10216086357831955,0,0.0007513997843489051,0.2230120450258255,6.9690351486206055,6.103157997131348,6.103157997131348,1.0,1.0
80,10,8,0.99,baseline,4,60,0.06392237544059753,0,0.00035438057966530323,0.33556103706359863,5.3633952140808105,5.4352641105651855,5.4352641105651855,1.0,1.0
80,10,8,0.99,baseline,4,61,0.1106850653886795,0,0.0009342405246570706,0.3221988379955292,5.302198886871338,6.25262975692749,6.25262975692749,1.0,1.0
80,10,8,0.99,baseline,4,62,0.0605001300573349,0,0.00039554102113470435,0.40559840202331543,4.300758361816406,6.023902416229248,6.023902416229248,1.0,1.0
80,10,8,0.99,baseline,4,63,0.026947427541017532,0,8.388683636439964e-05,0.2472134828567505,6.097300052642822,6.091376304626465,6.091376304626465,1.0,1.0
80,10,8,0.99,baseline,4,64,0.06599076092243195,0,0.0003472034295555204,0.28458312153816223,5.921879768371582,6.073913097381592,6.073913097381592,1.0,1.0
80,10,8,0.99,baseline,4,65,0.030930254608392715,0,0.00013860617764294147,0.3939005136489868,4.218007564544678,4.329826831817627,4.329826831817627,1.0,1.0
80,10,8,0.99,baseline,4,66,0.07865036278963089,0,0.00045352207962423563,0.2323574274778366,6.806990623474121,4.873831272125244,6.699812889099121,0.0,1.0
80,10,8,0.99,baseline,4,67,0.027292804792523384,0,7.717248081462458e-05,0.2882816195487976,5.382946968078613,6.1540021896362305,6.1540021896362305,1.0,1.0
80,10,8,0.99,baseline,4,68,0.05878111720085144,0,0.00028312247013673186,0.2963440418243408,5.386715412139893,4.714199542999268,4.714199542999268,1.0,1.0
80,10,8,0.99,baseline,4,69,0.042064838111400604,0,0.00015333610645029694,0.3702003061771393,4.4181694984436035,3.7385404109954834,3.7385404109954834,1.0,1.0
80,10,8,0.99,baseline,4,70,0.06379685550928116,0,0.00039350203587673604,0.27210453152656555,5.617706775665283,5.64223051071167,5.64223051071167,1.0,1.0
80,10,8,0.99,baseline,4,71,0.06351654976606369,0,0.00035201210994273424,0.24004937708377838,6.043702125549316,6.55122709274292,6.55122709274292,1.0,1.0
80,10,8,0.99,baseline,4,72,0.023320356383919716,0,6.26264518359676e-05,0.25456783175468445,6.153386116027832,4.692052841186523,4.692052841186523,1.0,1.0
80,10,8,0.99,baseline,4,73,0.15349869430065155,0,0.0017108875326812267,0.2594273090362549,6.099367141723633,8.602030754089355,8.602030754089355,1.0,1.0
80,10,8,0.99,baseline,4,74,0.06223379448056221,0,0.0003080742317251861,0.2850799560546875,5.0918779373168945,5.896889686584473,5.896889686584473,1.0,1.0
80,10,8,0.99,baseline,4,75,0.05851120501756668,0,0.00027818832313641906,0.3527522385120392,4.94392204284668,6.361814498901367,6.361814498901367,1.0,1.0
80,10,8,0.99,baseline,4,76,0.05012459680438042,0,0.0002017723600147292,0.2525082528591156,6.256452560424805,7.410128116607666,7.410128116607666,1.0,1.0
80,10,8,0.99,baseline,4,77,0.1871408373117447,0,0.002762533025816083,0.3166390359401703,5.4318013191223145,6.490567207336426,6.490567207336426,1.0,1.0
80,10,8,0.99,baseline,4,78,0.03870616480708122,0,0.00013749978097621351,0.3416483402252197,5.0781426429748535,6.7951765060424805,6.7951765060424805,1.0,1.0
80,10,8,0.99,baseline,4,79,0.046164218336343765,0,0.0003060978197026998,0.27574044466018677,6.1193976402282715,4.992321968078613,4.992321968078613,1.0,1.0
80,10,8,0.99,input_at,0,0,1.300055742263794,1,0.46828019618988037,0.8728697896003723,1.3068429231643677,0.1250024437904358,0.47191551327705383,0.0,0.0
80,10,8,0.99,input_at,0,1,0.0018378058448433876,0,5.0507020432633e-07,0.3066876530647278,5.152242183685303,4.122391700744629,4.122391700744629,1.0,1.0
80,10,8,0.99,input_at,0,2,1.2668768167495728,1,0.41782236099243164,0.7952717542648315,1.553221583366394,0.1255933940410614,0.4513084590435028,0.0,0.0
80,10,8,0.99,input_at,0,3,1.2237402200698853,1,0.3888358771800995,0.7749062776565552,1.633073091506958,0.10728352516889572,0.40054789185523987,0.0,0.0
80,10,8,0.99,input_at,0,4,1.1205029487609863,1,0.3778195083141327,0.6591482162475586,2.153135299682617,0.0949353501200676,0.35894450545310974,0.0,0.0
80,10,8,0.99,input_at,0,5,1.1111936569213867,1,0.3682284355163574,0.721659243106842,1.8440828323364258,0.11098836362361908,0.414031445980072,0.0,0.0
80,10,8,0.99,input_at,0,6,1.0725438594818115,1,0.343853622674942,0.7463005781173706,1.7583856582641602,0.09325666725635529,0.3527119755744934,0.0,0.0
80,10,8,0.99,input_at,0,7,1.412293791770935,1,0.43051207065582275,0.8617234230041504,1.339213490486145,0.13143083453178406,0.4638340175151825,0.0,0.0
80,10,8,0.99,input_at,0,8,1.3998939990997314,1,0.38926565647125244,0.7950347661972046,1.553924322128296,0.14044900238513947,0.5186706781387329,0.0,0.0
80,10,8,0.99,input_at,0,9,1.551462173461914,1,0.4353253245353699,0.8662026524543762,1.326975703239441,0.13878005743026733,0.5028708577156067,0.0,0.0
80,10,8,0.99,input_at,0,10,0.07997177541255951,0,0.0008577036787755787,0.6034345030784607,2.4558918476104736,3.80940318107605,3.80940318107605,1.0,1.0
80,10,8,0.99,input_at,0,11,1.260377049446106,1,0.3859339654445648,0.8867995142936707,1.2669044733047485,0.11033191531896591,0.42814239859580994,0.0,0.0
80,10,8,0.99,input_at,0,12,0.0051201689057052135,0,3.849891527352156e-06,0.4777330756187439,3.4077537059783936,3.609940767288208,3.609940767288208,1.0,1.0
80,10,8,0.99,input_at,0,13,1.2116411924362183,1,0.3380493223667145,0.8130344748497009,1.4925748109817505,0.10989971458911896,0.3999934196472168,0.0,0.0
80,10,8,0.99,input_at,0,14,1.2788234949111938,1,0.3958786725997925,0.8677772879600525,1.321691870689392,0.1131674200296402,0.4293506145477295,0.0,0.0
80,10,8,0.99,input_at,0,15,1.35392165184021,1,0.40800267457962036,0.7876767516136169,1.5802336931228638,0.1321587711572647,0.4694139063358307,0.0,0.0
80,10,8,0.99,input_at,0,16,1.4737547636032104,1,0.45199769735336304,0.8546686768531799,1.3606796264648438,0.1530785709619522,0.47307220101356506,0.0,0.0
80,10,8,0.99,input_at,0,17,1.7082074880599976,1,0.42442867159843445,0.8785889744758606,1.2906745672225952,0.13793374598026276,0.4757098853588104,0.0,0.0
80,10,8,0.99,input_at,0,18,0.020754804834723473,0,0.0001250027708010748,0.358806312084198,4.795607566833496,3.3905587196350098,3.3905587196350098,1.0,1.0
80,10,8,0.99,input_at,0,19,1.7218327522277832,1,0.4011111855506897,0.8981137871742249,1.235554814338684,0.13735602796077728,0.4524787366390228,0.0,0.0
80,10,8,0.99,input_at,0,20,0.03401433676481247,0,0.00025750097120180726,0.24516454339027405,5.784367084503174,4.486311912536621,4.486311912536621,1.0,1.0
80,10,8,0.99,input_at,0,21,0.03222677856683731,0,0.00014840310905128717,0.3132496178150177,4.5512285232543945,2.853529930114746,2.853529930114746,1.0,1.0
80,10,8,0.99,input_at,0,22,1.8285787105560303,1,0.4311811327934265,0.8424610495567322,1.393962025642395,0.16811534762382507,0.4455234110355377,0.0,0.0
80,10,8,0.99,input_at,0,23,0.4672788083553314,1,0.031051475554704666,0.435060977935791,4.043079853057861,0.5573023557662964,2.5377323627471924,0.0,0.0
80,10,8,0.99,input_at,0,24,0.30318912863731384,1,0.009532090276479721,0.3807678520679474,4.664880752563477,6.556842803955078,6.556842803955078,1.0,1.0
80,10,8,0.99,input_at,0,25,1.744585394859314,1,0.3388928174972534,0.8352022171020508,1.4198626279830933,0.13561423122882843,0.4517727196216583,0.0,0.0
80,10,8,0.99,input_at,0,26,0.760033905506134,1,0.0809459239244461,0.5948306322097778,2.5851194858551025,10.46332836151123,10.46332836151123,1.0,1.0
80,10,8,0.99,input_at,0,27,1.2721458673477173,1,0.18017420172691345,0.7462515234947205,1.7368086576461792,0.26555097103118896,0.6995438933372498,0.0,0.0
80,10,8,0.99,input_at,0,28,0.11868607997894287,0,0.0019045117078348994,0.4318060874938965,3.6147303581237793,4.879387378692627,4.879387378692627,1.0,1.0
80,10,8,0.99,input_at,0,29,0.24263069033622742,0,0.00688652228564024,0.3386400043964386,3.9237475395202637,4.428319454193115,4.18269157409668,1.0,0.25
80,10,8,0.99,input_at,0,30,0.45147615671157837,1,0.024936381727457047,0.5457041263580322,2.9814393520355225,6.67967414855957,3.0385003089904785,1.0,0.0
80,10,8,0.99,input_at,0,31,0.04309702292084694,0,0.0002615493140183389,0.3288983404636383,5.405640125274658,3.994174003601074,3.994174003601074,1.0,1.0
80,10,8,0.99,input_at,0,32,0.17756815254688263,0,0.003882128046825528,0.34992715716362,4.926241874694824,4.102580547332764,6.143660545349121,0.0,1.0
80,10,8,0.99,input_at,0,33,0.23576469719409943,0,0.005746183916926384,0.5773418545722961,2.6853761672973633,5.106480598449707,5.106480598449707,1.0,1.0
80,10,8,0.99,input_at,0,34,0.07799093425273895,0,0.0006371448980644345,0.3774320185184479,4.153730392456055,4.634044170379639,4.634044170379639,1.0,1.0
80,10,8,0.99,input_at,0,35,0.14546141028404236,0,0.002572341589257121,0.3427277207374573,4.298043727874756,3.6495563983917236,3.6495563983917236,1.0,1.0
80,10,8,0.99,input_at,0,36,0.1733580380678177,0,0.0034801403526216745,0.3051285147666931,4.890288352966309,5.5443196296691895,4.763544082641602,1.0,0.0
80,10,8,0.99,input_at,0,37,0.22334983944892883,0,0.005153116770088673,0.32927677035331726,4.90606164932251,4.789957523345947,4.789957523345947,1.0,1.0
80,10,8,0.99,input_at,0,38,0.13316462934017181,0,0.002323445398360491,0.45349588990211487,3.826935291290283,4.364194393157959,4.312938213348389,1.0,0.5
80,10,8,0.99,input_at,0,39,0.2102361023426056,0,0.004690086934715509,0.4282124936580658,3.8367292881011963,4.919152736663818,4.919152736663818,1.0,1.0
80,10,8,0.99,input_at,0,40,0.08779771625995636,0,0.0008120535057969391,0.3786817789077759,4.285577297210693,4.312252044677734,4.312252044677734,1.0,1.0
80,10,8,0.99,input_at,0,41,0.30206775665283203,1,0.011135868728160858,0.326250821352005,4.320201873779297,5.572383880615234,3.8427772521972656,1.0,0.0
80,10,8,0.99,input_at,0,42,0.12908190488815308,0,0.001967452932149172,0.3624403774738312,4.675595760345459,5.597230911254883,5.423355579376221,1.0,0.375
80,10,8,0.99,input_at,0,43,0.0811588317155838,0,0.0008370436844415963,0.5042786598205566,3.0765461921691895,3.2450149059295654,3.2450149059295654,1.0,1.0
80,10,8,0.99,input_at,0,44,0.1622743010520935,0,0.0031254810746759176,0.4223420321941376,4.052267551422119,4.301987648010254,4.301987648010254,1.0,1.0
80,10,8,0.99,input_at,0,45,0.7687544822692871,1,0.06817953288555145,0.743250846862793,1.7499713897705078,10.264200210571289,2.2785165309906006,1.0,0.0
80,10,8,0.99,input_at,0,46,0.08151016384363174,0,0.0006860546418465674,0.34703972935676575,4.369418144226074,3.360429286956787,3.360429286956787,1.0,1.0
80,10,8,0.99,input_at,0,47,0.37543919682502747,1,0.016846299171447754,0.4603373110294342,3.698162317276001,6.698728084564209,3.2112321853637695,1.0,0.0
80,10,8,0.99,input_at,0,48,0.08241375535726547,0,0.0007848183740861714,0.30857980251312256,5.501674175262451,4.549091339111328,4.549091339111328,1.0,1.0
80,10,8,0.99,input_at,0,49,0.11758915334939957,0,0.0014548997860401869,0.4816800653934479,3.0682709217071533,4.362435817718506,4.362435817718506,1.0,1.0
80,10,8,0.99,input_at,0,50,0.33868762850761414,1,0.013301897794008255,0.40631070733070374,3.7692630290985107,6.656002521514893,3.413102626800537,1.0,0.0
80,10,8,0.99,input_at,0,51,0.19122111797332764,0,0.003897515358403325,0.35943618416786194,4.526348114013672,4.1563239097595215,4.1563239097595215,1.0,1.0
80,10,8,0.99,input_at,0,52,0.5917243361473083,1,0.04005185887217522,0.4925263822078705,3.4979193210601807,1.5690345764160156,1.5373166799545288,0.0,0.0
80,10,8,0.99,input_at,0,53,0.18109799921512604,0,0.003847844433039427,0.4285409152507782,3.6384482383728027,4.84058952331543,4.062445163726807,1.0,0.0
80,10,8,0.99,input_at,0,54,0.18807516992092133,0,0.0038923530373722315,0.3988272547721863,4.211328029632568,5.395885467529297,4.081831455230713,1.0,0.0
80,10,8,0.99,input_at,0,55,0.2525131106376648,0,0.007826169021427631,0.4542206823825836,3.5737404823303223,4.657851696014404,3.6720399856567383,1.0,0.0
80,10,8,0.99,input_at,0,56,0.12275557219982147,0,0.0018748478032648563,0.27416470646858215,5.809682369232178,4.985569477081299,4.85062837600708,1.0,0.5
80,10,8,0.99,input_at,0,57,0.08510341495275497,0,0.0009055999107658863,0.4959242641925812,3.1128664016723633,3.247913360595703,3.247913360595703,1.0,1.0
80,10,8,0.99,input_at,0,58,0.611261785030365,1,0.04757032170891762,0.5399600863456726,2.8380870819091797,7.750346660614014,1.8751640319824219,1.0,0.0
80,10,8,0.99,input_at,0,59,0.8032716512680054,1,0.07378794252872467,0.5991367101669312,2.5057222843170166,11.155680656433105,2.256324052810669,1.0,0.0
80,10,8,0.99,input_at,0,60,0.14894403517246246,0,0.0027234076987951994,0.3427155315876007,4.422863960266113,4.761840343475342,4.761840343475342,1.0,1.0
80,10,8,0.99,input_at,0,61,0.22202348709106445,0,0.00614085141569376,0.36312103271484375,4.082302093505859,4.868649482727051,4.155393123626709,1.0,0.0
80,10,8,0.99,input_at,0,62,0.27945858240127563,0,0.00910582672804594,0.3200019299983978,4.943668842315674,6.56773042678833,3.7505123615264893,1.0,0.0
80,10,8,0.99,input_at,0,63,0.19617746770381927,0,0.004646961577236652,0.3879064619541168,3.744823694229126,3.9493165016174316,3.9493165016174316,1.0,1.0
80,10,8,0.99,input_at,0,64,0.05236876755952835,0,0.00037617381894961,0.3238295316696167,5.2573442459106445,5.253485679626465,5.253485679626465,1.0,1.0
80,10,8,0.99,input_at,0,65,0.08016899228096008,0,0.0006723240949213505,0.4164397716522217,3.640057325363159,3.1045985221862793,3.1045985221862793,1.0,1.0
80,10,8,0.99,input_at,0,66,0.19799917936325073,0,0.004163933917880058,0.4215138256549835,3.703078508377075,5.118668556213379,5.118668556213379,1.0,1.0
80,10,8,0.99,input_at,0,67,0.13515280187129974,0,0.0022588875144720078,0.37605419754981995,4.26249361038208,4.419893264770508,4.419893264770508,1.0,1.0
80,10,8,0.99,input_at,0,68,0.028249943628907204,0,0.00011232060205657035,0.3935098946094513,4.19329309463501,4.168918132781982,4.168918132781982,1.0,1.0
80,10,8,0.99,input_at,0,69,0.6366050243377686,1,0.04572692885994911,0.6228364109992981,2.3567707538604736,8.523494720458984,2.3648767471313477,1.0,0.0
80,10,8,0.99,input_at,0,70,0.08160462975502014,0,0.0008301706402562559,0.2686897814273834,5.687364101409912,3.8455188274383545,3.8455188274383545,1.0,1.0
80,10,8,0.99,input_at,0,71,0.09413981437683105,0,0.0009766921866685152,0.5387225151062012,2.966062545776367,3.431023359298706,3.431023359298706,1.0,1.0
80,10,8,0.99,input_at,0,72,0.25492388010025024,0,0.006789577659219503,0.3424665629863739,4.567150115966797,5.343740463256836,5.343740463256836,1.0,1.0
80,10,8,0.99,input_at,0,73,1.3240636587142944,1,0.17996084690093994,0.7556403875350952,1.7130210399627686,11.159345626831055,1.5008106231689453,0.0,0.0
80,10,8,0.99,input_at,0,74,0.15679383277893066,0,0.0026103858835995197,0.29874956607818604,4.923030376434326,3.8913826942443848,3.8913826942443848,1.0,1.0
80,10,8,0.99,input_at,0,75,0.08810704946517944,0,0.001090859528630972,0.3785547912120819,4.164066314697266,1.818187952041626,4.300637722015381,0.0,1.0
80,10,8,0.99,input_at,0,76,0.17170119285583496,0,0.0034954824950546026,0.309330016374588,5.328731536865234,5.219727039337158,4.464790344238281,1.0,0.0
80,10,8,0.99,input_at,0,77,0.23392924666404724,0,0.0068998574279248714,0.5057437419891357,2.8323495388031006,4.189871788024902,3.34560489654541,1.0,0.0
80,10,8,0.99,input_at,0,78,0.128323033452034,0,0.0021426400635391474,0.3238765597343445,5.089084625244141,4.299605369567871,4.299605369567871,1.0,1.0
80,10,8,0.99,input_at,0,79,0.06788282096385956,0,0.0007461549248546362,0.2649819254875183,5.7347588539123535,1.9044404029846191,3.7281134128570557,0.0,1.0
80,10,8,0.99,input_at,1,0,1.1649587154388428,1,0.40506166219711304,0.8085125684738159,1.5138835906982422,0.10970105975866318,0.41102135181427,0.0,0.0
80,10,8,0.99,input_at,1,1,1.1751497983932495,1,0.4111579954624176,0.7899843454360962,1.5821399688720703,0.11238526552915573,0.43306419253349304,0.0,0.0
80,10,8,0.99,input_at,1,2,1.1879748106002808,1,0.3577534258365631,0.7191298007965088,1.8870604038238525,0.12310916930437088,0.4472198784351349,0.0,0.0
80,10,8,0.99,input_at,1,3,1.225514531135559,1,0.3779718279838562,0.8016766309738159,1.5391459465026855,0.12823925912380219,0.45070257782936096,0.0,0.0
80,10,8,0.99,input_at,1,4,1.3004928827285767,1,0.4030105173587799,0.8210802674293518,1.4695087671279907,0.12730000913143158,0.47712206840515137,0.0,0.0
80,10,8,0.99,input_at,1,5,1.2019238471984863,1,0.34260377287864685,0.8730413913726807,1.3056912422180176,0.1154453307390213,0.44415122270584106,0.0,0.0
80,10,8,0.99,input_at,1,6,1.160600185394287,1,0.3187037706375122,0.7813110947608948,1.6139405965805054,0.11999110877513885,0.43232154846191406,0.0,0.0
80,10,8,0.99,input_at,1,7,1.2733418941497803,1,0.3987947702407837,0.8170794248580933,1.474417805671692,0.124538354575634,0.45865026116371155,0.0,0.0
80,10,8,0.99,input_at,1,8,1.3408875465393066,1,0.3667161464691162,0.8810113668441772,1.282857060432434,0.1515868753194809,0.5015622973442078,0.0,0.0
80,10,8,0.99,input_at,1,9,1.2341299057006836,1,0.3224504292011261,0.842981219291687,1.394959807395935,0.10549606382846832,0.3972884714603424,0.0,0.0
80,10,8,0.99,input_at,1,10,1.2494734525680542,1,0.3619867265224457,0.8481519222259521,1.3823086023330688,0.11492206156253815,0.4277850389480591,0.0,0.0
80,10,8,0.99,input_at,1,11,1.2715998888015747,1,0.34762632846832275,0.7725266218185425,1.6446741819381714,0.1238921657204628,0.4779098629951477,0.0,0.0
80,10,8,0.99,input_at,1,12,1.346748948097229,1,0.3555004894733429,0.8049322366714478,1.5243545770645142,0.11937207728624344,0.4433632493019104,0.0,0.0
80,10,8,0.99,input_at,1,13,1.1757502555847168,1,0.3482799530029297,0.8209295868873596,1.468630075454712,0.12156391888856888,0.4569034278392792,0.0,0.0
80,10,8,0.99,input_at,1,14,0.0021443956065922976,0,6.939699801478127e-07,0.2685311436653137,6.118155002593994,4.021571636199951,4.021571636199951,1.0,1.0
80,10,8,0.99,input_at,1,15,1.2995468378067017,1,0.3835061192512512,0.8412324786186218,1.4042274951934814,0.13203148543834686,0.5182823538780212,0.0,0.0
80,10,8,0.99,input_at,1,16,1.2843899726867676,1,0.3404742479324341,0.8442016839981079,1.3940367698669434,0.1314888447523117,0.4672827422618866,0.0,0.0
80,10,8,0.99,input_at,1,17,1.2420157194137573,1,0.3418275713920593,0.8666093349456787,1.323796272277832,0.12252108752727509,0.4769734740257263,0.0,0.0
80,10,8,0.99,input_at,1,18,1.110318660736084,1,0.30660608410835266,0.7944009900093079,1.566036343574524,0.1216750293970108,0.43550318479537964,0.0,0.0
80,10,8,0.99,input_at,1,19,1.1986969709396362,1,0.35061371326446533,0.8006338477134705,1.5328303575515747,0.11875469237565994,0.5120038390159607,0.0,0.0
80,10,8,0.99,input_at,1,20,1.1712015867233276,1,0.34025922417640686,0.8981243371963501,1.2355421781539917,0.11371791362762451,0.47857871651649475,0.0,0.0
80,10,8,0.99,input_at,1,21,1.4105333089828491,1,0.3849312663078308,0.8824201226234436,1.2804204225540161,0.14607879519462585,0.5551923513412476,0.0,0.0
80,10,8,0.99,input_at,1,22,0.1392696052789688,0,0.002714616246521473,0.2899777889251709,5.471526145935059,5.652370452880859,5.652370452880859,1.0,1.0
80,10,8,0.99,input_at,1,23,1.2514923810958862,1,0.32687366008758545,0.875449538230896,1.2995331287384033,0.15017589926719666,0.554470419883728,0.0,0.0
80,10,8,0.99,input_at,1,24,1.0111654996871948,1,0.2799297869205475,0.6362667083740234,2.3272359371185303,0.16485202312469482,0.6315643787384033,0.0,0.0
80,10,8,0.99,input_at,1,25,1.174874186515808,1,0.2929629385471344,0.861182689666748,1.340595006942749,0.14361275732517242,0.5681758522987366,0.0,0.0
80,10,8,0.99,input_at,1,26,0.20947659015655518,0,0.005963427014648914,0.3247304856777191,5.201692581176758,4.650736331939697,3.464958429336548,1.0,0.0
80,10,8,0.99,input_at,1,27,0.20611421763896942,0,0.005805077496916056,0.40694791078567505,3.7628235816955566,5.322099208831787,3.2686517238616943,1.0,0.0
80,10,8,0.99,input_at,1,28,0.1100788563489914,0,0.0016887624515220523,0.4535098075866699,3.4197301864624023,2.8834009170532227,2.8834009170532227,1.0,1.0
80,10,8,0.99,input_at,1,29,0.28878253698349,0,0.011412681080400944,0.32248079776763916,5.317532539367676,6.584980487823486,2.761293649673462,1.0,0.0
80,10,8,0.99,input_at,1,30,0.024788830429315567,0,0.00017555677914060652,0.29357391595840454,5.3630146980285645,3.6602237224578857,3.6602237224578857,1.0,1.0
80,10,8,0.99,input_at,1,31,0.14275886118412018,0,0.0029141255654394627,0.36987540125846863,4.464348316192627,3.179161787033081,3.179161787033081,1.0,1.0
80,10,8,0.99,input_at,1,32,0.13567034900188446,0,0.002513441490009427,0.35272544622421265,4.964271545410156,4.2911858558654785,4.110361099243164,1.0,0.0
80,10,8,0.99,input_at,1,33,0.19820095598697662,0,0.005398476962000132,0.31778809428215027,5.315965175628662,6.697690963745117,3.2502613067626953,1.0,0.0
80,10,8,0.99,input_at,1,34,0.2733074426651001,0,0.010074680671095848,0.3614807426929474,4.915272235870361,5.56309700012207,2.8466172218322754,1.0,0.0
80,10,8,0.99,input_at,1,35,0.1139245256781578,0,0.0019765605684369802,0.3294978141784668,5.258335113525391,4.830705165863037,4.830705165863037,1.0,1.0
80,10,8,0.99,input_at,1,36,0.06134333088994026,0,0.0005847201682627201,0.292574942111969,5.167096138000488,3.573087692260742,3.573087692260742,1.0,1.0
80,10,8,0.99,input_at,1,37,0.09119270741939545,0,0.0011201550951227546,0.2669954299926758,5.921088695526123,4.1431884765625,4.1431884765625,1.0,1.0
80,10,8,0.99,input_at,1,38,0.028854234144091606,0,0.00014004755939822644,0.32296085357666016,4.673494815826416,3.117262840270996,3.117262840270996,1.0,1.0
80,10,8,0.99,input_at,1,39,0.5562341809272766,1,0.04237046837806702,0.6414430737495422,2.289963483810425,8.461753845214844,2.353137493133545,1.0,0.0
80,10,8,0.99,input_at,1,40,0.33023548126220703,1,0.014865211211144924,0.6585187315940857,2.1665916442871094,5.75345516204834,2.6815426349639893,1.0,0.0
80,10,8,0.99,input_at,1,41,0.05190910026431084,0,0.00037134726881049573,0.44372469186782837,3.6344950199127197,3.636479139328003,3.636479139328003,1.0,1.0
80,10,8,0.99,input_at,1,42,0.04123475030064583,0,0.0004232373903505504,0.3787303864955902,4.288155555725098,4.442486763000488,4.442486763000488,1.0,1.0
80,10,8,0.99,input_at,1,43,0.2220298945903778,0,0.006763022392988205,0.3445218503475189,4.835298538208008,5.031618595123291,3.0873398780822754,1.0,0.0
80,10,8,0.99,input_at,1,44,0.1800720989704132,0,0.004512290470302105,0.2464401125907898,6.452070236206055,5.853722095489502,3.3521640300750732,1.0,0.0
80,10,8,0.99,input_at,1,45,0.258637934923172,0,0.00915474258363247,0.32778459787368774,4.840341091156006,5.843381404876709,3.0247509479522705,1.0,0.0
80,10,8,0.99,input_at,1,46,0.1935991644859314,0,0.005107787437736988,0.28021368384361267,5.609936714172363,5.9671478271484375,3.185042142868042,1.0,0.0
80,10,8,0.99,input_at,1,47,0.2328607141971588,0,0.0074980915524065495,0.4596322178840637,3.4768717288970947,6.4180908203125,3.297961473464966,1.0,0.0
80,10,8,0.99,input_at,1,48,0.12117262184619904,0,0.0020694276317954063,0.23464146256446838,6.693028450012207,5.512969970703125,4.2879533767700195,1.0,0.0
80,10,8,0.99,input_at,1,49,0.11180787533521652,0,0.001728579867631197,0.3800663948059082,3.9739270210266113,3.997147560119629,3.997147560119629,1.0,1.0
80,10,8,0.99,input_at,1,50,0.28257134556770325,0,0.010907569900155067,0.3215351104736328,4.859755992889404,6.407134532928467,2.8134095668792725,1.0,0.0
80,10,8,0.99,input_at,1,51,0.19911350309848785,0,0.005412677768617868,0.31489133834838867,4.444111347198486,5.413921356201172,3.1434824466705322,1.0,0.0
80,10,8,0.99,input_at,1,52,0.02074900083243847,0,8.549229823984206e-05,0.22274231910705566,6.877024173736572,5.023412704467773,5.023412704467773,1.0,1.0
80,10,8,0.99,input_at,1,53,0.38001707196235657,1,0.019907809793949127,0.4097503125667572,4.124457359313965,7.005148887634277,2.4813244342803955,1.0,0.0
80,10,8,0.99,input_at,1,54,0.5817404389381409,1,0.04642731323838234,0.5782161355018616,2.7177364826202393,10.099915504455566,2.0646581649780273,1.0,0.0
80,10,8,0.99,input_at,1,55,0.2039118856191635,0,0.005778913386166096,0.3311639726161957,5.3000898361206055,5.962186813354492,3.178055763244629,1.0,0.0
80,10,8,0.99,input_at,1,56,0.20376276969909668,0,0.005598248913884163,0.30551254749298096,5.1305718421936035,5.03558874130249,3.446734666824341,1.0,0.0
80,10,8,0.99,input_at,1,57,0.06981492787599564,0,0.0006668297573924065,0.26041558384895325,5.645747184753418,4.8468427658081055,4.8468427658081055,1.0,1.0
80,10,8,0.99,input_at,1,58,0.23238766193389893,0,0.007363909389823675,0.329250305891037,5.324165344238281,7.495732307434082,3.111839771270752,1.0,0.0
80,10,8,0.99,input_at,1,59,0.08127439022064209,0,0.0009518420556560159,0.253858357667923,6.890442848205566,5.804139137268066,5.042392253875732,1.0,0.0
80,10,8,0.99,input_at,1,60,0.2827070653438568,0,0.010926591232419014,0.33751192688941956,4.682986259460449,5.587929725646973,2.747612953186035,1.0,0.0
80,10,8,0.99,input_at,1,61,0.4443577527999878,1,0.027015961706638336,0.42311611771583557,3.921755075454712,7.630326747894287,2.3493242263793945,1.0,0.0
80,10,8,0.99,input_at,1,62,0.21489395201206207,0,0.006297581363469362,0.32764333486557007,4.780967712402344,5.749512195587158,3.137517213821411,1.0,0.0
80,10,8,0.99,input_at,1,63,0.35603654384613037,1,0.01749531365931034,0.5093869566917419,3.222808599472046,6.9138569831848145,2.758706569671631,1.0,0.0
80,10,8,0.99,input_at,1,64,0.4216509461402893,1,0.024399716407060623,0.30054548382759094,5.718071937561035,7.743300437927246,2.3877580165863037,1.0,0.0
80,10,8,0.99,input_at,1,65,0.06806402653455734,0,0.0006306754657998681,0.28008460998535156,5.255368709564209,4.173028945922852,4.173028945922852,1.0,1.0
80,10,8,0.99,input_at,1,66,0.3169058859348297,1,0.01375526376068592,0.3626682460308075,4.997048377990723,6.5241193771362305,2.7235305309295654,1.0,0.0
80,10,8,0.99,input_at,1,67,0.16950172185897827,0,0.00394104840233922,0.30939650535583496,5.313295364379883,6.160879135131836,3.4326841831207275,1.0,0.0
80,10,8,0.99,input_at,1,68,0.22230546176433563,0,0.006756687071174383,0.28511980175971985,6.409576416015625,6.339550495147705,3.01904296875,1.0,0.0
80,10,8,0.99,input_at,1,69,0.2170056402683258,0,0.006446278654038906,0.4165509343147278,3.9515974521636963,5.561519622802734,3.3187341690063477,1.0,0.0
80,10,8,0.99,input_at,1,70,0.6221716403961182,1,0.05304795503616333,0.626933217048645,2.392298460006714,9.502777099609375,2.0745186805725098,1.0,0.0
80,10,8,0.99,input_at,1,71,0.08380841463804245,0,0.0009711161255836487,0.2704688012599945,5.351499080657959,3.8057360649108887,3.8057360649108887,1.0,1.0
80,10,8,0.99,input_at,1,72,0.06078474968671799,0,0.00051066157175228,0.26164811849594116,6.162097930908203,4.811845302581787,4.811845302581787,1.0,1.0
80,10,8,0.99,input_at,1,73,0.9647303819656372,1,0.12712053954601288,0.7428464293479919,1.7694542407989502,12.094525337219238,1.748083233833313,1.0,0.0
80,10,8,0.99,input_at,1,74,0.4981764554977417,1,0.03392574191093445,0.5736579895019531,2.7582409381866455,7.8197102546691895,2.189666986465454,1.0,0.0
80,10,8,0.99,input_at,1,75,0.19802026450634003,0,0.005376391112804413,0.37761417031288147,4.0825419425964355,5.292899131774902,3.353679656982422,1.0,0.0
80,10,8,0.99,input_at,1,76,0.5245717167854309,1,0.03740439936518669,0.5684939622879028,2.7522432804107666,7.7855401039123535,2.172173500061035,1.0,0.0
80,10,8,0.99,input_at,1,77,0.3553464114665985,1,0.017238572239875793,0.3962174654006958,3.995802402496338,6.467428207397461,2.546473979949951,1.0,0.0
80,10,8,0.99,input_at,1,78,0.06861858814954758,0,0.000689334177877754,0.22042059898376465,7.254777431488037,5.862567901611328,5.237754821777344,1.0,0.0
80,10,8,0.99,input_at,1,79,0.4479563534259796,1,0.027476489543914795,0.4111086130142212,4.047762870788574,7.306172847747803,2.2373015880584717,1.0,0.0
80,10,8,0.99,input_at,2,0,1.2344484329223633,1,0.3977493345737457,0.7945868968963623,1.56496262550354,0.12117714434862137,0.4706887900829315,0.0,0.0
80,10,8,0.99,input_at,2,1,1.325128436088562,1,0.34446460008621216,0.8192878365516663,1.4692317247390747,0.11559312045574188,0.448803186416626,0.0,0.0
80,10,8,0.99,input_at,2,2,1.2576786279678345,1,0.3985545337200165,0.766099214553833,1.6644134521484375,0.12764325737953186,0.4749416410923004,0.0,0.0
80,10,8,0.99,input_at,2,3,1.1620540618896484,1,0.33385246992111206,0.7314240336418152,1.8152868747711182,0.11393466591835022,0.43099233508110046,0.0,0.0
80,10,8,0.99,input_at,2,4,1.1951768398284912,1,0.3362312614917755,0.7927190065383911,1.5678752660751343,0.12422583997249603,0.45760437846183777,0.0,0.0
80,10,8,0.99,input_at,2,5,1.1566332578659058,1,0.3112531006336212,0.7776381969451904,1.6187645196914673,0.10236207395792007,0.4070295989513397,0.0,0.0
80,10,8,0.99,input_at,2,6,1.2487506866455078,1,0.2804848551750183,0.7016782164573669,1.9645683765411377,0.10675106197595596,0.42056047916412354,0.0,0.0
80,10,8,0.99,input_at,2,7,1.1886955499649048,1,0.30533647537231445,0.7635648846626282,1.6781070232391357,0.10626665502786636,0.4238126873970032,0.0,0.0
80,10,8,0.99,input_at,2,8,1.4186930656433105,1,0.3865898549556732,0.739937961101532,1.7858240604400635,0.12268570810556412,0.4666373133659363,0.0,0.0
80,10,8,0.99,input_at,2,9,1.4747222661972046,1,0.41120949387550354,0.8059810996055603,1.5183238983154297,0.14525440335273743,0.4771729111671448,0.0,0.0
80,10,8,0.99,input_at,2,10,1.3014267683029175,1,0.3143194913864136,0.8252829313278198,1.4549964666366577,0.1216844916343689,0.456590861082077,0.0,0.0
80,10,8,0.99,input_at,2,11,1.496870517730713,1,0.37457671761512756,0.7551954388618469,1.7151085138320923,0.13086511194705963,0.4933168888092041,0.0,0.0
80,10,8,0.99,input_at,2,12,1.1783100366592407,1,0.21075008809566498,0.7624143958091736,1.6861565113067627,0.11702089756727219,0.4360145330429077,0.0,0.0
80,10,8,0.99,input_at,2,13,1.2542790174484253,1,0.23594245314598083,0.758091926574707,1.7013226747512817,0.11377839744091034,0.4295958876609802,0.0,0.0
80,10,8,0.99,input_at,2,14,1.4197787046432495,1,0.2722313106060028,0.8142565488815308,1.4862465858459473,0.1241597980260849,0.43828245997428894,0.0,0.0
80,10,8,0.99,input_at,2,15,0.4538596272468567,1,0.013162444345653057,0.6254934668540955,2.335019111633301,8.050616264343262,8.050616264343262,1.0,1.0
80,10,8,0.99,input_at,2,16,1.23989737033844,1,0.30037054419517517,0.7740364670753479,1.6279603242874146,0.11055150628089905,0.4153684079647064,0.0,0.0
80,10,8,0.99,input_at,2,17,1.3817236423492432,1,0.30427610874176025,0.7748780250549316,1.6301583051681519,0.13083674013614655,0.47944432497024536,0.0,0.0
80,10,8,0.99,input_at,2,18,1.3599791526794434,1,0.31791579723358154,0.7871846556663513,1.5899474620819092,0.1369369626045227,0.5183825492858887,0.0,0.0
80,10,8,0.99,input_at,2,19,1.2527592182159424,1,0.2843424677848816,0.7489280700683594,1.7293440103530884,0.12689156830310822,0.47182705998420715,0.0,0.0
80,10,8,0.99,input_at,2,20,1.2813745737075806,1,0.32211068272590637,0.8345784544944763,1.4210196733474731,0.1250317245721817,0.5254338979721069,0.0,0.0
80,10,8,0.99,input_at,2,21,1.4496817588806152,1,0.2696080505847931,0.8164538741111755,1.4881130456924438,0.1304238885641098,0.5314502120018005,0.0,0.0
80,10,8,0.99,input_at,2,22,1.2062931060791016,1,0.24287734925746918,0.755111813545227,1.717137336730957,0.14451341331005096,0.5366044640541077,0.0,0.0
80,10,8,0.99,input_at,2,23,1.1403995752334595,1,0.22739994525909424,0.7015887498855591,1.9444984197616577,0.14784909784793854,0.5235837697982788,0.0,0.0
80,10,8,0.99,input_at,2,24,0.09243055433034897,0,0.0005661836476065218,0.36128664016723633,3.9196481704711914,4.528619766235352,4.528619766235352,1.0,1.0
80,10,8,0.99,input_at,2,25,0.033929575234651566,0,8.556610555388033e-05,0.3732651472091675,4.156836032867432,4.108013153076172,4.108013153076172,1.0,1.0
80,10,8,0.99,input_at,2,26,1.106921672821045,1,0.1645311862230301,0.7703714966773987,1.6254388093948364,0.2196873277425766,0.6487104296684265,0.0,0.0
80,10,8,0.99,input_at,2,27,0.23480233550071716,0,0.003534540766850114,0.28816887736320496,5.069999694824219,5.454821586608887,5.3510589599609375,1.0,0.5
80,10,8,0.99,input_at,2,28,0.1681658774614334,0,0.0018800232792273164,0.38117584586143494,4.677331447601318,6.0083537101745605,6.0083537101745605,1.0,1.0
80,10,8,0.99,input_at,2,29,0.20729343593120575,0,0.0027757661882787943,0.393877238035202,4.450366020202637,5.166306495666504,4.783590316772461,1.0,0.0
80,10,8,0.99,input_at,2,30,0.14063946902751923,0,0.0012792673660442233,0.3465767502784729,4.611937522888184,5.141033172607422,5.141033172607422,1.0,1.0
80,10,8,0.99,input_at,2,31,0.07018951326608658,0,0.0003264741972088814,0.2569669485092163,5.89911413192749,5.994575500488281,5.994575500488281,1.0,1.0
80,10,8,0.99,input_at,2,32,0.11088097840547562,0,0.0008256530854851007,0.39615026116371155,4.221664905548096,4.175533294677734,4.175533294677734,1.0,1.0
80,10,8,0.99,input_at,2,33,0.2520863711833954,0,0.00408413540571928,0.472458153963089,3.695327043533325,5.632000923156738,4.306728839874268,1.0,0.0
80,10,8,0.99,input_at,2,34,0.031359244138002396,0,7.141363312257454e-05,0.39871224761009216,4.451460361480713,3.4820556640625,3.4820556640625,1.0,1.0
80,10,8,0.99,input_at,2,35,0.11167868226766586,0,0.0008111911010928452,0.4020443260669708,4.1469926834106445,4.6706743240356445,4.6706743240356445,1.0,1.0
80,10,8,0.99,input_at,2,36,0.22867122292518616,0,0.003348378464579582,0.4198760986328125,3.8256282806396484,6.065160751342773,6.065160751342773,1.0,1.0
80,10,8,0.99,input_at,2,37,0.02397209219634533,0,6.721963291056454e-05,0.37165337800979614,4.643087863922119,4.0357346534729,4.0357346534729,1.0,1.0
80,10,8,0.99,input_at,2,38,1.0646306276321411,1,0.07202025502920151,0.8495221138000488,1.373772382736206,12.910117149353027,12.910117149353027,1.0,1.0
80,10,8,0.99,input_at,2,39,0.1811026632785797,0,0.0021093334071338177,0.49989381432533264,3.1566338539123535,4.808753967285156,4.808753967285156,1.0,1.0
80,10,8,0.99,input_at,2,40,1.0265687704086304,1,0.06697522848844528,0.8044469356536865,1.5265804529190063,12.704472541809082,12.704472541809082,1.0,1.0
80,10,8,0.99,input_at,2,41,0.0618780292570591,0,0.0002517444081604481,0.3619675934314728,4.8938398361206055,4.1588263511657715,4.1588263511657715,1.0,1.0
80,10,8,0.99,input_at,2,42,0.2711995542049408,0,0.004734380636364222,0.4201969802379608,4.086583614349365,6.37848424911499,4.45674991607666,1.0,0.0
80,10,8,0.99,input_at,2,43,0.23770937323570251,0,0.0036400540266186,0.4036043882369995,4.446970462799072,5.985367774963379,4.368506908416748,1.0,0.0
80,10,8,0.99,input_at,2,44,1.1683292388916016,1,0.08710888028144836,0.7979078888893127,1.5532629489898682,13.522727966308594,13.522727966308594,1.0,1.0
80,10,8,0.99,input_at,2,45,0.6047242283821106,1,0.02341405861079693,0.6318050622940063,2.3547394275665283,9.046345710754395,3.1194655895233154,1.0,0.0
80,10,8,0.99,input_at,2,46,0.1474527269601822,0,0.0013866388471797109,0.3631893992424011,4.647043228149414,4.491724014282227,4.491724014282227,1.0,1.0
80,10,8,0.99,input_at,2,47,0.33391958475112915,1,0.007150913588702679,0.4409087300300598,3.7128937244415283,6.222736358642578,3.636143207550049,1.0,0.0
80,10,8,0.99,input_at,2,48,0.5534610748291016,1,0.01953996904194355,0.4887973666191101,3.40523362159729,9.524086952209473,9.524086952209473,1.0,1.0
80,10,8,0.99,input_at,2,49,0.25469541549682617,0,0.004141619428992271,0.33421674370765686,4.776280403137207,6.125533580780029,4.490138053894043,1.0,0.0
80,10,8,0.99,input_at,2,50,0.35018277168273926,1,0.007862508296966553,0.46418046951293945,3.5120365619659424,7.536535739898682,7.536535739898682,1.0,1.0
80,10,8,0.99,input_at,2,51,0.10215319693088531,0,0.0006746445433236659,0.5271809697151184,2.772552013397217,4.385913372039795,4.385913372039795,1.0,1.0
80,10,8,0.99,input_at,2,52,0.5336444973945618,1,0.01822398602962494,0.39011043310165405,4.559110641479492,8.346176147460938,3.4016592502593994,1.0,0.0
80,10,8,0.99,input_at,2,53,0.09490059316158295,0,0.0005837694043293595,0.4838836193084717,3.357142686843872,4.1667070388793945,4.1667070388793945,1.0,1.0
80,10,8,0.99,input_at,2,54,0.06766343116760254,0,0.00029636448016390204,0.3528709411621094,4.788394927978516,5.0241498947143555,5.0241498947143555,1.0,1.0
80,10,8,0.99,input_at,2,55,0.5831848978996277,1,0.02179891988635063,0.5443618297576904,2.9006385803222656,9.44991683959961,3.1213979721069336,1.0,0.0
80,10,8,0.99,input_at,2,56,0.4156661033630371,1,0.011017709970474243,0.45062756538391113,3.6608469486236572,7.170655250549316,7.170655250549316,1.0,1.0
80,10,8,0.99,input_at,2,57,0.28088250756263733,0,0.005073503125458956,0.5354909896850586,3.043165683746338,5.827998161315918,4.331449508666992,1.0,0.0
80,10,8,0.99,input_at,2,58,0.35246700048446655,1,0.007954948581755161,0.47478020191192627,3.5930984020233154,7.187180042266846,7.187180042266846,1.0,1.0
80,10,8,0.99,input_at,2,59,0.8614240288734436,1,0.04721486568450928,0.6765490770339966,2.1016016006469727,11.764449119567871,11.764449119567871,1.0,1.0
80,10,8,0.99,input_at,2,60,0.16664822399616241,0,0.0017977721290662885,0.49921149015426636,3.3702168464660645,6.187404632568359,5.75104284286499,1.0,0.125
80,10,8,0.99,input_at,2,61,0.294737309217453,0,0.005598555784672499,0.36534780263900757,4.846405982971191,5.718936443328857,4.060673713684082,1.0,0.0
80,10,8,0.99,input_at,2,62,0.421570748090744,1,0.01139784511178732,0.4620145857334137,3.519116163253784,7.017049789428711,7.017049789428711,1.0,1.0
80,10,8,0.99,input_at,2,63,0.9648335576057434,1,0.059442441910505295,0.8109205365180969,1.501203179359436,12.175724029541016,12.175724029541016,1.0,1.0
80,10,8,0.99,input_at,2,64,0.03041774220764637,0,7.284127059392631e-05,0.3453785181045532,4.902304172515869,5.091998100280762,5.091998100280762,1.0,1.0
80,10,8,0.99,input_at,2,65,0.17991125583648682,0,0.0020698581356555223,0.37614476680755615,4.268667697906494,5.636541843414307,5.636541843414307,1.0,1.0
80,10,8,0.99,input_at,2,66,0.10075853765010834,0,0.0006573954597115517,0.3370027542114258,4.3164448738098145,4.2362589836120605,4.2362589836120605,1.0,1.0
80,10,8,0.99,input_at,2,67,0.5520200729370117,1,0.019509507343173027,0.4753670394420624,3.6712379455566406,8.651373863220215,3.299354076385498,1.0,0.0
80,10,8,0.99,input_at,2,68,0.35345011949539185,1,0.008007670752704144,0.45292267203330994,3.5913681983947754,6.503425121307373,3.675283193588257,1.0,0.0
80,10,8,0.99,input_at,2,69,0.9336714744567871,1,0.05574781447649002,0.7607131600379944,1.6927452087402344,10.7380952835083,2.454728603363037,1.0,0.0
80,10,8,0.99,input_at,2,70,0.2427317500114441,0,0.003769956761971116,0.264634907245636,5.900226593017578,6.477976322174072,4.445727825164795,1.0,0.0
80,10,8,0.99,input_at,2,71,0.4489419758319855,1,0.012907357886433601,0.7602339386940002,1.6743180751800537,6.733643531799316,3.5167388916015625,1.0,0.0
80,10,8,0.99,input_at,2,72,0.7755645513534546,1,0.0385553278028965,0.650408148765564,2.2390544414520264,10.216802597045898,2.666703939437866,1.0,0.0
80,10,8,0.99,input_at,2,73,0.22347016632556915,0,0.0032139017712324858,0.26038658618927,5.659724235534668,6.914735317230225,4.2167439460754395,1.0,0.0
80,10,8,0.99,input_at,2,74,0.01910407468676567,0,6.299019150901586e-05,0.26426389813423157,5.851405620574951,4.48630428314209,4.48630428314209,1.0,1.0
80,10,8,0.99,input_at,2,75,0.6550131440162659,1,0.027539609000086784,0.5889528393745422,2.605553150177002,8.153884887695312,2.8022537231445312,1.0,0.0
80,10,8,0.99,input_at,2,76,0.8486020565032959,1,0.04607659578323364,0.6692909598350525,2.1389498710632324,10.2735595703125,2.53725528717041,1.0,0.0
80,10,8,0.99,input_at,2,77,0.6108925938606262,1,0.023898771032691002,0.5411569476127625,2.993443489074707,9.03959846496582,2.9059507846832275,1.0,0.0
80,10,8,0.99,input_at,2,78,0.06501462310552597,0,0.0010117238853126764,0.4473760426044464,3.383251905441284,3.6432008743286133,3.6432008743286133,1.0,1.0
80,10,8,0.99,input_at,2,79,0.4235619306564331,1,0.011512774042785168,0.44925031065940857,3.969987630844116,8.071434020996094,3.5077831745147705,1.0,0.0
80,10,8,0.99,input_at,3,0,1.3837510347366333,1,0.3880186975002289,0.7627665400505066,1.6713594198226929,0.12093468755483627,0.44484832882881165,0.0,0.0
80,10,8,0.99,input_at,3,1,1.2099287509918213,1,0.39605405926704407,0.7603228688240051,1.6963359117507935,0.120301753282547,0.45063677430152893,0.0,0.0
80,10,8,0.99,input_at,3,2,1.168100357055664,1,0.31210410594940186,0.8054159879684448,1.5211327075958252,0.11285389959812164,0.42111220955848694,0.0,0.0
80,10,8,0.99,input_at,3,3,1.2208786010742188,1,0.3307517170906067,0.7043969035148621,1.953077793121338,0.10812106728553772,0.41245442628860474,0.0,0.0
80,10,8,0.99,input_at,3,4,1.0778275728225708,1,0.3519068956375122,0.808010458946228,1.5127676725387573,0.10995732247829437,0.4265955984592438,0.0,0.0
80,10,8,0.99,input_at,3,5,1.3394513130187988,1,0.35007548332214355,0.8363820314407349,1.4176808595657349,0.136083722114563,0.459890753030777,0.0,0.0
80,10,8,0.99,input_at,3,6,1.3014922142028809,1,0.35644906759262085,0.730070948600769,1.8290183544158936,0.12336114794015884,0.4712378978729248,0.0,0.0
80,10,8,0.99,input_at,3,7,1.384501576423645,1,0.30170872807502747,0.7583229541778564,1.7021692991256714,0.11850955337285995,0.4478171169757843,0.0,0.0
80,10,8,0.99,input_at,3,8,1.4086984395980835,1,0.3498527705669403,0.8918005228042603,1.252587914466858,0.1335761845111847,0.45091259479522705,0.0,0.0
80,10,8,0.99,input_at,3,9,1.3078280687332153,1,0.29517433047294617,0.7937715649604797,1.5661591291427612,0.12241533398628235,0.4908408224582672,0.0,0.0
80,10,8,0.99,input_at,3,10,0.04804947227239609,0,0.0003086214710492641,0.3654728829860687,3.9845786094665527,2.727245807647705,2.727245807647705,1.0,1.0
80,10,8,0.99,input_at,3,11,1.415031909942627,1,0.3114754557609558,0.8464328646659851,1.3830230236053467,0.14206574857234955,0.44811156392097473,0.0,0.0
80,10,8,0.99,input_at,3,12,1.3428516387939453,1,0.33153459429740906,0.8599416613578796,1.345520257949829,0.13099297881126404,0.4845111668109894,0.0,0.0
80,10,8,0.99,input_at,3,13,1.2941792011260986,1,0.35119953751564026,0.8418785333633423,1.3941015005111694,0.13360212743282318,0.4771725535392761,0.0,0.0
80,10,8,0.99,input_at,3,14,1.377041220664978,1,0.36289969086647034,0.7804320454597473,1.6142985820770264,0.12941110134124756,0.4527078866958618,0.0,0.0
80,10,8,0.99,input_at,3,15,1.6591945886611938,1,0.3837154507637024,0.8592700362205505,1.346666693687439,0.1805884838104248,0.515685498714447,0.0,0.0
80,10,8,0.99,input_at,3,16,1.4194809198379517,1,0.33390069007873535,0.889572262763977,1.2601556777954102,0.11816070228815079,0.45501235127449036,0.0,0.0
80,10,8,0.99,input_at,3,17,1.4378587007522583,1,0.34914642572402954,0.8274072408676147,1.4441848993301392,0.13971126079559326,0.509797215461731,0.0,0.0
80,10,8,0.99,input_at,3,18,1.501577377319336,1,0.32826197147369385,0.8478118181228638,1.3817996978759766,0.1307225525379181,0.5142539143562317,0.0,0.0
80,10,8,0.99,input_at,3,19,1.1864103078842163,1,0.29028385877609253,0.7834343314170837,1.6015663146972656,0.12682640552520752,0.45470014214515686,0.0,0.0
80,10,8,0.99,input_at,3,20,1.4225738048553467,1,0.34175002574920654,0.8796467781066895,1.286652684211731,0.13143950700759888,0.4787307381629944,0.0,0.0
80,10,8,0.99,input_at,3,21,1.3001174926757812,1,0.28581860661506653,0.751227080821991,1.7376154661178589,0.1373067945241928,0.5060803294181824,0.0,0.0
80,10,8,0.99,input_at,3,22,1.6258294582366943,1,0.2923097014427185,0.8595098257064819,1.346032738685608,0.14130625128746033,0.4747709333896637,0.0,0.0
80,10,8,0.99,input_at,3,23,1.5153512954711914,1,0.28147903084754944,0.7769708037376404,1.6247689723968506,0.14061854779720306,0.5648736953735352,0.0,0.0
80,10,8,0.99,input_at,3,24,0.03551924228668213,0,0.0001491919538239017,0.3526598811149597,4.613591194152832,3.8094277381896973,3.8094277381896973,1.0,1.0
80,10,8,0.99,input_at,3,25,1.6139110326766968,1,0.31325629353523254,0.8769422769546509,1.2947896718978882,0.14340634644031525,0.5445465445518494,0.0,0.0
80,10,8,0.99,input_at,3,26,1.1947689056396484,1,0.2252287119626999,0.681957483291626,2.0651187896728516,0.1857663094997406,0.6672061085700989,0.0,0.0
80,10,8,0.99,input_at,3,27,0.02374603971838951,0,6.091586692491546e-05,0.36710816621780396,4.564654350280762,5.016458511352539,5.016458511352539,1.0,1.0
80,10,8,0.99,input_at,3,28,0.0982377678155899,0,0.0011690561659634113,0.3538278043270111,4.926060676574707,5.72572135925293,5.72572135925293,1.0,1.0
80,10,8,0.99,input_at,3,29,0.4204180836677551,1,0.022192398086190224,0.4283641278743744,3.869752883911133,6.76397705078125,6.76397705078125,1.0,1.0
80,10,8,0.99,input_at,3,30,0.20927542448043823,0,0.005353627726435661,0.2886064052581787,4.807446002960205,4.629414081573486,4.585193634033203,1.0,0.5
80,10,8,0.99,input_at,3,31,0.14463792741298676,0,0.002484884113073349,0.28093481063842773,5.9359211921691895,5.595117092132568,5.510795593261719,1.0,0.625
80,10,8,0.99,input_at,3,32,0.09336645156145096,0,0.001104156137444079,0.3023572564125061,5.414950370788574,2.757230043411255,2.757230043411255,1.0,1.0
80,10,8,0.99,input_at,3,33,0.05378313362598419,0,0.0003477315476629883,0.274662584066391,5.409430503845215,5.101461887359619,5.101461887359619,1.0,1.0
80,10,8,0.99,input_at,3,34,0.2818167209625244,0,0.009669440798461437,0.3641107976436615,4.146082401275635,5.994772911071777,5.994772911071777,1.0,1.0
80,10,8,0.99,input_at,3,35,0.024447143077850342,0,0.0001089816796593368,0.3022267818450928,5.450156211853027,3.658090829849243,3.658090829849243,1.0,1.0
80,10,8,0.99,input_at,3,36,0.12071078270673752,0,0.001989725511521101,0.3770540952682495,4.926645278930664,4.949433326721191,4.949433326721191,1.0,1.0
80,10,8,0.99,input_at,3,37,0.20478381216526031,0,0.005091581027954817,0.3247223198413849,4.694072723388672,4.539772987365723,4.532844543457031,1.0,0.875
80,10,8,0.99,input_at,3,38,0.0869155302643776,0,0.0009469147771596909,0.2512322962284088,6.016655921936035,4.723179817199707,4.723179817199707,1.0,1.0
80,10,8,0.99,input_at,3,39,0.04935450851917267,0,0.00030723577947355807,0.2586275339126587,6.479454040527344,4.8639702796936035,4.8639702796936035,1.0,1.0
80,10,8,0.99,input_at,3,40,0.08895578980445862,0,0.0009355407673865557,0.455871045589447,3.5483288764953613,4.4349045753479,4.4349045753479,1.0,1.0
80,10,8,0.99,input_at,3,41,0.07771210372447968,0,0.0007482932414859533,0.27069219946861267,5.719802379608154,3.6755404472351074,3.6755404472351074,1.0,1.0
80,10,8,0.99,input_at,3,42,0.10985247790813446,0,0.0014175547985360026,0.2600560784339905,5.575030326843262,4.045392036437988,4.045392036437988,1.0,1.0
80,10,8,0.99,input_at,3,43,0.05116264894604683,0,0.00033216335577890277,0.3360430896282196,4.849740982055664,5.483344078063965,5.483344078063965,1.0,1.0
80,10,8,0.99,input_at,3,44,0.06282845884561539,0,0.0005522262654267251,0.2811652719974518,5.8038458824157715,5.594176292419434,5.594176292419434,1.0,1.0
80,10,8,0.99,input_at,3,45,0.07075054943561554,0,0.0005781158688478172,0.33012279868125916,4.819686412811279,3.1609420776367188,3.1609420776367188,1.0,1.0
80,10,8,0.99,input_at,3,46,0.02712220326066017,0,0.00010591580212349072,0.29244378209114075,5.282960414886475,4.306414604187012,4.306414604187012,1.0,1.0
80,10,8,0.99,input_at,3,47,0.4038286805152893,1,0.020192863419651985,0.5480822920799255,2.792229652404785,5.467068672180176,3.572077512741089,1.0,0.0
80,10,8,0.99,input_at,3,48,0.46457305550575256,1,0.026639098301529884,0.44069820642471313,3.6430201530456543,7.136555194854736,3.3961784839630127,1.0,0.0
80,10,8,0.99,input_at,3,49,0.6421365737915039,1,0.05120387300848961,0.6088063716888428,2.510183572769165,8.803789138793945,3.242591619491577,1.0,0.0
80,10,8,0.99,input_at,3,50,0.04787013307213783,0,0.0003404517483431846,0.26513025164604187,5.83457612991333,4.327105522155762,4.327105522155762,1.0,1.0
80,10,8,0.99,input_at,3,51,0.4034348726272583,1,0.0200716033577919,0.44100049138069153,3.784292459487915,7.014991760253906,3.8086681365966797,1.0,0.0
80,10,8,0.99,input_at,3,52,0.16825070977210999,0,0.0034874659031629562,0.33895406126976013,4.750609874725342,5.18667459487915,5.18667459487915,1.0,1.0
80,10,8,0.99,input_at,3,53,0.14130175113677979,0,0.00241617439314723,0.375820130109787,4.580144882202148,4.445157527923584,4.445157527923584,1.0,1.0
80,10,8,0.99,input_at,3,54,0.17987827956676483,0,0.0038839196786284447,0.24555589258670807,6.0590596199035645,4.845969200134277,4.845969200134277,1.0,1.0
80,10,8,0.99,input_at,3,55,0.3868615925312042,1,0.01828080415725708,0.35782140493392944,5.21256685256958,8.438155174255371,3.743342399597168,1.0,0.0
80,10,8,0.99,input_at,3,56,0.4141165614128113,1,0.02095670811831951,0.35512134432792664,4.844392776489258,7.105722427368164,3.6984589099884033,1.0,0.0
80,10,8,0.99,input_at,3,57,0.3330777883529663,1,0.013453559949994087,0.3582168221473694,4.686672210693359,6.4971418380737305,3.951540470123291,1.0,0.0
80,10,8,0.99,input_at,3,58,0.4366661310195923,1,0.023263409733772278,0.3337760865688324,4.686990261077881,7.267806053161621,3.893327236175537,1.0,0.0
80,10,8,0.99,input_at,3,59,0.2923770248889923,0,0.010237119160592556,0.2609604001045227,5.764222621917725,6.875344276428223,4.056060314178467,1.0,0.0
80,10,8,0.99,input_at,3,60,0.3140479624271393,1,0.012302292510867119,0.33053675293922424,4.765968322753906,6.318173885345459,3.9872665405273438,1.0,0.0
80,10,8,0.99,input_at,3,61,0.14244051277637482,0,0.0025277596432715654,0.3833162784576416,4.230186462402344,5.511965751647949,5.1070876121521,1.0,0.0
80,10,8,0.99,input_at,3,62,0.4791201055049896,1,0.028207506984472275,0.36020296812057495,4.704389572143555,8.019134521484375,3.4691522121429443,1.0,0.0
80,10,8,0.99,input_at,3,63,0.3588966727256775,1,0.015853827819228172,0.4717836380004883,2.978078842163086,4.944761276245117,3.8948261737823486,1.0,0.0
80,10,8,0.99,input_at,3,64,0.10143527388572693,0,0.0012549092061817646,0.26433849334716797,5.482187747955322,5.108325004577637,5.108325004577637,1.0,1.0
80,10,8,0.99,input_at,3,65,0.2332882285118103,0,0.006713666953146458,0.26394644379615784,5.532551288604736,6.144929885864258,4.541726112365723,1.0,0.0
80,10,8,0.99,input_at,3,66,0.17881610989570618,0,0.0038118374068289995,0.3002602159976959,5.544536590576172,6.982067108154297,5.308895111083984,1.0,0.0
80,10,8,0.99,input_at,3,67,0.4077979028224945,1,0.020548781380057335,0.5199450254440308,3.0506083965301514,5.868268013000488,3.8232223987579346,1.0,0.0
80,10,8,0.99,input_at,3,68,0.09714492410421371,0,0.0011527582537382841,0.26414668560028076,5.95644474029541,4.525645732879639,4.525645732879639,1.0,1.0
80,10,8,0.99,input_at,3,69,0.42048361897468567,1,0.02181904949247837,0.4156598448753357,3.913771867752075,7.423975944519043,3.6497445106506348,1.0,0.0
80,10,8,0.99,input_at,3,70,0.2296549677848816,0,0.006384973414242268,0.28691595792770386,5.644760608673096,5.986926555633545,4.80695104598999,1.0,0.0
80,10,8,0.99,input_at,3,71,0.3054630756378174,1,0.011360988952219486,0.2675565183162689,5.840023517608643,5.86923885345459,3.991933584213257,1.0,0.0
80,10,8,0.99,input_at,3,72,0.03443834185600281,0,0.00022635507048107684,0.3568839430809021,4.552899360656738,4.6087212562561035,4.6087212562561035,1.0,1.0
80,10,8,0.99,input_at,3,73,0.07909881323575974,0,0.0007250171038322151,0.47070592641830444,3.6247787475585938,5.16839075088501,5.16839075088501,1.0,1.0
80,10,8,0.99,input_at,3,74,0.22021539509296417,0,0.006038638297468424,0.3376145362854004,4.6574859619140625,4.17839241027832,4.17839241027832,1.0,1.0
80,10,8,0.99,input_at,3,75,0.34292545914649963,1,0.014491508714854717,0.3241106867790222,4.858055114746094,6.716852188110352,3.981729507446289,1.0,0.0
80,10,8,0.99,input_at,3,76,0.31798067688941956,1,0.012494556605815887,0.36263394355773926,4.178741931915283,5.52821159362793,4.009779453277588,1.0,0.0
80,10,8,0.99,input_at,3,77,0.44708433747291565,1,0.024795109406113625,0.38547053933143616,4.498849868774414,7.31397819519043,3.637049913406372,1.0,0.0
80,10,8,0.99,input_at,3,78,0.020474407821893692,0,6.763002602383494e-05,0.24037884175777435,6.7069902420043945,5.027358531951904,5.027358531951904,1.0,1.0
80,10,8,0.99,input_at,3,79,0.07787685096263885,0,0.0008287344826385379,0.3636447787284851,4.458744049072266,5.634260654449463,5.634260654449463,1.0,1.0
80,10,8,0.99,input_at,4,0,1.3185526132583618,1,0.4490932822227478,0.7748740315437317,1.6380449533462524,0.15277309715747833,0.512880802154541,0.0,0.0
80,10,8,0.99,input_at,4,1,1.2573826313018799,1,0.42257454991340637,0.7894284725189209,1.5759406089782715,0.1193220242857933,0.45961353182792664,0.0,0.0
80,10,8,0.99,input_at,4,2,1.1862682104110718,1,0.40608981251716614,0.7867609262466431,1.5944956541061401,0.1185838058590889,0.4501881003379822,0.0,0.0
80,10,8,0.99,input_at,4,3,0.042198121547698975,0,0.0003080178867094219,0.22585166990756989,7.033588886260986,3.8637261390686035,3.8637261390686035,1.0,1.0
80,10,8,0.99,input_at,4,4,1.121247410774231,1,0.3800486624240875,0.7174923419952393,1.8743579387664795,0.1062297523021698,0.42445582151412964,0.0,0.0
80,10,8,0.99,input_at,4,5,1.171785831451416,1,0.3584795296192169,0.8284823298454285,1.445705533027649,0.10695477575063705,0.4114725589752197,0.0,0.0
80,10,8,0.99,input_at,4,6,1.2313482761383057,1,0.37859687209129333,0.8155583739280701,1.489754557609558,0.11489135771989822,0.4275483191013336,0.0,0.0
80,10,8,0.99,input_at,4,7,1.3360098600387573,1,0.38607102632522583,0.7981277108192444,1.545447587966919,0.12174011021852493,0.45077696442604065,0.0,0.0
80,10,8,0.99,input_at,4,8,1.4417357444763184,1,0.3995598554611206,0.8528483510017395,1.3677093982696533,0.1547616869211197,0.5236979126930237,0.0,0.0
80,10,8,0.99,input_at,4,9,1.1493982076644897,1,0.3626028299331665,0.7789878845214844,1.6137542724609375,0.10975126922130585,0.42708340287208557,0.0,0.0
80,10,8,0.99,input_at,4,10,1.3466322422027588,1,0.32485073804855347,0.8477962613105774,1.381899356842041,0.14020004868507385,0.4871969223022461,0.0,0.0
80,10,8,0.99,input_at,4,11,1.1294933557510376,1,0.34708917140960693,0.7897732257843018,1.582289457321167,0.11524275690317154,0.4494825601577759,0.0,0.0
80,10,8,0.99,input_at,4,12,1.2222836017608643,1,0.3322618305683136,0.8601521253585815,1.3452277183532715,0.13331513106822968,0.4821193218231201,0.0,0.0
80,10,8,0.99,input_at,4,13,1.2088685035705566,1,0.3363460600376129,0.7624243497848511,1.6909881830215454,0.11178308725357056,0.4112796187400818,0.0,0.0
80,10,8,0.99,input_at,4,14,1.3664542436599731,1,0.3316488265991211,0.8453649878501892,1.385811686515808,0.12752540409564972,0.46825844049453735,0.0,0.0
80,10,8,0.99,input_at,4,15,1.319930076599121,1,0.32692858576774597,0.8532940149307251,1.3651248216629028,0.11974097788333893,0.4445033073425293,0.0,0.0
80,10,8,0.99,input_at,4,16,1.4197660684585571,1,0.3156772255897522,0.7847931385040283,1.6034964323043823,0.14866943657398224,0.4961996376514435,0.0,0.0
80,10,8,0.99,input_at,4,17,1.477944016456604,1,0.37082505226135254,0.8865649700164795,1.267993688583374,0.14937186241149902,0.5276157259941101,0.0,0.0
80,10,8,0.99,input_at,4,18,1.3097834587097168,1,0.31043145060539246,0.7722669839859009,1.6531736850738525,0.1364453136920929,0.5275022387504578,0.0,0.0
80,10,8,0.99,input_at,4,19,1.3949486017227173,1,0.3651096224784851,0.7511287331581116,1.7328509092330933,0.13828353583812714,0.4962594509124756,0.0,0.0
80,10,8,0.99,input_at,4,20,1.3940064907073975,1,0.3142080008983612,0.8880941867828369,1.2636768817901611,0.12235072255134583,0.5346376299858093,0.0,0.0
80,10,8,0.99,input_at,4,21,1.3333725929260254,1,0.2774772047996521,0.7536641955375671,1.7262970209121704,0.1744786500930786,0.5444137454032898,0.0,0.0
80,10,8,0.99,input_at,4,22,1.0401381254196167,1,0.29122859239578247,0.8720713257789612,1.3073837757110596,0.11682797968387604,0.46593132615089417,0.0,0.0
80,10,8,0.99,input_at,4,23,1.3667371273040771,1,0.32381170988082886,0.8198149800300598,1.4761093854904175,0.12032002210617065,0.461965411901474,0.0,0.0
80,10,8,0.99,input_at,4,24,0.03239460662007332,0,0.00017593702068552375,0.2692470848560333,5.416645526885986,3.788539409637451,3.788539409637451,1.0,1.0
80,10,8,0.99,input_at,4,25,0.019866930320858955,0,0.00010291420039720833,0.5018019080162048,3.0900862216949463,2.6693625450134277,2.6693625450134277,1.0,1.0
80,10,8,0.99,input_at,4,26,0.01986072212457657,0,9.975643479265273e-05,0.35270464420318604,5.019402027130127,3.0404605865478516,3.0404605865478516,1.0,1.0
80,10,8,0.99,input_at,4,27,0.8224272131919861,1,0.1262817531824112,0.7258328795433044,1.8415089845657349,0.23661881685256958,1.0559477806091309,0.0,0.0
80,10,8,0.99,input_at,4,28,1.0198971033096313,1,0.21837274730205536,0.641163170337677,2.285487413406372,0.16624099016189575,0.6557629108428955,0.0,0.0
80,10,8,0.99,input_at,4,29,0.06174595281481743,0,0.0005806137924082577,0.4029276669025421,4.155529499053955,4.681280612945557,4.681280612945557,1.0,1.0
80,10,8,0.99,input_at,4,30,0.14864684641361237,0,0.003309178166091442,0.30943211913108826,5.49608850479126,4.542065143585205,4.542065143585205,1.0,1.0
80,10,8,0.99,input_at,4,31,0.7363182306289673,1,0.11123335361480713,0.5936819314956665,2.6294262409210205,0.26663073897361755,1.2851670980453491,0.0,0.0
80,10,8,0.99,input_at,4,32,0.03387503698468208,0,0.0001739602448651567,0.27091512084007263,5.724857807159424,4.733518600463867,4.733518600463867,1.0,1.0
80,10,8,0.99,input_at,4,33,0.14471355080604553,0,0.003124597016721964,0.3063945770263672,5.55922269821167,5.411141395568848,5.3936028480529785,1.0,0.75
80,10,8,0.99,input_at,4,34,0.24435646831989288,0,0.008951402269303799,0.43740081787109375,3.5231759548187256,5.250632286071777,4.375802040100098,1.0,0.0
80,10,8,0.99,input_at,4,35,0.02520015649497509,0,0.00012161670019850135,0.22646339237689972,6.271725654602051,4.437397003173828,4.437397003173828,1.0,1.0
80,10,8,0.99,input_at,4,36,0.03855277970433235,0,0.0002700928889680654,0.3224885165691376,5.054332733154297,3.2229719161987305,3.2229719161987305,1.0,1.0
80,10,8,0.99,input_at,4,37,0.1552506685256958,0,0.003666278440505266,0.4424407482147217,3.6230382919311523,3.795562982559204,3.795562982559204,1.0,1.0
80,10,8,0.99,input_at,4,38,0.15020640194416046,0,0.0033376042265444994,0.3055666387081146,4.451935291290283,3.8522496223449707,3.8522496223449707,1.0,1.0
80,10,8,0.99,input_at,4,39,0.08042321354150772,0,0.0009833042277023196,0.20576481521129608,7.5551533699035645,4.969546318054199,4.969546318054199,1.0,1.0
80,10,8,0.99,input_at,4,40,0.17234867811203003,0,0.004494155757129192,0.27771008014678955,5.974440097808838,5.485372066497803,5.072571277618408,1.0,0.0
80,10,8,0.99,input_at,4,41,0.17808599770069122,0,0.004806480836123228,0.22781121730804443,7.142034530639648,5.4258317947387695,4.5637335777282715,1.0,0.0
80,10,8,0.99,input_at,4,42,0.08044429868459702,0,0.0009892017114907503,0.2992323338985443,5.319405555725098,3.84005069732666,3.84005069732666,1.0,1.0
80,10,8,0.99,input_at,4,43,0.04666680470108986,0,0.0003384677693247795,0.3541417419910431,5.0537543296813965,4.040183067321777,4.040183067321777,1.0,1.0
80,10,8,0.99,input_at,4,44,0.026819657534360886,0,0.00013637871597893536,0.34246018528938293,4.7733283042907715,2.6059601306915283,2.6059601306915283,1.0,1.0
80,10,8,0.99,input_at,4,45,0.07657904177904129,0,0.0008883301052264869,0.31413599848747253,5.220009803771973,3.7651872634887695,3.7651872634887695,1.0,1.0
80,10,8,0.99,input_at,4,46,0.15628618001937866,0,0.0035949666053056717,0.33474743366241455,4.734083652496338,4.241889476776123,4.241889476776123,1.0,1.0
80,10,8,0.99,input_at,4,47,0.09748438745737076,0,0.001435483805835247,0.2649407386779785,6.13700532913208,4.390438079833984,4.390438079833984,1.0,1.0
80,10,8,0.99,input_at,4,48,0.16087423264980316,0,0.003935686778277159,0.32088354229927063,4.973115921020508,4.325111389160156,4.325111389160156,1.0,1.0
80,10,8,0.99,input_at,4,49,0.4701865315437317,1,0.03335495665669441,0.48652639985084534,3.378286600112915,7.259109020233154,3.473755121231079,1.0,0.0
80,10,8,0.99,input_at,4,50,0.2496364414691925,0,0.009338621981441975,0.3147454261779785,5.078572750091553,5.798294544219971,4.619973182678223,1.0,0.0
80,10,8,0.99,input_at,4,51,0.28705573081970215,0,0.012415526434779167,0.37937653064727783,4.552713394165039,6.297674179077148,3.89276123046875,1.0,0.0
80,10,8,0.99,input_at,4,52,0.1978001445531845,0,0.005818675737828016,0.31045863032341003,4.872280120849609,5.088289260864258,4.9339280128479,1.0,0.25
80,10,8,0.99,input_at,4,53,0.33034464716911316,1,0.01629101298749447,0.4403066635131836,3.8114190101623535,6.7578020095825195,3.815382719039917,1.0,0.0
80,10,8,0.99,input_at,4,54,0.5868440866470337,1,0.05124371126294136,0.5168253779411316,3.225062608718872,8.844353675842285,3.0411572456359863,1.0,0.0
80,10,8,0.99,input_at,4,55,0.37670305371284485,1,0.02116931788623333,0.29763954877853394,5.977482318878174,7.34748649597168,3.698294162750244,1.0,0.0
80,10,8,0.99,input_at,4,56,0.19302895665168762,0,0.005725501570850611,0.31467708945274353,5.457316875457764,4.771803379058838,4.771803379058838,1.0,1.0
80,10,8,0.99,input_at,4,57,0.026602283120155334,0,0.00017763214418664575,0.37206533551216125,4.588937759399414,2.932002067565918,2.932002067565918,1.0,1.0
80,10,8,0.99,input_at,4,58,0.19729676842689514,0,0.0057350751012563705,0.35449105501174927,4.397939205169678,4.834412097930908,4.834412097930908,1.0,1.0
80,10,8,0.99,input_at,4,59,0.3016567528247833,1,0.013678411021828651,0.3868202269077301,4.54047155380249,5.849717140197754,3.6520917415618896,1.0,0.0
80,10,8,0.99,input_at,4,60,0.4298536777496338,1,0.02750338613986969,0.3429761230945587,4.963984966278076,6.9503173828125,3.457301616668701,1.0,0.0
80,10,8,0.99,input_at,4,61,0.11533626914024353,0,0.0020272338297218084,0.3167578876018524,5.467329502105713,4.7190022468566895,4.7190022468566895,1.0,1.0
80,10,8,0.99,input_at,4,62,0.12674105167388916,0,0.0023610445205122232,0.39750081300735474,3.9543333053588867,5.349917888641357,5.349917888641357,1.0,1.0
80,10,8,0.99,input_at,4,63,0.02264110930263996,0,0.00010224972356809303,0.2811638116836548,5.6923956871032715,3.8698647022247314,3.8698647022247314,1.0,1.0
80,10,8,0.99,input_at,4,64,0.22416476905345917,0,0.007523308042436838,0.3305421471595764,4.567675590515137,5.87669563293457,4.040820121765137,1.0,0.0
80,10,8,0.99,input_at,4,65,0.16267691552639008,0,0.00394595880061388,0.3258740305900574,4.912059783935547,4.735218048095703,4.735218048095703,1.0,1.0
80,10,8,0.99,input_at,4,66,0.04363900423049927,0,0.00028611760353669524,0.2749480605125427,5.725037097930908,4.449318885803223,4.449318885803223,1.0,1.0
80,10,8,0.99,input_at,4,67,0.03752480447292328,0,0.00023720291210338473,0.2626408338546753,5.1805524826049805,4.631455898284912,4.631455898284912,1.0,1.0
80,10,8,0.99,input_at,4,68,0.3175243139266968,1,0.015152405016124249,0.35277336835861206,4.552618026733398,5.942704200744629,3.7782211303710938,1.0,0.0
80,10,8,0.99,input_at,4,69,0.1812722384929657,0,0.004901987966150045,0.4198013246059418,3.759253740310669,4.337021827697754,4.337021827697754,1.0,1.0
80,10,8,0.99,input_at,4,70,0.1968340128660202,0,0.005702310707420111,0.30185171961784363,5.272151947021484,5.15631103515625,5.15631103515625,1.0,1.0
80,10,8,0.99,input_at,4,71,0.09192134439945221,0,0.001229531248100102,0.2528805732727051,5.509666919708252,4.119344711303711,4.119344711303711,1.0,1.0
80,10,8,0.99,input_at,4,72,0.22565536201000214,0,0.007704857271164656,0.34365159273147583,4.928861618041992,4.635468006134033,4.584832191467285,1.0,0.75
80,10,8,0.99,input_at,4,73,1.0377498865127563,1,0.1614665687084198,0.7168866991996765,1.8791645765304565,13.363258361816406,2.5159943103790283,1.0,0.0
80,10,8,0.99,input_at,4,74,0.35721123218536377,1,0.01914442703127861,0.35375234484672546,4.710789680480957,7.054376602172852,3.667952537536621,1.0,0.0
80,10,8,0.99,input_at,4,75,0.21001271903514862,0,0.00656301761046052,0.2766176760196686,5.431490421295166,5.712385177612305,4.593839645385742,1.0,0.0
80,10,8,0.99,input_at,4,76,0.5281944274902344,1,0.04188928380608559,0.39636290073394775,4.537037372589111,8.972122192382812,3.3254618644714355,1.0,0.0
80,10,8,0.99,input_at,4,77,0.4352385699748993,1,0.0281851664185524,0.4011254608631134,4.415698051452637,6.670522689819336,6.670522689819336,1.0,1.0
80,10,8,0.99,input_at,4,78,0.05095050483942032,0,0.0004158349765930325,0.3121126592159271,5.161764144897461,3.8469061851501465,3.8469061851501465,1.0,1.0
80,10,8,0.99,input_at,4,79,0.047259360551834106,0,0.00040182514931075275,0.25767600536346436,5.992742538452148,3.5299718379974365,3.5299718379974365,1.0,1.0
80,10,8,0.99,lat,0,0,2.617501974105835,1,0.4144631624221802,0.8687520623207092,1.3182358741760254,0.2216874361038208,0.753261148929596,0.0,0.0
80,10,8,0.99,lat,0,1,2.6497304439544678,1,0.44325360655784607,0.7876601219177246,1.5930694341659546,0.22967533767223358,0.8066466450691223,0.0,0.0
80,10,8,0.99,lat,0,2,2.3527939319610596,1,0.3389829695224762,0.8290945887565613,1.4419937133789062,0.23014073073863983,0.6964409351348877,0.0,0.0
80,10,8,0.99,lat,0,3,3.3799984455108643,1,0.5443710684776306,0.8976744413375854,1.238325595855713,0.3268618583679199,0.9151086211204529,0.0,0.0
80,10,8,0.99,lat,0,4,1.552208662033081,1,0.23212650418281555,0.5427588224411011,3.0044922828674316,0.1482047289609909,0.5711775422096252,0.0,0.0
80,10,8,0.99,lat,0,5,2.25457763671875,1,0.38480401039123535,0.8117534518241882,1.4987927675247192,0.20098066329956055,0.671320378780365,0.0,0.0
80,10,8,0.99,lat,0,6,1.8440937995910645,1,0.23119251430034637,0.7884024381637573,1.5896522998809814,0.15242908895015717,0.5670596361160278,0.0,0.0
80,10,8,0.99,lat,0,7,3.8111627101898193,1,0.5863694548606873,0.940664529800415,1.1291614770889282,0.4200558364391327,1.1632359027862549,0.0,0.0
80,10,8,0.99,lat,0,8,1.866098165512085,1,0.2544611394405365,0.6815846562385559,1.9584180116653442,0.14883270859718323,0.5686874985694885,0.0,0.0
80,10,8,0.99,lat,0,9,1.870723843574524,1,0.2559281587600708,0.7218514084815979,1.8757909536361694,0.18095102906227112,0.6647378206253052,0.0,0.0
80,10,8,0.99,lat,0,10,0.057169776409864426,0,0.0001900645875139162,0.40492141246795654,4.343306064605713,5.397284507751465,5.397284507751465,1.0,1.0
80,10,8,0.99,lat,0,11,2.1175124645233154,1,0.30553725361824036,0.8716114163398743,1.3113003969192505,0.15678095817565918,0.5881828665733337,0.0,0.0
80,10,8,0.99,lat,0,12,2.1560773849487305,1,0.3361019790172577,0.77862548828125,1.6253461837768555,0.20118942856788635,0.7285016179084778,0.0,0.0
80,10,8,0.99,lat,0,13,1.7831288576126099,1,0.303288996219635,0.7048804759979248,1.9432882070541382,0.17507076263427734,0.6010404825210571,0.0,0.0
80,10,8,0.99,lat,0,14,1.8607271909713745,1,0.25133460760116577,0.8289192318916321,1.4433166980743408,0.1617431342601776,0.6151040196418762,0.0,0.0
80,10,8,0.99,lat,0,15,2.0027527809143066,1,0.3081473708152771,0.7753215432167053,1.6395472288131714,0.13811485469341278,0.5130636692047119,0.0,0.0
80,10,8,0.99,lat,0,16,1.8493175506591797,1,0.2240675985813141,0.6916953921318054,1.997636318206787,0.21847113966941833,0.6584393382072449,0.0,0.0
80,10,8,0.99,lat,0,17,1.9815973043441772,1,0.2919161319732666,0.7671560049057007,1.666043996810913,0.13322196900844574,0.5277262926101685,0.0,0.0
80,10,8,0.99,lat,0,18,1.9228609800338745,1,0.26323768496513367,0.7476761937141418,1.7411234378814697,0.19847993552684784,0.6994742155075073,0.0,0.0
80,10,8,0.99,lat,0,19,1.9736512899398804,1,0.3128320872783661,0.7770751118659973,1.6317203044891357,0.15464650094509125,0.5964622497558594,0.0,0.0
80,10,8,0.99,lat,0,20,1.9860053062438965,1,0.30350905656814575,0.7504960894584656,1.7422162294387817,0.15495739877223969,0.6111578941345215,0.0,0.0
80,10,8,0.99,lat,0,21,2.0789854526519775,1,0.302649587392807,0.8006386160850525,1.5317293405532837,0.17353777587413788,0.5801673531532288,0.0,0.0
80,10,8,0.99,lat,0,22,1.8851368427276611,1,0.19947421550750732,0.7052046656608582,1.9535620212554932,0.19238576292991638,0.6544929146766663,0.0,0.0
80,10,8,0.99,lat,0,23,1.7596079111099243,1,0.20735502243041992,0.7127698659896851,1.9153934717178345,0.1517096757888794,0.5885229706764221,0.0,0.0
80,10,8,0.99,lat,0,24,1.9984344244003296,1,0.26400890946388245,0.7792528867721558,1.6209458112716675,0.1442326009273529,0.5036659240722656,0.0,0.0
80,10,8,0.99,lat,0,25,1.898876667022705,1,0.2569067180156708,0.6639599800109863,2.168529748916626,0.18730494379997253,0.6800749897956848,0.0,0.0
80,10,8,0.99,lat,0,26,1.8942902088165283,1,0.20837794244289398,0.7534798979759216,1.7289669513702393,0.22493217885494232,0.6256809830665588,0.0,0.0
80,10,8,0.99,lat,0,27,1.6917550563812256,1,0.1529703438282013,0.7005429267883301,1.9498989582061768,0.2437703162431717,0.6307312846183777,0.0,0.0
80,10,8,0.99,lat,0,28,0.8212375640869141,1,0.0444660559296608,0.4292142987251282,4.009601593017578,0.4318694770336151,3.165210247039795,0.0,0.0
80,10,8,0.99,lat,0,29,1.763647437095642,1,0.21610862016677856,0.8230798840522766,1.4623193740844727,0.28790611028671265,0.6555100083351135,0.0,0.0
80,10,8,0.99,lat,0,30,1.490268588066101,1,0.1331937313079834,0.719894528388977,1.8785474300384521,0.18758642673492432,0.6437113285064697,0.0,0.0
80,10,8,0.99,lat,0,31,1.4611395597457886,1,0.12872843444347382,0.6661877632141113,2.1536405086517334,0.3811067044734955,0.9596251845359802,0.0,0.0
80,10,8,0.99,lat,0,32,1.567154049873352,1,0.1587846875190735,0.6106813549995422,2.5150911808013916,0.2813935875892639,0.9825996160507202,0.0,0.0
80,10,8,0.99,lat,0,33,0.30359145998954773,1,0.005560004152357578,0.32255277037620544,4.6507086753845215,8.155735969543457,8.155735969543457,1.0,1.0
80,10,8,0.99,lat,0,34,0.5581873059272766,1,0.01915920525789261,0.44130605459213257,3.8610854148864746,1.3295339345932007,12.089088439941406,0.0,1.0
80,10,8,0.99,lat,0,35,0.11545935273170471,0,0.0008325825911015272,0.3314968943595886,4.3152289390563965,5.030235767364502,5.030235767364502,1.0,1.0
80,10,8,0.99,lat,0,36,0.2443603128194809,0,0.0036561177112162113,0.2788505256175995,5.305363655090332,9.817516326904297,9.817516326904297,1.0,1.0
80,10,8,0.99,lat,0,37,0.14646728336811066,0,0.0014718243619427085,0.320682555437088,5.058832168579102,7.68646240234375,7.68646240234375,1.0,1.0
80,10,8,0.99,lat,0,38,0.07342587411403656,0,0.00036837250809185207,0.32722756266593933,5.463204860687256,7.43924617767334,7.43924617767334,1.0,1.0
80,10,8,0.99,lat,0,39,0.18928252160549164,0,0.0019988729618489742,0.36260849237442017,4.622642993927002,3.1179046630859375,6.579616069793701,0.0,1.0
80,10,8,0.99,lat,0,40,0.22688090801239014,0,0.0029140315018594265,0.26881036162376404,6.281238555908203,8.865102767944336,8.865102767944336,1.0,1.0
80,10,8,0.99,lat,0,41,0.26092401146888733,0,0.0036141090095043182,0.300711452960968,5.4330878257751465,8.918149948120117,6.803802013397217,1.0,0.0
80,10,8,0.99,lat,0,42,0.15983346104621887,0,0.0014535477384924889,0.27277490496635437,5.701910495758057,8.715058326721191,8.715058326721191,1.0,1.0
80,10,8,0.99,lat,0,43,0.020003268495202065,0,2.891285839723423e-05,0.26297470927238464,5.35969877243042,5.376809120178223,5.376809120178223,1.0,1.0
80,10,8,0.99,lat,0,44,0.0317009761929512,0,7.161093526519835e-05,0.32282453775405884,5.174632549285889,5.781363487243652,5.781363487243652,1.0,1.0
80,10,8,0.99,lat,0,45,0.467469185590744,1,0.011383110657334328,0.3785251975059509,4.604655742645264,9.50090217590332,5.876340389251709,1.0,0.0
80,10,8,0.99,lat,0,46,0.42815133929252625,1,0.009273693896830082,0.41089868545532227,4.250827789306641,8.633278846740723,8.633278846740723,1.0,1.0
80,10,8,0.99,lat,0,47,0.3390960991382599,1,0.005784074775874615,0.32524198293685913,5.322338581085205,8.384713172912598,6.5544867515563965,1.0,0.0
80,10,8,0.99,lat,0,48,0.017725028097629547,0,2.395344381511677e-05,0.26188063621520996,6.254755973815918,6.9703240394592285,6.9703240394592285,1.0,1.0
80,10,8,0.99,lat,0,49,0.05045194551348686,0,0.00018822427955456078,0.24660754203796387,6.3099894523620605,7.786214351654053,7.786214351654053,1.0,1.0
80,10,8,0.99,lat,0,50,0.21709351241588593,0,0.0026629820931702852,0.297463595867157,5.734446048736572,8.584790229797363,7.840333938598633,1.0,0.0
80,10,8,0.99,lat,0,51,0.17076323926448822,0,0.0017314041033387184,0.29663869738578796,5.662562370300293,6.316662788391113,6.629630088806152,0.0,1.0
80,10,8,0.99,lat,0,52,0.3478237986564636,1,0.00911843404173851,0.3551284968852997,5.105101585388184,10.96850299835205,6.810978412628174,1.0,0.0
80,10,8,0.99,lat,0,53,0.17385391891002655,0,0.0015746207209303975,0.22029003500938416,6.583663463592529,6.584188461303711,6.584188461303711,1.0,1.0
80,10,8,0.99,lat,0,54,0.2507307827472687,0,0.003368461737409234,0.3476856052875519,4.943042755126953,8.722018241882324,8.661965370178223,1.0,0.625
80,10,8,0.99,lat,0,55,0.27301618456840515,0,0.004018502775579691,0.4529345631599426,3.623554229736328,7.485657691955566,6.960991859436035,1.0,0.0
80,10,8,0.99,lat,0,56,0.020292356610298157,0,3.112516424153e-05,0.23442569375038147,7.0505900382995605,8.20311450958252,8.20311450958252,1.0,1.0
80,10,8,0.99,lat,0,57,0.20587050914764404,0,0.0022498166654258966,0.3922364115715027,4.037915229797363,5.992609977722168,5.992609977722168,1.0,1.0
80,10,8,0.99,lat,0,58,0.42623016238212585,1,0.009395616129040718,0.32368338108062744,4.905178070068359,8.165901184082031,5.215160846710205,1.0,0.0
80,10,8,0.99,lat,0,59,0.5282239317893982,1,0.018546152859926224,0.23968954384326935,6.519637584686279,11.530206680297852,7.29060697555542,1.0,0.0
80,10,8,0.99,lat,0,60,0.4647117555141449,1,0.01181091833859682,0.29692932963371277,5.6588592529296875,9.420355796813965,5.888137340545654,1.0,0.0
80,10,8,0.99,lat,0,61,0.08673953264951706,0,0.0004415983275976032,0.3934296667575836,4.379862308502197,7.414993762969971,7.414993762969971,1.0,1.0
80,10,8,0.99,lat,0,62,0.25788527727127075,0,0.0034403731115162373,0.37417611479759216,4.801056861877441,11.918533325195312,7.710289001464844,1.0,0.0
80,10,8,0.99,lat,0,63,0.18115176260471344,0,0.0018052277155220509,0.233490452170372,6.119208335876465,6.08060359954834,6.08060359954834,1.0,1.0
80,10,8,0.99,lat,0,64,0.05206004157662392,0,0.00019612352480180562,0.22807036340236664,7.091001510620117,8.02618408203125,8.02618408203125,1.0,1.0
80,10,8,0.99,lat,0,65,0.12446065247058868,0,0.0008587338379584253,0.3076733350753784,5.343078136444092,5.887202739715576,5.887202739715576,1.0,1.0
80,10,8,0.99,lat,0,66,0.06064419820904732,0,0.0002955443924292922,0.3632657825946808,4.810247898101807,9.149091720581055,9.149091720581055,1.0,1.0
80,10,8,0.99,lat,0,67,0.12700408697128296,0,0.0008459508535452187,0.24749913811683655,6.465663433074951,7.49248743057251,7.49248743057251,1.0,1.0
80,10,8,0.99,lat,0,68,0.06807415932416916,0,0.0002354001917410642,0.35195451974868774,4.867461204528809,7.914928436279297,7.914928436279297,1.0,1.0
80,10,8,0.99,lat,0,69,0.595706045627594,1,0.01864633709192276,0.37403273582458496,4.532094478607178,10.596928596496582,6.3162055015563965,1.0,0.0
80,10,8,0.99,lat,0,70,0.11360687017440796,0,0.000692392757628113,0.19735580682754517,7.132591724395752,7.018378257751465,7.018378257751465,1.0,1.0
80,10,8,0.99,lat,0,71,0.10850442945957184,0,0.0007004417711868882,0.2682996392250061,6.194684982299805,7.153885841369629,7.153885841369629,1.0,1.0
80,10,8,0.99,lat,0,72,0.2788279354572296,0,0.004144024569541216,0.32411128282546997,5.3668599128723145,10.238648414611816,10.238648414611816,1.0,1.0
80,10,8,0.99,lat,0,73,1.4018553495407104,1,0.12379107624292374,0.5761290788650513,2.7436656951904297,4.193184852600098,1.547810435295105,0.0,0.0
80,10,8,0.99,lat,0,74,0.2902679145336151,0,0.00459313066676259,0.2719799280166626,5.739789009094238,8.209410667419434,8.209410667419434,1.0,1.0
80,10,8,0.99,lat,0,75,0.2204493135213852,0,0.002675060648471117,0.2905453145503998,4.783993721008301,8.197425842285156,8.164875984191895,1.0,0.625
80,10,8,0.99,lat,0,76,0.2059127241373062,0,0.002202903386205435,0.25802862644195557,5.979658603668213,9.580133438110352,7.993174076080322,1.0,0.0
80,10,8,0.99,lat,0,77,0.33360055088996887,1,0.005728994030505419,0.4121380150318146,4.030130863189697,6.561520099639893,6.281622886657715,1.0,0.0
80,10,8,0.99,lat,0,78,0.15637797117233276,0,0.0013159228255972266,0.3191715478897095,5.4834513664245605,7.342035293579102,7.342035293579102,1.0,1.0
80,10,8,0.99,lat,0,79,0.03269437327980995,0,7.62956406106241e-05,0.2674720883369446,6.128807544708252,5.754080295562744,6.48825740814209,0.0,1.0
80,10,8,0.99,lat,1,0,3.1301767826080322,1,0.5437337160110474,0.8874745965003967,1.2662471532821655,0.28494611382484436,0.9055029153823853,0.0,0.0
80,10,8,0.99,lat,1,1,2.536299705505371,1,0.37401869893074036,0.8266496658325195,1.4524041414260864,0.20278328657150269,0.7734320163726807,0.0,0.0
80,10,8,0.99,lat,1,2,2.6525368690490723,1,0.43767163157463074,0.7886561751365662,1.5874561071395874,0.28259533643722534,0.9204035401344299,0.0,0.0
80,10,8,0.99,lat,1,3,2.308654546737671,1,0.3415771722793579,0.8145624995231628,1.4942450523376465,0.19350726902484894,0.7015699148178101,0.0,0.0
80,10,8,0.99,lat,1,4,2.259972333908081,1,0.36718663573265076,0.79868483543396,1.5506625175476074,0.1839820146560669,0.6070778965950012,0.0,0.0
80,10,8,0.99,lat,1,5,2.4762024879455566,1,0.3785879909992218,0.8498706817626953,1.3771538734436035,0.24037525057792664,0.7338952422142029,0.0,0.0
80,10,8,0.99,lat,1,6,2.181004285812378,1,0.3287406861782074,0.8136748671531677,1.4974117279052734,0.17943701148033142,0.627821683883667,0.0,0.0
80,10,8,0.99,lat,1,7,2.1411850452423096,1,0.30456575751304626,0.809665858745575,1.5076755285263062,0.17639699578285217,0.6237589716911316,0.0,0.0
80,10,8,0.99,lat,1,8,2.5221540927886963,1,0.3551511764526367,0.8525642156600952,1.3674815893173218,0.25508326292037964,0.8435204029083252,0.0,0.0
80,10,8,0.99,lat,1,9,2.18346905708313,1,0.35010507702827454,0.8712488412857056,1.3116211891174316,0.19174093008041382,0.6836036443710327,0.0,0.0
80,10,8,0.99,lat,1,10,2.0594136714935303,1,0.2945343554019928,0.7874792218208313,1.590701937675476,0.16751371324062347,0.6117286682128906,0.0,0.0
80,10,8,0.99,lat,1,11,2.0639140605926514,1,0.26526907086372375,0.7162197232246399,1.9013077020645142,0.1647728979587555,0.6318891644477844,0.0,0.0
80,10,8,0.99,lat,1,12,1.697807788848877,1,0.18939034640789032,0.6528345346450806,2.2121365070343018,0.1399259865283966,0.5517402291297913,0.0,0.0
80,10,8,0.99,lat,1,13,2.039382219314575,1,0.3065691590309143,0.781839907169342,1.6121913194656372,0.1951325237751007,0.7002535462379456,0.0,0.0
80,10,8,0.99,lat,1,14,0.02416558936238289,0,3.9831629692343995e-05,0.24237245321273804,6.5155768394470215,7.12843656539917,7.12843656539917,1.0,1.0
80,10,8,0.99,lat,1,15,2.2749929428100586,1,0.37624046206474304,0.8174146413803101,1.484998345375061,0.2052793949842453,0.7592228651046753,0.0,0.0
80,10,8,0.99,lat,1,16,2.0584380626678467,1,0.2787868082523346,0.8084650039672852,1.5144821405410767,0.1695990413427353,0.6131089329719543,0.0,0.0
80,10,8,0.99,lat,1,17,1.6501727104187012,1,0.1764725148677826,0.7701892852783203,1.6490026712417603,0.15135090053081512,0.5492458939552307,0.0,0.0
80,10,8,0.99,lat,1,18,1.9783029556274414,1,0.293591171503067,0.7944731116294861,1.567457914352417,0.17989961802959442,0.6795639991760254,0.0,0.0
80,10,8,0.99,lat,1,19,2.09234619140625,1,0.2992458939552307,0.7481352686882019,1.7461798191070557,0.19923916459083557,0.7552561163902283,0.0,0.0
80,10,8,0.99,lat,1,20,1.8428395986557007,1,0.2366296499967575,0.8039795160293579,1.5255028009414673,0.17518723011016846,0.6406047940254211,0.0,0.0
80,10,8,0.99,lat,1,21,2.317478895187378,1,0.301795095205307,0.8329725861549377,1.4303439855575562,0.18451234698295593,0.7042316794395447,0.0,0.0
80,10,8,0.99,lat,1,22,1.8199106454849243,1,0.22397038340568542,0.7031717300415039,1.9572134017944336,0.18002258241176605,0.5901802778244019,0.0,0.0
80,10,8,0.99,lat,1,23,1.7103562355041504,1,0.20037060976028442,0.7999545335769653,1.5460460186004639,0.17732879519462585,0.6143983006477356,0.0,0.0
80,10,8,0.99,lat,1,24,2.058502674102783,1,0.35996219515800476,0.7063602209091187,1.9465774297714233,0.1872343271970749,0.6944624781608582,0.0,0.0
80,10,8,0.99,lat,1,25,1.864374041557312,1,0.24317705631256104,0.7838894724845886,1.60427987575531,0.1921566128730774,0.67295902967453,0.0,0.0
80,10,8,0.99,lat,1,26,1.781874179840088,1,0.22569604218006134,0.8245630264282227,1.4580390453338623,0.18838106095790863,0.6293209791183472,0.0,0.0
80,10,8,0.99,lat,1,27,1.992792010307312,1,0.28975909948349,0.7899092435836792,1.5795949697494507,0.19591124355793,0.6529467701911926,0.0,0.0
80,10,8,0.99,lat,1,28,1.969318151473999,1,0.24551117420196533,0.8931094408035278,1.2501020431518555,0.16468065977096558,0.5245083570480347,0.0,0.0
80,10,8,0.99,lat,1,29,1.8624743223190308,1,0.24156638979911804,0.7430080771446228,1.7719142436981201,0.2217966616153717,0.7458361387252808,0.0,0.0
80,10,8,0.99,lat,1,30,1.8604613542556763,1,0.19927598536014557,0.7365608215332031,1.7982714176177979,0.19156062602996826,0.6590710282325745,0.0,0.0
80,10,8,0.99,lat,1,31,1.3766180276870728,1,0.1311887502670288,0.7047578692436218,1.9478036165237427,0.23119671642780304,0.9145618677139282,0.0,0.0
80,10,8,0.99,lat,1,32,0.4848684072494507,1,0.01800825446844101,0.2560441792011261,6.73118257522583,2.1650679111480713,10.232129096984863,0.0,1.0
80,10,8,0.99,lat,1,33,1.2724833488464355,1,0.1150999441742897,0.5541683435440063,2.916426181793213,0.23713858425617218,0.8893029093742371,0.0,0.0
80,10,8,0.99,lat,1,34,0.20870646834373474,0,0.002042951760813594,0.26619407534599304,6.039004325866699,7.779918193817139,6.657447338104248,1.0,0.0
80,10,8,0.99,lat,1,35,0.9210081696510315,1,0.05119926854968071,0.35088953375816345,5.022991180419922,0.562965989112854,7.161290645599365,0.0,0.0
80,10,8,0.99,lat,1,36,0.7337431311607361,1,0.02723369561135769,0.3797919750213623,4.476921558380127,9.91821002960205,9.91821002960205,1.0,1.0
80,10,8,0.99,lat,1,37,0.5073434710502625,1,0.014239402487874031,0.2655375897884369,6.225125312805176,9.380446434020996,9.380446434020996,1.0,1.0
80,10,8,0.99,lat,1,38,0.026685133576393127,0,5.2040108130313456e-05,0.271566241979599,5.808811187744141,6.255073547363281,6.255073547363281,1.0,1.0
80,10,8,0.99,lat,1,39,0.41114717721939087,1,0.008215157315135002,0.3380023241043091,5.003856182098389,10.003908157348633,5.243887901306152,1.0,0.0
80,10,8,0.99,lat,1,40,0.3418734073638916,1,0.005647525656968355,0.32390689849853516,4.802326679229736,8.079303741455078,5.410958766937256,1.0,0.0
80,10,8,0.99,lat,1,41,0.09627646207809448,0,0.0005050270119681954,0.3697671592235565,4.477546691894531,7.419242858886719,7.419242858886719,1.0,1.0
80,10,8,0.99,lat,1,42,0.20853881537914276,0,0.002143608406186104,0.32568806409835815,5.168278694152832,9.683862686157227,9.683862686157227,1.0,1.0
80,10,8,0.99,lat,1,43,0.16977274417877197,0,0.0013923507649451494,0.3013136088848114,5.502963066101074,6.425380229949951,6.425380229949951,1.0,1.0
80,10,8,0.99,lat,1,44,0.25416654348373413,0,0.0031286757439374924,0.25436705350875854,6.5439229011535645,10.573464393615723,5.865633010864258,1.0,0.0
80,10,8,0.99,lat,1,45,0.24145418405532837,0,0.0028759052511304617,0.25926294922828674,5.431639194488525,8.700090408325195,6.941712856292725,1.0,0.0
80,10,8,0.99,lat,1,46,0.2918785512447357,0,0.004105092026293278,0.24961499869823456,6.507701396942139,10.22706413269043,5.803862571716309,1.0,0.0
80,10,8,0.99,lat,1,47,0.07186705619096756,0,0.0002626737696118653,0.30204716324806213,5.46967077255249,8.136757850646973,8.136757850646973,1.0,1.0
80,10,8,0.99,lat,1,48,0.02696840651333332,0,3.969367026002146e-05,0.24787548184394836,6.334457874298096,8.861090660095215,8.861090660095215,1.0,1.0
80,10,8,0.99,lat,1,49,0.05297396332025528,0,0.00016920478083193302,0.27612707018852234,5.7937703132629395,8.183372497558594,8.183372497558594,1.0,1.0
80,10,8,0.99,lat,1,50,0.23627078533172607,0,0.002667231485247612,0.2651529312133789,6.550445079803467,8.905071258544922,6.3474202156066895,1.0,0.0
80,10,8,0.99,lat,1,51,0.13710032403469086,0,0.0009620239725336432,0.300870418548584,5.830885887145996,8.962136268615723,8.539815902709961,1.0,0.0
80,10,8,0.99,lat,1,52,0.15757831931114197,0,0.0011867278954014182,0.24373029172420502,6.327756881713867,9.90636920928955,9.90636920928955,1.0,1.0
80,10,8,0.99,lat,1,53,0.10381277650594711,0,0.0005462910630740225,0.26707717776298523,5.55597448348999,8.828033447265625,8.802042007446289,1.0,0.875
80,10,8,0.99,lat,1,54,0.31223636865615845,1,0.0047777858562767506,0.2623918652534485,6.022793769836426,10.415253639221191,5.989621162414551,1.0,0.0
80,10,8,0.99,lat,1,55,0.03651445731520653,0,8.527623140253127e-05,0.2447715699672699,5.9456000328063965,6.872468948364258,7.56699275970459,0.0,1.0
80,10,8,0.99,lat,1,56,0.12224732339382172,0,0.0007218137616291642,0.35926443338394165,4.604884624481201,5.845761299133301,5.845761299133301,1.0,1.0
80,10,8,0.99,lat,1,57,0.1819305419921875,0,0.001594574423506856,0.2844528257846832,5.709963798522949,8.211584091186523,6.675008773803711,1.0,0.0
80,10,8,0.99,lat,1,58,0.21330733597278595,0,0.0021992833353579044,0.23556610941886902,6.400331497192383,11.36414623260498,7.663670063018799,1.0,0.0
80,10,8,0.99,lat,1,59,0.21632443368434906,0,0.002287482377141714,0.18806080520153046,7.689544677734375,10.28881549835205,6.673189640045166,1.0,0.0
80,10,8,0.99,lat,1,60,0.13781432807445526,0,0.0010465653613209724,0.3980926275253296,4.43319845199585,7.42706298828125,7.42706298828125,1.0,1.0
80,10,8,0.99,lat,1,61,0.380720853805542,1,0.006985302548855543,0.23586060106754303,6.580569744110107,10.395692825317383,5.310521602630615,1.0,0.0
80,10,8,0.99,lat,1,62,0.03157329186797142,0,6.367502646753564e-05,0.3208470940589905,5.528233051300049,7.32018518447876,7.32018518447876,1.0,1.0
80,10,8,0.99,lat,1,63,0.13292285799980164,0,0.0008675401331856847,0.26150789856910706,6.365787506103516,7.730942726135254,7.664063453674316,1.0,0.75
80,10,8,0.99,lat,1,64,0.24855011701583862,0,0.0029306907672435045,0.23095521330833435,6.465012073516846,10.31648063659668,6.068820953369141,1.0,0.0
80,10,8,0.99,lat,1,65,0.04158198460936546,0,0.00011537950194906443,0.23648414015769958,6.23665714263916,7.391776084899902,7.391776084899902,1.0,1.0
80,10,8,0.99,lat,1,66,0.3392588496208191,1,0.0056035337038338184,0.30502843856811523,5.553724765777588,9.599454879760742,5.903045177459717,1.0,0.0
80,10,8,0.99,lat,1,67,0.3066234886646271,1,0.0045522418804466724,0.23637990653514862,7.069255352020264,9.835591316223145,5.719534873962402,1.0,0.0
80,10,8,0.99,lat,1,68,0.2553572356700897,0,0.0030844290740787983,0.2697996497154236,6.49526834487915,10.327588081359863,5.870262622833252,1.0,0.0
80,10,8,0.99,lat,1,69,0.11271985620260239,0,0.0006245967233553529,0.26406368613243103,5.519440650939941,6.307390213012695,6.307390213012695,1.0,1.0
80,10,8,0.99,lat,1,70,0.5800595283508301,1,0.016353033483028412,0.35516270995140076,4.991784572601318,11.130395889282227,4.691874980926514,1.0,0.0
80,10,8,0.99,lat,1,71,0.025224504992365837,0,4.479387280298397e-05,0.2663036286830902,5.943748474121094,5.8145432472229,5.8145432472229,1.0,1.0
80,10,8,0.99,lat,1,72,0.026129722595214844,0,5.6215831136796623e-05,0.2777501344680786,5.909121036529541,8.159502029418945,8.159502029418945,1.0,1.0
80,10,8,0.99,lat,1,73,0.8235396146774292,1,0.03294682130217552,0.40758100152015686,4.431394100189209,12.96416187286377,4.010067462921143,1.0,0.0
80,10,8,0.99,lat,1,74,0.4520825147628784,1,0.009956106543540955,0.3100453317165375,5.297030448913574,9.675443649291992,4.984373092651367,1.0,0.0
80,10,8,0.99,lat,1,75,0.1703273057937622,0,0.0013357475399971008,0.31217411160469055,5.12493896484375,7.522323131561279,7.452269554138184,1.0,0.75
80,10,8,0.99,lat,1,76,0.46767085790634155,1,0.010470916517078876,0.2787978947162628,6.244564533233643,8.942432403564453,4.895532608032227,1.0,0.0
80,10,8,0.99,lat,1,77,0.29660239815711975,0,0.004248965065926313,0.33766159415245056,4.941574573516846,7.99580192565918,5.6638360023498535,1.0,0.0
80,10,8,0.99,lat,1,78,0.032804857939481735,0,6.419587589334697e-05,0.20104536414146423,7.251158237457275,10.013757705688477,10.013757705688477,1.0,1.0
80,10,8,0.99,lat,1,79,0.4260847568511963,1,0.008837418630719185,0.2861132025718689,5.689347267150879,11.104272842407227,4.987895965576172,1.0,0.0
80,10,8,0.99,lat,2,0,2.507812738418579,1,0.441650927066803,0.8353419303894043,1.4243102073669434,0.2516043782234192,0.8053427338600159,0.0,0.0
80,10,8,0.99,lat,2,1,1.9102884531021118,1,0.3842516541481018,0.8480753898620605,1.3810923099517822,0.16399283707141876,0.6175640225410461,0.0,0.0
80,10,8,0.99,lat,2,2,2.0641117095947266,1,0.40089917182922363,0.7939035892486572,1.5679874420166016,0.20975807309150696,0.6725791692733765,0.0,0.0
80,10,8,0.99,lat,2,3,2.017655849456787,1,0.3698001205921173,0.777252733707428,1.6336884498596191,0.19498176872730255,0.6644756197929382,0.0,0.0
80,10,8,0.99,lat,2,4,2.4531989097595215,1,0.43850746750831604,0.885016918182373,1.2732367515563965,0.20986659824848175,0.7126172184944153,0.0,0.0
80,10,8,0.99,lat,2,5,1.9990390539169312,1,0.34499362111091614,0.7949317693710327,1.561537265777588,0.1539876013994217,0.5943121910095215,0.0,0.0
80,10,8,0.99,lat,2,6,2.1358017921447754,1,0.35031744837760925,0.785370409488678,1.5996724367141724,0.16937217116355896,0.5792831778526306,0.0,0.0
80,10,8,0.99,lat,2,7,2.0449624061584473,1,0.33203694224357605,0.8095545172691345,1.5086472034454346,0.18647004663944244,0.6300302743911743,0.0,0.0
80,10,8,0.99,lat,2,8,2.322700023651123,1,0.41059163212776184,0.767872154712677,1.6686383485794067,0.2149389237165451,0.6730889081954956,0.0,0.0
80,10,8,0.99,lat,2,9,1.8233726024627686,1,0.2699342668056488,0.765121579170227,1.6740076541900635,0.1672992706298828,0.573530375957489,0.0,0.0
80,10,8,0.99,lat,2,10,1.7950620651245117,1,0.287965327501297,0.7998273968696594,1.5471478700637817,0.15782597661018372,0.6339266896247864,0.0,0.0
80,10,8,0.99,lat,2,11,1.705592155456543,1,0.28768354654312134,0.6690165996551514,2.130375623703003,0.17333881556987762,0.6650224328041077,0.0,0.0
80,10,8,0.99,lat,2,12,1.6426399946212769,1,0.25604450702667236,0.7369735836982727,1.8019059896469116,0.15521188080310822,0.5643696188926697,0.0,0.0
80,10,8,0.99,lat,2,13,1.9237889051437378,1,0.24739791452884674,0.8040093183517456,1.529233455657959,0.17081975936889648,0.5398863554000854,0.0,0.0
80,10,8,0.99,lat,2,14,2.0661916732788086,1,0.30621811747550964,0.8433603048324585,1.396461844444275,0.17344911396503448,0.4897002875804901,0.0,0.0
80,10,8,0.99,lat,2,15,0.3575097918510437,1,0.008013065904378891,0.38892579078674316,4.474233627319336,8.432056427001953,8.432056427001953,1.0,1.0
80,10,8,0.99,lat,2,16,1.9380137920379639,1,0.2808836102485657,0.8352829813957214,1.4232479333877563,0.16618098318576813,0.5205990076065063,0.0,0.0
80,10,8,0.99,lat,2,17,1.8354663848876953,1,0.25539958477020264,0.7503725290298462,1.7341970205307007,0.18283620476722717,0.5968769192695618,0.0,0.0
80,10,8,0.99,lat,2,18,1.6592628955841064,1,0.21980620920658112,0.6775383949279785,2.0937118530273438,0.14381974935531616,0.5616929531097412,0.0,0.0
80,10,8,0.99,lat,2,19,1.9045376777648926,1,0.27395808696746826,0.789918065071106,1.581370234489441,0.20098108053207397,0.6245236992835999,0.0,0.0
80,10,8,0.99,lat,2,20,1.731083869934082,1,0.25771087408065796,0.8080730438232422,1.5129231214523315,0.15707767009735107,0.5608710646629333,0.0,0.0
80,10,8,0.99,lat,2,21,1.7965106964111328,1,0.25004372000694275,0.7215250134468079,1.8733255863189697,0.1576910763978958,0.6040213108062744,0.0,0.0
80,10,8,0.99,lat,2,22,1.7927685976028442,1,0.26865801215171814,0.7274964451789856,1.8290826082229614,0.16630734503269196,0.5969247221946716,0.0,0.0
80,10,8,0.99,lat,2,23,2.2085602283477783,1,0.3452106714248657,0.7891838550567627,1.5842618942260742,0.1921154409646988,0.6336817145347595,0.0,0.0
80,10,8,0.99,lat,2,24,1.892516851425171,1,0.24975214898586273,0.7853075861930847,1.5849335193634033,0.17005841434001923,0.6309806704521179,0.0,0.0
80,10,8,0.99,lat,2,25,1.6154855489730835,1,0.20379522442817688,0.6992501020431519,1.954501748085022,0.17670096457004547,0.5742694735527039,0.0,0.0
80,10,8,0.99,lat,2,26,1.9703481197357178,1,0.2725805640220642,0.8718554973602295,1.308745265007019,0.24253234267234802,0.580292284488678,0.0,0.0
80,10,8,0.99,lat,2,27,1.7037057876586914,1,0.2352851778268814,0.7290698289871216,1.833592176437378,0.1827995479106903,0.5937001705169678,0.0,0.0
80,10,8,0.99,lat,2,28,1.7560280561447144,1,0.24228079617023468,0.7565663456916809,1.7166545391082764,0.18538177013397217,0.5994464755058289,0.0,0.0
80,10,8,0.99,lat,2,29,1.4413936138153076,1,0.15813997387886047,0.7202497124671936,1.885538935661316,0.42737576365470886,0.779545247554779,0.0,0.0
80,10,8,0.99,lat,2,30,1.4262460470199585,1,0.18459847569465637,0.6518037915229797,2.2114200592041016,0.16411782801151276,0.6215083599090576,0.0,0.0
80,10,8,0.99,lat,2,31,0.9516357183456421,1,0.07428047806024551,0.3945903480052948,4.4942626953125,0.3370591104030609,1.7908223867416382,0.0,0.0
80,10,8,0.99,lat,2,32,0.9917957782745361,1,0.09032444655895233,0.590064287185669,2.609412670135498,0.2526596188545227,1.0513988733291626,0.0,0.0
80,10,8,0.99,lat,2,33,0.7774789333343506,1,0.04752957448363304,0.43446189165115356,4.21209716796875,0.32948538661003113,3.6075727939605713,0.0,0.0
80,10,8,0.99,lat,2,34,0.6303104162216187,1,0.043066512793302536,0.411156564950943,4.410254955291748,0.7057888507843018,9.381951332092285,0.0,1.0
80,10,8,0.99,lat,2,35,0.4136312007904053,1,0.015379262156784534,0.2681604325771332,5.722837924957275,1.510132908821106,9.287652969360352,0.0,1.0
80,10,8,0.99,lat,2,36,0.17215755581855774,0,0.002599116647616029,0.3189028799533844,5.238248825073242,7.325870990753174,7.325870990753174,1.0,1.0
80,10,8,0.99,lat,2,37,0.04910559579730034,0,0.00020745729852933437,0.2607455849647522,6.4090704917907715,6.463542461395264,6.463542461395264,1.0,1.0
80,10,8,0.99,lat,2,38,0.7021461129188538,1,0.038654398173093796,0.370558500289917,4.577596664428711,1.4666130542755127,5.539545059204102,0.0,0.0
80,10,8,0.99,lat,2,39,0.14804783463478088,0,0.0016051135025918484,0.31719836592674255,4.73027229309082,5.703672885894775,5.703672885894775,1.0,1.0
80,10,8,0.99,lat,2,40,0.5773502588272095,1,0.024704396724700928,0.34165695309638977,4.802209854125977,0.8623455166816711,9.188600540161133,0.0,0.25
80,10,8,0.99,lat,2,41,0.02952667325735092,0,8.492838969687e-05,0.24375885725021362,6.077252388000488,6.0673909187316895,6.0673909187316895,1.0,1.0
80,10,8,0.99,lat,2,42,0.1494111865758896,0,0.0015612647403031588,0.23932470381259918,6.467151165008545,7.433815956115723,7.433815956115723,1.0,1.0
80,10,8,0.99,lat,2,43,0.01908494532108307,0,2.771241997834295e-05,0.3039865791797638,5.987499237060547,5.918834686279297,5.918834686279297,1.0,1.0
80,10,8,0.99,lat,2,44,0.5856578946113586,1,0.02090764045715332,0.38332241773605347,4.797297477722168,10.703804016113281,10.703804016113281,1.0,1.0
80,10,8,0.99,lat,2,45,0.21512572467327118,0,0.0032000683713704348,0.27226242423057556,6.419937610626221,7.113481521606445,7.113481521606445,1.0,1.0
80,10,8,0.99,lat,2,46,0.024871692061424255,0,4.8066624003695324e-05,0.34620773792266846,5.090879440307617,4.805989742279053,4.805989742279053,1.0,1.0
80,10,8,0.99,lat,2,47,0.2052178978919983,0,0.003125254064798355,0.3099308907985687,5.174747467041016,6.201082229614258,6.201082229614258,1.0,1.0
80,10,8,0.99,lat,2,48,0.06582795828580856,0,0.00031609428697265685,0.24515537917613983,6.4521098136901855,7.4843549728393555,7.4843549728393555,1.0,1.0
80,10,8,0.99,lat,2,49,0.13394278287887573,0,0.0011968309991061687,0.41790932416915894,4.166975021362305,6.838506698608398,6.838506698608398,1.0,1.0
80,10,8,0.99,lat,2,50,0.37258633971214294,1,0.00904688611626625,0.30975231528282166,5.384156703948975,9.810869216918945,9.810869216918945,1.0,1.0
80,10,8,0.99,lat,2,51,0.0880369022488594,0,0.0005712616257369518,0.35114553570747375,4.744483470916748,4.801210880279541,4.801210880279541,1.0,1.0
80,10,8,0.99,lat,2,52,0.22949658334255219,0,0.003768838243559003,0.21476492285728455,6.902300834655762,9.235588073730469,9.235588073730469,1.0,1.0
80,10,8,0.99,lat,2,53,0.07694747298955917,0,0.00047430628910660744,0.28905463218688965,5.675772190093994,5.014760971069336,5.014760971069336,1.0,1.0
80,10,8,0.99,lat,2,54,0.18129998445510864,0,0.0022785491310060024,0.24831590056419373,6.262384414672852,8.049859046936035,8.049859046936035,1.0,1.0
80,10,8,0.99,lat,2,55,0.01752343215048313,0,2.8790091164410114e-05,0.2629506289958954,6.411633014678955,7.580610275268555,7.580610275268555,1.0,1.0
80,10,8,0.99,lat,2,56,0.12324900925159454,0,0.0012045446783304214,0.3352099359035492,5.306614875793457,4.1861772537231445,6.95732307434082,0.0,1.0
80,10,8,0.99,lat,2,57,0.1591491848230362,0,0.001703250571154058,0.23135066032409668,6.77133846282959,7.324187278747559,7.324187278747559,1.0,1.0
80,10,8,0.99,lat,2,58,0.025844965130090714,0,4.8660800530342385e-05,0.3425632119178772,4.90964412689209,7.5745391845703125,7.5745391845703125,1.0,1.0
80,10,8,0.99,lat,2,59,0.28491535782814026,0,0.005627086386084557,0.24054650962352753,6.714839935302734,2.0874950885772705,9.759521484375,0.0,1.0
80,10,8,0.99,lat,2,60,0.04605637863278389,0,0.000141207201522775,0.33039140701293945,5.2999186515808105,6.028604507446289,6.028604507446289,1.0,1.0
80,10,8,0.99,lat,2,61,0.11354067921638489,0,0.0009164568036794662,0.30694127082824707,5.410900115966797,5.830075263977051,5.830075263977051,1.0,1.0
80,10,8,0.99,lat,2,62,0.18619421124458313,0,0.0022048628889024258,0.2955208420753479,5.935412883758545,7.09415864944458,7.09415864944458,1.0,1.0
80,10,8,0.99,lat,2,63,0.6684122681617737,1,0.027181288227438927,0.5355168581008911,3.044404983520508,11.943105697631836,11.943105697631836,1.0,1.0
80,10,8,0.99,lat,2,64,0.13262370228767395,0,0.001194445532746613,0.3029736876487732,5.510846138000488,7.255998611450195,7.255998611450195,1.0,1.0
80,10,8,0.99,lat,2,65,0.11928900331258774,0,0.0009359921677969396,0.2260466367006302,6.521243095397949,6.852596282958984,6.852596282958984,1.0,1.0
80,10,8,0.99,lat,2,66,0.20243369042873383,0,0.0028275265358388424,0.3531098961830139,4.498876094818115,6.634507179260254,6.634507179260254,1.0,1.0
80,10,8,0.99,lat,2,67,0.24360783398151398,0,0.004126363433897495,0.2347903549671173,6.818920612335205,9.54212760925293,9.54212760925293,1.0,1.0
80,10,8,0.99,lat,2,68,0.2337033450603485,0,0.0036620444152504206,0.35213032364845276,4.8578081130981445,7.4448723793029785,7.4448723793029785,1.0,1.0
80,10,8,0.99,lat,2,69,0.4874586760997772,1,0.017194680869579315,0.29242584109306335,5.436083793640137,8.476685523986816,7.476934909820557,1.0,0.0
80,10,8,0.99,lat,2,70,0.13343766331672668,0,0.0012107453076168895,0.23353925347328186,6.173673152923584,7.974610805511475,7.974610805511475,1.0,1.0
80,10,8,0.99,lat,2,71,0.1912412941455841,0,0.0025262401904910803,0.3732709288597107,4.319748401641846,5.074705600738525,5.074705600738525,1.0,1.0
80,10,8,0.99,lat,2,72,0.39842140674591064,1,0.01148657314479351,0.3029329776763916,5.512129306793213,10.087090492248535,8.46627140045166,1.0,0.0
80,10,8,0.99,lat,2,73,0.042134907096624374,0,0.00016411363321822137,0.2857177257537842,5.985422134399414,8.492494583129883,8.492494583129883,1.0,1.0
80,10,8,0.99,lat,2,74,0.30946195125579834,1,0.007153681945055723,0.26689621806144714,6.054580211639404,8.098916053771973,7.7559733390808105,1.0,0.125
80,10,8,0.99,lat,2,75,0.36450865864753723,1,0.009393595159053802,0.22983478009700775,6.517428874969482,8.064735412597656,8.03609561920166,1.0,0.75
80,10,8,0.99,lat,2,76,0.43262699246406555,1,0.013103303499519825,0.32362958788871765,5.760115146636963,8.931435585021973,7.736572265625,1.0,0.0
80,10,8,0.99,lat,2,77,0.33901387453079224,1,0.008070025593042374,0.2679097056388855,5.917823314666748,9.71786117553711,9.19592571258545,1.0,0.125
80,10,8,0.99,lat,2,78,0.039902474731206894,0,0.00012082736793672666,0.29092171788215637,5.445049285888672,4.4131550788879395,4.4131550788879395,1.0,1.0
80,10,8,0.99,lat,2,79,0.24371713399887085,0,0.004170299042016268,0.34984052181243896,5.424617290496826,9.442610740661621,9.442610740661621,1.0,1.0
80,10,8,0.99,lat,3,0,2.853367805480957,1,0.41286179423332214,0.8230739235877991,1.4626185894012451,0.2593989670276642,0.7601131796836853,0.0,0.0
80,10,8,0.99,lat,3,1,2.938854217529297,1,0.4969164729118347,0.8498709201812744,1.3766613006591797,0.256864070892334,0.8374500870704651,0.0,0.0
80,10,8,0.99,lat,3,2,2.570321559906006,1,0.3814903199672699,0.8779448866844177,1.2928979396820068,0.25560495257377625,0.8008399605751038,0.0,0.0
80,10,8,0.99,lat,3,3,2.6337409019470215,1,0.4307110905647278,0.7711814045906067,1.657794713973999,0.2157275527715683,0.7219008803367615,0.0,0.0
80,10,8,0.99,lat,3,4,2.1643240451812744,1,0.32358062267303467,0.7502829432487488,1.7396612167358398,0.20836666226387024,0.6792508363723755,0.0,0.0
80,10,8,0.99,lat,3,5,2.5828726291656494,1,0.3967461884021759,0.8559147119522095,1.357373833656311,0.2462587058544159,0.8016305565834045,0.0,0.0
80,10,8,0.99,lat,3,6,2.3726580142974854,1,0.35445383191108704,0.6973218321800232,1.9865163564682007,0.1941191405057907,0.6908227205276489,0.0,0.0
80,10,8,0.99,lat,3,7,2.283628463745117,1,0.33596086502075195,0.7614479064941406,1.6938399076461792,0.19442400336265564,0.629575252532959,0.0,0.0
80,10,8,0.99,lat,3,8,2.69948410987854,1,0.35819312930107117,0.9129608273506165,1.1973485946655273,0.22769968211650848,0.7220560312271118,0.0,0.0
80,10,8,0.99,lat,3,9,2.7161617279052734,1,0.4114792048931122,0.8251861333847046,1.457643747329712,0.287422239780426,0.9356540441513062,0.0,0.0
80,10,8,0.99,lat,3,10,2.3331215381622314,1,0.2948097884654999,0.9013656377792358,1.2272673845291138,0.23160801827907562,0.6977393627166748,0.0,0.0
80,10,8,0.99,lat,3,11,2.3152263164520264,1,0.3059031665325165,0.8650292158126831,1.3283107280731201,0.2787074148654938,0.7943997979164124,0.0,0.0
80,10,8,0.99,lat,3,12,2.000171184539795,1,0.2506018877029419,0.7872521281242371,1.5949264764785767,0.1605367809534073,0.6022118926048279,0.0,0.0
80,10,8,0.99,lat,3,13,2.009859085083008,1,0.2796291708946228,0.8629723787307739,1.334288239479065,0.16182425618171692,0.6617236733436584,0.0,0.0
80,10,8,0.99,lat,3,14,2.0101282596588135,1,0.29211026430130005,0.7186574339866638,1.8875446319580078,0.18124708533287048,0.6265456676483154,0.0,0.0
80,10,8,0.99,lat,3,15,2.1903436183929443,1,0.25442013144493103,0.781166672706604,1.6161407232284546,0.1970459669828415,0.6627616286277771,0.0,0.0
80,10,8,0.99,lat,3,16,2.194398880004883,1,0.2634720802307129,0.8341155648231506,1.4283257722854614,0.184788778424263,0.6171640157699585,0.0,0.0
80,10,8,0.99,lat,3,17,2.0697426795959473,1,0.23499123752117157,0.7729651927947998,1.6457281112670898,0.1724255532026291,0.6294279098510742,0.0,0.0
80,10,8,0.99,lat,3,18,1.8977783918380737,1,0.22946374118328094,0.7070015668869019,1.9401943683624268,0.15452496707439423,0.6097844839096069,0.0,0.0
80,10,8,0.99,lat,3,19,2.0476205348968506,1,0.2435973435640335,0.7257110476493835,1.8496800661087036,0.1675645411014557,0.5619826912879944,0.0,0.0
80,10,8,0.99,lat,3,20,2.0499043464660645,1,0.23879675567150116,0.7968143820762634,1.5558146238327026,0.1936606466770172,0.5768513679504395,0.0,0.0
80,10,8,0.99,lat,3,21,2.0087027549743652,1,0.2279597669839859,0.6463606953620911,2.2868924140930176,0.203536257147789,0.6934026479721069,0.0,0.0
80,10,8,0.99,lat,3,22,2.04097318649292,1,0.23432151973247528,0.7504051327705383,1.742363452911377,0.14717532694339752,0.5667557716369629,0.0,0.0
80,10,8,0.99,lat,3,23,2.1245241165161133,1,0.26065126061439514,0.6669575572013855,2.143500566482544,0.1637955904006958,0.6504656076431274,0.0,0.0
80,10,8,0.99,lat,3,24,2.431675910949707,1,0.3013657033443451,0.8275110125541687,1.4492247104644775,0.21679271757602692,0.6676409244537354,0.0,0.0
80,10,8,0.99,lat,3,25,2.0349278450012207,1,0.22967861592769623,0.7480253577232361,1.7410335540771484,0.17839214205741882,0.7008295655250549,0.0,0.0
80,10,8,0.99,lat,3,26,2.204233169555664,1,0.25980567932128906,0.7461509108543396,1.7605924606323242,0.27251628041267395,0.6892699599266052,0.0,0.0
80,10,8,0.99,lat,3,27,1.8494012355804443,1,0.2065608948469162,0.6823256015777588,2.076409101486206,0.18510088324546814,0.6916199326515198,0.0,0.0
80,10,8,0.99,lat,3,28,2.1104211807250977,1,0.22029724717140198,0.7212031483650208,1.8787966966629028,0.2547313868999481,0.6577520370483398,0.0,0.0
80,10,8,0.99,lat,3,29,1.9090684652328491,1,0.19854429364204407,0.7297303676605225,1.8330501317977905,0.2579803764820099,0.6918948888778687,0.0,0.0
80,10,8,0.99,lat,3,30,1.63914155960083,1,0.18082673847675323,0.7254848480224609,1.8565200567245483,0.20755024254322052,0.6963902115821838,0.0,0.0
80,10,8,0.99,lat,3,31,1.6394404172897339,1,0.18354155123233795,0.6494109034538269,2.273531913757324,0.18960539996623993,0.6472318768501282,0.0,0.0
80,10,8,0.99,lat,3,32,1.4731403589248657,1,0.12923134863376617,0.7905771136283875,1.5793845653533936,0.4870554804801941,0.876505970954895,0.0,0.0
80,10,8,0.99,lat,3,33,0.5374592542648315,1,0.015942541882395744,0.2858545482158661,6.169675350189209,0.6813604235649109,9.191051483154297,0.0,0.0
80,10,8,0.99,lat,3,34,0.061363257467746735,0,0.00023959504324011505,0.3459421396255493,4.785090923309326,7.210587501525879,7.210587501525879,1.0,1.0
80,10,8,0.99,lat,3,35,0.5041351318359375,1,0.013179742731153965,0.2842576801776886,5.557021141052246,0.6930264830589294,8.693684577941895,0.0,0.375
80,10,8,0.99,lat,3,36,1.1291851997375488,1,0.07528583705425262,0.5203181505203247,3.208852529525757,0.4011476933956146,1.5717912912368774,0.0,0.0
80,10,8,0.99,lat,3,37,0.6429970264434814,1,0.028234077617526054,0.40867459774017334,4.247802734375,0.3948483169078827,5.551153182983398,0.0,0.0
80,10,8,0.99,lat,3,38,0.0509299673140049,0,0.00012853005318902433,0.2723429203033447,6.09406042098999,6.437370300292969,6.437370300292969,1.0,1.0
80,10,8,0.99,lat,3,39,0.1419992446899414,0,0.0011445170966908336,0.2309044897556305,6.929688453674316,8.98261547088623,8.98261547088623,1.0,1.0
80,10,8,0.99,lat,3,40,0.023417260497808456,0,3.166039823554456e-05,0.28986412286758423,4.867699146270752,7.203902244567871,7.203902244567871,1.0,1.0
80,10,8,0.99,lat,3,41,0.025145532563328743,0,3.237204145989381e-05,0.24292005598545074,6.071688652038574,6.142087936401367,6.142087936401367,1.0,1.0
80,10,8,0.99,lat,3,42,0.04996078088879585,0,0.00013372063403949142,0.3137969970703125,4.96876859664917,7.639242172241211,7.639242172241211,1.0,1.0
80,10,8,0.99,lat,3,43,0.038787949830293655,0,0.00011577677651075646,0.3217036724090576,5.614855766296387,9.653614044189453,9.653614044189453,1.0,1.0
80,10,8,0.99,lat,3,44,0.04225729778409004,0,0.00010815843415912241,0.26114004850387573,6.378698348999023,9.604772567749023,9.604772567749023,1.0,1.0
80,10,8,0.99,lat,3,45,0.03709030523896217,0,0.00011099312541773543,0.3200748562812805,5.186554908752441,6.372046947479248,6.372046947479248,1.0,1.0
80,10,8,0.99,lat,3,46,0.04813382402062416,0,0.0001526408304926008,0.2524200975894928,5.673363208770752,6.438971042633057,6.438971042633057,1.0,1.0
80,10,8,0.99,lat,3,47,0.04753176495432854,0,0.00013011755072511733,0.353954941034317,4.613491535186768,4.621102809906006,4.621102809906006,1.0,1.0
80,10,8,0.99,lat,3,48,0.09400966018438339,0,0.00047600091784261167,0.3311365246772766,4.931251525878906,6.856572151184082,6.856572151184082,1.0,1.0
80,10,8,0.99,lat,3,49,0.0706314817070961,0,0.0002533685474190861,0.26497453451156616,5.730567932128906,7.4663825035095215,7.4663825035095215,1.0,1.0
80,10,8,0.99,lat,3,50,0.05118075758218765,0,0.0001651089987717569,0.2840173840522766,6.272736549377441,7.026185035705566,7.026185035705566,1.0,1.0
80,10,8,0.99,lat,3,51,0.05644278600811958,0,0.00019034871365875006,0.3629467189311981,4.7789812088012695,6.635560035705566,6.635560035705566,1.0,1.0
80,10,8,0.99,lat,3,52,0.03603383153676987,0,8.671361138112843e-05,0.3135488033294678,5.309266090393066,6.878551483154297,6.878551483154297,1.0,1.0
80,10,8,0.99,lat,3,53,0.02355855330824852,0,3.5887827834812924e-05,0.3056536316871643,4.9074931144714355,4.984528541564941,4.984528541564941,1.0,1.0
80,10,8,0.99,lat,3,54,0.03722148761153221,0,8.030247408896685e-05,0.35553857684135437,4.673921585083008,6.737334251403809,6.737334251403809,1.0,1.0
80,10,8,0.99,lat,3,55,0.029243377968668938,0,4.52129497716669e-05,0.2679581940174103,6.596047878265381,10.05384635925293,10.05384635925293,1.0,1.0
80,10,8,0.99,lat,3,56,0.03662702441215515,0,7.507143163820729e-05,0.21912214159965515,6.929044246673584,8.141316413879395,8.141316413879395,1.0,1.0
80,10,8,0.99,lat,3,57,0.04727289825677872,0,0.00012939717271365225,0.29325997829437256,5.94719934463501,6.121945381164551,6.121945381164551,1.0,1.0
80,10,8,0.99,lat,3,58,0.04284387826919556,0,0.00010947829287033528,0.29549741744995117,5.869102478027344,7.605362892150879,7.605362892150879,1.0,1.0
80,10,8,0.99,lat,3,59,0.02826344408094883,0,4.4258533307584e-05,0.3347631096839905,4.825732707977295,9.235884666442871,9.235884666442871,1.0,1.0
80,10,8,0.99,lat,3,60,0.033930275589227676,0,7.77027162257582e-05,0.21702449023723602,6.836284160614014,7.192295074462891,7.192295074462891,1.0,1.0
80,10,8,0.99,lat,3,61,0.022488676011562347,0,2.9026456104475074e-05,0.27623334527015686,5.790132522583008,8.22436809539795,8.22436809539795,1.0,1.0
80,10,8,0.99,lat,3,62,0.07644393295049667,0,0.00039328253478743136,0.28187835216522217,5.894207000732422,8.423895835876465,8.423895835876465,1.0,1.0
80,10,8,0.99,lat,3,63,0.04362368956208229,0,0.00011497387458803132,0.34001195430755615,4.3013763427734375,4.410943031311035,4.410943031311035,1.0,1.0
80,10,8,0.99,lat,3,64,0.021828265860676765,0,3.156436650897376e-05,0.28852415084838867,5.160270690917969,7.087845802307129,7.087845802307129,1.0,1.0
80,10,8,0.99,lat,3,65,0.044146474450826645,0,0.00011437275679782033,0.27828338742256165,5.771214962005615,7.984664440155029,7.984664440155029,1.0,1.0
80,10,8,0.99,lat,3,66,0.03642961010336876,0,7.177989755291492e-05,0.30004367232322693,6.096524238586426,9.942219734191895,9.942219734191895,1.0,1.0
80,10,8,0.99,lat,3,67,0.0456867441534996,0,0.00012407875328790396,0.39046451449394226,4.366520404815674,5.722291946411133,5.722291946411133,1.0,1.0
80,10,8,0.99,lat,3,68,0.024779587984085083,0,3.607802864280529e-05,0.2359779179096222,6.538477420806885,6.437411785125732,6.437411785125732,1.0,1.0
80,10,8,0.99,lat,3,69,0.04562157019972801,0,0.0001268254709430039,0.29374101758003235,5.72390604019165,8.185518264770508,8.185518264770508,1.0,1.0
80,10,8,0.99,lat,3,70,0.04489491879940033,0,0.00013104532263241708,0.2566227316856384,5.745036602020264,8.190993309020996,8.190993309020996,1.0,1.0
80,10,8,0.99,lat,3,71,0.04280044138431549,0,0.0001126399656641297,0.22707749903202057,6.869372844696045,7.5043463706970215,7.5043463706970215,1.0,1.0
80,10,8,0.99,lat,3,72,0.043304428458213806,0,0.00013091368600726128,0.3498844802379608,4.787105560302734,6.120466232299805,6.69797945022583,0.0,1.0
80,10,8,0.99,lat,3,73,0.01872950606048107,0,2.1833389837411232e-05,0.3617730140686035,4.844157695770264,8.334888458251953,8.334888458251953,1.0,1.0
80,10,8,0.99,lat,3,74,0.050067342817783356,0,0.00018854376685339957,0.33745089173316956,5.141674041748047,6.466923713684082,6.466923713684082,1.0,1.0
80,10,8,0.99,lat,3,75,0.03773808106780052,0,7.784233457641676e-05,0.2406894415616989,6.280926704406738,7.001395225524902,7.001395225524902,1.0,1.0
80,10,8,0.99,lat,3,76,0.04114644601941109,0,0.00010418787860544398,0.30696824193000793,5.3488240242004395,5.707754135131836,5.707754135131836,1.0,1.0
80,10,8,0.99,lat,3,77,0.03799473121762276,0,7.828758680261672e-05,0.34680959582328796,5.236720561981201,6.748018264770508,6.748018264770508,1.0,1.0
80,10,8,0.99,lat,3,78,0.03423570469021797,0,8.765756501816213e-05,0.2442464679479599,6.135530948638916,9.448934555053711,9.448934555053711,1.0,1.0
80,10,8,0.99,lat,3,79,0.11494209617376328,0,0.0007479290361516178,0.25398197770118713,6.338971138000488,10.441572189331055,10.441572189331055,1.0,1.0
80,10,8,0.99,lat,4,0,2.4242727756500244,1,0.4438247084617615,0.7860619425773621,1.600237488746643,0.24342408776283264,0.7545650601387024,0.0,0.0
80,10,8,0.99,lat,4,1,2.24387788772583,1,0.39839625358581543,0.7613680362701416,1.6900643110275269,0.20156988501548767,0.7312365770339966,0.0,0.0
80,10,8,0.99,lat,4,2,2.2753679752349854,1,0.3622209429740906,0.8051614761352539,1.5276048183441162,0.20623467862606049,0.7278897166252136,0.0,0.0
80,10,8,0.99,lat,4,3,2.4473023414611816,1,0.41852056980133057,0.8417975306510925,1.4036802053451538,0.24263116717338562,0.75553959608078,0.0,0.0
80,10,8,0.99,lat,4,4,2.587646007537842,1,0.42413052916526794,0.8167312741279602,1.4823963642120361,0.2247828245162964,0.7745434045791626,0.0,0.0
80,10,8,0.99,lat,4,5,2.0272183418273926,1,0.26853930950164795,0.8002685308456421,1.547058343887329,0.1881033480167389,0.6342598795890808,0.0,0.0
80,10,8,0.99,lat,4,6,2.1419036388397217,1,0.32162946462631226,0.7748569250106812,1.6435754299163818,0.19143763184547424,0.6977133750915527,0.0,0.0
80,10,8,0.99,lat,4,7,2.8077173233032227,1,0.42642366886138916,0.8610633015632629,1.3420581817626953,0.24362844228744507,0.754634439945221,0.0,0.0
80,10,8,0.99,lat,4,8,2.725857973098755,1,0.41158363223075867,0.8556228876113892,1.3599287271499634,0.22394518554210663,0.8028515577316284,0.0,0.0
80,10,8,0.99,lat,4,9,2.2041995525360107,1,0.3152088522911072,0.7468783855438232,1.743518590927124,0.18968001008033752,0.6680443286895752,0.0,0.0
80,10,8,0.99,lat,4,10,2.5558693408966064,1,0.36583849787712097,0.8527076244354248,1.3671971559524536,0.2810991406440735,0.740672767162323,0.0,0.0
80,10,8,0.99,lat,4,11,1.9535664319992065,1,0.245681032538414,0.7595088481903076,1.7041282653808594,0.1688174605369568,0.561262309551239,0.0,0.0
80,10,8,0.99,lat,4,12,2.119436264038086,1,0.28747400641441345,0.8329944014549255,1.429634690284729,0.18969985842704773,0.6058445572853088,0.0,0.0
80,10,8,0.99,lat,4,13,1.9367607831954956,1,0.2556164860725403,0.6718659400939941,2.1217825412750244,0.1708964854478836,0.6394251585006714,0.0,0.0
80,10,8,0.99,lat,4,14,1.9740594625473022,1,0.2339339703321457,0.7240179181098938,1.8416343927383423,0.1580297201871872,0.6045820116996765,0.0,0.0
80,10,8,0.99,lat,4,15,2.1738035678863525,1,0.26805031299591064,0.825093686580658,1.4545625448226929,0.18941058218479156,0.6392701864242554,0.0,0.0
80,10,8,0.99,lat,4,16,2.1868996620178223,1,0.28018227219581604,0.7110508680343628,1.9150069952011108,0.21706177294254303,0.7105944752693176,0.0,0.0
80,10,8,0.99,lat,4,17,2.029024600982666,1,0.2733292579650879,0.7804512977600098,1.6189556121826172,0.18728910386562347,0.6581626534461975,0.0,0.0
80,10,8,0.99,lat,4,18,2.0214385986328125,1,0.25425106287002563,0.6852438449859619,2.051732301712036,0.19829751551151276,0.741870641708374,0.0,0.0
80,10,8,0.99,lat,4,19,2.459263324737549,1,0.3006976842880249,0.7629398107528687,1.6894646883010864,0.22828836739063263,0.7657288312911987,0.0,0.0
80,10,8,0.99,lat,4,20,2.0673866271972656,1,0.26945745944976807,0.8665637969970703,1.3257328271865845,0.17822353541851044,0.6598091125488281,0.0,0.0
80,10,8,0.99,lat,4,21,2.15282940864563,1,0.2605442702770233,0.7291184067726135,1.8369255065917969,0.1701379418373108,0.6567198038101196,0.0,0.0
80,10,8,0.99,lat,4,22,2.116569757461548,1,0.2777101397514343,0.8480194807052612,1.3817942142486572,0.1988624483346939,0.6996446847915649,0.0,0.0
80,10,8,0.99,lat,4,23,2.1548848152160645,1,0.26469674706459045,0.7543134093284607,1.7295093536376953,0.1599699705839157,0.5996137261390686,0.0,0.0
80,10,8,0.99,lat,4,24,1.925822377204895,1,0.20181657373905182,0.7469276785850525,1.7555803060531616,0.15318188071250916,0.5617565512657166,0.0,0.0
80,10,8,0.99,lat,4,25,2.0980212688446045,1,0.2456011176109314,0.7669721245765686,1.6631090641021729,0.2062988132238388,0.640426754951477,0.0,0.0
80,10,8,0.99,lat,4,26,2.1051785945892334,1,0.22648054361343384,0.8258503079414368,1.4532456398010254,0.21638640761375427,0.6129216551780701,0.0,0.0
80,10,8,0.99,lat,4,27,1.9504283666610718,1,0.19956478476524353,0.8320164680480957,1.433462142944336,0.19453588128089905,0.6355723142623901,0.0,0.0
80,10,8,0.99,lat,4,28,1.994946837425232,1,0.23993349075317383,0.6478080749511719,2.2424542903900146,0.2582373321056366,0.735539972782135,0.0,0.0
80,10,8,0.99,lat,4,29,2.128465175628662,1,0.24301005899906158,0.6618050932884216,2.1696231365203857,0.3073963522911072,0.751595675945282,0.0,0.0
80,10,8,0.99,lat,4,30,1.7244563102722168,1,0.16477276384830475,0.6930813789367676,2.0136287212371826,0.27939674258232117,0.7898693084716797,0.0,0.0
80,10,8,0.99,lat,4,31,1.2566397190093994,1,0.09414667636156082,0.5259308815002441,3.1727705001831055,0.27398669719696045,1.1505589485168457,0.0,0.0
80,10,8,0.99,lat,4,32,1.1734516620635986,1,0.09535209089517593,0.4657861292362213,3.8214919567108154,0.5087419152259827,1.2294126749038696,0.0,0.0
80,10,8,0.99,lat,4,33,0.7765446901321411,1,0.03519798442721367,0.41907769441604614,4.128632068634033,0.636388897895813,9.420061111450195,0.0,0.0
80,10,8,0.99,lat,4,34,0.8528956770896912,1,0.04209081828594208,0.39153987169265747,4.0687079429626465,0.5974324941635132,7.839921474456787,0.0,0.125
80,10,8,0.99,lat,4,35,1.2475768327713013,1,0.09421360492706299,0.5588987469673157,2.8745384216308594,0.6535115838050842,1.4004231691360474,0.0,0.0
80,10,8,0.99,lat,4,36,0.09180963784456253,0,0.0005353115848265588,0.28812408447265625,5.801947593688965,6.054225444793701,6.054225444793701,1.0,1.0
80,10,8,0.99,lat,4,37,1.0656561851501465,1,0.07085469365119934,0.6360682845115662,2.3064870834350586,0.28151562809944153,1.2044281959533691,0.0,0.0
80,10,8,0.99,lat,4,38,0.5352883338928223,1,0.01528100948780775,0.3389838635921478,4.865474224090576,9.140146255493164,9.919673919677734,0.0,1.0
80,10,8,0.99,lat,4,39,0.022740473970770836,0,3.463706161710434e-05,0.18365438282489777,7.7509918212890625,9.995502471923828,9.995502471923828,1.0,1.0
80,10,8,0.99,lat,4,40,0.10199102014303207,0,0.0005595256225205958,0.2533115744590759,6.358103275299072,8.880839347839355,8.880839347839355,1.0,1.0
80,10,8,0.99,lat,4,41,0.05879831686615944,0,0.00019590865122154355,0.20032204687595367,7.205305099487305,8.964553833007812,8.964553833007812,1.0,1.0
80,10,8,0.99,lat,4,42,0.02712409757077694,0,5.3554649639409035e-05,0.2823905348777771,5.362067699432373,7.8930230140686035,7.8930230140686035,1.0,1.0
80,10,8,0.99,lat,4,43,0.0187645573168993,0,2.295114245498553e-05,0.2566174566745758,5.9151082038879395,7.792509078979492,7.792509078979492,1.0,1.0
80,10,8,0.99,lat,4,44,0.02377348020672798,0,3.43550527759362e-05,0.25004854798316956,6.099478721618652,5.7371625900268555,5.7371625900268555,1.0,1.0
80,10,8,0.99,lat,4,45,0.03898666426539421,0,9.359516843687743e-05,0.2613171637058258,5.469520568847656,5.945605754852295,5.945605754852295,1.0,1.0
80,10,8,0.99,lat,4,46,0.052510879933834076,0,0.00018582781194709241,0.3261425197124481,5.070375442504883,6.6287970542907715,6.6287970542907715,1.0,1.0
80,10,8,0.99,lat,4,47,0.18617646396160126,0,0.0017411771696060896,0.26814156770706177,5.985167026519775,8.533279418945312,8.533279418945312,1.0,1.0
80,10,8,0.99,lat,4,48,0.06441564857959747,0,0.00024801967083476484,0.32140716910362244,4.956540584564209,6.534843444824219,6.534843444824219,1.0,1.0
80,10,8,0.99,lat,4,49,0.07682693749666214,0,0.00033470813650637865,0.2767021954059601,5.866910934448242,6.709320545196533,6.709320545196533,1.0,1.0
80,10,8,0.99,lat,4,50,0.046920325607061386,0,0.0001435161248082295,0.2978537976741791,5.009346961975098,8.475431442260742,8.475431442260742,1.0,1.0
80,10,8,0.99,lat,4,51,0.07878945767879486,0,0.00033758519566617906,0.25114211440086365,5.980162143707275,8.686098098754883,8.686098098754883,1.0,1.0
80,10,8,0.99,lat,4,52,0.04495886713266373,0,0.00011220078886253759,0.2665255069732666,5.546344757080078,6.768590927124023,6.768590927124023,1.0,1.0
80,10,8,0.99,lat,4,53,0.10688266158103943,0,0.0006651231669820845,0.31290850043296814,5.189044952392578,8.547585487365723,8.547585487365723,1.0,1.0
80,10,8,0.99,lat,4,54,0.18305721879005432,0,0.0019078693585470319,0.24717919528484344,6.7947893142700195,8.018257141113281,8.018257141113281,1.0,1.0
80,10,8,0.99,lat,4,55,0.08719635754823685,0,0.00043190253200009465,0.23309466242790222,7.092410087585449,8.603291511535645,8.603291511535645,1.0,1.0
80,10,8,0.99,lat,4,56,0.15068519115447998,0,0.0013025820953771472,0.2592719495296478,5.834373474121094,8.456707954406738,8.456707954406738,1.0,1.0
80,10,8,0.99,lat,4,57,0.03597854822874069,0,8.47500778036192e-05,0.35800546407699585,4.697540760040283,5.160154342651367,5.160154342651367,1.0,1.0
80,10,8,0.99,lat,4,58,0.09102359414100647,0,0.0004583137924782932,0.3362899422645569,5.082319736480713,7.546877384185791,7.546877384185791,1.0,1.0
80,10,8,0.99,lat,4,59,0.14244143664836884,0,0.001127449912019074,0.2319471687078476,6.817103862762451,7.599151134490967,7.599151134490967,1.0,1.0
80,10,8,0.99,lat,4,60,0.10135263204574585,0,0.0005845912965014577,0.4042864739894867,4.390363693237305,7.30980110168457,7.30980110168457,1.0,1.0
80,10,8,0.99,lat,4,61,0.10102444142103195,0,0.0005415422492660582,0.33226099610328674,5.299214839935303,8.05001163482666,8.05001163482666,1.0,1.0
80,10,8,0.99,lat,4,62,0.03389384225010872,0,6.684887921437621e-05,0.4096674621105194,3.8302626609802246,8.160993576049805,8.160993576049805,1.0,1.0
80,10,8,0.99,lat,4,63,0.017577821388840675,0,2.1486503101186827e-05,0.23576262593269348,6.47735071182251,7.711518287658691,7.711518287658691,1.0,1.0
80,10,8,0.99,lat,4,64,0.09733124822378159,0,0.0005277038435451686,0.29825347661972046,5.4550347328186035,8.065126419067383,8.065126419067383,1.0,1.0
80,10,8,0.99,lat,4,65,0.03835327550768852,0,0.00010636504157446325,0.38435572385787964,4.266534328460693,5.845254898071289,6.08273983001709,0.0,1.0
80,10,8,0.99,lat,4,66,0.056562021374702454,0,0.00017679785378277302,0.23841340839862823,6.7022624015808105,8.181356430053711,8.181356430053711,1.0,1.0
80,10,8,0.99,lat,4,67,0.03171975165605545,0,5.7038421800825745e-05,0.3113258481025696,4.897164821624756,7.348782539367676,7.348782539367676,1.0,1.0
80,10,8,0.99,lat,4,68,0.09910149872303009,0,0.0005249675014056265,0.3049072027206421,5.257645130157471,6.483425140380859,6.483425140380859,1.0,1.0
80,10,8,0.99,lat,4,69,0.05005185306072235,0,0.00014652503887191415,0.32580363750457764,4.607862949371338,4.748053073883057,4.748053073883057,1.0,1.0
80,10,8,0.99,lat,4,70,0.05629440397024155,0,0.00018731811724137515,0.3013123571872711,5.200903415679932,7.55045223236084,7.55045223236084,1.0,1.0
80,10,8,0.99,lat,4,71,0.05770443007349968,0,0.00018803701095748693,0.22594523429870605,6.212001800537109,8.206830024719238,8.206830024719238,1.0,1.0
80,10,8,0.99,lat,4,72,0.037748780101537704,0,8.833658648654819e-05,0.23775237798690796,6.450603485107422,6.193296909332275,6.193296909332275,1.0,1.0
80,10,8,0.99,lat,4,73,0.25850674510002136,0,0.003812058363109827,0.2926788330078125,5.713220596313477,11.547534942626953,11.547534942626953,1.0,1.0
80,10,8,0.99,lat,4,74,0.10975661128759384,0,0.0006735969218425453,0.309524804353714,4.983360290527344,8.087510108947754,8.087510108947754,1.0,1.0
80,10,8,0.99,lat,4,75,0.05537378042936325,0,0.0001605439611012116,0.3201863169670105,5.297958850860596,8.607002258300781,8.607002258300781,1.0,1.0
80,10,8,0.99,lat,4,76,0.13134154677391052,0,0.0009486975031904876,0.2557764947414398,5.983696460723877,10.469558715820312,10.469558715820312,1.0,1.0
80,10,8,0.99,lat,4,77,0.2628878057003021,0,0.0036704118829220533,0.29670557379722595,5.529012680053711,8.492958068847656,8.492958068847656,1.0,1.0
80,10,8,0.99,lat,4,78,0.02313217520713806,0,2.8570340873557143e-05,0.30217838287353516,5.375219345092773,7.717041015625,7.717041015625,1.0,1.0
80,10,8,0.99,lat,4,79,0.035978078842163086,0,8.72143282322213e-05,0.2927458584308624,5.484062671661377,6.1181440353393555,6.1181440353393555,1.0,1.0
