n_over_m,sparsity,condition,seed,feature,w_norm,I_i,D_i,self_drop,collateral,n_represented
2,0.8,baseline,0,0,1.2402334213256836,0.05552157759666443,0.4970605969429016,1.00884211063385,0.055306870490312576,19
2,0.8,baseline,0,1,1.1817131042480469,0.055596936494112015,0.5087412595748901,1.0501302480697632,0.05521005764603615,19
2,0.8,baseline,0,2,1.2881896495819092,0.053489841520786285,0.5445354580879211,1.0432846546173096,0.053880371153354645,19
2,0.8,baseline,0,3,1.2812713384628296,0.05454830080270767,0.5082149505615234,1.0088762044906616,0.055974144488573074,19
2,0.8,baseline,0,4,1.275713562965393,0.05523340404033661,0.4918763041496277,0.9863528609275818,0.05669395625591278,19
2,0.8,baseline,0,5,1.2170894145965576,0.05559062957763672,0.4785016179084778,0.9993117451667786,0.055798131972551346,19
2,0.8,baseline,0,6,1.4427324533462524,0.06079326197504997,0.5230309963226318,1.0106834173202515,0.05320535972714424,19
2,0.8,baseline,0,7,1.262330174446106,0.055235229432582855,0.481733113527298,1.0219253301620483,0.05467795580625534,19
2,0.8,baseline,0,8,1.146340250968933,0.055520761758089066,0.4787132441997528,0.9990053176879883,0.05810271203517914,19
2,0.8,baseline,0,9,1.4628807306289673,0.05825887992978096,0.49493473768234253,1.024454951286316,0.05452752113342285,19
2,0.8,baseline,0,10,1.5093543529510498,0.057105377316474915,0.5029572248458862,1.030617117881775,0.054778993129730225,19
2,0.8,baseline,0,11,1.2333531379699707,0.054668813943862915,0.47043105959892273,1.0094280242919922,0.05582807585597038,19
2,0.8,baseline,0,12,1.4468868970870972,0.05812988057732582,0.4843931794166565,0.9847770929336548,0.056796595454216,19
2,0.8,baseline,0,13,1.486538052558899,0.056937504559755325,0.4879665672779083,0.9899892807006836,0.0571686290204525,19
2,0.8,baseline,0,14,1.4187617301940918,0.05534259229898453,0.49203595519065857,1.0065313577651978,0.05620662868022919,19
2,0.8,baseline,0,15,1.4145673513412476,0.055580515414476395,0.4884873032569885,1.0129823684692383,0.05568377673625946,19
2,0.8,baseline,0,16,1.1661299467086792,0.05356680229306221,0.44600483775138855,0.972941517829895,0.05774076655507088,19
2,0.8,baseline,0,17,0.6759036183357239,0.06829766184091568,0.4223288595676422,1.2273178100585938,0.003793100593611598,19
2,0.8,baseline,0,19,1.3214852809906006,0.06107537820935249,0.43851685523986816,0.9578106999397278,0.05597345530986786,19
2,0.8,baseline,1,0,1.0820316076278687,0.013630378060042858,0.8535017371177673,1.125514030456543,8.36402177810669e-05,18
2,0.8,baseline,1,1,1.291251540184021,0.05301196873188019,0.5397335886955261,1.040425419807434,0.05714934319257736,18
2,0.8,baseline,1,2,1.3358049392700195,0.084483303129673,0.46152737736701965,1.053938627243042,0.06064571440219879,18
2,0.8,baseline,1,3,1.3237541913986206,0.08422265946865082,0.4532608389854431,1.0368553400039673,0.0618143230676651,18
2,0.8,baseline,1,4,1.527904987335205,0.05674341320991516,0.5502386689186096,0.9979076385498047,0.0552511066198349,18
2,0.8,baseline,1,5,1.5463303327560425,0.063687264919281,0.5024370551109314,1.0229129791259766,0.05724611505866051,18
2,0.8,baseline,1,6,1.4974440336227417,0.06197427958250046,0.4923277497291565,1.0450773239135742,0.05828552693128586,18
2,0.8,baseline,1,7,1.563376545906067,0.0557374469935894,0.5092543363571167,1.0242490768432617,0.057083193212747574,18
2,0.8,baseline,1,8,1.4796799421310425,0.06167593225836754,0.48090142011642456,0.9938275218009949,0.06145607680082321,18
2,0.8,baseline,1,9,1.5392283201217651,0.05576019361615181,0.49150121212005615,1.0252676010131836,0.05908207222819328,18
2,0.8,baseline,1,10,1.5871193408966064,0.0605073906481266,0.492011159658432,1.0003178119659424,0.05979590490460396,18
2,0.8,baseline,1,11,1.5238275527954102,0.05578576400876045,0.4817119538784027,1.0060954093933105,0.060148805379867554,18
2,0.8,baseline,1,12,1.5706418752670288,0.06072099506855011,0.48172104358673096,1.017693042755127,0.0586581826210022,18
2,0.8,baseline,1,13,1.5210460424423218,0.05554662272334099,0.48217132687568665,0.9743927121162415,0.060167599469423294,18
2,0.8,baseline,1,14,1.185904860496521,0.05300376936793327,0.4553401470184326,0.9772817492485046,0.060913555324077606,18
2,0.8,baseline,1,15,0.8334810137748718,0.141505166888237,0.3297887444496155,1.456872820854187,0.009720821864902973,18
2,0.8,baseline,1,16,1.4458454847335815,0.06393683701753616,0.43911218643188477,0.9752657413482666,0.05997440963983536,18
2,0.8,baseline,1,19,1.350277304649353,0.0571407712996006,0.42940467596054077,0.9405122995376587,0.05843520537018776,18
2,0.8,baseline,2,0,1.0190404653549194,0.037243328988552094,0.7783148884773254,1.2007683515548706,3.503580956021324e-05,17
2,0.8,baseline,2,1,0.8971994519233704,0.02002326399087906,0.8097348809242249,1.1519485712051392,4.5077405957272276e-05,17
2,0.8,baseline,2,2,1.3080976009368896,0.05614893510937691,0.5133845210075378,1.0087486505508423,0.06071917712688446,17
2,0.8,baseline,2,3,1.3613742589950562,0.0546204037964344,0.5341632962226868,0.9990824460983276,0.061355747282505035,17
2,0.8,baseline,2,4,1.3815782070159912,0.05532975494861603,0.4951041340827942,1.0105639696121216,0.06241905316710472,17
2,0.8,baseline,2,5,1.3768068552017212,0.05531579628586769,0.4917283058166504,0.9991804957389832,0.06315777450799942,17
2,0.8,baseline,2,6,1.3664661645889282,0.05507361888885498,0.5004028677940369,1.0048577785491943,0.061240218579769135,17
2,0.8,baseline,2,7,1.4485925436019897,0.05623658001422882,0.5247364640235901,1.0451850891113281,0.058910515159368515,17
2,0.8,baseline,2,8,1.398803949356079,0.05493929982185364,0.5081850290298462,1.0389842987060547,0.06221901625394821,17
2,0.8,baseline,2,9,1.317422866821289,0.05434891954064369,0.49675628542900085,1.0302855968475342,0.06277945637702942,17
2,0.8,baseline,2,10,1.3068699836730957,0.05433788523077965,0.48885229229927063,1.006068229675293,0.06430082768201828,17
2,0.8,baseline,2,11,1.3366645574569702,0.05508889630436897,0.4787217378616333,0.9819365739822388,0.06266678124666214,17
2,0.8,baseline,2,12,1.2334532737731934,0.05615251883864403,0.45671704411506653,0.9742988348007202,0.06291469186544418,17
2,0.8,baseline,2,13,1.3584100008010864,0.054849158972501755,0.47944748401641846,0.997703492641449,0.06487000733613968,17
2,0.8,baseline,2,14,0.8661696910858154,0.17112140357494354,0.6573378443717957,1.1049189567565918,0.00017963422578759491,17
2,0.8,baseline,2,16,1.2468847036361694,0.05468521639704704,0.4479576051235199,0.9834154844284058,0.06227840483188629,17
2,0.8,baseline,2,19,1.3418265581130981,0.05640826001763344,0.4497791528701782,0.9434519410133362,0.0651869848370552,17
2,0.8,baseline,3,0,1.0842024087905884,0.0639849379658699,0.6870190501213074,1.204027533531189,0.0009670923464000225,18
2,0.8,baseline,3,1,1.4787054061889648,0.08207432925701141,0.47185611724853516,1.0267760753631592,0.06040673330426216,18
2,0.8,baseline,3,2,1.0619877576828003,0.02065850794315338,0.7526979446411133,1.1608784198760986,0.00038406075327657163,18
2,0.8,baseline,3,3,1.3094347715377808,0.055098552256822586,0.49318814277648926,1.0375261306762695,0.0585361085832119,18
2,0.8,baseline,3,4,1.3037275075912476,0.055073969066143036,0.48896661400794983,0.9986969232559204,0.06085972860455513,18
2,0.8,baseline,3,5,1.344892978668213,0.057039570063352585,0.5023168921470642,0.9942989945411682,0.056508224457502365,18
2,0.8,baseline,3,6,1.39093816280365,0.05622642859816551,0.48936593532562256,1.0047483444213867,0.05790441855788231,18
2,0.8,baseline,3,7,1.3870173692703247,0.05630205199122429,0.486206978559494,0.9873788952827454,0.0587894506752491,18
2,0.8,baseline,3,8,1.4352531433105469,0.08223026990890503,0.4445900321006775,1.0271873474121094,0.060274116694927216,18
2,0.8,baseline,3,9,1.4407368898391724,0.09081295132637024,0.4328985810279846,1.0766371488571167,0.061576150357723236,18
2,0.8,baseline,3,10,1.5354291200637817,0.06581821292638779,0.47782468795776367,1.017883539199829,0.05761006847023964,18
2,0.8,baseline,3,11,1.4007090330123901,0.08439328521490097,0.38932323455810547,1.1376405954360962,0.06672166287899017,18
2,0.8,baseline,3,12,1.3840593099594116,0.0842532142996788,0.38037848472595215,1.1338239908218384,0.06734622269868851,18
2,0.8,baseline,3,13,1.489145278930664,0.07634669542312622,0.4279007315635681,1.0548124313354492,0.061810221523046494,18
2,0.8,baseline,3,14,1.2848238945007324,0.057076070457696915,0.458279550075531,0.9651139974594116,0.058184314519166946,18
2,0.8,baseline,3,15,1.3946245908737183,0.09103033691644669,0.40508416295051575,1.0470950603485107,0.06317267566919327,18
2,0.8,baseline,3,16,1.493617057800293,0.06580439954996109,0.4520578980445862,0.9826839566230774,0.05967995524406433,18
2,0.8,baseline,3,19,1.4475830793380737,0.07628417760133743,0.4044012427330017,1.0481799840927124,0.06200675293803215,18
2,0.8,baseline,4,0,1.2285586595535278,0.05514025688171387,0.5061464309692383,1.0220201015472412,0.06119536608457565,17
2,0.8,baseline,4,1,1.3645129203796387,0.059146855026483536,0.5034134387969971,1.0293185710906982,0.063216432929039,17
2,0.8,baseline,4,2,1.232903003692627,0.05334410443902016,0.5021512508392334,1.0243360996246338,0.06380186975002289,17
2,0.8,baseline,4,3,1.0888447761535645,0.012105332687497139,0.9440993666648865,1.1217867136001587,-1.062000410456676e-05,17
2,0.8,baseline,4,4,1.2602016925811768,0.03961336985230446,0.7168557047843933,1.2240362167358398,0.00017442199168726802,17
2,0.8,baseline,4,5,1.2176607847213745,0.05331537500023842,0.4899844527244568,1.0228025913238525,0.06396851688623428,17
2,0.8,baseline,4,6,1.4749634265899658,0.06183646246790886,0.4965935945510864,1.0660635232925415,0.06185603514313698,17
2,0.8,baseline,4,7,1.423722743988037,0.0555356927216053,0.5068727731704712,1.0010006427764893,0.06363438814878464,17
2,0.8,baseline,4,8,1.1879948377609253,0.05512846261262894,0.47314217686653137,0.9799358248710632,0.06383012235164642,17
2,0.8,baseline,4,9,1.3055521249771118,0.05915996804833412,0.4605966806411743,1.0124591588974,0.06424642354249954,17
2,0.8,baseline,4,10,1.4493213891983032,0.061756640672683716,0.4794842004776001,0.9915790557861328,0.06656084954738617,17
2,0.8,baseline,4,11,1.5213263034820557,0.05731164291501045,0.4904445707798004,1.0281987190246582,0.06287730485200882,17
2,0.8,baseline,4,12,1.4515020847320557,0.0557677187025547,0.49896422028541565,1.0459707975387573,0.06304576992988586,17
2,0.8,baseline,4,13,0.8962888717651367,0.17415814101696014,0.5752670764923096,1.3007214069366455,0.00020977196982130408,17
2,0.8,baseline,4,14,1.5027414560317993,0.05735881254076958,0.4784111976623535,1.0063894987106323,0.06419938057661057,17
2,0.8,baseline,4,15,1.3695579767227173,0.05552301183342934,0.46911460161209106,1.0197319984436035,0.06248552352190018,17
2,0.8,baseline,4,16,1.4268429279327393,0.05571184679865837,0.48195382952690125,1.0103836059570312,0.06527882069349289,17
2,0.8,input_at,0,0,0.943175196647644,0.07652323693037033,0.8380522131919861,1.1576571464538574,7.706991891609505e-05,15
2,0.8,input_at,0,1,1.1406160593032837,0.06382641941308975,0.489143043756485,1.0482994318008423,0.07253886759281158,15
2,0.8,input_at,0,2,1.0738941431045532,0.034704696387052536,0.8156402707099915,1.1456807851791382,0.0003135810256935656,15
2,0.8,input_at,0,3,1.0392886400222778,0.01502937264740467,0.818463921546936,1.1929618120193481,3.876860864693299e-05,15
2,0.8,input_at,0,4,1.2517989873886108,0.06809508800506592,0.4839845597743988,0.9903196096420288,0.07365946471691132,15
2,0.8,input_at,0,5,1.0525010824203491,0.03327738121151924,0.8214511275291443,1.1567977666854858,0.00018725403060670942,15
2,0.8,input_at,0,6,1.0907301902770996,0.0919598788022995,0.7111213803291321,1.2495121955871582,0.00015962122415658087,15
2,0.8,input_at,0,7,1.251704454421997,0.06811561435461044,0.48389914631843567,1.0328497886657715,0.07061754167079926,15
2,0.8,input_at,0,8,1.138601541519165,0.06383875757455826,0.4873848855495453,1.0179189443588257,0.07469265908002853,15
2,0.8,input_at,0,9,1.5124096870422363,0.06338243931531906,0.4834919571876526,1.0194612741470337,0.07176170498132706,15
2,0.8,input_at,0,10,1.4877684116363525,0.058307867497205734,0.4942137897014618,1.0202556848526,0.07227575033903122,15
2,0.8,input_at,0,11,1.7078485488891602,0.11334250867366791,0.4772529900074005,1.0116798877716064,0.07134316861629486,15
2,0.8,input_at,0,12,1.5115835666656494,0.06335761398077011,0.48303839564323425,1.0058577060699463,0.07273627072572708,15
2,0.8,input_at,0,13,1.4874252080917358,0.05830841884016991,0.49399682879447937,1.0134458541870117,0.07277331501245499,15
2,0.8,input_at,0,15,1.7042269706726074,0.11333362758159637,0.47522076964378357,0.9991746544837952,0.072239451110363,15
2,0.8,input_at,1,0,1.1167292594909668,0.00963186752051115,0.9067840576171875,1.1097666025161743,5.5306598369497806e-05,17
2,0.8,input_at,1,1,1.0972812175750732,0.011706583201885223,0.8844202160835266,1.1342467069625854,-2.0576128008542582e-05,17
2,0.8,input_at,1,2,1.1573566198349,0.07336599379777908,0.47320035099983215,1.0530588626861572,0.06277789920568466,17
2,0.8,input_at,1,3,1.157495141029358,0.07340504974126816,0.47328856587409973,1.0100144147872925,0.06546195596456528,17
2,0.8,input_at,1,4,1.2947043180465698,0.07460176199674606,0.6039144396781921,1.0027804374694824,0.04737323150038719,17
2,0.8,input_at,1,5,1.0877174139022827,0.033301692456007004,0.779254138469696,1.2010400295257568,0.00012372816854622215,17
2,0.8,input_at,1,6,1.4127544164657593,0.06692034006118774,0.4882661998271942,1.0516563653945923,0.06284199655056,17
2,0.8,input_at,1,7,1.4729198217391968,0.053719568997621536,0.4998248815536499,1.03499174118042,0.06216484308242798,17
2,0.8,input_at,1,8,1.4120054244995117,0.06694239377975464,0.4877264201641083,1.0093762874603271,0.06547736376523972,17
2,0.8,input_at,1,9,1.530968189239502,0.05542512983083725,0.4958122968673706,1.0463204383850098,0.06328652799129486,17
2,0.8,input_at,1,10,1.5573251247406006,0.053957149386405945,0.497065931558609,1.026504635810852,0.06394506990909576,17
2,0.8,input_at,1,11,1.5288105010986328,0.055379610508680344,0.4944269359111786,1.015255093574524,0.0652332603931427,17
2,0.8,input_at,1,12,1.5546085834503174,0.053936850279569626,0.49539461731910706,1.0278068780899048,0.06390359252691269,17
2,0.8,input_at,1,13,1.4677504301071167,0.05368565768003464,0.4963470995426178,1.0007063150405884,0.06435033679008484,17
2,0.8,input_at,1,14,0.9229161739349365,0.2404048591852188,0.401762455701828,0.8623979091644287,0.02757975086569786,17
2,0.8,input_at,1,15,0.6064401865005493,0.24030831456184387,0.17365843057632446,0.4066678285598755,0.0561700314283371,17
2,0.8,input_at,1,19,0.963631808757782,0.07773902267217636,0.3325096666812897,0.7581462264060974,0.062015414237976074,17
2,0.8,input_at,2,0,0.9725633263587952,0.03616106137633324,0.8277967572212219,1.2015920877456665,7.196145452326164e-05,15
2,0.8,input_at,2,1,0.9300905466079712,0.014311638660728931,0.8966814279556274,1.1228529214859009,4.962142338627018e-05,15
2,0.8,input_at,2,2,1.0198829174041748,0.02404511347413063,0.8801156878471375,1.1408238410949707,2.194745684391819e-05,15
2,0.8,input_at,2,3,1.2718333005905151,0.05353647843003273,0.5133602023124695,1.0128378868103027,0.07288933545351028,15
2,0.8,input_at,2,4,1.249617338180542,0.05377669632434845,0.49730387330055237,1.0346819162368774,0.07232987135648727,15
2,0.8,input_at,2,5,1.2492790222167969,0.053769633173942566,0.49704205989837646,1.0133270025253296,0.07386141270399094,15
2,0.8,input_at,2,6,1.3616423606872559,0.055700648576021194,0.49386516213417053,1.013183832168579,0.07148124277591705,15
2,0.8,input_at,2,7,1.2120683193206787,0.05194482579827309,0.8371126055717468,1.186953067779541,4.40533876826521e-05,15
2,0.8,input_at,2,8,1.3960398435592651,0.053793273866176605,0.4972775876522064,1.0350325107574463,0.07378489524126053,15
2,0.8,input_at,2,9,1.3291144371032715,0.054545313119888306,0.4952987730503082,1.0400243997573853,0.07254476845264435,15
2,0.8,input_at,2,10,1.3287062644958496,0.05456308275461197,0.4949479401111603,1.0168646574020386,0.0741778090596199,15
2,0.8,input_at,2,11,1.3595497608184814,0.05566323548555374,0.49241703748703003,1.0030741691589355,0.07222866266965866,15
2,0.8,input_at,2,12,1.1228388547897339,0.28427284955978394,0.6979160904884338,1.3053243160247803,-1.4923348317097407e-05,15
2,0.8,input_at,2,13,1.3939119577407837,0.05377533659338951,0.49580472707748413,1.0351500511169434,0.07380492240190506,15
2,0.8,input_at,2,16,1.230467677116394,0.053564392030239105,0.4804680049419403,1.022683024406433,0.07213138043880463,15
2,0.8,input_at,3,0,1.0970327854156494,0.06340430676937103,0.8530584573745728,1.126664638519287,0.00028447018121369183,14
2,0.8,input_at,3,1,1.1176936626434326,0.05889337882399559,0.6533263921737671,1.345044732093811,0.0003085262724198401,14
2,0.8,input_at,3,2,1.4246649742126465,0.0671895444393158,0.8729292750358582,1.1302613019943237,-2.6809158953255974e-05,14
2,0.8,input_at,3,3,0.9797827005386353,0.04286202788352966,0.7340999245643616,1.2770291566848755,0.000208122975891456,14
2,0.8,input_at,3,4,1.3521744012832642,0.08083365857601166,0.7090266346931458,1.3203150033950806,0.00011798951891250908,14
2,0.8,input_at,3,5,1.2705979347229004,0.04283376410603523,0.7358983755111694,1.1715067625045776,0.0005015020142309368,14
2,0.8,input_at,3,6,1.3496161699295044,0.05691559240221977,0.4907722473144531,1.0382410287857056,0.07633984833955765,14
2,0.8,input_at,3,7,1.349268913269043,0.05691463127732277,0.4905179738998413,0.9929985404014587,0.07980608940124512,14
2,0.8,input_at,3,8,1.5778042078018188,0.06489012390375137,0.4768803119659424,1.022129774093628,0.07560518383979797,14
2,0.8,input_at,3,9,1.7603222131729126,0.09050462394952774,0.48781251907348633,1.0006296634674072,0.07979217916727066,14
2,0.8,input_at,3,10,1.3889615535736084,0.0802861824631691,0.44670748710632324,1.0295096635818481,0.07978390902280807,14
2,0.8,input_at,3,11,1.5766668319702148,0.06488022953271866,0.47619450092315674,0.9842496514320374,0.07852048426866531,14
2,0.8,input_at,3,12,1.3875832557678223,0.08029405027627945,0.44588205218315125,1.040172815322876,0.07899319380521774,14
2,0.8,input_at,3,13,1.7580119371414185,0.09047814458608627,0.48652568459510803,1.0378906726837158,0.07692401111125946,14
2,0.8,input_at,4,0,1.014281988143921,0.02392612397670746,0.8588590025901794,1.134842038154602,0.00012047553900629282,17
2,0.8,input_at,4,1,1.045563817024231,0.0282780472189188,0.7564963698387146,1.1822069883346558,0.00038394343573600054,17
2,0.8,input_at,4,2,1.1804481744766235,0.057564496994018555,0.4950242042541504,1.0394659042358398,0.06402029097080231,17
2,0.8,input_at,4,3,1.2233883142471313,0.06261986494064331,0.4780932068824768,0.9985933303833008,0.06406600028276443,17
2,0.8,input_at,4,4,0.928841769695282,0.020675286650657654,0.740604043006897,1.208142638206482,0.00019824874470941722,17
2,0.8,input_at,4,5,1.1797829866409302,0.05756187438964844,0.4944925308227539,1.0268670320510864,0.06481694430112839,17
2,0.8,input_at,4,6,1.2227879762649536,0.0626288428902626,0.47758305072784424,1.027790904045105,0.062236055731773376,17
2,0.8,input_at,4,7,1.458582878112793,0.07247088104486465,0.4956350028514862,1.0187370777130127,0.06418797373771667,17
2,0.8,input_at,4,8,1.3347151279449463,0.06677144765853882,0.4616026282310486,1.0070990324020386,0.06399741023778915,17
2,0.8,input_at,4,9,1.5206724405288696,0.07879270613193512,0.48293501138687134,1.015456199645996,0.0632501021027565,17
2,0.8,input_at,4,10,1.5199987888336182,0.07880336046218872,0.48246708512306213,1.0133445262908936,0.06338177621364594,17
2,0.8,input_at,4,11,1.5650057792663574,0.08523959666490555,0.49364256858825684,1.0302677154541016,0.06339423358440399,17
2,0.8,input_at,4,12,1.573042869567871,0.06839834153652191,0.46189290285110474,1.0274937152862549,0.0636189803481102,17
2,0.8,input_at,4,13,1.5737806558609009,0.0684286579489708,0.4622460901737213,1.0195690393447876,0.06409364938735962,17
2,0.8,input_at,4,14,1.5633080005645752,0.0852121114730835,0.49258729815483093,1.0155203342437744,0.06433135271072388,17
2,0.8,input_at,4,15,1.4478459358215332,0.07246891409158707,0.48838621377944946,1.0285758972167969,0.06357577443122864,17
2,0.8,input_at,4,16,1.3221206665039062,0.0668177381157875,0.45267555117607117,1.0239781141281128,0.06291700899600983,17
2,0.8,lat,0,0,2.0909321308135986,0.0011228766525164247,0.9826943874359131,1.1498744487762451,-2.335962744837161e-05,18
2,0.8,lat,0,1,1.9109766483306885,0.052846815437078476,0.5004742741584778,1.0647070407867432,0.061307143419981,18
2,0.8,lat,0,2,1.7152106761932373,0.0009060821612365544,0.9787110686302185,1.1519323587417603,-1.3235570804681629e-05,18
2,0.8,lat,0,3,1.897275447845459,0.05315166339278221,0.5001500248908997,1.0240157842636108,0.06092539802193642,18
2,0.8,lat,0,4,1.9059094190597534,0.05281103774905205,0.4998655617237091,1.0288591384887695,0.06111762672662735,18
2,0.8,lat,0,5,1.8493492603302002,0.05329182371497154,0.49674496054649353,1.0224649906158447,0.06011451780796051,18
2,0.8,lat,0,6,1.8486074209213257,0.053298842161893845,0.4963032901287079,1.0219389200210571,0.060122523456811905,18
2,0.8,lat,0,7,1.903147578239441,0.05280845984816551,0.49842289090156555,1.0390596389770508,0.06051555648446083,18
2,0.8,lat,0,8,1.9056308269500732,0.05285866558551788,0.49765026569366455,1.0421665906906128,0.06258908659219742,18
2,0.8,lat,0,9,1.8711391687393188,0.05339380353689194,0.49714720249176025,1.0233546495437622,0.05916272848844528,18
2,0.8,lat,0,10,1.9572339057922363,0.05343199521303177,0.49803000688552856,0.998906135559082,0.059685952961444855,18
2,0.8,lat,0,11,1.8870893716812134,0.05314849689602852,0.49483513832092285,1.0357847213745117,0.060262713581323624,18
2,0.8,lat,0,12,1.8678451776504517,0.05338136851787567,0.4954638183116913,1.0059045553207397,0.060212962329387665,18
2,0.8,lat,0,13,1.9511630535125732,0.05342863127589226,0.49498727917671204,1.0155723094940186,0.05873269587755203,18
2,0.8,lat,0,14,1.991416096687317,0.05369539186358452,0.4962592124938965,1.0195930004119873,0.05945616587996483,18
2,0.8,lat,0,15,1.990351676940918,0.05370228365063667,0.49577340483665466,1.01090669631958,0.05997491627931595,18
2,0.8,lat,0,16,0.5377172231674194,0.15800848603248596,0.21089036762714386,0.31705182790756226,0.05681240186095238,18
2,0.8,lat,0,17,1.0051014423370361,0.15799060463905334,0.7374680042266846,0.9656848907470703,0.018619609996676445,18
2,0.8,lat,1,0,1.8035823106765747,0.0020271583925932646,0.9579018950462341,1.1376389265060425,-2.537153886805754e-05,18
2,0.8,lat,1,1,1.8716237545013428,0.000780352158471942,0.9839510321617126,1.1381429433822632,-4.9719314120011404e-05,18
2,0.8,lat,1,2,2.007101535797119,0.053171075880527496,0.4979161024093628,1.0495874881744385,0.061780158430337906,18
2,0.8,lat,1,3,2.007077693939209,0.0531686469912529,0.4979189932346344,1.0511927604675293,0.06170040741562843,18
2,0.8,lat,1,4,2.0632028579711914,0.053506940603256226,0.5360879898071289,1.0476572513580322,0.05378660187125206,18
2,0.8,lat,1,5,1.8262395858764648,0.053677093237638474,0.5091387629508972,1.0398483276367188,0.05814675614237785,18
2,0.8,lat,1,6,2.046165943145752,0.05302942916750908,0.4995988607406616,1.0394998788833618,0.062038604170084,18
2,0.8,lat,1,7,2.141521453857422,0.05312272161245346,0.5028232336044312,1.0228039026260376,0.058697670698165894,18
2,0.8,lat,1,8,2.0418338775634766,0.05303416773676872,0.4975241720676422,1.0546228885650635,0.06117544323205948,18
2,0.8,lat,1,9,2.0257420539855957,0.05301399156451225,0.4994122087955475,1.0594033002853394,0.05970875546336174,18
2,0.8,lat,1,10,2.0645663738250732,0.053907424211502075,0.4975060522556305,1.0260576009750366,0.05949179455637932,18
2,0.8,lat,1,11,2.021233558654785,0.05300553888082504,0.4972333610057831,1.015149474143982,0.06231527402997017,18
2,0.8,lat,1,12,2.0563604831695557,0.05384228751063347,0.49368980526924133,1.0126298666000366,0.060362935066223145,18
2,0.8,lat,1,13,2.123702049255371,0.053146909922361374,0.49450233578681946,0.9980887770652771,0.06013712286949158,18
2,0.8,lat,1,14,1.2071502208709717,0.15810464322566986,0.8863134980201721,1.1075364351272583,0.005916212685406208,18
2,0.8,lat,1,15,0.345152348279953,0.15803229808807373,0.07278873771429062,0.10064727067947388,0.06526752561330795,18
2,0.8,lat,1,17,1.7723883390426636,0.05363882705569267,0.479802668094635,0.9895622730255127,0.0611613430082798,18
2,0.8,lat,1,19,1.9059574604034424,0.053485337644815445,0.4576030671596527,0.9155365824699402,0.061597198247909546,18
2,0.8,lat,2,0,1.8265061378479004,0.0006313577177934349,0.9879669547080994,1.1425514221191406,-1.4114156329014804e-05,18
2,0.8,lat,2,1,1.615178108215332,0.0005889810854569077,0.9861192107200623,1.145457148551941,-1.240464007423725e-05,18
2,0.8,lat,2,2,1.9663220643997192,0.05308074876666069,0.5053536295890808,1.0340635776519775,0.059318527579307556,18
2,0.8,lat,2,3,2.006221055984497,0.052877288311719894,0.5182291269302368,1.036358118057251,0.058092180639505386,18
2,0.8,lat,2,4,1.9698858261108398,0.052989985793828964,0.4998789429664612,1.049400806427002,0.060559481382369995,18
2,0.8,lat,2,5,1.9692814350128174,0.052971333265304565,0.4995720386505127,1.0292412042617798,0.06174430996179581,18
2,0.8,lat,2,6,1.9344069957733154,0.052844807505607605,0.5011342763900757,1.03432035446167,0.059781208634376526,18
2,0.8,lat,2,7,1.851914405822754,0.05361125245690346,0.5162889361381531,1.0627747774124146,0.056678593158721924,18
2,0.8,lat,2,8,1.782958984375,0.05292569473385811,0.5012019276618958,1.0390639305114746,0.06081704422831535,18
2,0.8,lat,2,9,1.8498942852020264,0.05328618735074997,0.4991319477558136,1.0373154878616333,0.06027236953377724,18
2,0.8,lat,2,10,1.8486229181289673,0.053294990211725235,0.4984574019908905,1.0247788429260254,0.06101933494210243,18
2,0.8,lat,2,11,1.9280718564987183,0.05285929515957832,0.4978478252887726,1.0161510705947876,0.06081557273864746,18
2,0.8,lat,2,12,1.9395920038223267,0.053085893392562866,0.49171003699302673,1.0089083909988403,0.06079079210758209,18
2,0.8,lat,2,13,1.7738555669784546,0.0529424212872982,0.4960901141166687,1.0338481664657593,0.06110864505171776,18
2,0.8,lat,2,14,1.142441987991333,0.15608105063438416,0.9065806865692139,1.1267094612121582,0.005269013345241547,18
2,0.8,lat,2,15,0.3281053602695465,0.15616197884082794,0.07502927631139755,0.09008574485778809,0.06627949327230453,18
2,0.8,lat,2,16,1.931033730506897,0.0528559572994709,0.4801888167858124,0.9881498217582703,0.06099103391170502,18
2,0.8,lat,2,19,1.7868024110794067,0.053595662117004395,0.48064693808555603,0.9632129669189453,0.06253615021705627,18
2,0.8,lat,3,0,1.933009147644043,0.022077128291130066,0.8824455738067627,1.1263031959533691,5.819504804094322e-05,19
2,0.8,lat,3,1,2.2260231971740723,0.05457613989710808,0.5001800060272217,1.0523213148117065,0.056861087679862976,19
2,0.8,lat,3,2,1.6350475549697876,0.037730224430561066,0.7571381330490112,1.1758805513381958,0.0004357517173048109,19
2,0.8,lat,3,3,2.081228256225586,0.05324810370802879,0.49876677989959717,1.0366947650909424,0.05789588391780853,19
2,0.8,lat,3,4,2.079411745071411,0.053241681307554245,0.49789005517959595,1.042860746383667,0.057557787746191025,19
2,0.8,lat,3,5,1.8933134078979492,0.056995637714862823,0.5004136562347412,1.0139029026031494,0.0548442080616951,19
2,0.8,lat,3,6,1.9828535318374634,0.054402489215135574,0.4925892651081085,1.012984275817871,0.05640323832631111,19
2,0.8,lat,3,7,1.9810853004455566,0.05437769368290901,0.4918350577354431,1.0181663036346436,0.05614514648914337,19
2,0.8,lat,3,8,2.213911771774292,0.0545460470020771,0.49480098485946655,1.024742603302002,0.058435022830963135,19
2,0.8,lat,3,9,2.0970942974090576,0.06960984319448471,0.4701807200908661,1.004440426826477,0.05627509579062462,19
2,0.8,lat,3,10,2.009390115737915,0.06260519474744797,0.4710756540298462,1.022787094116211,0.05555631220340729,19
2,0.8,lat,3,11,1.717750906944275,0.08816013485193253,0.4419301152229309,1.0464494228363037,0.05685027316212654,19
2,0.8,lat,3,12,1.7083817720413208,0.08766204863786697,0.43828243017196655,1.023818850517273,0.05819064378738403,19
2,0.8,lat,3,13,1.998152256011963,0.062382251024246216,0.4663372337818146,1.0042730569839478,0.056711211800575256,19
2,0.8,lat,3,14,1.8673875331878662,0.056844186037778854,0.4870276153087616,0.9924101829528809,0.05614543706178665,19
2,0.8,lat,3,15,2.074558973312378,0.06955400854349136,0.46029946208000183,1.0153958797454834,0.05574299395084381,19
2,0.8,lat,3,16,1.6295745372772217,0.12857457995414734,0.40900853276252747,1.0357532501220703,0.06164763495326042,19
2,0.8,lat,3,17,0.9219801425933838,0.12623631954193115,0.13437828421592712,0.4027329087257385,0.09755951166152954,19
2,0.8,lat,3,18,1.3012481927871704,0.1286175698041916,0.26068049669265747,0.7131943106651306,0.07923225313425064,19
2,0.8,lat,4,0,2.0274415016174316,0.05755891278386116,0.5013828277587891,1.0505536794662476,0.06095290184020996,18
2,0.8,lat,4,1,2.0760257244110107,0.0618467815220356,0.5008192658424377,1.052074909210205,0.06197555735707283,18
2,0.8,lat,4,2,1.9655545949935913,0.052945803850889206,0.49974262714385986,1.0616389513015747,0.0614151656627655,18
2,0.8,lat,4,3,2.015425205230713,0.05290152505040169,0.49942660331726074,1.0454661846160889,0.061517152935266495,18
2,0.8,lat,4,4,1.8292195796966553,0.004418208263814449,0.9874520897865295,1.147910714149475,2.079904152196832e-05,18
2,0.8,lat,4,5,1.964418888092041,0.05294431373476982,0.4991605877876282,1.043931484222412,0.06244645267724991,18
2,0.8,lat,4,6,2.0143680572509766,0.05290250852704048,0.4989036023616791,1.0458930730819702,0.06149357184767723,18
2,0.8,lat,4,7,2.0209569931030273,0.05356042459607124,0.5044162273406982,1.0306814908981323,0.06077248230576515,18
2,0.8,lat,4,8,2.02087140083313,0.057554639875888824,0.49814337491989136,1.0361758470535278,0.06180603429675102,18
2,0.8,lat,4,9,2.0667409896850586,0.061839982867240906,0.496367871761322,1.054150104522705,0.061867840588092804,18
2,0.8,lat,4,10,1.6444331407546997,0.05782489478588104,0.4999021589756012,1.0046944618225098,0.05831582844257355,18
2,0.8,lat,4,11,1.9776899814605713,0.07484668493270874,0.49799656867980957,1.0348217487335205,0.0597899854183197,18
2,0.8,lat,4,12,1.8661307096481323,0.055997103452682495,0.49814268946647644,1.0505601167678833,0.05937917158007622,18
2,0.8,lat,4,13,1.0355510711669922,0.06093651428818703,0.8940979242324829,1.1450635194778442,2.071908602374606e-05,18
2,0.8,lat,4,14,1.9744553565979004,0.07484769076108932,0.49636146426200867,1.016661286354065,0.06084918975830078,18
2,0.8,lat,4,15,1.9993195533752441,0.05354835465550423,0.49371036887168884,1.0338366031646729,0.06062884256243706,18
2,0.8,lat,4,16,1.8583875894546509,0.055953238159418106,0.49406641721725464,1.0102603435516357,0.06179095059633255,18
2,0.8,lat,4,18,1.6271116733551025,0.057771939784288406,0.4894736111164093,0.9922696352005005,0.059080034494400024,18
2,0.9,baseline,0,0,1.2470425367355347,0.05553838983178139,0.48657500743865967,1.0261609554290771,0.053346678614616394,20
2,0.9,baseline,0,1,1.1773931980133057,0.056133657693862915,0.48459702730178833,1.0131189823150635,0.05284910276532173,20
2,0.9,baseline,0,2,1.355778694152832,0.05568268895149231,0.5025738477706909,1.0093199014663696,0.05289754271507263,20
2,0.9,baseline,0,3,1.2666925191879272,0.05625759810209274,0.4891871213912964,1.0025099515914917,0.05268669128417969,20
2,0.9,baseline,0,4,1.2421915531158447,0.0580015666782856,0.46869081258773804,1.0319294929504395,0.05404523015022278,20
2,0.9,baseline,0,5,1.2399933338165283,0.05551557242870331,0.4812173545360565,1.015154242515564,0.05394706130027771,20
2,0.9,baseline,0,6,1.4931366443634033,0.05918201059103012,0.4901241958141327,1.0196117162704468,0.05251029133796692,20
2,0.9,baseline,0,7,1.2425564527511597,0.058022305369377136,0.4688439667224884,1.0271164178848267,0.05427401140332222,20
2,0.9,baseline,0,8,1.1616175174713135,0.056149452924728394,0.4715966582298279,1.0053695440292358,0.05327201634645462,20
2,0.9,baseline,0,9,1.4470014572143555,0.06962640583515167,0.44094857573509216,1.0745195150375366,0.055556267499923706,20
2,0.9,baseline,0,10,1.4021928310394287,0.0671793520450592,0.44588711857795715,1.0440778732299805,0.055429741740226746,20
2,0.9,baseline,0,11,1.247748851776123,0.056259989738464355,0.47469475865364075,1.0017602443695068,0.052697136998176575,20
2,0.9,baseline,0,12,1.4364367723464966,0.06949362903833389,0.43499353528022766,1.0555856227874756,0.05655868351459503,20
2,0.9,baseline,0,13,1.4633221626281738,0.07914803177118301,0.41413211822509766,1.099263310432434,0.059586506336927414,20
2,0.9,baseline,0,14,1.3370718955993652,0.08562275767326355,0.37081724405288696,1.195907473564148,0.06339827924966812,20
2,0.9,baseline,0,15,1.3853697776794434,0.06706494092941284,0.4356854259967804,1.0549746751785278,0.05499536171555519,20
2,0.9,baseline,0,16,1.3086397647857666,0.05570060387253761,0.4681139886379242,1.0055574178695679,0.05305870622396469,20
2,0.9,baseline,0,17,1.4485517740249634,0.07885529100894928,0.40661269426345825,1.1309077739715576,0.058191608637571335,20
2,0.9,baseline,0,18,1.3240997791290283,0.08541462570428848,0.3643091917037964,1.2027359008789062,0.0633738785982132,20
2,0.9,baseline,0,19,1.4501745700836182,0.05925893783569336,0.46212542057037354,0.9969807863235474,0.05362684652209282,20
2,0.9,baseline,1,0,1.3115789890289307,0.05671999230980873,0.48397210240364075,1.0190839767456055,0.0532323382794857,20
2,0.9,baseline,1,1,1.2838928699493408,0.05416982248425484,0.5144242644309998,1.0205587148666382,0.05309667810797691,20
2,0.9,baseline,1,2,1.229731798171997,0.0627371221780777,0.4388546347618103,1.068813681602478,0.05631604790687561,20
2,0.9,baseline,1,3,1.2266292572021484,0.06273352354764938,0.4367087185382843,1.0747150182724,0.05603739619255066,20
2,0.9,baseline,1,4,1.4902178049087524,0.05690892040729523,0.4838525950908661,1.0017694234848022,0.053387295454740524,20
2,0.9,baseline,1,5,1.5171712636947632,0.05833791568875313,0.4904489815235138,1.019513726234436,0.05290897190570831,20
2,0.9,baseline,1,6,1.3466094732284546,0.06051898002624512,0.4635448455810547,1.0368818044662476,0.05405506491661072,20
2,0.9,baseline,1,7,1.5175279378890991,0.06872406601905823,0.44150447845458984,1.0467908382415771,0.05548826605081558,20
2,0.9,baseline,1,8,1.47756826877594,0.05691060423851013,0.47569897770881653,1.0149340629577637,0.052742261439561844,20
2,0.9,baseline,1,9,1.2904767990112305,0.056713223457336426,0.4685862958431244,1.0132594108581543,0.05354173108935356,20
2,0.9,baseline,1,10,1.491285800933838,0.07373756170272827,0.41817033290863037,1.1089673042297363,0.05870334804058075,20
2,0.9,baseline,1,11,1.6097931861877441,0.07988669723272324,0.4187697768211365,1.0944043397903442,0.05768633633852005,20
2,0.9,baseline,1,12,1.5029921531677246,0.06997647881507874,0.43321219086647034,1.0763535499572754,0.05725322291254997,20
2,0.9,baseline,1,13,1.50364089012146,0.06858891993761063,0.4340706169605255,1.0544705390930176,0.055252570658922195,20
2,0.9,baseline,1,14,1.4783642292022705,0.07386577874422073,0.41044697165489197,1.112528920173645,0.05847824737429619,20
2,0.9,baseline,1,15,1.4915460348129272,0.06987033784389496,0.42720097303390503,1.083765983581543,0.05692777410149574,20
2,0.9,baseline,1,16,1.3274563550949097,0.060279376804828644,0.4516822397708893,1.029388189315796,0.05454045906662941,20
2,0.9,baseline,1,17,1.475678563117981,0.05837471783161163,0.46377578377723694,1.0071732997894287,0.053555287420749664,20
2,0.9,baseline,1,18,1.2210336923599243,0.05416249483823776,0.46532049775123596,1.0110973119735718,0.05355687066912651,20
2,0.9,baseline,1,19,1.578547716140747,0.07962964475154877,0.4033701717853546,1.1019973754882812,0.0577593669295311,20
2,0.9,baseline,2,0,1.1972973346710205,0.05619034543633461,0.4884680509567261,1.0137434005737305,0.05359767749905586,20
2,0.9,baseline,2,1,1.18967604637146,0.057326968759298325,0.4971279799938202,1.0215072631835938,0.052402984350919724,20
2,0.9,baseline,2,2,1.371048927307129,0.061399590224027634,0.47521910071372986,1.0252137184143066,0.05334172025322914,20
2,0.9,baseline,2,3,1.3485174179077148,0.05599799379706383,0.5025344491004944,1.0340131521224976,0.05392438545823097,20
2,0.9,baseline,2,4,1.4006985425949097,0.05540411174297333,0.4926195740699768,1.0073771476745605,0.052284371107816696,20
2,0.9,baseline,2,5,1.3884974718093872,0.05542685464024544,0.4839913845062256,0.9940338134765625,0.0529855377972126,20
2,0.9,baseline,2,6,1.4274545907974243,0.06207955628633499,0.4635898172855377,1.0391342639923096,0.054613955318927765,20
2,0.9,baseline,2,7,1.4314675331115723,0.0619841068983078,0.4665500819683075,1.036544919013977,0.0546804778277874,20
2,0.9,baseline,2,8,1.4252136945724487,0.060144104063510895,0.47881588339805603,1.0259804725646973,0.05387132242321968,20
2,0.9,baseline,2,9,1.1751161813735962,0.05618985742330551,0.47056668996810913,1.018357753753662,0.053331248462200165,20
2,0.9,baseline,2,10,1.4419949054718018,0.058148302137851715,0.47684746980667114,1.0172172784805298,0.05397380515933037,20
2,0.9,baseline,2,11,1.4436074495315552,0.05807176232337952,0.47822296619415283,1.0255593061447144,0.053548529744148254,20
2,0.9,baseline,2,12,1.3430287837982178,0.06140299141407013,0.45600801706314087,1.0134493112564087,0.05397045612335205,20
2,0.9,baseline,2,13,1.4004848003387451,0.06011010333895683,0.4624515771865845,1.0242348909378052,0.05397890880703926,20
2,0.9,baseline,2,14,1.2835440635681152,0.11281201988458633,0.30626046657562256,1.4867185354232788,0.07583049684762955,20
2,0.9,baseline,2,15,1.3409051895141602,0.09730168431997299,0.3607085049152374,1.2837870121002197,0.06810448318719864,20
2,0.9,baseline,2,16,1.301594614982605,0.05600934848189354,0.4681069850921631,1.0246737003326416,0.054406266659498215,20
2,0.9,baseline,2,17,1.2777179479599,0.11356737464666367,0.30199798941612244,1.4247138500213623,0.07849957048892975,20
2,0.9,baseline,2,18,1.3392298221588135,0.09794685989618301,0.358364999294281,1.276067852973938,0.06784369796514511,20
2,0.9,baseline,2,19,1.1251778602600098,0.05734747275710106,0.44458743929862976,0.9969155192375183,0.05372799560427666,20
2,0.9,baseline,3,0,1.1435210704803467,0.0575186088681221,0.4815734922885895,1.0160118341445923,0.053712185472249985,20
2,0.9,baseline,3,1,1.2194139957427979,0.05677509307861328,0.48010721802711487,1.0162073373794556,0.052766405045986176,20
2,0.9,baseline,3,2,1.2163127660751343,0.056973330676555634,0.4767078459262848,1.0040771961212158,0.05334950610995293,20
2,0.9,baseline,3,3,1.1648964881896973,0.0584588497877121,0.4717952013015747,1.0272189378738403,0.053595591336488724,20
2,0.9,baseline,3,4,1.1621445417404175,0.058550283312797546,0.46916890144348145,1.0215098857879639,0.05388692766427994,20
2,0.9,baseline,3,5,1.2598273754119873,0.055882636457681656,0.4907894432544708,1.0132805109024048,0.05264824256300926,20
2,0.9,baseline,3,6,1.309531331062317,0.05618876591324806,0.48344919085502625,0.9910726547241211,0.05267980322241783,20
2,0.9,baseline,3,7,1.308562159538269,0.05621088296175003,0.4827345013618469,1.003621220588684,0.05198714882135391,20
2,0.9,baseline,3,8,1.3657581806182861,0.0577797070145607,0.4831754267215729,1.0023571252822876,0.051371123641729355,20
2,0.9,baseline,3,9,2.593369483947754,0.06564710289239883,0.8170021772384644,1.045229196548462,0.0653037428855896,20
2,0.9,baseline,3,10,1.6354503631591797,0.07284215092658997,0.47333845496177673,1.0158624649047852,0.05501360073685646,20
2,0.9,baseline,3,11,1.1151970624923706,0.05758880451321602,0.45822790265083313,1.022357702255249,0.05321848392486572,20
2,0.9,baseline,3,12,1.3571528196334839,0.0576779730618,0.47728556394577026,0.9828171133995056,0.05259000509977341,20
2,0.9,baseline,3,13,1.3776733875274658,0.0737638995051384,0.43512633442878723,0.9920350313186646,0.059142738580703735,20
2,0.9,baseline,3,14,1.2286535501480103,0.05577957630157471,0.46809402108192444,1.0037795305252075,0.05307551473379135,20
2,0.9,baseline,3,15,1.0174965858459473,0.0918777585029602,0.1641988903284073,1.3844738006591797,0.08512814342975616,20
2,0.9,baseline,3,16,1.0853030681610107,0.08857697248458862,0.20786118507385254,0.9871640205383301,0.10693388432264328,20
2,0.9,baseline,3,17,1.5469437837600708,0.06943067163228989,0.4240536391735077,1.032745599746704,0.05476253852248192,20
2,0.9,baseline,3,18,1.1859287023544312,0.04532020166516304,0.3600892126560211,1.1706141233444214,0.036328479647636414,20
2,0.9,baseline,3,19,1.3153854608535767,0.07496867328882217,0.3876822590827942,1.1517491340637207,0.0522904209792614,20
2,0.9,baseline,4,0,1.2476873397827148,0.05374893918633461,0.5034003853797913,1.0034610033035278,0.052423857152462006,20
2,0.9,baseline,4,1,1.359471321105957,0.057239364832639694,0.4866673946380615,1.019562840461731,0.05419459939002991,20
2,0.9,baseline,4,2,1.214253544807434,0.05593930929899216,0.48214706778526306,1.0210551023483276,0.05443042889237404,20
2,0.9,baseline,4,3,1.3292813301086426,0.06436637789011002,0.466396689414978,1.0570926666259766,0.05529698729515076,20
2,0.9,baseline,4,4,1.373562216758728,0.07159563899040222,0.4352244734764099,1.0760390758514404,0.05578029900789261,20
2,0.9,baseline,4,5,1.2059978246688843,0.05590410158038139,0.47581371665000916,1.0343382358551025,0.0537421815097332,20
2,0.9,baseline,4,6,1.3543955087661743,0.08066754788160324,0.3952244222164154,1.1670191287994385,0.0612042136490345,20
2,0.9,baseline,4,7,1.4041635990142822,0.05637332797050476,0.489722341299057,1.0186409950256348,0.053644970059394836,20
2,0.9,baseline,4,8,1.315176010131836,0.059386786073446274,0.46739503741264343,1.0139656066894531,0.05333899334073067,20
2,0.9,baseline,4,9,1.336148738861084,0.057246994227170944,0.4700697362422943,1.0295555591583252,0.053656283766031265,20
2,0.9,baseline,4,10,1.2230955362319946,0.053741373121738434,0.483806848526001,0.9973568916320801,0.05274125933647156,20
2,0.9,baseline,4,11,1.3143666982650757,0.05948469042778015,0.4663478434085846,1.0129294395446777,0.05333030968904495,20
2,0.9,baseline,4,12,1.440640926361084,0.076044000685215,0.4238184094429016,1.089137077331543,0.05728412792086601,20
2,0.9,baseline,4,13,1.4750628471374512,0.06294900178909302,0.4683508276939392,1.0358864068984985,0.05347304418683052,20
2,0.9,baseline,4,14,1.3361797332763672,0.08048256486654282,0.38526761531829834,1.1613057851791382,0.06163967400789261,20
2,0.9,baseline,4,15,1.3854563236236572,0.056359536945819855,0.4768155813217163,1.0195730924606323,0.05359702929854393,20
2,0.9,baseline,4,16,1.4260824918746948,0.07592274248600006,0.4156232178211212,1.0879944562911987,0.057540297508239746,20
2,0.9,baseline,4,17,1.3302483558654785,0.07166602462530136,0.40797990560531616,1.058017373085022,0.056671418249607086,20
2,0.9,baseline,4,18,1.4597114324569702,0.0630142092704773,0.45844173431396484,1.0162070989608765,0.05451231822371483,20
2,0.9,baseline,4,19,1.2585062980651855,0.06430033594369888,0.4183225929737091,1.051674485206604,0.05567065626382828,20
2,0.9,input_at,0,0,1.1562347412109375,0.057317689061164856,0.48657047748565674,1.014638066291809,0.055789198726415634,19
2,0.9,input_at,0,1,1.1181468963623047,0.05709926784038544,0.47412246465682983,1.0183641910552979,0.056696176528930664,19
2,0.9,input_at,0,2,1.2235829830169678,0.05531693622469902,0.4900956153869629,1.0117939710617065,0.056313157081604004,19
2,0.9,input_at,0,3,1.2889037132263184,0.05639788880944252,0.48753592371940613,1.0045907497406006,0.055327579379081726,19
2,0.9,input_at,0,4,1.1986398696899414,0.05734066665172577,0.47153428196907043,1.0293724536895752,0.056772615760564804,19
2,0.9,input_at,0,5,1.076103925704956,0.02228206768631935,0.6222559213638306,1.2454185485839844,0.0011892101028934121,19
2,0.9,input_at,0,6,1.4291044473648071,0.05777802690863609,0.4878391921520233,1.0112279653549194,0.05539955198764801,19
2,0.9,input_at,0,7,1.1991738080978394,0.057355962693691254,0.47188615798950195,1.0224363803863525,0.05715101212263107,19
2,0.9,input_at,0,8,1.1169872283935547,0.05710916593670845,0.4730738401412964,1.0224144458770752,0.05646222084760666,19
2,0.9,input_at,0,9,1.468672513961792,0.05602119490504265,0.48961368203163147,1.0136728286743164,0.05569015443325043,19
2,0.9,input_at,0,10,1.3543801307678223,0.08519937843084335,0.3962603211402893,1.1169925928115845,0.06520529836416245,19
2,0.9,input_at,0,11,1.2869102954864502,0.056379128247499466,0.4860818386077881,0.9988162517547607,0.055655285716056824,19
2,0.9,input_at,0,12,1.4675085544586182,0.05599605292081833,0.48892146348953247,1.0040168762207031,0.056250374764204025,19
2,0.9,input_at,0,13,1.427713394165039,0.12663742899894714,0.418679416179657,1.096261739730835,0.0635339766740799,19
2,0.9,input_at,0,14,1.142817497253418,0.05735444277524948,0.4752276539802551,1.0058931112289429,0.05623802915215492,19
2,0.9,input_at,0,15,1.350337266921997,0.0849360004067421,0.39455923438072205,1.1721957921981812,0.062128107994794846,19
2,0.9,input_at,0,16,1.2109243869781494,0.05533609166741371,0.47994497418403625,1.0144511461257935,0.056166019290685654,19
2,0.9,input_at,0,17,1.4245784282684326,0.12647895514965057,0.41750749945640564,1.1392731666564941,0.06116076186299324,19
2,0.9,input_at,0,19,1.4166384935379028,0.05778414383530617,0.47934675216674805,0.9981333613395691,0.056131958961486816,19
2,0.9,input_at,1,0,1.003548502922058,0.05672910809516907,0.7872701287269592,1.106019139289856,0.0005745575181208551,19
2,0.9,input_at,1,1,1.2104545831680298,0.05461116135120392,0.4906398057937622,0.9948092103004456,0.05519375205039978,19
2,0.9,input_at,1,2,1.2106633186340332,0.06243127956986427,0.45030677318573,1.0601283311843872,0.05909532308578491,19
2,0.9,input_at,1,3,1.210404872894287,0.062390297651290894,0.45032262802124023,1.0644327402114868,0.05886474624276161,19
2,0.9,input_at,1,4,1.3710529804229736,0.061156343668699265,0.4773499071598053,1.0406413078308105,0.057086169719696045,19
2,0.9,input_at,1,5,1.4658528566360474,0.061395615339279175,0.47104254364967346,1.0096068382263184,0.055748648941516876,19
2,0.9,input_at,1,6,1.342944860458374,0.06186382472515106,0.4614190459251404,1.0470550060272217,0.05817796662449837,19
2,0.9,input_at,1,7,1.5052598714828491,0.056811001151800156,0.488412469625473,0.992314875125885,0.05519137158989906,19
2,0.9,input_at,1,8,1.3428230285644531,0.061842020601034164,0.4613981544971466,1.0502991676330566,0.05800557881593704,19
2,0.9,input_at,1,9,1.4925098419189453,0.058999236673116684,0.47827616333961487,1.02455472946167,0.056366655975580215,19
2,0.9,input_at,1,10,1.488384485244751,0.060337454080581665,0.4755927622318268,1.0238158702850342,0.05676225200295448,19
2,0.9,input_at,1,11,1.491118311882019,0.05899275466799736,0.4774172008037567,1.0148977041244507,0.0568825863301754,19
2,0.9,input_at,1,12,1.2726316452026367,0.08993325382471085,0.37858790159225464,1.1522852182388306,0.06628399342298508,19
2,0.9,input_at,1,13,1.5037894248962402,0.05678654462099075,0.4875505864620209,0.9961723685264587,0.05498116463422775,19
2,0.9,input_at,1,14,1.1998026371002197,0.05461439862847328,0.48202750086784363,0.9979431629180908,0.05501028895378113,19
2,0.9,input_at,1,15,1.4860714673995972,0.06031505763530731,0.4741929769515991,1.0219120979309082,0.05686422809958458,19
2,0.9,input_at,1,16,1.459417700767517,0.06141256168484688,0.4668845236301422,1.0027358531951904,0.056144874542951584,19
2,0.9,input_at,1,18,1.2680991888046265,0.08989959955215454,0.37626829743385315,1.1868995428085327,0.06435593962669373,19
2,0.9,input_at,1,19,1.3359613418579102,0.06126804277300835,0.45280835032463074,1.0286169052124023,0.05771356821060181,19
2,0.9,input_at,2,0,0.9352272748947144,0.029860844835639,0.8553692698478699,1.1115583181381226,4.8386151320300996e-05,18
2,0.9,input_at,2,1,1.0279364585876465,0.054514095187187195,0.49633872509002686,1.0273784399032593,0.059388693422079086,18
2,0.9,input_at,2,2,1.2203322649002075,0.055881161242723465,0.4839739501476288,1.0180054903030396,0.05935925617814064,18
2,0.9,input_at,2,3,1.270958423614502,0.054805368185043335,0.49970802664756775,1.0235767364501953,0.060417335480451584,18
2,0.9,input_at,2,4,1.2853419780731201,0.053766120225191116,0.49590444564819336,1.005262851715088,0.058373332023620605,18
2,0.9,input_at,2,5,1.2838259935379028,0.05377248674631119,0.4946848750114441,0.9942029714584351,0.05901317670941353,18
2,0.9,input_at,2,6,1.3459721803665161,0.05511441454291344,0.489854633808136,1.0012798309326172,0.058741964399814606,18
2,0.9,input_at,2,7,1.4194552898406982,0.05688650533556938,0.4872821569442749,1.0068830251693726,0.05881812795996666,18
2,0.9,input_at,2,8,1.3945308923721313,0.053579818457365036,0.49912282824516296,1.0144094228744507,0.05934915691614151,18
2,0.9,input_at,2,9,1.3189935684204102,0.05410604551434517,0.49557211995124817,1.0253876447677612,0.05984881892800331,18
2,0.9,input_at,2,10,1.318200707435608,0.05410768464207649,0.4949604868888855,1.0186759233474731,0.06023751199245453,18
2,0.9,input_at,2,11,1.3455429077148438,0.05512417107820511,0.48951664566993713,1.000117540359497,0.058807145804166794,18
2,0.9,input_at,2,12,1.2165203094482422,0.05588872358202934,0.4809150993824005,1.0115599632263184,0.059743817895650864,18
2,0.9,input_at,2,13,1.3907489776611328,0.05357867106795311,0.4963971674442291,1.0105191469192505,0.0595637708902359,18
2,0.9,input_at,2,14,1.0186841487884521,0.05447125434875488,0.4874884784221649,1.0143269300460815,0.06017129495739937,18
2,0.9,input_at,2,15,0.7669781446456909,0.1090896874666214,0.7538374066352844,1.1288679838180542,0.00034190595033578575,18
2,0.9,input_at,2,16,1.2608047723770142,0.05486074090003967,0.49171721935272217,1.0289181470870972,0.06007792055606842,18
2,0.9,input_at,2,17,1.413167953491211,0.05687624588608742,0.48299863934516907,1.0011444091796875,0.05916854366660118,18
2,0.9,input_at,3,0,0.9933405518531799,0.06667768210172653,0.6755906343460083,1.209167242050171,0.0010037694592028856,18
2,0.9,input_at,3,1,1.3356640338897705,0.06687377393245697,0.44838082790374756,1.0666193962097168,0.061268169432878494,18
2,0.9,input_at,3,2,1.1006766557693481,0.06146998703479767,0.8190228939056396,1.1014727354049683,0.0002431727625662461,18
2,0.9,input_at,3,3,1.1937451362609863,0.0562245212495327,0.4871537983417511,1.0266633033752441,0.059466853737831116,18
2,0.9,input_at,3,4,1.1936832666397095,0.05623209476470947,0.48709356784820557,1.0126031637191772,0.060297951102256775,18
2,0.9,input_at,3,5,1.2587051391601562,0.05547437444329262,0.48668187856674194,0.9980359673500061,0.05887764319777489,18
2,0.9,input_at,3,6,1.237568974494934,0.05622284486889839,0.4855956733226776,0.9922996163368225,0.05833692103624344,18
2,0.9,input_at,3,7,1.2380720376968384,0.05623668059706688,0.48594772815704346,0.9971580505371094,0.058048345148563385,18
2,0.9,input_at,3,8,1.3339641094207764,0.06688825786113739,0.4472119212150574,1.0418882369995117,0.06271517276763916,18
2,0.9,input_at,3,9,1.4783045053482056,0.07246659696102142,0.4486725330352783,1.0638290643692017,0.06241035461425781,18
2,0.9,input_at,3,10,1.4861456155776978,0.06283124536275864,0.4643472135066986,1.050589919090271,0.061419516801834106,18
2,0.9,input_at,3,11,1.1985036134719849,0.08278422802686691,0.36724579334259033,1.2078423500061035,0.07311099022626877,18
2,0.9,input_at,3,12,1.1978676319122314,0.08270782232284546,0.3672800362110138,1.2414944171905518,0.07108276337385178,18
2,0.9,input_at,3,13,1.5594145059585571,0.06502974778413773,0.46809640526771545,1.0243525505065918,0.060490574687719345,18
2,0.9,input_at,3,14,1.2557698488235474,0.05548485368490219,0.4843562841415405,1.003618597984314,0.05855183303356171,18
2,0.9,input_at,3,15,1.4756548404693604,0.07246758043766022,0.447007417678833,1.062645673751831,0.06250741332769394,18
2,0.9,input_at,3,16,1.4840006828308105,0.06287645548582077,0.46285319328308105,1.0474159717559814,0.061596840620040894,18
2,0.9,input_at,3,19,1.5564970970153809,0.0650816261768341,0.4662211239337921,1.0288395881652832,0.0602041557431221,18
2,0.9,input_at,4,0,1.1411112546920776,0.05577297508716583,0.4804442524909973,0.9940398335456848,0.055358484387397766,19
2,0.9,input_at,4,1,1.1758794784545898,0.054795265197753906,0.49309468269348145,0.9946504235267639,0.05582447350025177,19
2,0.9,input_at,4,2,1.1290453672409058,0.05363691598176956,0.49429038166999817,1.0180803537368774,0.05632372200489044,19
2,0.9,input_at,4,3,1.2736526727676392,0.07921260595321655,0.5496687293052673,1.0477124452590942,0.025706535205245018,19
2,0.9,input_at,4,4,1.1403194665908813,0.05576680228114128,0.47984421253204346,0.998051643371582,0.05513852462172508,19
2,0.9,input_at,4,5,1.1292295455932617,0.053638678044080734,0.49444580078125,1.0156594514846802,0.056456878781318665,19
2,0.9,input_at,4,6,1.2871897220611572,0.07175558805465698,0.5122963786125183,1.011661410331726,0.026360107585787773,19
2,0.9,input_at,4,7,1.4056529998779297,0.05442262813448906,0.4928898215293884,1.0205399990081787,0.05615456774830818,19
2,0.9,input_at,4,8,1.3698925971984863,0.05531471595168114,0.4888877272605896,0.9933278560638428,0.055516067892313004,19
2,0.9,input_at,4,9,1.5000721216201782,0.05535531044006348,0.4920840263366699,1.0018430948257446,0.05590113624930382,19
2,0.9,input_at,4,10,1.4993133544921875,0.05536159127950668,0.49156880378723145,1.0071640014648438,0.055604323744773865,19
2,0.9,input_at,4,11,1.3691320419311523,0.05533134937286377,0.48828551173210144,0.9987000226974487,0.05519793927669525,19
2,0.9,input_at,4,12,1.4495751857757568,0.06888523697853088,0.45616477727890015,1.0304012298583984,0.05791227146983147,19
2,0.9,input_at,4,13,0.8648465275764465,0.042080994695425034,0.4044189453125,1.2743321657180786,0.018871761858463287,19
2,0.9,input_at,4,14,1.1669460535049438,0.054795339703559875,0.4856303334236145,1.0054484605789185,0.05522218346595764,19
2,0.9,input_at,4,15,1.4038827419281006,0.054423119872808456,0.4916388988494873,1.012466311454773,0.05660800635814667,19
2,0.9,input_at,4,16,1.4478603601455688,0.06876349449157715,0.45533061027526855,1.0432240962982178,0.057296022772789,19
2,0.9,input_at,4,17,1.4771766662597656,0.0631251186132431,0.46170997619628906,1.0214940309524536,0.057413212954998016,19
2,0.9,input_at,4,18,1.4769798517227173,0.06309275329113007,0.46164679527282715,1.0354410409927368,0.05670228227972984,19
2,0.9,lat,0,0,1.8418192863464355,0.05279603227972984,0.4993111193180084,1.0356786251068115,0.05372794717550278,20
2,0.9,lat,0,1,1.7676023244857788,0.052886515855789185,0.49925029277801514,1.0227876901626587,0.0531616136431694,20
2,0.9,lat,0,2,1.811307668685913,0.05327942594885826,0.49955305457115173,1.0163331031799316,0.0532878153026104,20
2,0.9,lat,0,3,1.7270735502243042,0.05295819416642189,0.499299019575119,1.0124497413635254,0.05288827419281006,20
2,0.9,lat,0,4,1.7492672204971313,0.05309807509183884,0.4978766143321991,1.00990891456604,0.053677886724472046,20
2,0.9,lat,0,5,1.841741919517517,0.052795860916376114,0.49927106499671936,1.0225328207015991,0.05442246049642563,20
2,0.9,lat,0,6,1.7801419496536255,0.05322800949215889,0.5001983046531677,1.0088881254196167,0.05234045535326004,20
2,0.9,lat,0,7,1.749221682548523,0.053099267184734344,0.49784353375434875,1.021440863609314,0.05307009443640709,20
2,0.9,lat,0,8,1.7663837671279907,0.05288327485322952,0.4985767602920532,1.011630654335022,0.053756650537252426,20
2,0.9,lat,0,9,1.7888007164001465,0.053295668214559555,0.497980535030365,1.008156180381775,0.05318056419491768,20
2,0.9,lat,0,10,1.5443240404129028,0.07468133419752121,0.4052629768848419,1.1428372859954834,0.061263661831617355,20
2,0.9,lat,0,11,1.7246493101119995,0.05295791104435921,0.49789685010910034,1.005712628364563,0.05323589965701103,20
2,0.9,lat,0,12,1.6229588985443115,0.0591401681303978,0.47181424498558044,0.9979603290557861,0.053628113120794296,20
2,0.9,lat,0,13,1.6787657737731934,0.07178428024053574,0.4351159632205963,1.0845001935958862,0.05776895955204964,20
2,0.9,lat,0,14,1.78587007522583,0.0532943494617939,0.49635544419288635,1.0112196207046509,0.05302264168858528,20
2,0.9,lat,0,15,1.624007225036621,0.05929313227534294,0.4718708097934723,1.020709753036499,0.05240562558174133,20
2,0.9,lat,0,16,1.8030277490615845,0.053269874304533005,0.49503853917121887,1.0139695405960083,0.05342848226428032,20
2,0.9,lat,0,17,1.667015552520752,0.07122025638818741,0.430690199136734,1.095740795135498,0.0571029931306839,20
2,0.9,lat,0,18,1.5298113822937012,0.07403674721717834,0.4000101685523987,1.1655644178390503,0.059990689158439636,20
2,0.9,lat,0,19,1.7700835466384888,0.05322759225964546,0.4945703148841858,0.9952973127365112,0.053059171885252,20
2,0.9,lat,1,0,1.908055067062378,0.05340275540947914,0.4966311752796173,1.0141738653182983,0.05348999425768852,20
2,0.9,lat,1,1,1.9811986684799194,0.05371684953570366,0.5028171539306641,1.0178059339523315,0.05339694768190384,20
2,0.9,lat,1,2,1.9579850435256958,0.05366574600338936,0.49594807624816895,1.0204447507858276,0.053443264216184616,20
2,0.9,lat,1,3,1.9570850133895874,0.05366816744208336,0.495484858751297,1.0185333490371704,0.053542714565992355,20
2,0.9,lat,1,4,1.918630838394165,0.053260352462530136,0.4973853826522827,1.0035510063171387,0.053288985043764114,20
2,0.9,lat,1,5,1.8942004442214966,0.0532950721681118,0.4980446398258209,1.0166817903518677,0.053100936114788055,20
2,0.9,lat,1,6,2.0296473503112793,0.05317239463329315,0.4980548620223999,1.0187925100326538,0.05355031415820122,20
2,0.9,lat,1,7,2.045837879180908,0.05561887100338936,0.49251723289489746,0.9882515668869019,0.052185866981744766,20
2,0.9,lat,1,8,1.917748212814331,0.053267646580934525,0.49689680337905884,1.0136045217514038,0.0527530163526535,20
2,0.9,lat,1,9,1.9073768854141235,0.05338769033551216,0.4963456392288208,1.0186429023742676,0.05327051505446434,20
2,0.9,lat,1,10,1.8441475629806519,0.07416442781686783,0.4457605183124542,1.0828807353973389,0.056529026478528976,20
2,0.9,lat,1,11,1.9017024040222168,0.05349680781364441,0.49831685423851013,1.0089335441589355,0.05310159549117088,20
2,0.9,lat,1,12,2.0276405811309814,0.053163159638643265,0.4971122443675995,1.01878821849823,0.053559571504592896,20
2,0.9,lat,1,13,2.0431275367736816,0.055597513914108276,0.49122902750968933,0.9924037456512451,0.05197190120816231,20
2,0.9,lat,1,14,1.4370590448379517,0.07706993818283081,0.3614506125450134,1.2625529766082764,0.06673124432563782,20
2,0.9,lat,1,15,1.8355932235717773,0.0736256018280983,0.44282686710357666,1.0729700326919556,0.057121358811855316,20
2,0.9,lat,1,16,1.4259718656539917,0.07610218226909637,0.35986432433128357,1.257505178451538,0.06645657867193222,20
2,0.9,lat,1,17,1.8886579275131226,0.05329425632953644,0.49514105916023254,1.009833574295044,0.05345967411994934,20
2,0.9,lat,1,18,1.9536561965942383,0.05368119105696678,0.4890635311603546,1.015777587890625,0.053536463528871536,20
2,0.9,lat,1,19,1.894697666168213,0.05346810072660446,0.49475377798080444,1.0112780332565308,0.05302213877439499,20
2,0.9,lat,2,0,1.8491871356964111,0.05278909206390381,0.5001448392868042,1.0161885023117065,0.0568351149559021,19
2,0.9,lat,2,1,1.7040547132492065,0.05380106717348099,0.94924396276474,1.0592482089996338,-1.3787713442070526e-06,19
2,0.9,lat,2,2,1.8301128149032593,0.05327027663588524,0.49872922897338867,1.0072739124298096,0.0557561069726944,19
2,0.9,lat,2,3,1.8359318971633911,0.0529865026473999,0.5019370317459106,1.027618408203125,0.05679268389940262,19
2,0.9,lat,2,4,1.8667783737182617,0.052836429327726364,0.4997718334197998,1.017520546913147,0.055622126907110214,19
2,0.9,lat,2,5,1.8650797605514526,0.05283796787261963,0.49885857105255127,1.0019124746322632,0.05648750066757202,19
2,0.9,lat,2,6,1.8842873573303223,0.055161621421575546,0.49565884470939636,1.0247459411621094,0.056731417775154114,19
2,0.9,lat,2,7,1.8981491327285767,0.0532350093126297,0.4992785155773163,1.004675269126892,0.05552373081445694,19
2,0.9,lat,2,8,1.7649415731430054,0.053203336894512177,0.49860432744026184,1.0144563913345337,0.056070372462272644,19
2,0.9,lat,2,9,1.846360683441162,0.052788276225328445,0.4986250102519989,1.0235710144042969,0.05643165111541748,19
2,0.9,lat,2,10,1.8228658437728882,0.053585465997457504,0.49622124433517456,1.0150264501571655,0.05662800371646881,19
2,0.9,lat,2,11,1.8220354318618774,0.0535740926861763,0.49579131603240967,1.019955039024353,0.05635649710893631,19
2,0.9,lat,2,12,1.8264050483703613,0.053261417895555496,0.4967312812805176,1.004075527191162,0.05594225600361824,19
2,0.9,lat,2,13,1.7620116472244263,0.05318600311875343,0.4970029890537262,1.010244369506836,0.05633082613348961,19
2,0.9,lat,2,14,1.8791505098342896,0.055118128657341,0.49305298924446106,1.0222094058990479,0.05690683797001839,19
2,0.9,lat,2,15,1.093406319618225,0.056679993867874146,0.46371224522590637,1.0235604047775269,0.05640200898051262,19
2,0.9,lat,2,16,1.824407696723938,0.05298859253525734,0.495669960975647,1.0232139825820923,0.05703812837600708,19
2,0.9,lat,2,17,1.8923656940460205,0.053225718438625336,0.49628713726997375,0.999729335308075,0.055816538631916046,19
2,0.9,lat,2,18,1.0900769233703613,0.05669357255101204,0.46061140298843384,1.0179789066314697,0.056765973567962646,19
2,0.9,lat,3,0,1.9397178888320923,0.0558018758893013,0.49013233184814453,1.0119743347167969,0.053657010197639465,20
2,0.9,lat,3,1,1.946778416633606,0.05340293049812317,0.49713441729545593,1.0157431364059448,0.052755504846572876,20
2,0.9,lat,3,2,1.9470577239990234,0.053398553282022476,0.4973037540912628,1.0028647184371948,0.05343908444046974,20
2,0.9,lat,3,3,1.8657814264297485,0.053659696131944656,0.4963766932487488,1.0239014625549316,0.05367928370833397,20
2,0.9,lat,3,4,1.8647559881210327,0.0536595955491066,0.495839923620224,1.0209113359451294,0.053837914019823074,20
2,0.9,lat,3,5,1.7159793376922607,0.05579788610339165,0.4863050878047943,0.9983131885528564,0.05266333371400833,20
2,0.9,lat,3,6,1.8121964931488037,0.05481718108057976,0.4901171326637268,0.9854297637939453,0.05237945169210434,20
2,0.9,lat,3,7,1.8129186630249023,0.054807234555482864,0.49054041504859924,0.9962776303291321,0.051813121885061264,20
2,0.9,lat,3,8,1.7950994968414307,0.058514464646577835,0.47509878873825073,0.9963992834091187,0.05236702039837837,20
2,0.9,lat,3,9,1.895521879196167,0.055794842541217804,0.489383727312088,1.0216186046600342,0.05388329550623894,20
2,0.9,lat,3,10,1.7789043188095093,0.0642399936914444,0.4647141695022583,1.0413585901260376,0.054798997938632965,20
2,0.9,lat,3,11,1.9356164932250977,0.055770453065633774,0.4881802797317505,1.0196818113327026,0.0532621406018734,20
2,0.9,lat,3,12,1.7950012683868408,0.0584581196308136,0.47531503438949585,0.9957058429718018,0.05240899324417114,20
2,0.9,lat,3,13,1.3672798871994019,0.06763803213834763,0.4072795808315277,1.1367435455322266,0.05901091918349266,20
2,0.9,lat,3,14,1.711654543876648,0.055787231773138046,0.48390015959739685,1.0011613368988037,0.05251630023121834,20
2,0.9,lat,3,15,1.8906491994857788,0.055771324783563614,0.4869568347930908,1.0247994661331177,0.05372870713472366,20
2,0.9,lat,3,16,1.7752779722213745,0.06413242965936661,0.46308234333992004,1.0418047904968262,0.05480039864778519,20
2,0.9,lat,3,17,1.361420750617981,0.0673835501074791,0.4052770137786865,1.1228290796279907,0.05955425649881363,20
2,0.9,lat,3,18,1.625386357307434,0.0652538537979126,0.44563889503479004,1.038432240486145,0.054390210658311844,20
2,0.9,lat,3,19,1.6230019330978394,0.06513909250497818,0.4447307288646698,1.0350048542022705,0.054575398564338684,20
2,0.9,lat,4,0,1.9175080060958862,0.052756182849407196,0.5000903010368347,1.0159156322479248,0.05344228446483612,20
2,0.9,lat,4,1,1.9539740085601807,0.05315396189689636,0.49815940856933594,1.0236058235168457,0.054139625281095505,20
2,0.9,lat,4,2,1.8889594078063965,0.05301718786358833,0.4981857240200043,1.0227348804473877,0.05352865904569626,20
2,0.9,lat,4,3,1.9622197151184082,0.052781280130147934,0.49913308024406433,1.0204333066940308,0.05391876399517059,20
2,0.9,lat,4,4,1.987062692642212,0.053824156522750854,0.4966574013233185,1.0144875049591064,0.05322681739926338,20
2,0.9,lat,4,5,1.8887792825698853,0.0530146062374115,0.49810636043548584,1.0173996686935425,0.053811777383089066,20
2,0.9,lat,4,6,1.963192105293274,0.05278255417943001,0.4996235966682434,1.024907112121582,0.05367835611104965,20
2,0.9,lat,4,7,1.8949470520019531,0.05289732664823532,0.4999409019947052,1.0227333307266235,0.053743474185466766,20
2,0.9,lat,4,8,1.8100857734680176,0.0536886528134346,0.49592363834381104,1.0015408992767334,0.05281078815460205,20
2,0.9,lat,4,9,1.952483057975769,0.05314794182777405,0.49742016196250916,1.0290889739990234,0.05385638400912285,20
2,0.9,lat,4,10,1.9152079820632935,0.052751485258340836,0.4989074766635895,1.0163244009017944,0.053434621542692184,20
2,0.9,lat,4,11,1.8109718561172485,0.053677044808864594,0.49646666646003723,1.004218339920044,0.052688002586364746,20
2,0.9,lat,4,12,1.8670834302902222,0.071604423224926,0.4560084342956543,1.0454376935958862,0.05606183409690857,20
2,0.9,lat,4,13,1.7362709045410156,0.05953080952167511,0.4787830710411072,1.0263749361038208,0.05348309874534607,20
2,0.9,lat,4,14,1.9836885929107666,0.0538083016872406,0.49502286314964294,1.011284589767456,0.05340922996401787,20
2,0.9,lat,4,15,1.8906712532043457,0.05289298668503761,0.49770668148994446,1.0213087797164917,0.05382772535085678,20
2,0.9,lat,4,16,1.8627831935882568,0.07128900289535522,0.45458272099494934,1.065659523010254,0.055054545402526855,20
2,0.9,lat,4,17,1.3771512508392334,0.0785708874464035,0.3485203683376312,1.2691320180892944,0.06815792620182037,20
2,0.9,lat,4,18,1.7340794801712036,0.05955147743225098,0.4775311350822449,1.0164673328399658,0.05400469899177551,20
2,0.9,lat,4,19,1.3720495700836182,0.07818248122930527,0.3476162552833557,1.2912499904632568,0.06676460057497025,20
2,0.99,baseline,0,0,1.6438907384872437,0.06616968661546707,0.5501074194908142,1.0142825841903687,0.05745173618197441,20
2,0.99,baseline,0,1,1.212693452835083,0.05868775025010109,0.4214854836463928,0.9991697072982788,0.06230523809790611,20
2,0.99,baseline,0,2,1.381094217300415,0.06545891612768173,0.4865855574607849,0.9820331931114197,0.04443533346056938,20
2,0.99,baseline,0,3,1.194675087928772,0.06216328963637352,0.42714908719062805,1.000394582748413,0.05845567584037781,20
2,0.99,baseline,0,4,1.2685221433639526,0.07804054766893387,0.373061865568161,0.9802641272544861,0.05548591539263725,20
2,0.99,baseline,0,5,1.294791579246521,0.07231287658214569,0.43299663066864014,1.0009279251098633,0.06303220242261887,20
2,0.99,baseline,0,6,1.3698022365570068,0.06060704588890076,0.46180686354637146,1.001732587814331,0.05692256614565849,20
2,0.99,baseline,0,7,1.4277750253677368,0.05565858632326126,0.5283670425415039,1.0024815797805786,0.0481138713657856,20
2,0.99,baseline,0,8,1.194412350654602,0.05502733588218689,0.4407230317592621,1.0007768869400024,0.03876742720603943,20
2,0.99,baseline,0,9,1.3767660856246948,0.06584455072879791,0.4537600874900818,1.005325436592102,0.051098063588142395,20
2,0.99,baseline,0,10,1.387658715248108,0.07538609206676483,0.43223604559898376,1.0095676183700562,0.05179036781191826,20
2,0.99,baseline,0,11,1.2663788795471191,0.07711056619882584,0.4167005121707916,0.9949552416801453,0.060984838753938675,20
2,0.99,baseline,0,12,1.5901610851287842,0.08424607664346695,0.47619616985321045,1.0010731220245361,0.07244845479726791,20
2,0.99,baseline,0,13,1.2244971990585327,0.0591176375746727,0.42133283615112305,0.9660667777061462,0.041892219334840775,20
2,0.99,baseline,0,14,1.1458193063735962,0.06987296789884567,0.3349378705024719,0.9765121936798096,0.04079444706439972,20
2,0.99,baseline,0,15,1.2575619220733643,0.08619869500398636,0.33604270219802856,0.9939078092575073,0.06044686585664749,20
2,0.99,baseline,0,16,1.095659613609314,0.06274662166833878,0.35937851667404175,1.014356255531311,0.04536652937531471,20
2,0.99,baseline,0,17,1.3811588287353516,0.07028799504041672,0.45933422446250916,0.9976990222930908,0.05935811251401901,20
2,0.99,baseline,0,18,1.4029390811920166,0.0998491421341896,0.3670291304588318,0.9916704893112183,0.05657118931412697,20
2,0.99,baseline,0,19,1.256398320198059,0.08018997311592102,0.34668031334877014,0.9903215765953064,0.03866302967071533,20
2,0.99,baseline,1,0,1.4646146297454834,0.06349760293960571,0.5052252411842346,1.1294523477554321,0.05179416015744209,20
2,0.99,baseline,1,1,1.4151315689086914,0.04436491057276726,0.5454737544059753,0.999203622341156,0.039816245436668396,20
2,0.99,baseline,1,2,1.2973575592041016,0.08637694269418716,0.36162543296813965,0.9788719415664673,0.052909355610609055,20
2,0.99,baseline,1,3,1.5159729719161987,0.048442188650369644,0.5836543440818787,0.997001588344574,0.04971824958920479,20
2,0.99,baseline,1,4,1.729635238647461,0.06993702799081802,0.5393801331520081,0.9923957586288452,0.04635635018348694,20
2,0.99,baseline,1,5,1.4477089643478394,0.0738089308142662,0.44304612278938293,0.9711043834686279,0.05091523379087448,20
2,0.99,baseline,1,6,1.4745795726776123,0.06667611747980118,0.49691423773765564,0.997393012046814,0.04838714003562927,20
2,0.99,baseline,1,7,1.186174750328064,0.08574255555868149,0.29233911633491516,0.9376022219657898,0.06133132055401802,20
2,0.99,baseline,1,8,1.5624390840530396,0.08069516718387604,0.4483148455619812,0.9997631311416626,0.051917046308517456,20
2,0.99,baseline,1,9,1.2431880235671997,0.07400799542665482,0.34578508138656616,0.9996169209480286,0.05583936348557472,20
2,0.99,baseline,1,10,1.2785403728485107,0.07651612162590027,0.3636568784713745,0.9895414710044861,0.043211329728364944,20
2,0.99,baseline,1,11,1.546582818031311,0.09172170609235764,0.4330814778804779,0.9951888918876648,0.05898392200469971,20
2,0.99,baseline,1,12,1.299049973487854,0.07671207189559937,0.3699505627155304,0.9954093098640442,0.05242018774151802,20
2,0.99,baseline,1,13,1.4107692241668701,0.08612664043903351,0.3896280527114868,1.058224081993103,0.041051317006349564,20
2,0.99,baseline,1,14,1.3360579013824463,0.08368135988712311,0.3581426441669464,0.9924789071083069,0.05245774984359741,20
2,0.99,baseline,1,15,1.2748733758926392,0.06384223699569702,0.40601709485054016,0.9685282111167908,0.03038223832845688,20
2,0.99,baseline,1,16,1.4951541423797607,0.06122860684990883,0.49099794030189514,0.9845571517944336,0.04574083164334297,20
2,0.99,baseline,1,17,1.4692986011505127,0.09359221905469894,0.3814922869205475,0.9689559936523438,0.04227011278271675,20
2,0.99,baseline,1,18,1.1190533638000488,0.07763597369194031,0.3042404353618622,0.9926037192344666,0.05604565143585205,20
2,0.99,baseline,1,19,1.2233445644378662,0.06843657791614532,0.33370232582092285,0.9571614265441895,0.043845806270837784,20
2,0.99,baseline,2,0,1.8388524055480957,0.06090493127703667,0.6747156977653503,0.9931054711341858,0.04521225765347481,20
2,0.99,baseline,2,1,1.5008673667907715,0.053951848298311234,0.6014552712440491,1.0053426027297974,0.06050478294491768,20
2,0.99,baseline,2,2,1.1801377534866333,0.062351830303668976,0.4162120819091797,1.0064932107925415,0.05801483243703842,20
2,0.99,baseline,2,3,1.3745207786560059,0.06307670474052429,0.4947052001953125,0.9976112246513367,0.04986364766955376,20
2,0.99,baseline,2,4,1.2831196784973145,0.0535186268389225,0.43523696064949036,0.9755166172981262,0.03783280774950981,20
2,0.99,baseline,2,5,1.5854387283325195,0.05916605517268181,0.577115535736084,0.9976488351821899,0.04363839700818062,20
2,0.99,baseline,2,6,1.2329494953155518,0.0764850452542305,0.36651352047920227,0.9945046901702881,0.05799218267202377,20
2,0.99,baseline,2,7,1.3026238679885864,0.0730772539973259,0.42376774549484253,1.005521297454834,0.03900200501084328,20
2,0.99,baseline,2,8,1.318917155265808,0.07667942345142365,0.39822807908058167,0.9770156145095825,0.0422537587583065,20
2,0.99,baseline,2,9,1.221014380455017,0.06255696713924408,0.4092467725276947,1.003836750984192,0.048132579773664474,20
2,0.99,baseline,2,10,1.2028273344039917,0.07392469048500061,0.37570974230766296,0.9985840320587158,0.05481887608766556,20
2,0.99,baseline,2,11,1.1652734279632568,0.0543329231441021,0.43854576349258423,0.9968230724334717,0.03490795940160751,20
2,0.99,baseline,2,12,1.0867395401000977,0.049591436982154846,0.35008955001831055,0.9803864359855652,0.03407856822013855,20
2,0.99,baseline,2,13,1.271365761756897,0.07349532097578049,0.40207773447036743,0.991065502166748,0.06404214352369308,20
2,0.99,baseline,2,14,1.1596825122833252,0.07736844569444656,0.3197145164012909,0.9973159432411194,0.03316691517829895,20
2,0.99,baseline,2,15,1.4932836294174194,0.07257368415594101,0.5095925331115723,0.9997397065162659,0.05288364365696907,20
2,0.99,baseline,2,16,1.188008189201355,0.07074501365423203,0.36042675375938416,1.0394212007522583,0.04314310476183891,20
2,0.99,baseline,2,17,1.4061189889907837,0.07554882764816284,0.45161136984825134,0.9846819043159485,0.0454387441277504,20
2,0.99,baseline,2,18,1.1712929010391235,0.05243431404232979,0.4877013862133026,1.002694010734558,0.04508272558450699,20
2,0.99,baseline,2,19,1.1846336126327515,0.0912281796336174,0.31126633286476135,1.0053608417510986,0.04898283630609512,20
2,0.99,baseline,3,0,1.2101527452468872,0.05713669955730438,0.46497073769569397,1.0066430568695068,0.05111085623502731,20
2,0.99,baseline,3,1,1.1628168821334839,0.05942137539386749,0.4356197118759155,1.0018848180770874,0.05396386235952377,20
2,0.99,baseline,3,2,1.1917802095413208,0.06500047445297241,0.41706544160842896,1.0014017820358276,0.06505782902240753,20
2,0.99,baseline,3,3,1.3061518669128418,0.0695628970861435,0.4380338490009308,0.9850139021873474,0.05271483585238457,20
2,0.99,baseline,3,4,1.3558144569396973,0.06354334950447083,0.46370652318000793,0.9954293966293335,0.05874478816986084,20
2,0.99,baseline,3,5,1.1914976835250854,0.06847049295902252,0.41656365990638733,1.0025707483291626,0.060196757316589355,20
2,0.99,baseline,3,6,1.2216283082962036,0.05926862359046936,0.4381255507469177,1.0027287006378174,0.036708734929561615,20
2,0.99,baseline,3,7,1.4321599006652832,0.07054875046014786,0.4947530925273895,0.9966238737106323,0.04500675946474075,20
2,0.99,baseline,3,8,1.2114657163619995,0.08876953274011612,0.3372531533241272,1.001886010169983,0.058016374707221985,20
2,0.99,baseline,3,9,1.6362626552581787,0.06343381106853485,0.5363146662712097,0.9987112283706665,0.056206922978162766,20
2,0.99,baseline,3,10,1.3783948421478271,0.07978451251983643,0.4112713634967804,1.0054951906204224,0.052146051079034805,20
2,0.99,baseline,3,11,1.1358790397644043,0.06930798292160034,0.3598606288433075,0.9875310063362122,0.04856526106595993,20
2,0.99,baseline,3,12,1.3348400592803955,0.0698578953742981,0.4354721009731293,0.9988749623298645,0.044538713991642,20
2,0.99,baseline,3,13,1.5148861408233643,0.06049029901623726,0.5356065630912781,0.9904818534851074,0.04915118217468262,20
2,0.99,baseline,3,14,1.0723731517791748,0.07082778215408325,0.3362923860549927,0.9802802801132202,0.05098017677664757,20
2,0.99,baseline,3,15,1.2761647701263428,0.09843974560499191,0.3229254186153412,0.9803922176361084,0.061265092343091965,20
2,0.99,baseline,3,16,1.3543249368667603,0.07722461223602295,0.3926507830619812,1.003935694694519,0.06721608340740204,20
2,0.99,baseline,3,17,1.1261329650878906,0.06735394150018692,0.3579782545566559,0.9726877212524414,0.047879576683044434,20
2,0.99,baseline,3,18,1.537950038909912,0.0949389860033989,0.40709707140922546,0.9911736249923706,0.0368180014193058,20
2,0.99,baseline,3,19,1.4339438676834106,0.06806904822587967,0.4773421585559845,0.98848557472229,0.04124753177165985,20
2,0.99,baseline,4,0,1.107519268989563,0.045861124992370605,0.46771878004074097,0.9946175813674927,0.04047255590558052,20
2,0.99,baseline,4,1,1.6043630838394165,0.06402415037155151,0.5590223670005798,1.0041890144348145,0.05062731355428696,20
2,0.99,baseline,4,2,1.2192599773406982,0.06279248744249344,0.4569490849971771,0.9962489008903503,0.03746027871966362,20
2,0.99,baseline,4,3,1.212552785873413,0.04882117733359337,0.49405160546302795,0.9943234920501709,0.04333147779107094,20
2,0.99,baseline,4,4,1.4575716257095337,0.06698399782180786,0.5243585705757141,0.9957810044288635,0.04918045923113823,20
2,0.99,baseline,4,5,1.1288191080093384,0.06133420765399933,0.38376957178115845,1.0115422010421753,0.03929717838764191,20
2,0.99,baseline,4,6,1.1616082191467285,0.05862950533628464,0.43126311898231506,0.9969778656959534,0.028349900618195534,20
2,0.99,baseline,4,7,1.4426604509353638,0.056652482599020004,0.5428300499916077,1.0010652542114258,0.024793272837996483,20
2,0.99,baseline,4,8,1.2945104837417603,0.058155473321676254,0.49217966198921204,0.9854257702827454,0.038471635431051254,20
2,0.99,baseline,4,9,1.2797986268997192,0.07211635261774063,0.35887813568115234,0.9772436022758484,0.05368912220001221,20
2,0.99,baseline,4,10,1.0977439880371094,0.0557691752910614,0.4396921992301941,0.9948440790176392,0.03495888411998749,20
2,0.99,baseline,4,11,1.293724775314331,0.06814808398485184,0.43417006731033325,0.992038905620575,0.04622174799442291,20
2,0.99,baseline,4,12,1.248705267906189,0.07024192065000534,0.4150864779949188,0.9771174192428589,0.03434155136346817,20
2,0.99,baseline,4,13,1.2737754583358765,0.07159252464771271,0.4132336378097534,0.990421712398529,0.061317525804042816,20
2,0.99,baseline,4,14,1.378746509552002,0.07752041518688202,0.44283974170684814,0.9841544032096863,0.03880513831973076,20
2,0.99,baseline,4,15,1.252113938331604,0.06468605250120163,0.43388083577156067,0.9822426438331604,0.04251246526837349,20
2,0.99,baseline,4,16,1.2210617065429688,0.07025220990180969,0.394488126039505,0.9951387643814087,0.028199801221489906,20
2,0.99,baseline,4,17,1.2300199270248413,0.07332118600606918,0.38686129450798035,0.9594371914863586,0.040987517684698105,20
2,0.99,baseline,4,18,1.4309455156326294,0.08363693952560425,0.4389589726924896,0.9802021980285645,0.040166839957237244,20
2,0.99,baseline,4,19,1.2274740934371948,0.07241454720497131,0.3826446533203125,0.9974648952484131,0.03913317620754242,20
2,0.99,input_at,0,0,1.2263250350952148,0.05495024472475052,0.5057381987571716,1.0074714422225952,0.03605431690812111,20
2,0.99,input_at,0,1,1.086503505706787,0.05389564111828804,0.46383604407310486,1.002673864364624,0.05035381391644478,20
2,0.99,input_at,0,2,1.3847521543502808,0.06274565309286118,0.5329058766365051,0.9935192465782166,0.05567800998687744,20
2,0.99,input_at,0,3,1.0755369663238525,0.05635419115424156,0.4731457531452179,1.0016413927078247,0.053055375814437866,20
2,0.99,input_at,0,4,1.096266269683838,0.06522729247808456,0.40333089232444763,0.9804047346115112,0.04254087433218956,20
2,0.99,input_at,0,5,1.1959788799285889,0.0694287121295929,0.42906761169433594,1.0031254291534424,0.04416903853416443,20
2,0.99,input_at,0,6,1.3003945350646973,0.06591854244470596,0.4830189645290375,1.0009158849716187,0.0466495044529438,20
2,0.99,input_at,0,7,1.0714634656906128,0.053036175668239594,0.4428299367427826,0.9940739870071411,0.040215618908405304,20
2,0.99,input_at,0,8,1.1024118661880493,0.04946613684296608,0.4831393361091614,0.9983834624290466,0.040359433740377426,20
2,0.99,input_at,0,9,1.30704665184021,0.05940577760338783,0.4825582206249237,1.001176357269287,0.053467392921447754,20
2,0.99,input_at,0,10,1.2590030431747437,0.06854991614818573,0.4581319987773895,1.0014411211013794,0.03635421767830849,20
2,0.99,input_at,0,11,1.0735079050064087,0.058965589851140976,0.4585583806037903,1.0031852722167969,0.05247942730784416,20
2,0.99,input_at,0,12,1.372988224029541,0.07578639686107635,0.4797176420688629,0.9934499859809875,0.05409522354602814,20
2,0.99,input_at,0,13,1.0775970220565796,0.06261273473501205,0.41003739833831787,0.9836570620536804,0.02657005749642849,20
2,0.99,input_at,0,14,1.2884210348129272,0.06317009776830673,0.45226311683654785,0.9993240237236023,0.05425688996911049,20
2,0.99,input_at,0,15,1.2069275379180908,0.06849607080221176,0.42369556427001953,1.0025640726089478,0.045818351209163666,20
2,0.99,input_at,0,16,1.1018645763397217,0.06384005397558212,0.3897472620010376,0.9768730401992798,0.030266404151916504,20
2,0.99,input_at,0,17,1.2055226564407349,0.06922551244497299,0.42977219820022583,0.9967681169509888,0.05853503569960594,20
2,0.99,input_at,0,18,1.2466704845428467,0.0897112488746643,0.3866593837738037,0.9747466444969177,0.04864579066634178,20
2,0.99,input_at,0,19,1.2004565000534058,0.07459808886051178,0.38186654448509216,0.9685527682304382,0.048751045018434525,20
2,0.99,input_at,1,0,1.1487253904342651,0.06466641277074814,0.4748328626155853,1.036626935005188,0.058193545788526535,20
2,0.99,input_at,1,1,1.0345056056976318,0.05265321210026741,0.4484791159629822,1.014064073562622,0.039946023374795914,20
2,0.99,input_at,1,2,1.0730623006820679,0.055666301399469376,0.4592075049877167,1.0002342462539673,0.03313422203063965,20
2,0.99,input_at,1,3,1.080238699913025,0.049493949860334396,0.49259912967681885,0.9921159148216248,0.03345843404531479,20
2,0.99,input_at,1,4,1.099453330039978,0.05731688067317009,0.4196670651435852,1.0084984302520752,0.04765782132744789,20
2,0.99,input_at,1,5,1.2525463104248047,0.0739821270108223,0.4282265603542328,0.987238883972168,0.055890101939439774,20
2,0.99,input_at,1,6,1.2252970933914185,0.05951020494103432,0.4772442579269409,1.0015857219696045,0.048060864210128784,20
2,0.99,input_at,1,7,1.1964329481124878,0.05550480633974075,0.4804489016532898,0.9649860858917236,0.030787073075771332,20
2,0.99,input_at,1,8,1.2999752759933472,0.08207633346319199,0.43230220675468445,1.0115629434585571,0.04734046757221222,20
2,0.99,input_at,1,9,1.0579115152359009,0.06323685497045517,0.4105783998966217,1.0437512397766113,0.056532371789216995,20
2,0.99,input_at,1,10,1.1905484199523926,0.06872980296611786,0.4186320900917053,1.005144715309143,0.05303667113184929,20
2,0.99,input_at,1,11,1.2155851125717163,0.07484028488397598,0.4166184365749359,1.0034371614456177,0.05359872430562973,20
2,0.99,input_at,1,12,1.1874768733978271,0.0630892738699913,0.44806990027427673,1.0032583475112915,0.047411657869815826,20
2,0.99,input_at,1,13,1.2625868320465088,0.06682604551315308,0.4631924629211426,0.9693089723587036,0.032530441880226135,20
2,0.99,input_at,1,14,1.2584394216537476,0.07043645530939102,0.40563303232192993,1.0006072521209717,0.04889927804470062,20
2,0.99,input_at,1,15,1.247434139251709,0.07264598459005356,0.43312546610832214,0.9937598705291748,0.05145338177680969,20
2,0.99,input_at,1,16,1.1664687395095825,0.06154649332165718,0.42587804794311523,1.017315149307251,0.05559564381837845,20
2,0.99,input_at,1,17,1.4006201028823853,0.09276804327964783,0.4220346510410309,0.97700434923172,0.04571714624762535,20
2,0.99,input_at,1,18,1.1310803890228271,0.05993510037660599,0.4872288405895233,1.0000512599945068,0.03004111349582672,20
2,0.99,input_at,1,19,1.1303311586380005,0.0616503469645977,0.43088966608047485,0.9959766268730164,0.05200814828276634,20
2,0.99,input_at,2,0,0.9381617307662964,0.04707309231162071,0.5028702020645142,1.002350091934204,0.04223693534731865,20
2,0.99,input_at,2,1,1.0366798639297485,0.05355570837855339,0.4695523977279663,1.0063928365707397,0.054402269423007965,20
2,0.99,input_at,2,2,1.1541532278060913,0.03630438074469566,0.5895849466323853,1.0106216669082642,0.014343656599521637,20
2,0.99,input_at,2,3,1.1001592874526978,0.05323641374707222,0.47784876823425293,0.994318962097168,0.03687889501452446,20
2,0.99,input_at,2,4,0.944754421710968,0.05580491945147514,0.4508697986602783,0.9926717877388,0.042929571121931076,20
2,0.99,input_at,2,5,1.1500111818313599,0.0617714561522007,0.4724550247192383,0.9688920378684998,0.04120936989784241,20
2,0.99,input_at,2,6,1.1360063552856445,0.06314271688461304,0.44155174493789673,0.9940882325172424,0.05896463617682457,20
2,0.99,input_at,2,7,1.2819443941116333,0.08896332234144211,0.4223687946796417,0.9985871911048889,0.044057682156562805,20
2,0.99,input_at,2,8,1.1630059480667114,0.0716295912861824,0.42644980549812317,0.9656497240066528,0.037889737635850906,20
2,0.99,input_at,2,9,1.1138033866882324,0.06564580649137497,0.4487803280353546,0.9891428351402283,0.045168135315179825,20
2,0.99,input_at,2,10,1.0695774555206299,0.063542939722538,0.42746782302856445,0.9957233667373657,0.05786306783556938,20
2,0.99,input_at,2,11,1.1180356740951538,0.05957954004406929,0.4783515930175781,0.9921640157699585,0.04795050621032715,20
2,0.99,input_at,2,12,1.157930850982666,0.06294872611761093,0.46549710631370544,0.9951679706573486,0.047104351222515106,20
2,0.99,input_at,2,13,1.1337549686431885,0.059789612889289856,0.4334730803966522,0.9963521957397461,0.052741143852472305,20
2,0.99,input_at,2,14,1.088967204093933,0.05934290587902069,0.4820539951324463,1.004420280456543,0.04946145787835121,20
2,0.99,input_at,2,15,1.1137621402740479,0.06561657041311264,0.4201165437698364,0.9672356843948364,0.05337570980191231,20
2,0.99,input_at,2,16,1.1351687908172607,0.06141931191086769,0.4600525498390198,1.0013017654418945,0.03378014266490936,20
2,0.99,input_at,2,17,1.1313680410385132,0.0625072494149208,0.41905471682548523,1.0016601085662842,0.044495970010757446,20
2,0.99,input_at,2,18,1.236620545387268,0.04312878102064133,0.5896475315093994,1.032278060913086,0.012325138784945011,20
2,0.99,input_at,2,19,1.2504414319992065,0.08060231804847717,0.4292362630367279,0.9888512492179871,0.04644383117556572,20
2,0.99,input_at,3,0,1.0126283168792725,0.03682063892483711,0.48340147733688354,1.016426682472229,0.03270263597369194,20
2,0.99,input_at,3,1,1.0059592723846436,0.0504763200879097,0.4607667326927185,1.0542956590652466,0.04952475428581238,20
2,0.99,input_at,3,2,1.073091983795166,0.057816099375486374,0.4434013366699219,1.004899263381958,0.054122284054756165,20
2,0.99,input_at,3,3,1.0455812215805054,0.04902027174830437,0.4438776671886444,0.9974759817123413,0.047005921602249146,20
2,0.99,input_at,3,4,1.110912561416626,0.05804623290896416,0.4502340853214264,0.9993815422058105,0.050716202706098557,20
2,0.99,input_at,3,5,1.1683993339538574,0.06368080526590347,0.4476921260356903,1.029521107673645,0.05505124479532242,20
2,0.99,input_at,3,6,1.1377555131912231,0.06082901358604431,0.45640841126441956,0.9952185153961182,0.05348809063434601,20
2,0.99,input_at,3,7,1.2448455095291138,0.07025112211704254,0.4265284836292267,0.9798601865768433,0.0570329874753952,20
2,0.99,input_at,3,8,1.2546577453613281,0.08630373328924179,0.38503625988960266,1.000623106956482,0.07498878985643387,20
2,0.99,input_at,3,9,1.1812913417816162,0.07342622429132462,0.42319703102111816,1.0016355514526367,0.0572722963988781,20
2,0.99,input_at,3,10,1.3503291606903076,0.08769110590219498,0.38702982664108276,1.0002834796905518,0.05861714109778404,20
2,0.99,input_at,3,11,1.2244216203689575,0.0631272941827774,0.44508638978004456,0.9584048390388489,0.05145705118775368,20
2,0.99,input_at,3,12,1.099714994430542,0.05478585511445999,0.4105163514614105,1.001729965209961,0.05811324343085289,20
2,0.99,input_at,3,13,1.3605984449386597,0.09353891760110855,0.4288155734539032,0.9964914321899414,0.06450541317462921,20
2,0.99,input_at,3,14,1.1414897441864014,0.056522663682699203,0.4602354168891907,0.9849695563316345,0.05546698346734047,20
2,0.99,input_at,3,15,1.126097559928894,0.07394716143608093,0.37155765295028687,0.9988380670547485,0.06289297342300415,20
2,0.99,input_at,3,16,1.3130489587783813,0.10250688344240189,0.3582409918308258,1.0066968202590942,0.07156991958618164,20
2,0.99,input_at,3,17,1.2422804832458496,0.08506987988948822,0.37343817949295044,0.9659062027931213,0.04775706306099892,20
2,0.99,input_at,3,18,1.7888615131378174,0.04337802529335022,0.7323513627052307,0.9762200117111206,0.00010088775889016688,20
2,0.99,input_at,3,19,1.1913657188415527,0.0837537869811058,0.3545983135700226,0.9634301066398621,0.06647894531488419,20
2,0.99,input_at,4,0,1.0277702808380127,0.04473671317100525,0.48378458619117737,1.0023481845855713,0.04261748492717743,20
2,0.99,input_at,4,1,1.2045575380325317,0.059135887771844864,0.45623281598091125,0.9988212585449219,0.04573974013328552,20
2,0.99,input_at,4,2,1.06631600856781,0.05490654334425926,0.4537505507469177,1.0022040605545044,0.04753478616476059,20
2,0.99,input_at,4,3,1.1498421430587769,0.053032003343105316,0.4774775207042694,0.9986460208892822,0.03982304036617279,20
2,0.99,input_at,4,4,1.3274462223052979,0.07352352142333984,0.46040698885917664,0.9903473854064941,0.05087295174598694,20
2,0.99,input_at,4,5,1.0288951396942139,0.051721710711717606,0.413080096244812,1.0212712287902832,0.04277102276682854,20
2,0.99,input_at,4,6,1.1257493495941162,0.0578760989010334,0.4674989879131317,0.9982792139053345,0.04561527818441391,20
2,0.99,input_at,4,7,1.301222801208496,0.07241508364677429,0.48109695315361023,1.0011239051818848,0.041887037456035614,20
2,0.99,input_at,4,8,1.168028473854065,0.05877196043729782,0.4764634966850281,0.995134711265564,0.0330730602145195,20
2,0.99,input_at,4,9,1.237417221069336,0.07621584832668304,0.4190859794616699,0.9748708009719849,0.04537588357925415,20
2,0.99,input_at,4,10,1.1093860864639282,0.05659902095794678,0.4664410352706909,1.0009785890579224,0.04568963497877121,20
2,0.99,input_at,4,11,1.2059495449066162,0.06850392371416092,0.4259304106235504,0.9760169386863708,0.059665750712156296,20
2,0.99,input_at,4,12,1.2541680335998535,0.069752037525177,0.4320663511753082,0.9900005459785461,0.051855482161045074,20
2,0.99,input_at,4,13,1.1336182355880737,0.061409298330545425,0.4229568541049957,0.9914509057998657,0.046082280576229095,20
2,0.99,input_at,4,14,1.3860127925872803,0.0715954601764679,0.4797344207763672,0.9756544232368469,0.05492603778839111,20
2,0.99,input_at,4,15,1.1932698488235474,0.06504076719284058,0.4473273754119873,0.9811000227928162,0.050700005143880844,20
2,0.99,input_at,4,16,1.264276146888733,0.07274952530860901,0.4017099142074585,0.9909107089042664,0.07128524035215378,20
2,0.99,input_at,4,17,1.2528833150863647,0.07761767506599426,0.4044564366340637,0.9714402556419373,0.057529184967279434,20
2,0.99,input_at,4,18,1.2975845336914062,0.07457928359508514,0.4530307948589325,0.9843974709510803,0.04672253131866455,20
2,0.99,input_at,4,19,1.1593412160873413,0.07302581518888474,0.393478125333786,1.0027549266815186,0.04544893279671669,20
2,0.99,lat,0,0,2.6267306804656982,0.04995252937078476,0.6944388151168823,1.0073812007904053,0.031733207404613495,20
2,0.99,lat,0,1,2.2209455966949463,0.05555609613656998,0.5719181895256042,0.9993729591369629,0.038536638021469116,20
2,0.99,lat,0,2,2.180171251296997,0.06288361549377441,0.5503567457199097,0.9830982089042664,0.05011909082531929,20
2,0.99,lat,0,3,1.6484966278076172,0.0299487616866827,0.5926685929298401,1.001293420791626,0.01491346675902605,20
2,0.99,lat,0,4,1.7179419994354248,0.06465193629264832,0.36359721422195435,0.9916790127754211,0.039281923323869705,20
2,0.99,lat,0,5,1.5858122110366821,0.049965765327215195,0.39792677760124207,1.0010877847671509,0.03162774443626404,20
2,0.99,lat,0,6,1.9144941568374634,0.06352664530277252,0.45434069633483887,0.9938462376594543,0.05415583401918411,20
2,0.99,lat,0,7,2.2051761150360107,0.06123092398047447,0.5593681335449219,1.004329800605774,0.038154810667037964,20
2,0.99,lat,0,8,1.7156922817230225,0.0593876950442791,0.40126582980155945,0.9922969937324524,0.02961263619363308,20
2,0.99,lat,0,9,1.8917977809906006,0.0781312957406044,0.39841675758361816,1.003933072090149,0.040235139429569244,20
2,0.99,lat,0,10,2.1162538528442383,0.05470171570777893,0.5554927587509155,0.9982398152351379,0.03629230707883835,20
2,0.99,lat,0,11,1.5936672687530518,0.09442335367202759,0.2964399456977844,0.9691770672798157,0.07725616544485092,20
2,0.99,lat,0,12,1.9600516557693481,0.08645392954349518,0.4040069878101349,0.9962498545646667,0.0683504119515419,20
2,0.99,lat,0,13,1.6852294206619263,0.04704160615801811,0.4504793584346771,0.975014865398407,0.02209380827844143,20
2,0.99,lat,0,14,1.7618532180786133,0.07796507328748703,0.36257481575012207,0.9859831929206848,0.05669969692826271,20
2,0.99,lat,0,15,1.7385261058807373,0.08143911510705948,0.34361791610717773,0.9899165630340576,0.05093146860599518,20
2,0.99,lat,0,16,1.8775298595428467,0.07928808033466339,0.42376989126205444,0.9623451232910156,0.04956459626555443,20
2,0.99,lat,0,17,1.8246678113937378,0.07903832197189331,0.3784724473953247,0.9948792457580566,0.05090518668293953,20
2,0.99,lat,0,18,1.7790919542312622,0.09101579338312149,0.33897852897644043,0.9715051054954529,0.06387648731470108,20
2,0.99,lat,0,19,1.7257577180862427,0.06324177980422974,0.3971339762210846,0.9787445068359375,0.03623159974813461,20
2,0.99,lat,1,0,2.2286808490753174,0.05103639140725136,0.611869215965271,1.0179708003997803,0.043503571301698685,20
2,0.99,lat,1,1,2.3449788093566895,0.047911662608385086,0.6281478404998779,1.0058081150054932,0.0335039384663105,20
2,0.99,lat,1,2,1.7041959762573242,0.06218945235013962,0.40105605125427246,0.9686269760131836,0.030073439702391624,20
2,0.99,lat,1,3,2.2485342025756836,0.05053836479783058,0.6162723302841187,0.9937918782234192,0.03771956264972687,20
2,0.99,lat,1,4,2.2169277667999268,0.045702364295721054,0.5912600755691528,0.9930388331413269,0.02127244509756565,20
2,0.99,lat,1,5,1.9767091274261475,0.07614888995885849,0.4419199228286743,0.9675272107124329,0.03936722129583359,20
2,0.99,lat,1,6,1.9353394508361816,0.052350591868162155,0.5220913290977478,0.9983558058738708,0.04001081362366676,20
2,0.99,lat,1,7,1.674976110458374,0.07371915131807327,0.360492467880249,0.9362914562225342,0.048091042786836624,20
2,0.99,lat,1,8,2.314392328262329,0.06864562630653381,0.5117371678352356,1.0059881210327148,0.05235150828957558,20
2,0.99,lat,1,9,1.6655734777450562,0.06523662060499191,0.3406238555908203,1.0006237030029297,0.049882955849170685,20
2,0.99,lat,1,10,1.765344500541687,0.08461130410432816,0.32322102785110474,0.9853946566581726,0.050002798438072205,20
2,0.99,lat,1,11,2.00234317779541,0.0871177464723587,0.4100648760795593,0.9813902378082275,0.05290638655424118,20
2,0.99,lat,1,12,1.756317138671875,0.06900942325592041,0.394028902053833,0.989426851272583,0.057364657521247864,20
2,0.99,lat,1,13,1.934189796447754,0.0696786567568779,0.42980027198791504,0.9694432616233826,0.04163848236203194,20
2,0.99,lat,1,14,1.8697359561920166,0.0922171100974083,0.3378632068634033,0.9982612133026123,0.049213506281375885,20
2,0.99,lat,1,15,1.6846725940704346,0.06279850006103516,0.41610056161880493,0.9655143022537231,0.03980708867311478,20
2,0.99,lat,1,16,2.110236883163452,0.06445169448852539,0.5031018853187561,0.9884425401687622,0.030406540259718895,20
2,0.99,lat,1,17,1.841185450553894,0.07786744087934494,0.3748861849308014,0.9623798131942749,0.05819148197770119,20
2,0.99,lat,1,18,1.645239233970642,0.054241325706243515,0.39066436886787415,1.0009468793869019,0.03776378557085991,20
2,0.99,lat,1,19,1.6734992265701294,0.060456782579422,0.38238656520843506,0.9678013920783997,0.0348692424595356,20
2,0.99,lat,2,0,2.5664708614349365,0.05109543725848198,0.720604658126831,0.9933261871337891,0.049990568310022354,20
2,0.99,lat,2,1,2.0612685680389404,0.049420908093452454,0.6357715725898743,1.0036463737487793,0.04903170093894005,20
2,0.99,lat,2,2,1.7062593698501587,0.060826338827610016,0.4218645691871643,1.024814486503601,0.060092743486166,20
2,0.99,lat,2,3,2.091787576675415,0.060381513088941574,0.538787841796875,0.9986671209335327,0.053362179547548294,20
2,0.99,lat,2,4,1.6695665121078491,0.049828678369522095,0.3935701549053192,0.9751266837120056,0.040030453354120255,20
2,0.99,lat,2,5,2.301598072052002,0.05028199777007103,0.642244815826416,0.9994291067123413,0.045199014246463776,20
2,0.99,lat,2,6,1.6933317184448242,0.07261667400598526,0.3623307943344116,0.9932296872138977,0.04596412181854248,20
2,0.99,lat,2,7,1.790974736213684,0.07131229341030121,0.421125590801239,1.004683256149292,0.04506424069404602,20
2,0.99,lat,2,8,1.7998515367507935,0.07460364699363708,0.3797336220741272,0.9981384873390198,0.04265473410487175,20
2,0.99,lat,2,9,1.6812571287155151,0.05869929492473602,0.3898851275444031,1.002310872077942,0.03556567057967186,20
2,0.99,lat,2,10,1.9062875509262085,0.06606388837099075,0.4901893138885498,1.0044654607772827,0.05063890293240547,20
2,0.99,lat,2,11,1.757690191268921,0.05727042630314827,0.4476839601993561,0.9851229190826416,0.04853101447224617,20
2,0.99,lat,2,12,1.4912232160568237,0.056494686752557755,0.302042156457901,0.9586986899375916,0.039748091250658035,20
2,0.99,lat,2,13,1.7180061340332031,0.06314302980899811,0.429425448179245,0.9910768866539001,0.057748448103666306,20
2,0.99,lat,2,14,1.4885334968566895,0.06576027721166611,0.32232964038848877,0.9972915649414062,0.039686474949121475,20
2,0.99,lat,2,15,2.2208213806152344,0.06722968071699142,0.5549802780151367,0.999058723449707,0.04915093630552292,20
2,0.99,lat,2,16,1.6622179746627808,0.06151122227311134,0.38598743081092834,1.0072546005249023,0.03912737965583801,20
2,0.99,lat,2,17,1.9820157289505005,0.0707998052239418,0.45311951637268066,0.9799656867980957,0.04223163053393364,20
2,0.99,lat,2,18,1.8146321773529053,0.05349668860435486,0.5231561064720154,1.003361701965332,0.043454501777887344,20
2,0.99,lat,2,19,1.7105016708374023,0.07746853679418564,0.36636924743652344,1.0046634674072266,0.043927717953920364,20
2,0.99,lat,3,0,1.6367721557617188,0.023300176486372948,0.6512351632118225,1.0050238370895386,0.009800980798900127,20
2,0.99,lat,3,1,1.8876111507415771,0.06305090337991714,0.5081866979598999,1.0022958517074585,0.054928265511989594,20
2,0.99,lat,3,2,1.5256032943725586,0.037876877933740616,0.49162402749061584,1.0023019313812256,0.03489835187792778,20
2,0.99,lat,3,3,2.012932777404785,0.07689395546913147,0.47439834475517273,0.9902886748313904,0.05033420771360397,20
2,0.99,lat,3,4,2.133467197418213,0.06791850924491882,0.5117335915565491,0.9921449422836304,0.05714073404669762,20
2,0.99,lat,3,5,1.5981944799423218,0.06812343746423721,0.4128943383693695,0.9997329711914062,0.053979285061359406,20
2,0.99,lat,3,6,1.792182445526123,0.055961087346076965,0.43213072419166565,1.0057189464569092,0.04845929145812988,20
2,0.99,lat,3,7,1.9562115669250488,0.07096747308969498,0.47159716486930847,0.9963803887367249,0.039196938276290894,20
2,0.99,lat,3,8,1.6217459440231323,0.06851613521575928,0.36785727739334106,0.9927006363868713,0.05793575197458267,20
2,0.99,lat,3,9,2.408360004425049,0.07338538020849228,0.5626398324966431,0.998542845249176,0.052195481956005096,20
2,0.99,lat,3,10,1.7973439693450928,0.06688978523015976,0.4272252917289734,0.9964801669120789,0.046217162162065506,20
2,0.99,lat,3,11,1.6675512790679932,0.08680201321840286,0.3221215605735779,0.9729903340339661,0.055979855358600616,20
2,0.99,lat,3,12,1.7528215646743774,0.06397274136543274,0.39306965470314026,0.9907903671264648,0.04397307708859444,20
2,0.99,lat,3,13,2.3039424419403076,0.06959878653287888,0.5480573773384094,0.9899685978889465,0.05110350623726845,20
2,0.99,lat,3,14,1.5478298664093018,0.06690279394388199,0.37445926666259766,0.9797640442848206,0.05572741851210594,20
2,0.99,lat,3,15,1.577183485031128,0.06187043711543083,0.3379974067211151,0.9748721718788147,0.04663670063018799,20
2,0.99,lat,3,16,1.794197678565979,0.07358285784721375,0.40958380699157715,0.9971850514411926,0.0586874857544899,20
2,0.99,lat,3,17,1.541521668434143,0.07427654415369034,0.31468918919563293,0.9680551886558533,0.04498402774333954,20
2,0.99,lat,3,18,1.9766238927841187,0.0437493659555912,0.5819892287254333,0.9444981813430786,0.002164828823879361,20
2,0.99,lat,3,19,1.7400163412094116,0.08448188006877899,0.3508700132369995,1.0758411884307861,0.05023792013525963,20
2,0.99,lat,4,0,1.6828162670135498,0.051587577909231186,0.44758880138397217,0.9902439713478088,0.03752198815345764,20
2,0.99,lat,4,1,2.2029621601104736,0.05364692956209183,0.5805098414421082,1.0049089193344116,0.03487424924969673,20
2,0.99,lat,4,2,1.7269728183746338,0.051002949476242065,0.5218959450721741,0.9977190494537354,0.02740166150033474,20
2,0.99,lat,4,3,2.123779296875,0.046789832413196564,0.6127281188964844,1.0003104209899902,0.04628312960267067,20
2,0.99,lat,4,4,2.1235575675964355,0.06576145440340042,0.5276579260826111,0.9931299686431885,0.04407128319144249,20
2,0.99,lat,4,5,1.5973241329193115,0.05274863541126251,0.4410493075847626,0.9938346743583679,0.021250946447253227,20
2,0.99,lat,4,6,1.5387827157974243,0.05297096073627472,0.41910719871520996,0.9917093515396118,0.03303396329283714,20
2,0.99,lat,4,7,1.8838684558868408,0.050229597836732864,0.4954059422016144,1.0009162425994873,0.0305260568857193,20
2,0.99,lat,4,8,1.9266290664672852,0.062127579003572464,0.48832598328590393,0.9852273464202881,0.04018198326230049,20
2,0.99,lat,4,9,1.9799665212631226,0.07463464140892029,0.4446839690208435,0.971794605255127,0.03896831348538399,20
2,0.99,lat,4,10,1.7894810438156128,0.06779959052801132,0.44001275300979614,0.9948124885559082,0.03726375848054886,20
2,0.99,lat,4,11,1.8545068502426147,0.06465420871973038,0.4516066908836365,0.9797484874725342,0.04163849726319313,20
2,0.99,lat,4,12,1.7488391399383545,0.07276396453380585,0.38041558861732483,0.9760677814483643,0.04026851803064346,20
2,0.99,lat,4,13,1.7463470697402954,0.06366743892431259,0.45720675587654114,0.99761563539505,0.04300941154360771,20
2,0.99,lat,4,14,1.9469724893569946,0.06668040156364441,0.46658363938331604,0.9829948544502258,0.044304776936769485,20
2,0.99,lat,4,15,1.6646394729614258,0.06296160072088242,0.42341992259025574,0.9781402945518494,0.05430770665407181,20
2,0.99,lat,4,16,1.9161077737808228,0.06487448513507843,0.4681819677352905,0.9783722758293152,0.02492540143430233,20
2,0.99,lat,4,17,1.7794207334518433,0.08069974184036255,0.3656264543533325,0.9526306390762329,0.05075034871697426,20
2,0.99,lat,4,18,1.6871973276138306,0.05848345533013344,0.42003679275512695,0.9898663759231567,0.034739840775728226,20
2,0.99,lat,4,19,1.7365837097167969,0.0719737634062767,0.3547545075416565,0.9989118576049805,0.032005198299884796,20
4,0.8,baseline,0,0,1.2402729988098145,0.037624847143888474,0.5093156695365906,1.0089945793151855,0.050862643867731094,20
4,0.8,baseline,0,1,1.228381872177124,0.03331177309155464,0.49791353940963745,0.9942045211791992,0.05305229499936104,20
4,0.8,baseline,0,2,1.178142786026001,0.15422885119915009,0.4049290716648102,1.8278963565826416,0.03599466755986214,20
4,0.8,baseline,0,3,1.6193593740463257,0.14420093595981598,0.46890148520469666,1.0436530113220215,0.05756669119000435,20
4,0.8,baseline,0,4,1.2192612886428833,0.03345219045877457,0.49044591188430786,1.0116459131240845,0.05207875743508339,20
4,0.8,baseline,0,5,1.35666024684906,0.06538930535316467,0.46784746646881104,1.013831615447998,0.05227566137909889,20
4,0.8,baseline,0,6,1.3274613618850708,0.028896579518914223,0.5021067261695862,1.0068647861480713,0.051876623183488846,20
4,0.8,baseline,0,7,1.616524577140808,0.04613244906067848,0.49211767315864563,0.980068564414978,0.05282275378704071,20
4,0.8,baseline,0,8,1.3364802598953247,0.06449324637651443,0.45438265800476074,1.0010634660720825,0.0531967394053936,20
4,0.8,baseline,0,9,1.4331086874008179,0.03803730756044388,0.48269468545913696,0.9901382923126221,0.05343889445066452,20
4,0.8,baseline,0,10,1.5995032787322998,0.04702596738934517,0.4816270172595978,1.00676691532135,0.05130240321159363,20
4,0.8,baseline,0,11,1.2993961572647095,0.028927382081747055,0.4814358353614807,0.9907854199409485,0.05277656391263008,20
4,0.8,baseline,0,12,1.4150797128677368,0.03908715397119522,0.4697623550891876,1.0176420211791992,0.051868997514247894,20
4,0.8,baseline,0,13,1.721975326538086,0.06985443085432053,0.45813652873039246,1.0142697095870972,0.05454801395535469,20
4,0.8,baseline,0,14,1.1108930110931396,0.03922870010137558,0.4086572229862213,0.9758150577545166,0.05261436849832535,20
4,0.8,baseline,0,15,1.49261474609375,0.14260630309581757,0.39814504981040955,1.0998468399047852,0.05494947358965874,20
4,0.8,baseline,0,16,1.0968458652496338,0.5279078483581543,0.2585526704788208,1.2494161128997803,0.04595674201846123,20
4,0.8,baseline,0,17,1.6797142028808594,0.0666147843003273,0.4376745820045471,1.0369385480880737,0.05338349938392639,20
4,0.8,baseline,0,18,0.3593897819519043,0.5286357998847961,0.027666129171848297,0.20445257425308228,0.10229602456092834,20
4,0.8,baseline,0,19,0.99932461977005,0.3291645646095276,0.22836817800998688,0.6712023615837097,0.07394369691610336,20
4,0.8,baseline,1,0,1.3107753992080688,0.014377698302268982,0.8089222311973572,1.13906991481781,0.00015927280765026808,18
4,0.8,baseline,1,1,1.430430293083191,0.04022856429219246,0.48597973585128784,0.9703615307807922,0.058917250484228134,18
4,0.8,baseline,1,2,1.3200443983078003,0.032810281962156296,0.49271702766418457,1.0172566175460815,0.059488311409950256,18
4,0.8,baseline,1,3,1.3193672895431519,0.03293494135141373,0.4922964572906494,1.013743281364441,0.05968474596738815,18
4,0.8,baseline,1,4,1.5168697834014893,0.03412122651934624,0.5156375169754028,1.013784646987915,0.05595603585243225,18
4,0.8,baseline,1,5,1.4074734449386597,0.040604863315820694,0.4703492224216461,1.002954125404358,0.05695711076259613,18
4,0.8,baseline,1,6,1.5198572874069214,0.033496759831905365,0.49467819929122925,1.0095303058624268,0.057596396654844284,18
4,0.8,baseline,1,7,1.5173437595367432,0.034141186624765396,0.4936710298061371,1.0109970569610596,0.058690305799245834,18
4,0.8,baseline,1,8,1.5468775033950806,0.03062337450683117,0.4956929385662079,1.045281171798706,0.05766399949789047,18
4,0.8,baseline,1,9,1.5015690326690674,0.03318898379802704,0.48290786147117615,0.9816699028015137,0.05932590365409851,18
4,0.8,baseline,1,10,1.529264211654663,0.030534936115145683,0.4848370850086212,0.984488844871521,0.06134328991174698,18
4,0.8,baseline,1,11,1.5083214044570923,0.22183653712272644,0.44298142194747925,1.044634461402893,0.06780625134706497,18
4,0.8,baseline,1,12,1.5344798564910889,0.050600212067365646,0.4846900999546051,1.0085517168045044,0.057953130453825,18
4,0.8,baseline,1,13,1.4762578010559082,0.033817265182733536,0.4674517810344696,1.0011714696884155,0.05927307531237602,18
4,0.8,baseline,1,14,1.0853568315505981,0.5375145077705383,0.37433889508247375,1.3543943166732788,0.01060509029775858,18
4,0.8,baseline,1,15,1.4700387716293335,0.21717247366905212,0.4211168587207794,1.1678063869476318,0.06143811345100403,18
4,0.8,baseline,1,16,1.499072551727295,0.049122873693704605,0.46263763308525085,0.9900326728820801,0.05935343727469444,18
4,0.8,baseline,1,17,1.3927531242370605,0.03381606191396713,0.4341919720172882,0.95506751537323,0.05952363833785057,18
4,0.8,baseline,2,0,1.354644536972046,0.048376329243183136,0.49472251534461975,1.0162250995635986,0.055257100611925125,19
4,0.8,baseline,2,1,0.9486035704612732,0.06435484439134598,0.7532106041908264,1.2291913032531738,-3.666886186692864e-05,19
4,0.8,baseline,2,2,1.3053600788116455,0.04733881726861,0.5135670304298401,1.0291626453399658,0.05460834130644798,19
4,0.8,baseline,2,3,1.37531316280365,0.06677494198083878,0.5194265842437744,0.9881722927093506,0.05490802228450775,19
4,0.8,baseline,2,4,1.599493384361267,0.04404856264591217,0.5310327410697937,0.9962407350540161,0.05398224666714668,19
4,0.8,baseline,2,5,1.4277077913284302,0.047020770609378815,0.49728846549987793,1.0182533264160156,0.05476660653948784,19
4,0.8,baseline,2,6,1.5432697534561157,0.0380193293094635,0.48713746666908264,0.9883677959442139,0.0576544851064682,19
4,0.8,baseline,2,7,1.5347421169281006,0.038091644644737244,0.4818376302719116,1.039154291152954,0.054818615317344666,19
4,0.8,baseline,2,8,1.3921607732772827,0.03152015432715416,0.5079399347305298,1.015887975692749,0.056853294372558594,19
4,0.8,baseline,2,9,1.2493492364883423,0.04734344035387039,0.4701352119445801,0.984861433506012,0.057016804814338684,19
4,0.8,baseline,2,10,1.2840391397476196,0.0486912876367569,0.4443541467189789,0.9957934617996216,0.0563507005572319,19
4,0.8,baseline,2,11,1.3835630416870117,0.046953555196523666,0.4667521119117737,0.9872840046882629,0.05645594373345375,19
4,0.8,baseline,2,12,1.6781903505325317,0.04931576922535896,0.49477943778038025,1.0078661441802979,0.05529506504535675,19
4,0.8,baseline,2,13,1.3541406393051147,0.03181701898574829,0.480270653963089,1.0250507593154907,0.056198034435510635,19
4,0.8,baseline,2,14,1.6646275520324707,0.04904903471469879,0.4869386851787567,0.9967476725578308,0.05597572773694992,19
4,0.8,baseline,2,15,1.2737025022506714,0.06760822236537933,0.44522833824157715,0.9894895553588867,0.0547017864882946,19
4,0.8,baseline,2,16,1.4800500869750977,0.04401245713233948,0.4548620879650116,0.9742926359176636,0.05524439737200737,19
4,0.8,baseline,2,17,0.3342320919036865,0.43376395106315613,0.07932364195585251,0.25091665983200073,0.05959245190024376,19
4,0.8,baseline,2,18,0.8031907677650452,0.4354090988636017,0.475553959608078,1.0416007041931152,0.015459032729268074,19
4,0.8,baseline,3,0,1.2406495809555054,0.03548857942223549,0.4884226322174072,1.0059375762939453,0.05976129323244095,18
4,0.8,baseline,3,1,1.237044095993042,0.03561755642294884,0.48556363582611084,1.0176788568496704,0.059061575680971146,18
4,0.8,baseline,3,2,1.0876201391220093,0.05716186761856079,0.7623656988143921,1.1836339235305786,0.0003000858414452523,18
4,0.8,baseline,3,3,1.5934962034225464,0.08775139600038528,0.5207651257514954,1.0041542053222656,0.05731329321861267,18
4,0.8,baseline,3,4,1.4112555980682373,0.04099661111831665,0.5015472769737244,1.0106124877929688,0.05921214446425438,18
4,0.8,baseline,3,5,1.3205804824829102,0.03241468966007233,0.4763003885746002,1.0225006341934204,0.0594639852643013,18
4,0.8,baseline,3,6,1.315480351448059,0.03205078840255737,0.4731500744819641,1.014007806777954,0.05998741835355759,18
4,0.8,baseline,3,7,1.3857475519180298,0.03756951913237572,0.4907076358795166,1.0346184968948364,0.059634286910295486,18
4,0.8,baseline,3,8,1.3842194080352783,0.03692261502146721,0.4901498854160309,1.0172972679138184,0.060786694288253784,18
4,0.8,baseline,3,9,1.7797729969024658,0.11153549700975418,0.4961528778076172,1.0039103031158447,0.059673890471458435,18
4,0.8,baseline,3,10,1.4849610328674316,0.04202623292803764,0.49365177750587463,0.9968833923339844,0.061017245054244995,18
4,0.8,baseline,3,11,1.357186198234558,0.04088010638952255,0.46400147676467896,1.0087043046951294,0.059320300817489624,18
4,0.8,baseline,3,12,1.5635560750961304,0.03374868631362915,0.48895639181137085,0.9776075482368469,0.058963656425476074,18
4,0.8,baseline,3,13,1.4698759317398071,0.04301184043288231,0.483492910861969,1.0385231971740723,0.0584271065890789,18
4,0.8,baseline,3,14,0.9644961357116699,0.5257507562637329,0.32492393255233765,1.6374503374099731,0.006508519407361746,18
4,0.8,baseline,3,15,1.5517653226852417,0.034578949213027954,0.48139917850494385,1.004345178604126,0.057160526514053345,18
4,0.8,baseline,3,16,1.4582314491271973,0.09006917476654053,0.4354771077632904,0.9738783836364746,0.05875778570771217,18
4,0.8,baseline,3,17,1.7122869491577148,0.1136050820350647,0.4588651955127716,1.0142467021942139,0.058730218559503555,18
4,0.8,baseline,4,0,1.554938554763794,0.0199815072119236,0.9616611003875732,1.1467983722686768,2.5217186703230254e-05,18
4,0.8,baseline,4,1,1.4266632795333862,0.09556218981742859,0.4853879511356354,1.031718134880066,0.058917466551065445,18
4,0.8,baseline,4,2,1.3749052286148071,0.11602237820625305,0.5115747451782227,0.9965721964836121,0.05932141840457916,18
4,0.8,baseline,4,3,1.8466566801071167,0.08728852868080139,0.9751058220863342,1.138556718826294,-5.216299996391172e-06,18
4,0.8,baseline,4,4,1.4497132301330566,0.059135325253009796,0.5001350045204163,1.0135397911071777,0.060500819236040115,18
4,0.8,baseline,4,5,1.4410258531570435,0.05911872163414955,0.4941556453704834,1.0296623706817627,0.05955749377608299,18
4,0.8,baseline,4,6,1.519103765487671,0.06324181705713272,0.49856942892074585,1.0074533224105835,0.058777157217264175,18
4,0.8,baseline,4,7,1.3855526447296143,0.095594123005867,0.457614541053772,1.0037001371383667,0.060536932200193405,18
4,0.8,baseline,4,8,1.5177500247955322,0.09193810075521469,0.49557656049728394,1.0297530889511108,0.0574391633272171,18
4,0.8,baseline,4,9,1.3275023698806763,0.11612284183502197,0.47703760862350464,1.0093811750411987,0.05858980864286423,18
4,0.8,baseline,4,10,1.573304295539856,0.07372646033763885,0.5058242678642273,0.9979814291000366,0.0584675632417202,18
4,0.8,baseline,4,11,1.4928784370422363,0.09187337756156921,0.47930699586868286,0.9775596261024475,0.0604592002928257,18
4,0.8,baseline,4,12,1.3880590200424194,0.09008102118968964,0.3502964675426483,1.2907453775405884,0.07567368447780609,18
4,0.8,baseline,4,13,1.4784005880355835,0.06325098127126694,0.47246652841567993,1.0024381875991821,0.059179097414016724,18
4,0.8,baseline,4,14,1.3343130350112915,0.10483900457620621,0.3223920166492462,1.385037899017334,0.08139805495738983,18
4,0.8,baseline,4,15,1.5375235080718994,0.07363629341125488,0.48322734236717224,0.9958450794219971,0.05863351374864578,18
4,0.8,baseline,4,16,1.3596588373184204,0.09012561291456223,0.33558177947998047,1.2801684141159058,0.07590321451425552,18
4,0.8,baseline,4,18,1.3112092018127441,0.10495901107788086,0.31179603934288025,1.3756139278411865,0.08225078880786896,18
4,0.8,input_at,0,0,1.0564340353012085,0.008684666827321053,0.7576982975006104,1.218289852142334,0.00027173905982635915,18
4,0.8,input_at,0,1,1.1622189283370972,0.030979296192526817,0.49426448345184326,1.0111253261566162,0.058495212346315384,18
4,0.8,input_at,0,2,0.9512704610824585,0.009979847818613052,0.681402325630188,1.2630209922790527,0.0007891491986811161,18
4,0.8,input_at,0,3,1.2725718021392822,0.04979940131306648,0.4724620282649994,1.001084804534912,0.059601712971925735,18
4,0.8,input_at,0,4,1.1619453430175781,0.030974458903074265,0.49400946497917175,1.0023982524871826,0.05900317057967186,18
4,0.8,input_at,0,5,1.1137059926986694,0.061956681311130524,0.5558459162712097,1.4135268926620483,0.005801785737276077,18
4,0.8,input_at,0,6,1.3475171327590942,0.035286374390125275,0.49134406447410583,0.9992424249649048,0.05986759811639786,18
4,0.8,input_at,0,7,1.561812400817871,0.07907363772392273,0.44483691453933716,1.0360194444656372,0.05961877480149269,18
4,0.8,input_at,0,8,1.560994029045105,0.0789242684841156,0.4444628357887268,1.0183169841766357,0.06068054214119911,18
4,0.8,input_at,0,9,1.5005877017974854,0.028460439294576645,0.4945404529571533,1.0155271291732788,0.059722017496824265,18
4,0.8,input_at,0,10,1.2692619562149048,0.04992586001753807,0.4698523283004761,1.0166441202163696,0.05867013335227966,18
4,0.8,input_at,0,11,1.3446507453918457,0.035411059856414795,0.4891343116760254,1.0226705074310303,0.05846777558326721,18
4,0.8,input_at,0,12,1.4994267225265503,0.028368091210722923,0.49387261271476746,1.0210411548614502,0.059431180357933044,18
4,0.8,input_at,0,13,1.69110107421875,0.03992607817053795,0.4821663200855255,0.9855843186378479,0.06027870252728462,18
4,0.8,input_at,0,14,0.6739352345466614,0.5670289993286133,0.07534688711166382,0.2092660665512085,0.10896998643875122,18
4,0.8,input_at,0,15,1.505942940711975,0.5668202042579651,0.37694409489631653,0.8856862187385559,0.06956711411476135,18
4,0.8,input_at,0,17,1.6809831857681274,0.040572427213191986,0.4761810600757599,1.02936851978302,0.05760901793837547,18
4,0.8,input_at,0,19,1.590753436088562,0.5663930177688599,0.42021051049232483,0.9723303318023682,0.06419432908296585,18
4,0.8,input_at,1,0,1.0571517944335938,0.04629488289356232,0.6230278611183167,1.3465393781661987,0.0007291026413440704,21
4,0.8,input_at,1,1,1.2114243507385254,0.033985067158937454,0.4781312048435211,0.9820598363876343,0.04934798926115036,21
4,0.8,input_at,1,2,1.1267499923706055,0.03006836026906967,0.48618507385253906,1.0081686973571777,0.05018950253725052,21
4,0.8,input_at,1,3,1.1258985996246338,0.030055943876504898,0.48540574312210083,1.0113070011138916,0.05002974346280098,21
4,0.8,input_at,1,4,1.385820984840393,0.027501191943883896,0.4866330325603485,1.0287925004959106,0.04947001487016678,21
4,0.8,input_at,1,5,1.2095260620117188,0.03397080674767494,0.47666335105895996,0.9945810437202454,0.048726461827754974,21
4,0.8,input_at,1,6,1.3982336521148682,0.034630876034498215,0.48174962401390076,1.0143457651138306,0.050384245812892914,21
4,0.8,input_at,1,7,1.3851250410079956,0.02749098837375641,0.4861859679222107,0.9942607879638672,0.05120248347520828,21
4,0.8,input_at,1,8,1.3975584506988525,0.034541111439466476,0.4814150631427765,1.010918378829956,0.0505756251513958,21
4,0.8,input_at,1,9,1.5989304780960083,0.051541633903980255,0.4579211473464966,0.998723566532135,0.05115861818194389,21
4,0.8,input_at,1,10,1.632528305053711,0.0365508496761322,0.4906662106513977,1.014972448348999,0.049751631915569305,21
4,0.8,input_at,1,11,1.5960392951965332,0.05090658366680145,0.4568759500980377,1.028075098991394,0.04970158264040947,21
4,0.8,input_at,1,12,1.0141021013259888,0.20545880496501923,0.3599092364311218,1.6422545909881592,0.011918894946575165,21
4,0.8,input_at,1,13,1.504433512687683,0.05975412577390671,0.45625683665275574,1.005302906036377,0.04990704357624054,21
4,0.8,input_at,1,15,1.2616440057754517,0.47753769159317017,0.22979457676410675,0.5343744158744812,0.0486307218670845,21
4,0.8,input_at,1,16,1.6145864725112915,0.034957803785800934,0.4814014136791229,1.001495599746704,0.050778377801179886,21
4,0.8,input_at,1,17,1.8241703510284424,0.4855848550796509,0.46734338998794556,0.6909106969833374,0.031173188239336014,21
4,0.8,input_at,1,19,1.4390380382537842,0.042875681072473526,0.43938174843788147,0.9679268598556519,0.051662664860486984,21
4,0.8,input_at,1,20,0.7659603357315063,0.45508918166160583,0.07897314429283142,0.12358427047729492,0.06214549392461777,21
4,0.8,input_at,1,22,0.6994186043739319,0.48650068044662476,0.06885379552841187,0.125970721244812,0.061187684535980225,21
4,0.8,input_at,1,39,0.3522905111312866,0.4865257441997528,0.017377080395817757,0.020626485347747803,0.06492552161216736,21
4,0.8,input_at,2,0,1.083274483680725,0.044752463698387146,0.8470948934555054,1.1323853731155396,8.915849321056157e-05,17
4,0.8,input_at,2,1,0.9734885692596436,0.06213389337062836,0.8438509106636047,1.1507796049118042,3.8952523027546704e-05,17
4,0.8,input_at,2,2,1.0489352941513062,0.033319901674985886,0.8906043767929077,1.091509461402893,2.6278230507159606e-06,17
4,0.8,input_at,2,3,1.2427204847335815,0.03145937994122505,0.4920679032802582,1.0029548406600952,0.06231696531176567,17
4,0.8,input_at,2,4,1.262306571006775,0.02664138935506344,0.49253880977630615,1.0110732316970825,0.06262210011482239,17
4,0.8,input_at,2,5,1.3266714811325073,0.028843959793448448,0.49408283829689026,1.021379828453064,0.06266933679580688,17
4,0.8,input_at,2,6,1.2418030500411987,0.03143399953842163,0.4913255572319031,1.0006417036056519,0.06245908513665199,17
4,0.8,input_at,2,7,1.4206329584121704,0.027129918336868286,0.4920385181903839,1.046537160873413,0.0616544671356678,17
4,0.8,input_at,2,8,1.3548632860183716,0.026626447215676308,0.4945054054260254,1.0219091176986694,0.06457079946994781,17
4,0.8,input_at,2,9,1.2608516216278076,0.026645492762327194,0.4913809895515442,1.006527304649353,0.06289780884981155,17
4,0.8,input_at,2,10,1.4204195737838745,0.027122076600790024,0.491888165473938,0.9879612922668457,0.06531909108161926,17
4,0.8,input_at,2,11,1.3233824968338013,0.028792275115847588,0.49165597558021545,1.0069003105163574,0.06358474493026733,17
4,0.8,input_at,2,12,1.628836989402771,0.039145443588495255,0.49472054839134216,1.0130066871643066,0.06315077096223831,17
4,0.8,input_at,2,13,1.3529815673828125,0.026661759242415428,0.49320513010025024,1.0372474193572998,0.06361178308725357,17
4,0.8,input_at,2,14,1.6259150505065918,0.03830951824784279,0.493084579706192,1.013683795928955,0.06321601569652557,17
4,0.8,input_at,2,15,0.9117777347564697,0.621200680732727,0.5838152170181274,1.0179176330566406,0.01215284876525402,17
4,0.8,input_at,2,16,0.3386411964893341,0.6212277412414551,0.08051265776157379,0.18349957466125488,0.06432224810123444,17
4,0.8,input_at,3,0,1.087947964668274,0.035728443413972855,0.48092374205589294,1.0090605020523071,0.0679469034075737,16
4,0.8,input_at,3,1,1.0879359245300293,0.03561463952064514,0.4809754192829132,1.0279074907302856,0.06670535355806351,16
4,0.8,input_at,3,2,1.103387475013733,0.09241306781768799,0.734291136264801,1.270364761352539,0.0001530474255559966,16
4,0.8,input_at,3,3,1.3373267650604248,0.058698780834674835,0.7948653697967529,1.1621801853179932,0.0004897479666396976,16
4,0.8,input_at,3,4,1.2579563856124878,0.009864932857453823,0.8490558862686157,1.1382735967636108,8.855632768245414e-05,16
4,0.8,input_at,3,5,1.111632227897644,0.007944821380078793,0.689214289188385,1.2295197248458862,0.0006492546526715159,16
4,0.8,input_at,3,6,1.3586738109588623,0.027224570512771606,0.4973929822444916,1.0153170824050903,0.06724810600280762,16
4,0.8,input_at,3,7,1.3809363842010498,0.03496677055954933,0.47579729557037354,1.0058549642562866,0.06750930100679398,16
4,0.8,input_at,3,8,1.3584227561950684,0.027305718511343002,0.4971936345100403,1.0171757936477661,0.06709718704223633,16
4,0.8,input_at,3,9,1.6345465183258057,0.1352252960205078,0.47217774391174316,1.0549739599227905,0.06767471879720688,16
4,0.8,input_at,3,10,1.3797935247421265,0.03531549870967865,0.4747696816921234,1.0176856517791748,0.06669267266988754,16
4,0.8,input_at,3,11,1.2653255462646484,0.6463363170623779,0.5111686587333679,1.1574004888534546,0.018810663372278214,16
4,0.8,input_at,3,12,1.60795259475708,0.029438519850373268,0.48792099952697754,1.0209211111068726,0.06559159606695175,16
4,0.8,input_at,3,13,0.6676482558250427,0.5774165391921997,0.09688587486743927,0.2444746494293213,0.08393485099077225,16
4,0.8,input_at,3,15,1.6040624380111694,0.029253724962472916,0.4856646656990051,0.9896150827407837,0.0677846372127533,16
4,0.8,input_at,3,17,1.5321530103683472,0.13609850406646729,0.41468939185142517,0.9935413599014282,0.07158086448907852,16
4,0.8,input_at,4,0,1.0774890184402466,0.042193248867988586,0.9486509561538696,1.109574556350708,-9.212821896653622e-05,17
4,0.8,input_at,4,1,0.9966595768928528,0.05779945105314255,0.8454320430755615,1.143025517463684,0.0003735200152732432,17
4,0.8,input_at,4,2,1.1752357482910156,0.06525752693414688,0.4940009117126465,1.029876947402954,0.06528880447149277,17
4,0.8,input_at,4,3,1.2988331317901611,0.04703081399202347,0.498178094625473,1.048952579498291,0.061733368784189224,17
4,0.8,input_at,4,4,1.154121994972229,0.029470138251781464,0.8281407952308655,1.145754098892212,0.00024850902264006436,17
4,0.8,input_at,4,5,1.1750853061676025,0.06523190438747406,0.4938351511955261,1.0485254526138306,0.0641094222664833,17
4,0.8,input_at,4,6,1.3921722173690796,0.07667875289916992,0.46197932958602905,1.0340831279754639,0.06160813197493553,17
4,0.8,input_at,4,7,1.2514656782150269,0.09178672730922699,0.6431454420089722,1.280643105506897,0.0007279290584847331,17
4,0.8,input_at,4,8,1.473942756652832,0.0618942566215992,0.4926527142524719,1.0165250301361084,0.06346875429153442,17
4,0.8,input_at,4,9,1.524329662322998,0.06662874668836594,0.491897314786911,1.0317630767822266,0.06175040453672409,17
4,0.8,input_at,4,10,1.523370385169983,0.066536083817482,0.49143895506858826,0.9910210967063904,0.06435737013816833,17
4,0.8,input_at,4,11,1.4721224308013916,0.06187085062265396,0.49151140451431274,1.0196081399917603,0.06329244375228882,17
4,0.8,input_at,4,12,1.3873852491378784,0.07640844583511353,0.4592605531215668,0.9899702072143555,0.06439822167158127,17
4,0.8,input_at,4,13,1.2807977199554443,0.04702389985322952,0.48461732268333435,0.9912766814231873,0.06542067974805832,17
4,0.8,input_at,4,14,1.5647563934326172,0.22696460783481598,0.4214455783367157,0.9598397016525269,0.06590050458908081,17
4,0.8,input_at,4,16,1.6533299684524536,0.22600768506526947,0.4697698652744293,0.9844058156013489,0.06407976150512695,17
4,0.8,input_at,4,18,0.5159817337989807,0.21683529019355774,0.045469675213098526,0.06673175096511841,0.11880512535572052,17
4,0.8,lat,0,0,1.9880589246749878,0.048793718218803406,0.5220762491226196,1.0447807312011719,0.05222063884139061,20
4,0.8,lat,0,1,1.9722341299057007,0.04963963106274605,0.4994557499885559,1.0481219291687012,0.053335923701524734,20
4,0.8,lat,0,2,1.766575813293457,0.009913110174238682,0.9565501809120178,1.1203162670135498,-3.824543455266394e-05,20
4,0.8,lat,0,3,2.5470123291015625,0.009288208559155464,0.952700138092041,1.1380443572998047,2.7765036065829918e-05,20
4,0.8,lat,0,4,1.9721202850341797,0.049617595970630646,0.4993811249732971,1.0134897232055664,0.05512595176696777,20
4,0.8,lat,0,5,1.8513470888137817,0.043516356498003006,0.4938375651836395,1.0000473260879517,0.05411602184176445,20
4,0.8,lat,0,6,1.8384709358215332,0.04093008488416672,0.49878889322280884,1.0133031606674194,0.05307678133249283,20
4,0.8,lat,0,7,2.1671342849731445,0.037398625165224075,0.49775317311286926,1.0000239610671997,0.05315399914979935,20
4,0.8,lat,0,8,1.8470979928970337,0.04343336448073387,0.49187347292900085,1.0290614366531372,0.05267294496297836,20
4,0.8,lat,0,9,1.873327612876892,0.04961294308304787,0.493387907743454,0.9989609122276306,0.0533779039978981,20
4,0.8,lat,0,10,2.159550428390503,0.037393491715192795,0.494375079870224,1.010900616645813,0.052632614970207214,20
4,0.8,lat,0,11,1.8317453861236572,0.04113112390041351,0.49508005380630493,1.0095781087875366,0.05325065180659294,20
4,0.8,lat,0,12,1.8685003519058228,0.04987097159028053,0.49103525280952454,1.016303539276123,0.05251137539744377,20
4,0.8,lat,0,13,1.5857924222946167,0.039843566715717316,0.45960181951522827,1.0158365964889526,0.055134207010269165,20
4,0.8,lat,0,14,1.8950963020324707,0.04893522709608078,0.47454211115837097,0.995621919631958,0.05494280159473419,20
4,0.8,lat,0,15,0.5409637093544006,0.4516451358795166,0.1751406192779541,0.315751850605011,0.06552699953317642,20
4,0.8,lat,0,16,0.9369252324104309,0.45100685954093933,0.5121845006942749,0.8114786148071289,0.03915918618440628,20
4,0.8,lat,0,17,1.5717188119888306,0.03950431942939758,0.4513249695301056,1.053265929222107,0.05334575101733208,20
4,0.8,lat,0,18,0.3791498839855194,0.4507817029953003,0.08457556366920471,0.17659008502960205,0.07259449362754822,20
4,0.8,lat,0,19,0.4302457571029663,0.4479528069496155,0.104158416390419,0.23680365085601807,0.06898763030767441,20
4,0.8,lat,1,0,2.134439706802368,0.024033427238464355,0.8617838025093079,1.129618525505066,0.00017444358672946692,20
4,0.8,lat,1,1,2.1397900581359863,0.05141417682170868,0.49714580178260803,1.0245766639709473,0.053365956991910934,20
4,0.8,lat,1,2,2.0289061069488525,0.03969962149858475,0.49892669916152954,1.0474618673324585,0.05430535227060318,20
4,0.8,lat,1,3,2.028110980987549,0.03973580151796341,0.49853619933128357,1.0330917835235596,0.055062055587768555,20
4,0.8,lat,1,4,2.224236249923706,0.0650227963924408,0.49944424629211426,1.050731897354126,0.053522318601608276,20
4,0.8,lat,1,5,2.1380250453948975,0.0513727180659771,0.49627453088760376,1.0145576000213623,0.05385846272110939,20
4,0.8,lat,1,6,2.0181632041931152,0.04990342631936073,0.49917367100715637,1.0395833253860474,0.054670628160238266,20
4,0.8,lat,1,7,2.2204341888427734,0.06506972014904022,0.4978161156177521,1.0184718370437622,0.055303145200014114,20
4,0.8,lat,1,8,2.0138449668884277,0.04978468269109726,0.4971470534801483,1.0401182174682617,0.054719649255275726,20
4,0.8,lat,1,9,2.1656579971313477,0.06253822892904282,0.49276694655418396,1.021140217781067,0.052367717027664185,20
4,0.8,lat,1,10,1.9762284755706787,0.0786949172616005,0.48769813776016235,0.9952613115310669,0.05331363156437874,20
4,0.8,lat,1,11,2.159184217453003,0.062138259410858154,0.4901696741580963,0.9980842471122742,0.05371158942580223,20
4,0.8,lat,1,12,1.7317785024642944,0.08917146176099777,0.4784488379955292,1.0247652530670166,0.052604854106903076,20
4,0.8,lat,1,13,1.6367536783218384,0.09490276873111725,0.4693461060523987,1.0416475534439087,0.053361911326646805,20
4,0.8,lat,1,14,1.7283568382263184,0.088129423558712,0.47661292552948,1.0034862756729126,0.05383039265871048,20
4,0.8,lat,1,15,0.9794227480888367,0.2930261194705963,0.35027453303337097,0.6617416143417358,0.04094313457608223,20
4,0.8,lat,1,16,1.9516195058822632,0.07799984514713287,0.47631844878196716,1.0153409242630005,0.05241721495985985,20
4,0.8,lat,1,17,0.8984428644180298,0.29495617747306824,0.2790593206882477,0.545803964138031,0.04723824933171272,20
4,0.8,lat,1,20,1.6053715944290161,0.09391435980796814,0.45269763469696045,1.0164321660995483,0.05483844503760338,20
4,0.8,lat,1,22,0.4827452301979065,0.29391399025917053,0.08214785903692245,0.22427451610565186,0.06420160830020905,20
4,0.8,lat,2,0,1.9894345998764038,0.051422588527202606,0.5039235949516296,1.0328068733215332,0.060678545385599136,18
4,0.8,lat,2,1,1.6809543371200562,0.008205361664295197,0.9829620718955994,1.1365571022033691,-2.607656097097788e-05,18
4,0.8,lat,2,2,1.970442295074463,0.00995574425905943,0.9854733943939209,1.1332157850265503,-3.222923987777904e-05,18
4,0.8,lat,2,3,1.7937244176864624,0.0029384854715317488,0.9903347492218018,1.1365649700164795,-4.772781176143326e-05,18
4,0.8,lat,2,4,1.8943030834197998,0.05503865331411362,0.5004915595054626,1.0358163118362427,0.05975904315710068,18
4,0.8,lat,2,5,1.9187840223312378,0.05787137150764465,0.5023429989814758,1.0434834957122803,0.06023521348834038,18
4,0.8,lat,2,6,1.9970041513442993,0.046009816229343414,0.49889397621154785,1.0262545347213745,0.06169077754020691,18
4,0.8,lat,2,7,1.9969676733016968,0.046008117496967316,0.49889272451400757,1.0491496324539185,0.06036870554089546,18
4,0.8,lat,2,8,1.8439799547195435,0.07394669204950333,0.5025463104248047,1.0658156871795654,0.060127656906843185,18
4,0.8,lat,2,9,1.8867149353027344,0.05503900721669197,0.4964645504951477,1.0156307220458984,0.06091403216123581,18
4,0.8,lat,2,10,1.9702825546264648,0.05143141746520996,0.49427253007888794,1.031818151473999,0.06074194982647896,18
4,0.8,lat,2,11,1.906731367111206,0.05791788920760155,0.496044784784317,1.024004340171814,0.061367232352495193,18
4,0.8,lat,2,12,1.9971013069152832,0.07567179203033447,0.4995589852333069,1.0024136304855347,0.06084588170051575,18
4,0.8,lat,2,13,1.8321387767791748,0.07396344095468521,0.496121346950531,1.0230519771575928,0.0626465305685997,18
4,0.8,lat,2,14,1.9921211004257202,0.07561620324850082,0.4971485137939453,1.0349854230880737,0.05899028107523918,18
4,0.8,lat,2,15,0.5112611651420593,0.3911728858947754,0.16274285316467285,0.32614803314208984,0.06480675935745239,18
4,0.8,lat,2,17,0.5283666849136353,0.3914163112640381,0.17362447082996368,0.3354226350784302,0.06403464078903198,18
4,0.8,lat,2,18,0.9452304244041443,0.3912215232849121,0.5556371212005615,0.7635403871536255,0.038763392716646194,18
4,0.8,lat,3,0,2.038935422897339,0.061649009585380554,0.4998874366283417,1.0564966201782227,0.0622442252933979,18
4,0.8,lat,3,1,2.0382392406463623,0.06169978901743889,0.49952858686447144,1.0586835145950317,0.06207915022969246,18
4,0.8,lat,3,2,1.8093109130859375,0.026171313598752022,0.887660801410675,1.1264007091522217,9.407830657437444e-05,18
4,0.8,lat,3,3,2.2201788425445557,0.021339861676096916,0.9701274037361145,1.1340869665145874,1.2577022062032484e-05,18
4,0.8,lat,3,4,1.7797926664352417,0.012975480407476425,0.9891700148582458,1.1366169452667236,-2.809144825732801e-05,18
4,0.8,lat,3,5,1.8740137815475464,0.0552910715341568,0.4977937936782837,1.0406765937805176,0.06191046163439751,18
4,0.8,lat,3,6,1.8720704317092896,0.05524980649352074,0.4968770742416382,1.05508291721344,0.06113414093852043,18
4,0.8,lat,3,7,2.0065090656280518,0.053304243832826614,0.4999811053276062,1.062738299369812,0.061242587864398956,18
4,0.8,lat,3,8,2.0040664672851562,0.053269729018211365,0.49882879853248596,1.0431392192840576,0.06247049197554588,18
4,0.8,lat,3,9,2.128628969192505,0.05161324515938759,0.49585509300231934,1.0142581462860107,0.06051646173000336,18
4,0.8,lat,3,10,1.9304519891738892,0.06346806138753891,0.4969090521335602,1.0112453699111938,0.06015971302986145,18
4,0.8,lat,3,11,1.9299088716506958,0.06332143396139145,0.49677732586860657,1.0263034105300903,0.05937688425183296,18
4,0.8,lat,3,12,1.8984318971633911,0.06990209966897964,0.49415263533592224,1.0257107019424438,0.05770835280418396,18
4,0.8,lat,3,13,2.1153836250305176,0.051471661776304245,0.4897639751434326,1.0312992334365845,0.059563301503658295,18
4,0.8,lat,3,14,1.276507019996643,0.38308170437812805,0.7234032154083252,1.0133082866668701,0.014916753396391869,18
4,0.8,lat,3,15,1.8930062055587769,0.07007880508899689,0.49121108651161194,0.9830763339996338,0.060164522379636765,18
4,0.8,lat,3,16,0.45129236578941345,0.3821035623550415,0.09453573077917099,0.16389471292495728,0.0654498040676117,18
4,0.8,lat,3,17,0.3190983235836029,0.3820503354072571,0.046879611909389496,0.08804565668106079,0.06990660727024078,18
4,0.8,lat,4,0,2.2079918384552,0.011466159485280514,0.9835986495018005,1.1497012376785278,-1.1796077160397545e-05,18
4,0.8,lat,4,1,2.07151460647583,0.06514231115579605,0.5001322627067566,1.0587671995162964,0.061165403574705124,18
4,0.8,lat,4,2,1.9824587106704712,0.07066585123538971,0.5011507868766785,1.0293570756912231,0.06082255020737648,18
4,0.8,lat,4,3,2.128209352493286,0.072415292263031,0.49913740158081055,1.03354811668396,0.06029506400227547,18
4,0.8,lat,4,4,2.019205093383789,0.04560865834355354,0.49938201904296875,1.031577229499817,0.06125672534108162,18
4,0.8,lat,4,5,2.018390417098999,0.04564005509018898,0.4990012049674988,1.0426630973815918,0.060635607689619064,18
4,0.8,lat,4,6,2.125152587890625,0.0726214200258255,0.49770215153694153,1.0276192426681519,0.0606510229408741,18
4,0.8,lat,4,7,2.0667078495025635,0.06510724872350693,0.49780985713005066,1.0415691137313843,0.062188148498535156,18
4,0.8,lat,4,8,2.08481764793396,0.06977835297584534,0.500775158405304,1.0366116762161255,0.06045212596654892,18
4,0.8,lat,4,9,1.974394679069519,0.07064306735992432,0.49713146686553955,1.0355318784713745,0.06052008643746376,18
4,0.8,lat,4,10,1.8866468667984009,0.04580127075314522,0.5022836923599243,1.0294281244277954,0.0596160814166069,18
4,0.8,lat,4,11,2.0757133960723877,0.0697731226682663,0.4964306056499481,1.028874158859253,0.060918036848306656,18
4,0.8,lat,4,12,1.307217001914978,0.2329210638999939,0.9642215371131897,1.1588109731674194,9.298478835262358e-05,18
4,0.8,lat,4,13,1.959175944328308,0.07759743183851242,0.5027634501457214,1.0399893522262573,0.058900151401758194,18
4,0.8,lat,4,14,2.0840413570404053,0.08039524406194687,0.4999266266822815,1.0331388711929321,0.06064896658062935,18
4,0.8,lat,4,15,1.8752394914627075,0.04574520140886307,0.4962307810783386,1.0151718854904175,0.06045196205377579,18
4,0.8,lat,4,16,2.076521635055542,0.08037491887807846,0.4963470995426178,1.03212308883667,0.06072407588362694,18
4,0.8,lat,4,18,1.9332692623138428,0.07764419168233871,0.48955681920051575,1.0033040046691895,0.06108420714735985,18
4,0.9,baseline,0,0,1.2051184177398682,0.045317888259887695,0.4794079065322876,1.0317662954330444,0.051367513835430145,21
4,0.9,baseline,0,1,1.1658464670181274,0.04383518546819687,0.49425753951072693,1.0265858173370361,0.049762945622205734,21
4,0.9,baseline,0,2,1.3336344957351685,0.05946463719010353,0.48009610176086426,1.0122649669647217,0.04996214807033539,21
4,0.9,baseline,0,3,1.5031596422195435,0.040854357182979584,0.4567369520664215,1.0669516324996948,0.0531797930598259,21
4,0.9,baseline,0,4,1.1607115268707275,0.04374217242002487,0.49017423391342163,0.9985747933387756,0.051176540553569794,21
4,0.9,baseline,0,5,1.3177729845046997,0.037116438150405884,0.46896061301231384,1.0229408740997314,0.051016371697187424,21
4,0.9,baseline,0,6,1.3006588220596313,0.03616662323474884,0.48604336380958557,1.0144644975662231,0.0512022003531456,21
4,0.9,baseline,0,7,1.7786716222763062,0.05767564848065376,0.48958322405815125,1.0198941230773926,0.05014922097325325,21
4,0.9,baseline,0,8,1.3050655126571655,0.036883819848299026,0.45983001589775085,1.0224356651306152,0.05107820779085159,21
4,0.9,baseline,0,9,1.3194268941879272,0.059572331607341766,0.4701305031776428,1.0001497268676758,0.05054165795445442,21
4,0.9,baseline,0,10,1.4469060897827148,0.11068207025527954,0.3570233881473541,1.2466504573822021,0.06279367953538895,21
4,0.9,baseline,0,11,1.2919285297393799,0.03620452433824539,0.4797879755496979,1.0245851278305054,0.050640493631362915,21
4,0.9,baseline,0,12,1.3548320531845093,0.12048079073429108,0.33145439624786377,1.3064292669296265,0.06760377436876297,21
4,0.9,baseline,0,13,1.8721911907196045,0.2356635332107544,0.45071351528167725,1.0049641132354736,0.051674824208021164,21
4,0.9,baseline,0,14,1.1621925830841064,0.04530974477529526,0.44562679529190063,1.028607964515686,0.051434434950351715,21
4,0.9,baseline,0,15,1.4609296321868896,0.04067336022853851,0.4310956299304962,1.0655475854873657,0.05346565321087837,21
4,0.9,baseline,0,16,1.348056674003601,0.11213184148073196,0.3360462188720703,1.3168684244155884,0.06636712700128555,21
4,0.9,baseline,0,17,1.898768663406372,0.2306942641735077,0.46273481845855713,0.9893227219581604,0.05233254283666611,21
4,0.9,baseline,0,18,1.441026210784912,0.10781510919332504,0.3458733856678009,1.2120665311813354,0.06571998447179794,21
4,0.9,baseline,0,19,1.7220287322998047,0.057318296283483505,0.4591893255710602,1.0049761533737183,0.051063794642686844,21
4,0.9,baseline,0,20,0.44872069358825684,0.3086623549461365,0.02989267371594906,0.11645281314849854,0.14186103641986847,21
4,0.9,baseline,1,0,1.1503015756607056,0.07463762909173965,0.45468252897262573,1.0245556831359863,0.04738224297761917,22
4,0.9,baseline,1,1,1.2446280717849731,0.042436424642801285,0.47360408306121826,1.018790364265442,0.04841497540473938,22
4,0.9,baseline,1,2,1.3130298852920532,0.03179016336798668,0.49576857686042786,1.0173951387405396,0.048057977110147476,22
4,0.9,baseline,1,3,1.316245675086975,0.03185820206999779,0.49824899435043335,1.0116817951202393,0.04834335669875145,22
4,0.9,baseline,1,4,1.2391451597213745,0.0419987328350544,0.470208078622818,1.017331838607788,0.04848035052418709,22
4,0.9,baseline,1,5,1.4647592306137085,0.05878443643450737,0.4628039002418518,1.0386900901794434,0.0493471696972847,22
4,0.9,baseline,1,6,1.5890498161315918,0.03601459786295891,0.49005696177482605,1.0064709186553955,0.04772036895155907,22
4,0.9,baseline,1,7,1.426174521446228,0.040884315967559814,0.48388656973838806,1.0020500421524048,0.04795918986201286,22
4,0.9,baseline,1,8,1.5115582942962646,0.04167470708489418,0.4752659499645233,1.0301014184951782,0.04903927817940712,22
4,0.9,baseline,1,9,1.7041758298873901,0.3180775046348572,0.38511404395103455,0.9922772645950317,0.0736144632101059,22
4,0.9,baseline,1,10,1.5007575750350952,0.041141364723443985,0.46910586953163147,1.0333564281463623,0.04902825504541397,22
4,0.9,baseline,1,11,1.2372021675109863,0.10544527322053909,0.34304502606391907,1.059314250946045,0.061195578426122665,22
4,0.9,baseline,1,12,1.2803219556808472,0.10598262399435043,0.29674726724624634,0.9607036709785461,0.10908737778663635,22
4,0.9,baseline,1,13,1.5644896030426025,0.0358976349234581,0.47517481446266174,1.001783847808838,0.04800273850560188,22
4,0.9,baseline,1,14,1.4070850610733032,0.04080554097890854,0.4712981879711151,1.008244276046753,0.04768870025873184,22
4,0.9,baseline,1,15,1.4204610586166382,0.05807529389858246,0.43636730313301086,1.0395444631576538,0.049483269453048706,22
4,0.9,baseline,1,16,1.5954639911651611,0.14847171306610107,0.38023078441619873,0.9330220818519592,0.07762223482131958,22
4,0.9,baseline,1,17,1.3428527116775513,0.16127538681030273,0.28424474596977234,0.8759804964065552,0.10070057213306427,22
4,0.9,baseline,1,18,1.4791533946990967,0.10168159753084183,0.35376062989234924,0.8688762187957764,0.08176981657743454,22
4,0.9,baseline,1,19,1.1078890562057495,0.3105376660823822,0.19674985110759735,1.010190725326538,0.12146607041358948,22
4,0.9,baseline,1,20,1.4715241193771362,0.24608275294303894,0.2995744049549103,0.7953764200210571,0.08317488431930542,22
4,0.9,baseline,1,22,1.2341523170471191,0.16645419597625732,0.23086215555667877,0.87360680103302,0.09915491193532944,22
4,0.9,baseline,2,0,1.3396432399749756,0.05646471306681633,0.4644356071949005,1.0549296140670776,0.05520157516002655,20
4,0.9,baseline,2,1,1.080209493637085,0.06472937017679214,0.47146451473236084,1.0709084272384644,0.054373402148485184,20
4,0.9,baseline,2,2,1.2996406555175781,0.04583221301436424,0.4989255666732788,1.0298335552215576,0.05358276143670082,20
4,0.9,baseline,2,3,1.5142574310302734,0.05095743015408516,0.4991300404071808,1.010633111000061,0.053036607801914215,20
4,0.9,baseline,2,4,1.5114256143569946,0.051962558180093765,0.48063692450523376,0.9931503534317017,0.05299198627471924,20
4,0.9,baseline,2,5,1.5096369981765747,0.051845114678144455,0.47964006662368774,1.0085564851760864,0.05220568925142288,20
4,0.9,baseline,2,6,1.5017728805541992,0.06380214542150497,0.4472653269767761,1.0851285457611084,0.05598077550530434,20
4,0.9,baseline,2,7,1.4948208332061768,0.06408791989088058,0.44289854168891907,1.0639421939849854,0.05697218328714371,20
4,0.9,baseline,2,8,1.4833167791366577,0.03854774683713913,0.4856257736682892,1.0232175588607788,0.05334067344665527,20
4,0.9,baseline,2,9,1.2805190086364746,0.04597281292080879,0.4840865433216095,1.020495891571045,0.05404667556285858,20
4,0.9,baseline,2,10,1.307144284248352,0.05646662041544914,0.4420011341571808,1.0505397319793701,0.05537864938378334,20
4,0.9,baseline,2,11,1.4957237243652344,0.09729333966970444,0.4402400255203247,1.0794379711151123,0.05651042237877846,20
4,0.9,baseline,2,12,1.6461750268936157,0.14096693694591522,0.4086152911186218,1.0999284982681274,0.05758129432797432,20
4,0.9,baseline,2,13,1.4632296562194824,0.03835940733551979,0.4728129506111145,1.0161186456680298,0.053800180554389954,20
4,0.9,baseline,2,14,1.5031851530075073,0.09970197081565857,0.4407825767993927,1.075087070465088,0.05648290365934372,20
4,0.9,baseline,2,15,1.4720653295516968,0.051037292927503586,0.4714387357234955,1.0100735425949097,0.053032565861940384,20
4,0.9,baseline,2,16,1.3317281007766724,0.2113157957792282,0.3294597566127777,1.2305184602737427,0.05618063360452652,20
4,0.9,baseline,2,17,1.4050813913345337,0.20299628376960754,0.35231852531433105,1.069912075996399,0.06569700688123703,20
4,0.9,baseline,2,18,1.645218849182129,0.1396201103925705,0.40630072355270386,1.0896776914596558,0.058168813586235046,20
4,0.9,baseline,2,20,0.999023973941803,0.06563042849302292,0.4010471999645233,1.0306921005249023,0.05645504221320152,20
4,0.9,baseline,3,0,1.213451862335205,0.06141876056790352,0.4851587414741516,1.0051007270812988,0.050153691321611404,21
4,0.9,baseline,3,1,1.2095372676849365,0.06146007403731346,0.48223862051963806,1.0050849914550781,0.05014793947339058,21
4,0.9,baseline,3,2,1.291306734085083,0.06855056434869766,0.48880138993263245,1.0388331413269043,0.050927527248859406,21
4,0.9,baseline,3,3,1.5180269479751587,0.05845528468489647,0.49646759033203125,1.0130066871643066,0.05065452307462692,21
4,0.9,baseline,3,4,1.4180718660354614,0.038521669805049896,0.4841998517513275,1.0201404094696045,0.05100777745246887,21
4,0.9,baseline,3,5,1.3429397344589233,0.039913952350616455,0.4851304292678833,1.0097836256027222,0.050835900008678436,21
4,0.9,baseline,3,6,1.3392735719680786,0.03984162583947182,0.4822630286216736,1.0184727907180786,0.05037530139088631,21
4,0.9,baseline,3,7,1.381954550743103,0.040253493934869766,0.4931214153766632,0.995640754699707,0.04957932233810425,21
4,0.9,baseline,3,8,1.3838247060775757,0.08837848901748657,0.39820510149002075,1.1151243448257446,0.06183800846338272,21
4,0.9,baseline,3,9,1.6179052591323853,0.13239780068397522,0.4085516333580017,0.9616557359695435,0.07588343322277069,21
4,0.9,baseline,3,10,1.3740017414093018,0.0404316782951355,0.4871903359889984,0.9936375021934509,0.049648649990558624,21
4,0.9,baseline,3,11,1.3917876482009888,0.03841337189078331,0.46675407886505127,1.021012544631958,0.05098457261919975,21
4,0.9,baseline,3,12,1.5293368101119995,0.09206497669219971,0.4389704465866089,0.9767032861709595,0.05576015263795853,21
4,0.9,baseline,3,13,1.4427704811096191,0.09279681742191315,0.3404143452644348,0.9312915802001953,0.08399015665054321,21
4,0.9,baseline,3,14,1.2586086988449097,0.09495513886213303,0.3191582262516022,1.0439939498901367,0.07931403815746307,21
4,0.9,baseline,3,15,1.564893364906311,0.10429208725690842,0.4301450550556183,0.9642271399497986,0.05918034911155701,21
4,0.9,baseline,3,16,1.4611552953720093,0.058142464607954025,0.4602678418159485,1.0150226354599,0.050629258155822754,21
4,0.9,baseline,3,17,1.5100038051605225,0.14537295699119568,0.38046419620513916,0.8873711228370667,0.07332134246826172,21
4,0.9,baseline,3,18,1.2644622325897217,0.09924367815256119,0.3538725972175598,1.2269783020019531,0.05596368387341499,21
4,0.9,baseline,3,19,1.2233595848083496,0.21409477293491364,0.2747553288936615,0.9950010776519775,0.08560611307621002,21
4,0.9,baseline,3,20,1.2116385698318481,0.06972072273492813,0.42987632751464844,1.0191650390625,0.05178527906537056,21
4,0.9,baseline,4,0,1.2630711793899536,0.04561711475253105,0.49664410948753357,1.0061455965042114,0.047805722802877426,22
4,0.9,baseline,4,1,1.3452365398406982,0.061321381479501724,0.4726918935775757,1.0391076803207397,0.049657516181468964,22
4,0.9,baseline,4,2,1.3114863634109497,0.03995130956172943,0.47669997811317444,1.0235663652420044,0.048770222812891006,22
4,0.9,baseline,4,3,1.3502891063690186,0.08502521365880966,0.48307809233665466,1.008053183555603,0.04795404151082039,22
4,0.9,baseline,4,4,1.2516828775405884,0.04555986449122429,0.48776841163635254,1.004361867904663,0.047895919531583786,22
4,0.9,baseline,4,5,1.4249279499053955,0.05429236218333244,0.5001181960105896,1.0065070390701294,0.04768034443259239,22
4,0.9,baseline,4,6,1.2971857786178589,0.03997637704014778,0.4664480984210968,1.0263099670410156,0.04861672595143318,22
4,0.9,baseline,4,7,1.3314380645751953,0.06130906939506531,0.4631921947002411,1.0441508293151855,0.04937944561243057,22
4,0.9,baseline,4,8,1.4307788610458374,0.03845148906111717,0.4877513349056244,1.0177738666534424,0.04809936508536339,22
4,0.9,baseline,4,9,1.5295710563659668,0.1054699718952179,0.4285302758216858,0.96053546667099,0.05801398307085037,22
4,0.9,baseline,4,10,1.5327894687652588,0.09692627191543579,0.4264834225177765,0.9378527998924255,0.05825936049222946,22
4,0.9,baseline,4,11,1.4258633852005005,0.038546789437532425,0.4840777516365051,1.0100088119506836,0.04846547916531563,22
4,0.9,baseline,4,12,1.4022645950317383,0.05423640087246895,0.4841400682926178,1.0023219585418701,0.04783282428979874,22
4,0.9,baseline,4,13,1.3219281435012817,0.08482533693313599,0.46340134739875793,1.009418249130249,0.04794181138277054,22
4,0.9,baseline,4,14,1.5705455541610718,0.08364635705947876,0.4059663712978363,0.9441079497337341,0.07234004884958267,22
4,0.9,baseline,4,15,1.6173492670059204,0.10443364828824997,0.38833555579185486,0.8817825317382812,0.07556916773319244,22
4,0.9,baseline,4,16,1.419071912765503,0.07228907197713852,0.34932956099510193,0.9427626132965088,0.07879628986120224,22
4,0.9,baseline,4,17,1.2951114177703857,0.1923009753227234,0.2960067093372345,1.0864369869232178,0.09304412454366684,22
4,0.9,baseline,4,18,1.3697510957717896,0.08891855925321579,0.32705003023147583,0.8773146271705627,0.07893069833517075,22
4,0.9,baseline,4,19,1.3083226680755615,0.09982525557279587,0.28140783309936523,1.0456931591033936,0.10183142125606537,22
4,0.9,baseline,4,20,1.519191026687622,0.13656066358089447,0.3401721119880676,0.9123895764350891,0.07894064486026764,22
4,0.9,baseline,4,22,0.826042890548706,0.1725786030292511,0.27145981788635254,0.8950746655464172,0.08931595087051392,22
4,0.9,input_at,0,0,1.1826527118682861,0.028584981337189674,0.49233686923980713,1.0211354494094849,0.05028761550784111,21
4,0.9,input_at,0,1,1.1317874193191528,0.0273701474070549,0.49155762791633606,1.0235549211502075,0.04984196275472641,21
4,0.9,input_at,0,2,0.8838650584220886,0.11809562146663666,0.398021936416626,1.634042739868164,0.02357608452439308,21
4,0.9,input_at,0,3,1.321373701095581,0.12992462515830994,0.3882146179676056,1.145715355873108,0.06476069241762161,21
4,0.9,input_at,0,4,1.1316473484039307,0.02733556181192398,0.4914047420024872,1.0043587684631348,0.05080447718501091,21
4,0.9,input_at,0,5,1.242415428161621,0.033844780176877975,0.4506867527961731,1.0338658094406128,0.05174320936203003,21
4,0.9,input_at,0,6,1.3081670999526978,0.029042281210422516,0.4905695617198944,1.0059138536453247,0.05070270225405693,21
4,0.9,input_at,0,7,1.4806290864944458,0.029708076268434525,0.4797693192958832,1.019384503364563,0.04990287870168686,21
4,0.9,input_at,0,8,1.2411943674087524,0.033871255815029144,0.4499306380748749,1.0460537672042847,0.051169466227293015,21
4,0.9,input_at,0,9,1.425600528717041,0.041774895042181015,0.48067447543144226,1.0032594203948975,0.050668735057115555,21
4,0.9,input_at,0,10,1.4794737100601196,0.029673099517822266,0.4790108799934387,1.0022625923156738,0.05075693130493164,21
4,0.9,input_at,0,11,1.3078420162200928,0.02902776189148426,0.4902994632720947,1.014907956123352,0.050248514860868454,21
4,0.9,input_at,0,12,1.425121545791626,0.04176238179206848,0.4803364872932434,1.0154601335525513,0.050037264823913574,21
4,0.9,input_at,0,13,1.6310391426086426,0.04995429515838623,0.4707196056842804,1.0101407766342163,0.05119573324918747,21
4,0.9,input_at,0,14,1.1559410095214844,0.02863295003771782,0.47015509009361267,1.0159645080566406,0.05053960159420967,21
4,0.9,input_at,0,15,1.3055949211120605,0.1304818093776703,0.3787400722503662,1.2901923656463623,0.05773618817329407,21
4,0.9,input_at,0,16,0.42712703347206116,0.11857498437166214,0.09237857908010483,0.41759026050567627,0.07980592548847198,21
4,0.9,input_at,0,17,1.62615966796875,0.04900004342198372,0.46865394711494446,1.027969241142273,0.05030322074890137,21
4,0.9,input_at,0,18,0.5769362449645996,0.5570579767227173,0.05696895346045494,0.143663227558136,0.08996464312076569,21
4,0.9,input_at,0,19,1.6232960224151611,0.557125985622406,0.4490126669406891,0.9625533819198608,0.049080826342105865,21
4,0.9,input_at,0,33,1.2701184749603271,0.5571056008338928,0.27438926696777344,0.8200701475143433,0.056092411279678345,21
4,0.9,input_at,1,0,1.1329920291900635,0.03716956079006195,0.4743923544883728,1.0307897329330444,0.05162443593144417,20
4,0.9,input_at,1,1,1.1839350461959839,0.033069055527448654,0.48204725980758667,0.9853397607803345,0.05265996232628822,20
4,0.9,input_at,1,2,1.3720190525054932,0.029380306601524353,0.48112380504608154,1.0173438787460327,0.05300600454211235,20
4,0.9,input_at,1,3,1.2155243158340454,0.028069285675883293,0.47802427411079407,1.0307871103286743,0.053155072033405304,20
4,0.9,input_at,1,4,1.3365873098373413,0.028038134798407555,0.48558107018470764,0.9995760321617126,0.05260878801345825,20
4,0.9,input_at,1,5,1.1835148334503174,0.03314652293920517,0.4816972315311432,1.0091361999511719,0.0513981468975544,20
4,0.9,input_at,1,6,1.306206464767456,0.033054180443286896,0.7904355525970459,1.0551177263259888,0.015296576544642448,20
4,0.9,input_at,1,7,1.335832118988037,0.02805682271718979,0.4849262833595276,1.0029008388519287,0.05243036150932312,20
4,0.9,input_at,1,8,1.4934457540512085,0.030881186947226524,0.47893834114074707,0.9983913898468018,0.05206239968538284,20
4,0.9,input_at,1,9,1.430470585823059,0.03240697830915451,0.4713897407054901,1.009704351425171,0.053513169288635254,20
4,0.9,input_at,1,10,1.2147661447525024,0.028030551970005035,0.47759580612182617,1.0159190893173218,0.053932975977659225,20
4,0.9,input_at,1,11,1.4295871257781982,0.032499153167009354,0.4706999659538269,1.020634412765503,0.05293634533882141,20
4,0.9,input_at,1,12,0.515927791595459,0.029980521649122238,0.13368536531925201,0.2871066927909851,0.05561060830950737,20
4,0.9,input_at,1,13,1.494446873664856,0.031060785055160522,0.4796127676963806,0.9949479103088379,0.05220881104469299,20
4,0.9,input_at,1,14,1.3657187223434448,0.02926204726099968,0.4768017530441284,1.006360650062561,0.05357082933187485,20
4,0.9,input_at,1,15,1.0653773546218872,0.040698084980249405,0.4201028645038605,0.9901379942893982,0.05337843671441078,20
4,0.9,input_at,1,16,1.6246713399887085,0.17213207483291626,0.4711689054965973,0.9735550284385681,0.056866105645895004,20
4,0.9,input_at,1,17,0.7731500864028931,0.3014478087425232,0.3563758432865143,1.0006011724472046,0.04495992884039879,20
4,0.9,input_at,1,20,1.2594143152236938,0.22843556106090546,0.30095839500427246,0.833436906337738,0.058374661952257156,20
4,0.9,input_at,1,22,1.1671926975250244,0.11510813236236572,0.26447054743766785,0.8826183676719666,0.084492027759552,20
4,0.9,input_at,2,0,1.2114272117614746,0.03125670924782753,0.4465189278125763,1.0586473941802979,0.05880703404545784,19
4,0.9,input_at,2,1,0.8894863128662109,0.08626466244459152,0.7694122195243835,1.1757786273956299,0.00014663321780972183,19
4,0.9,input_at,2,2,1.1498064994812012,0.02754119783639908,0.4884810447692871,1.0334608554840088,0.05631234869360924,19
4,0.9,input_at,2,3,1.2816318273544312,0.048327796161174774,0.4856641888618469,1.0119043588638306,0.056187763810157776,19
4,0.9,input_at,2,4,1.3887274265289307,0.029310666024684906,0.4930259883403778,0.988452672958374,0.0553119070827961,19
4,0.9,input_at,2,5,1.2706127166748047,0.02891581878066063,0.48305031657218933,1.0251882076263428,0.05678776279091835,19
4,0.9,input_at,2,6,1.3844856023788452,0.04129964858293533,0.46267974376678467,1.0373121500015259,0.05813903361558914,19
4,0.9,input_at,2,7,1.384440302848816,0.04128049686551094,0.4626348912715912,1.0491992235183716,0.057473234832286835,19
4,0.9,input_at,2,8,1.3246792554855347,0.026990776881575584,0.49366331100463867,1.0137321949005127,0.05640821158885956,19
4,0.9,input_at,2,9,1.1492985486984253,0.027560094371438026,0.4880056381225586,1.0196774005889893,0.057082872837781906,19
4,0.9,input_at,2,10,1.2083674669265747,0.03125835582613945,0.44412118196487427,1.0598351955413818,0.058756452053785324,19
4,0.9,input_at,2,11,1.2699321508407593,0.028918543830513954,0.4825155436992645,1.0247300863265991,0.05681858956813812,19
4,0.9,input_at,2,12,1.5654139518737793,0.03399625048041344,0.4910888671875,1.0132331848144531,0.05557236447930336,19
4,0.9,input_at,2,13,1.3237978219985962,0.026983166113495827,0.493019163608551,1.019372820854187,0.05609734728932381,19
4,0.9,input_at,2,14,1.5642523765563965,0.033724479377269745,0.49049705266952515,1.0029228925704956,0.05617782846093178,19
4,0.9,input_at,2,15,1.2704106569290161,0.04851911589503288,0.477176308631897,1.0158350467681885,0.055954720824956894,19
4,0.9,input_at,2,16,1.373997449874878,0.02943125180900097,0.48261451721191406,0.999542236328125,0.054684266448020935,19
4,0.9,input_at,2,17,0.45264360308647156,0.5586742758750916,0.15923742949962616,0.30436813831329346,0.04346288740634918,19
4,0.9,input_at,2,18,0.7897181510925293,0.5584072470664978,0.4882657825946808,0.7739226818084717,0.01733582653105259,19
4,0.9,input_at,3,0,1.1406471729278564,0.17212508618831635,0.4810021221637726,1.0296550989151,0.05644843354821205,19
4,0.9,input_at,3,1,1.125961422920227,0.027838939800858498,0.4888468384742737,1.0125625133514404,0.05532167851924896,19
4,0.9,input_at,3,2,1.0253760814666748,0.04585150629281998,0.6780164837837219,1.2061340808868408,0.00399401132017374,19
4,0.9,input_at,3,3,1.3190531730651855,0.028096003457903862,0.5172713994979858,1.0116428136825562,0.05539008975028992,19
4,0.9,input_at,3,4,1.1551334857940674,0.17626118659973145,0.49181026220321655,1.0184659957885742,0.057065706700086594,19
4,0.9,input_at,3,5,1.124470591545105,0.027829909697175026,0.48763516545295715,1.0063939094543457,0.05566848814487457,19
4,0.9,input_at,3,6,1.286417841911316,0.02771010808646679,0.49402177333831787,0.9868001341819763,0.0546870082616806,19
4,0.9,input_at,3,7,1.3587901592254639,0.036475952714681625,0.48487788438796997,1.009386420249939,0.05518919974565506,19
4,0.9,input_at,3,8,1.2859898805618286,0.027687154710292816,0.49375003576278687,0.9895501136779785,0.05454777181148529,19
4,0.9,input_at,3,9,1.6110254526138306,0.0958838015794754,0.41874486207962036,1.1179581880569458,0.06182233989238739,19
4,0.9,input_at,3,10,1.3580189943313599,0.03646787256002426,0.48433464765548706,0.9988043904304504,0.05577623099088669,19
4,0.9,input_at,3,11,1.3441754579544067,0.06266436725854874,0.37815573811531067,1.1950428485870361,0.06572555005550385,19
4,0.9,input_at,3,12,1.555484414100647,0.02904858998954296,0.4825974404811859,1.0037870407104492,0.05546574667096138,19
4,0.9,input_at,3,13,1.6137317419052124,0.09682555496692657,0.41939783096313477,1.1103038787841797,0.06209872290492058,19
4,0.9,input_at,3,14,1.3456717729568481,0.06410656124353409,0.3773796856403351,1.1776305437088013,0.0664544552564621,19
4,0.9,input_at,3,15,1.5530613660812378,0.029044995084404945,0.48111438751220703,1.0024811029434204,0.05553831160068512,19
4,0.9,input_at,3,17,1.5897817611694336,0.42710867524147034,0.39456525444984436,1.142986536026001,0.06140122935175896,19
4,0.9,input_at,3,19,1.583419919013977,0.42815688252449036,0.39041945338249207,1.0995845794677734,0.06345993280410767,19
4,0.9,input_at,3,20,1.2528129816055298,0.028257492929697037,0.466105192899704,1.0002632141113281,0.05592788755893707,19
4,0.9,input_at,4,0,1.1605950593948364,0.03177564591169357,0.8902644515037537,1.071315050125122,5.4901171097299084e-05,20
4,0.9,input_at,4,1,1.1488242149353027,0.04196620732545853,0.485209584236145,1.0199438333511353,0.05299316719174385,20
4,0.9,input_at,4,2,1.1501319408416748,0.03899040445685387,0.4836519956588745,1.0216861963272095,0.05338941141963005,20
4,0.9,input_at,4,3,1.2401671409606934,0.037891361862421036,0.4918830096721649,1.0036464929580688,0.053043436259031296,20
4,0.9,input_at,4,4,1.1630889177322388,0.03839980810880661,0.49461829662323,1.0168209075927734,0.05363955721259117,20
4,0.9,input_at,4,5,1.1642415523529053,0.038418248295784,0.49557217955589294,1.0216178894042969,0.053371183574199677,20
4,0.9,input_at,4,6,1.1487473249435425,0.038939639925956726,0.48255234956741333,1.022208571434021,0.05336146429181099,20
4,0.9,input_at,4,7,1.4933686256408691,0.031903017312288284,0.48210933804512024,1.022080421447754,0.053558193147182465,20
4,0.9,input_at,4,8,1.3755072355270386,0.03340369462966919,0.4860268831253052,1.0166925191879272,0.05306654050946236,20
4,0.9,input_at,4,9,1.4016966819763184,0.041199225932359695,0.48366937041282654,1.0056194067001343,0.05239308625459671,20
4,0.9,input_at,4,10,1.4014225006103516,0.04101100191473961,0.483576238155365,1.0010415315628052,0.05263683572411537,20
4,0.9,input_at,4,11,1.37449312210083,0.03352108225226402,0.48518285155296326,1.0119785070419312,0.053304966539144516,20
4,0.9,input_at,4,12,1.1410980224609375,0.04199133813381195,0.4785647392272949,1.0121347904205322,0.0534118115901947,20
4,0.9,input_at,4,13,1.2360590696334839,0.03788026049733162,0.48858746886253357,1.0106350183486938,0.05268927663564682,20
4,0.9,input_at,4,14,1.4900970458984375,0.03182199224829674,0.4800936281681061,1.0196914672851562,0.05370527133345604,20
4,0.9,input_at,4,15,0.49123725295066833,0.4651682376861572,0.10842316597700119,0.38452738523483276,0.10429353266954422,20
4,0.9,input_at,4,16,1.6706559658050537,0.07272330671548843,0.4745703339576721,1.0191411972045898,0.05379835516214371,20
4,0.9,input_at,4,18,1.666579246520996,0.07111794501543045,0.4728165864944458,1.0248475074768066,0.05362630635499954,20
4,0.9,input_at,4,19,0.6940041780471802,0.4649427831172943,0.21541810035705566,0.7749119400978088,0.08411416411399841,20
4,0.9,input_at,4,23,0.8600538372993469,0.46344122290611267,0.3187779486179352,1.2240248918533325,0.06274347752332687,20
4,0.9,lat,0,0,1.949275255203247,0.0777004137635231,0.48875609040260315,1.018263816833496,0.05382336303591728,20
4,0.9,lat,0,1,1.8936325311660767,0.05390573665499687,0.49827471375465393,1.030398964881897,0.052811574190855026,20
4,0.9,lat,0,2,1.9311271905899048,0.04366090148687363,0.4962441325187683,1.0116328001022339,0.05283874645829201,20
4,0.9,lat,0,3,2.1141529083251953,0.06531986594200134,0.4903334379196167,1.0172350406646729,0.05343679338693619,20
4,0.9,lat,0,4,1.8942906856536865,0.05391883850097656,0.49861204624176025,1.0043926239013672,0.054177332669496536,20
4,0.9,lat,0,5,1.7632629871368408,0.042274653911590576,0.4857223629951477,1.004534363746643,0.053491342812776566,20
4,0.9,lat,0,6,1.787337064743042,0.04554576426744461,0.4977111518383026,1.0122666358947754,0.053574737161397934,20
4,0.9,lat,0,7,2.0582478046417236,0.06384646892547607,0.4919753670692444,1.012998104095459,0.05252312496304512,20
4,0.9,lat,0,8,1.7623759508132935,0.04226553440093994,0.4854428768157959,1.01738440990448,0.05280562490224838,20
4,0.9,lat,0,9,1.9306731224060059,0.04364441707730293,0.49607276916503906,1.0050268173217773,0.05320362746715546,20
4,0.9,lat,0,10,1.8822290897369385,0.11843400448560715,0.4010246992111206,1.1396231651306152,0.06179638206958771,20
4,0.9,lat,0,11,1.7859560251235962,0.04554120823740959,0.4969615638256073,1.017946481704712,0.053278300911188126,20
4,0.9,lat,0,12,1.6808652877807617,0.12209058552980423,0.37407252192497253,1.1986281871795654,0.06643112003803253,20
4,0.9,lat,0,13,1.8674263954162598,0.11762181669473648,0.43725910782814026,1.057793378829956,0.05680340155959129,20
4,0.9,lat,0,14,1.9390239715576172,0.0776471421122551,0.483761727809906,1.0232527256011963,0.05357493832707405,20
4,0.9,lat,0,15,2.103102445602417,0.06531572341918945,0.4854438304901123,1.0159162282943726,0.0535467304289341,20
4,0.9,lat,0,16,1.6575058698654175,0.12275595217943192,0.36934301257133484,1.253422737121582,0.06297817081212997,20
4,0.9,lat,0,17,1.8600672483444214,0.11767225712537766,0.43525567650794983,1.0794172286987305,0.05556807294487953,20
4,0.9,lat,0,18,1.8505809307098389,0.11926225572824478,0.39141538739204407,1.1734992265701294,0.06013653054833412,20
4,0.9,lat,0,19,2.034259557723999,0.063714899122715,0.48098844289779663,0.9992045164108276,0.053334832191467285,20
4,0.9,lat,1,0,2.097262382507324,0.07468676567077637,0.47676989436149597,1.010284662246704,0.05005279928445816,21
4,0.9,lat,1,1,1.9323164224624634,0.0493013821542263,0.49728477001190186,1.010841727256775,0.05081786960363388,21
4,0.9,lat,1,2,2.0400519371032715,0.0675954669713974,0.4932578504085541,1.0007212162017822,0.04897508770227432,21
4,0.9,lat,1,3,2.002652645111084,0.05122417211532593,0.4935019314289093,1.0223796367645264,0.05061552673578262,21
4,0.9,lat,1,4,1.931260347366333,0.04927884787321091,0.4968436658382416,1.0175265073776245,0.050505317747592926,21
4,0.9,lat,1,5,2.101794481277466,0.0885176807641983,0.45944875478744507,1.042948842048645,0.05243133753538132,21
4,0.9,lat,1,6,1.9799073934555054,0.10749150812625885,0.4235115945339203,1.0892581939697266,0.05417947098612785,21
4,0.9,lat,1,7,1.761122226715088,0.04913968965411186,0.4954541027545929,1.002926230430603,0.05036134272813797,21
4,0.9,lat,1,8,2.006781816482544,0.05169622600078583,0.48562031984329224,1.0014784336090088,0.05001254752278328,21
4,0.9,lat,1,9,2.0952467918395996,0.06694507598876953,0.49153444170951843,1.0007292032241821,0.05013185739517212,21
4,0.9,lat,1,10,2.0001888275146484,0.051232822239398956,0.4922732412815094,1.0130321979522705,0.05108064413070679,21
4,0.9,lat,1,11,2.0958197116851807,0.06698475033044815,0.4917760193347931,1.0033169984817505,0.05001559108495712,21
4,0.9,lat,1,12,2.005385398864746,0.051696594804525375,0.48483559489250183,1.0006351470947266,0.050059206783771515,21
4,0.9,lat,1,13,2.0806288719177246,0.07453584671020508,0.46976596117019653,1.0015007257461548,0.05051300674676895,21
4,0.9,lat,1,14,1.7604413032531738,0.04919109866023064,0.4951809346675873,1.0081026554107666,0.0501105897128582,21
4,0.9,lat,1,15,2.0786077976226807,0.08786974102258682,0.4530928432941437,1.0474401712417603,0.05212794616818428,21
4,0.9,lat,1,16,1.5057603120803833,0.20016393065452576,0.42588555812835693,1.0503641366958618,0.053226571530103683,21
4,0.9,lat,1,17,2.0115432739257812,0.0675085112452507,0.480243444442749,0.9804497957229614,0.050084639340639114,21
4,0.9,lat,1,19,0.5975707173347473,0.10235566645860672,0.041912805289030075,0.13332116603851318,0.10658280551433563,21
4,0.9,lat,1,20,1.8310396671295166,0.10731208324432373,0.36620962619781494,0.9622857570648193,0.0601065456867218,21
4,0.9,lat,1,22,1.490899920463562,0.20001210272312164,0.41678914427757263,1.0565401315689087,0.05300116539001465,21
4,0.9,lat,2,0,1.8497143983840942,0.038286734372377396,0.5005308389663696,1.0129891633987427,0.05617954209446907,19
4,0.9,lat,2,1,1.6664884090423584,0.018706265836954117,0.9857911467552185,1.0638943910598755,-2.482926720404066e-05,19
4,0.9,lat,2,2,1.758130431175232,0.044640280306339264,0.49905210733413696,1.035628080368042,0.05705130100250244,19
4,0.9,lat,2,3,1.872247576713562,0.041325680911540985,0.5013747215270996,1.021657943725586,0.05602939799427986,19
4,0.9,lat,2,4,1.952696681022644,0.038362909108400345,0.5006813406944275,0.9897484183311462,0.05541025102138519,19
4,0.9,lat,2,5,1.7480459213256836,0.03826303407549858,0.4970936179161072,1.0240617990493774,0.05665529519319534,19
4,0.9,lat,2,6,1.8617092370986938,0.041343651711940765,0.4985607862472534,1.0198664665222168,0.05699767544865608,19
4,0.9,lat,2,7,1.8622119426727295,0.04134893789887428,0.49883878231048584,1.0283640623092651,0.056532058864831924,19
4,0.9,lat,2,8,1.8770346641540527,0.04944607987999916,0.4990871846675873,1.0272585153579712,0.05669574439525604,19
4,0.9,lat,2,9,1.7559549808502197,0.04463765025138855,0.4978153705596924,1.029673457145691,0.057384178042411804,19
4,0.9,lat,2,10,1.8442320823669434,0.03828740492463112,0.497579425573349,1.0136866569519043,0.05614680051803589,19
4,0.9,lat,2,11,1.746281385421753,0.03825942054390907,0.4961470365524292,1.0206475257873535,0.05686214193701744,19
4,0.9,lat,2,12,1.7197014093399048,0.22889064252376556,0.3804199993610382,1.0969395637512207,0.0672464594244957,19
4,0.9,lat,2,13,1.875502586364746,0.049507301300764084,0.4983150362968445,1.0224802494049072,0.05698378384113312,19
4,0.9,lat,2,14,1.8811806440353394,0.22582711279392242,0.4218824803829193,1.020127296447754,0.0607130341231823,19
4,0.9,lat,2,15,1.8623377084732056,0.041278958320617676,0.49611416459083557,1.0112013816833496,0.056628815829753876,19
4,0.9,lat,2,16,1.9398635625839233,0.03829842060804367,0.49427029490470886,0.9991869926452637,0.054948702454566956,19
4,0.9,lat,2,17,1.656212329864502,0.2272462099790573,0.36665448546409607,1.08781898021698,0.057230301201343536,19
4,0.9,lat,2,18,1.4716707468032837,0.231272891163826,0.32703953981399536,1.107190489768982,0.06047646328806877,19
4,0.9,lat,3,0,1.847606897354126,0.03707113862037659,0.4996316730976105,1.0187965631484985,0.04625161737203598,23
4,0.9,lat,3,1,1.8473609685897827,0.03708445653319359,0.4994848966598511,1.0180084705352783,0.046276483684778214,23
4,0.9,lat,3,2,1.7287808656692505,0.03389279544353485,0.7676973938941956,1.0741634368896484,0.011272438801825047,23
4,0.9,lat,3,3,2.148468494415283,0.0592447966337204,0.4996309280395508,1.0116794109344482,0.046145640313625336,23
4,0.9,lat,3,4,1.843815565109253,0.035861365497112274,0.499856173992157,1.022202491760254,0.046634841710329056,23
4,0.9,lat,3,5,1.6952553987503052,0.03141556680202484,0.49757421016693115,1.0246942043304443,0.04656131565570831,23
4,0.9,lat,3,6,1.6936320066452026,0.03140108659863472,0.4966988265514374,1.0261509418487549,0.04651440307497978,23
4,0.9,lat,3,7,1.694658637046814,0.029952434822916985,0.49882370233535767,1.012845754623413,0.04572364315390587,23
4,0.9,lat,3,8,2.3254380226135254,0.10477133095264435,0.43073251843452454,0.9992720484733582,0.0646275132894516,23
4,0.9,lat,3,9,2.314349412918091,0.11810865253210068,0.4316670596599579,0.9842617511749268,0.06371941417455673,23
4,0.9,lat,3,10,1.6942099332809448,0.029972104355692863,0.49852579832077026,1.0070923566818237,0.04596797004342079,23
4,0.9,lat,3,11,1.8386482000350952,0.03584324195981026,0.4971314072608948,1.027317762374878,0.04642615467309952,23
4,0.9,lat,3,12,2.1427204608917236,0.08247385174036026,0.44121628999710083,0.975466251373291,0.05492581054568291,23
4,0.9,lat,3,13,2.2979698181152344,0.11967221647500992,0.41607168316841125,0.9196919798851013,0.062803253531456,23
4,0.9,lat,3,14,2.2417714595794678,0.12573038041591644,0.3975481688976288,0.9197186827659607,0.06814496964216232,23
4,0.9,lat,3,15,2.1429178714752197,0.10080995410680771,0.42539897561073303,0.9348188638687134,0.058651089668273926,23
4,0.9,lat,3,16,2.117584466934204,0.05918813496828079,0.48547598719596863,1.0174328088760376,0.045896340161561966,23
4,0.9,lat,3,17,1.8135298490524292,0.12939895689487457,0.3114405870437622,0.7422025203704834,0.07172618061304092,23
4,0.9,lat,3,18,1.6407248973846436,0.11628589779138565,0.27734893560409546,0.8912625312805176,0.08091070502996445,23
4,0.9,lat,3,19,1.4635504484176636,0.22057650983333588,0.27780407667160034,0.9389908909797668,0.08356408774852753,23
4,0.9,lat,3,20,0.7466534376144409,0.08138904720544815,0.13771311938762665,0.31585246324539185,0.049350008368492126,23
4,0.9,lat,3,21,0.4363785684108734,0.24292656779289246,0.048373959958553314,0.13967466354370117,0.0922265574336052,23
4,0.9,lat,3,24,0.758470356464386,0.23842082917690277,0.14704586565494537,0.3903266191482544,0.0791729986667633,23
4,0.9,lat,4,0,1.8703218698501587,0.05319853499531746,0.499313622713089,1.0181547403335571,0.04855576157569885,22
4,0.9,lat,4,1,1.905496597290039,0.0502711683511734,0.4999326169490814,1.0299179553985596,0.04903900623321533,22
4,0.9,lat,4,2,1.8391673564910889,0.06127040833234787,0.49924999475479126,1.0200262069702148,0.04875794053077698,22
4,0.9,lat,4,3,1.8444198369979858,0.0603766143321991,0.49818605184555054,1.0090945959091187,0.04801923409104347,22
4,0.9,lat,4,4,1.8710699081420898,0.05319102108478546,0.49973225593566895,1.0200825929641724,0.0484781451523304,22
4,0.9,lat,4,5,1.9403581619262695,0.052301809191703796,0.49976301193237305,1.0161209106445312,0.048014502972364426,22
4,0.9,lat,4,6,1.8377184867858887,0.06128436326980591,0.4984683394432068,1.0246025323867798,0.04854171723127365,22
4,0.9,lat,4,7,1.904201626777649,0.050263650715351105,0.4992523491382599,1.030964970588684,0.04898834228515625,22
4,0.9,lat,4,8,1.8292144536972046,0.045425478368997574,0.4985466003417969,1.0176587104797363,0.04849002882838249,22
4,0.9,lat,4,9,2.0179758071899414,0.11971119046211243,0.47033724188804626,1.0663508176803589,0.0497833788394928,22
4,0.9,lat,4,10,1.9652267694473267,0.04516007751226425,0.49776750802993774,0.9988638758659363,0.04688896983861923,22
4,0.9,lat,4,11,1.8278956413269043,0.04541368409991264,0.49779677391052246,1.018707513809204,0.048428166657686234,22
4,0.9,lat,4,12,1.9364995956420898,0.05229583755135536,0.49777302145957947,1.0095207691192627,0.048328086733818054,22
4,0.9,lat,4,13,1.841080904006958,0.06037946417927742,0.4963935911655426,1.0094612836837769,0.04800714924931526,22
4,0.9,lat,4,14,1.9404395818710327,0.07900011539459229,0.48075318336486816,1.0087803602218628,0.04828227683901787,22
4,0.9,lat,4,15,1.9618338346481323,0.04513087496161461,0.496134877204895,0.9859007596969604,0.04752742871642113,22
4,0.9,lat,4,16,1.9361203908920288,0.07897122949361801,0.4786999523639679,1.0149881839752197,0.047990888357162476,22
4,0.9,lat,4,17,1.5198369026184082,0.24438804388046265,0.38752976059913635,1.1775845289230347,0.05703377723693848,22
4,0.9,lat,4,18,2.004432201385498,0.11898788809776306,0.46485069394111633,1.0447643995285034,0.05084246024489403,22
4,0.9,lat,4,19,0.8778495788574219,0.24298633635044098,0.13487574458122253,0.45822179317474365,0.09003648906946182,22
4,0.9,lat,4,20,0.3754928410053253,0.24158549308776855,0.025882402434945107,0.09294992685317993,0.1059950739145279,22
4,0.9,lat,4,22,1.1148748397827148,0.2446320652961731,0.2051706612110138,0.6447112560272217,0.08267832547426224,22
4,0.99,baseline,0,0,1.9092183113098145,0.0648755431175232,0.3967495560646057,0.9731828570365906,0.061354391276836395,40
4,0.99,baseline,0,1,1.773858904838562,0.0698229968547821,0.34518954157829285,0.9662551879882812,0.07230335474014282,40
4,0.99,baseline,0,2,1.6681156158447266,0.0555838979780674,0.41021621227264404,0.9715341329574585,0.06353270262479782,40
4,0.99,baseline,0,3,1.7953293323516846,0.08729158341884613,0.33817586302757263,0.9715850949287415,0.0744326263666153,40
4,0.99,baseline,0,4,1.4476853609085083,0.04502355679869652,0.39780092239379883,0.9727328419685364,0.06373272091150284,40
4,0.99,baseline,0,5,1.5257453918457031,0.05521233379840851,0.37942931056022644,0.9658840298652649,0.05571440979838371,40
4,0.99,baseline,0,6,1.566066861152649,0.06809774786233902,0.36230769753456116,0.9727951884269714,0.0648634061217308,40
4,0.99,baseline,0,7,1.753286361694336,0.10163741558790207,0.30452796816825867,0.9401090741157532,0.08872858434915543,40
4,0.99,baseline,0,8,1.7755690813064575,0.11221420019865036,0.2888798415660858,0.956794023513794,0.0806962102651596,40
4,0.99,baseline,0,9,1.4832594394683838,0.08163906633853912,0.3197978436946869,0.9797186851501465,0.06458732485771179,40
4,0.99,baseline,0,10,1.9177896976470947,0.08562290668487549,0.4166552722454071,0.9309655427932739,0.07095374912023544,40
4,0.99,baseline,0,11,1.3489257097244263,0.058065757155418396,0.31171074509620667,0.9751335978507996,0.05940661206841469,40
4,0.99,baseline,0,12,1.538321614265442,0.10232437402009964,0.24023963510990143,0.9469326138496399,0.06891430914402008,40
4,0.99,baseline,0,13,1.5285347700119019,0.10484801977872849,0.22106383740901947,0.9241237640380859,0.07210123538970947,40
4,0.99,baseline,0,14,1.156619906425476,0.06259723007678986,0.18755203485488892,0.936020016670227,0.07534246891736984,40
4,0.99,baseline,0,15,1.3875532150268555,0.10102827101945877,0.22209039330482483,0.9393665790557861,0.07112989574670792,40
4,0.99,baseline,0,16,1.2158070802688599,0.07484954595565796,0.1923290193080902,0.9512114524841309,0.06386470794677734,40
4,0.99,baseline,0,17,1.3542389869689941,0.11116069555282593,0.16770169138908386,0.9172934889793396,0.07404496520757675,40
4,0.99,baseline,0,18,1.3100041151046753,0.10771828144788742,0.19388800859451294,0.8791219592094421,0.09625961631536484,40
4,0.99,baseline,0,19,1.530440092086792,0.10386281460523605,0.2746836245059967,0.9452860951423645,0.06172161176800728,40
4,0.99,baseline,0,20,1.217038631439209,0.07624807208776474,0.20200218260288239,0.9178187847137451,0.0777812972664833,40
4,0.99,baseline,0,21,1.3053491115570068,0.09083417803049088,0.21420398354530334,0.940934419631958,0.0836566835641861,40
4,0.99,baseline,0,22,1.6092865467071533,0.12999415397644043,0.24406860768795013,0.9293334484100342,0.09287311136722565,40
4,0.99,baseline,0,23,1.2312493324279785,0.08837132900953293,0.19051848351955414,0.9085824489593506,0.07143720239400864,40
4,0.99,baseline,0,24,1.3782018423080444,0.12795594334602356,0.184005007147789,0.8921073079109192,0.08860602229833603,40
4,0.99,baseline,0,25,1.238527536392212,0.09920544177293777,0.20407730340957642,0.8740441203117371,0.06894601136445999,40
4,0.99,baseline,0,26,1.1233391761779785,0.09432287514209747,0.13946785032749176,1.0320353507995605,0.07768378406763077,40
4,0.99,baseline,0,27,1.3455559015274048,0.13528677821159363,0.1693650484085083,0.9546304941177368,0.0905098095536232,40
4,0.99,baseline,0,28,1.2404619455337524,0.07839128375053406,0.21031145751476288,0.9586148262023926,0.05797022581100464,40
4,0.99,baseline,0,29,1.223313331604004,0.13447952270507812,0.14079050719738007,0.8749551177024841,0.09434454143047333,40
4,0.99,baseline,0,30,1.1451846361160278,0.11967150121927261,0.12986290454864502,1.0043443441390991,0.09840881079435349,40
4,0.99,baseline,0,31,1.1622483730316162,0.11572401225566864,0.15161749720573425,0.8066699504852295,0.07913212478160858,40
4,0.99,baseline,0,32,1.1617379188537598,0.128194659948349,0.13773834705352783,0.8219149708747864,0.08693358302116394,40
4,0.99,baseline,0,33,1.2127262353897095,0.11917144805192947,0.15188820660114288,0.8531497716903687,0.09185625612735748,40
4,0.99,baseline,0,34,0.9346513748168945,0.12774322926998138,0.09387017041444778,0.5478291511535645,0.08209788054227829,40
4,0.99,baseline,0,35,0.8796343803405762,0.09731965512037277,0.09984634816646576,0.6216358542442322,0.07675899565219879,40
4,0.99,baseline,0,36,0.6575989127159119,0.11912932991981506,0.047196026891469955,0.250768780708313,0.10497412085533142,40
4,0.99,baseline,0,37,0.9275481700897217,0.10004913806915283,0.10231078416109085,0.7089529037475586,0.07523197680711746,40
4,0.99,baseline,0,38,0.4405330419540405,0.09405601769685745,0.026193350553512573,0.1390940546989441,0.075543612241745,40
4,0.99,baseline,0,39,0.6921154856681824,0.11800073832273483,0.06043253093957901,0.3008800148963928,0.08374936878681183,40
4,0.99,baseline,1,0,1.7786775827407837,0.07406125962734222,0.3721707761287689,0.9675842523574829,0.07815898954868317,40
4,0.99,baseline,1,1,1.7862037420272827,0.0655970424413681,0.3782780170440674,0.9877366423606873,0.08452291786670685,40
4,0.99,baseline,1,2,2.0030367374420166,0.08754862844944,0.37220272421836853,0.9893165230751038,0.09658920764923096,40
4,0.99,baseline,1,3,1.3041541576385498,0.06875631958246231,0.24740257859230042,0.9586692452430725,0.06610014289617538,40
4,0.99,baseline,1,4,1.6214975118637085,0.052686501294374466,0.38169023394584656,0.998094379901886,0.07999237626791,40
4,0.99,baseline,1,5,1.6390961408615112,0.07816430926322937,0.32483476400375366,0.9826467037200928,0.10406433045864105,40
4,0.99,baseline,1,6,1.7712047100067139,0.07000785320997238,0.38554733991622925,0.958000898361206,0.07913005352020264,40
4,0.99,baseline,1,7,1.697929859161377,0.07674595713615417,0.3167373836040497,0.9133464694023132,0.09365570545196533,40
4,0.99,baseline,1,8,1.8138407468795776,0.0847460925579071,0.3363780379295349,0.9755274653434753,0.07461398839950562,40
4,0.99,baseline,1,9,1.634929895401001,0.08730978518724442,0.2947483956813812,0.9240813851356506,0.06429990381002426,40
4,0.99,baseline,1,10,1.384861707687378,0.09859930723905563,0.20922820270061493,0.954231321811676,0.08362644910812378,40
4,0.99,baseline,1,11,1.6544251441955566,0.10308416932821274,0.2680101990699768,0.9624300003051758,0.12796911597251892,40
4,0.99,baseline,1,12,1.385769009590149,0.08184375613927841,0.23013745248317719,0.931464433670044,0.06934801489114761,40
4,0.99,baseline,1,13,1.31618332862854,0.07702726870775223,0.225929394364357,0.8641895055770874,0.08117526769638062,40
4,0.99,baseline,1,14,1.393311619758606,0.08313354104757309,0.21968212723731995,0.9773199558258057,0.07386401295661926,40
4,0.99,baseline,1,15,1.384099006652832,0.09496251493692398,0.20908276736736298,0.9639129042625427,0.07620847225189209,40
4,0.99,baseline,1,16,1.3759331703186035,0.07318414747714996,0.24734415113925934,0.9587482213973999,0.054275963455438614,40
4,0.99,baseline,1,17,1.6360461711883545,0.10777492076158524,0.23103167116641998,0.929766833782196,0.10760576277971268,40
4,0.99,baseline,1,18,1.3896563053131104,0.10518795251846313,0.20112507045269012,0.9277133345603943,0.10225021839141846,40
4,0.99,baseline,1,19,1.2911479473114014,0.08231221139431,0.22575585544109344,0.9107655882835388,0.06335857510566711,40
4,0.99,baseline,1,20,1.5821980237960815,0.08796432614326477,0.28902432322502136,0.8971375823020935,0.07812141627073288,40
4,0.99,baseline,1,21,1.2207648754119873,0.07298382371664047,0.20552517473697662,0.973402738571167,0.07273035496473312,40
4,0.99,baseline,1,22,1.5157603025436401,0.11962978541851044,0.21969811618328094,0.8716033697128296,0.08314567059278488,40
4,0.99,baseline,1,23,1.375605583190918,0.07832441478967667,0.22149746119976044,0.9210055470466614,0.059183962643146515,40
4,0.99,baseline,1,24,1.3828349113464355,0.09472343325614929,0.2004486620426178,0.9225549101829529,0.07525505125522614,40
4,0.99,baseline,1,25,1.1449984312057495,0.08536601066589355,0.16742365062236786,0.9588398933410645,0.07950926572084427,40
4,0.99,baseline,1,26,1.4944403171539307,0.07273514568805695,0.26022255420684814,0.8809117674827576,0.0787014439702034,40
4,0.99,baseline,1,27,1.4598252773284912,0.12514559924602509,0.1949252486228943,0.9028317928314209,0.094270259141922,40
4,0.99,baseline,1,28,1.2350671291351318,0.09137238562107086,0.17206308245658875,0.8683062195777893,0.07923730462789536,40
4,0.99,baseline,1,29,1.2391773462295532,0.0837743803858757,0.18805767595767975,0.9263978600502014,0.08157286047935486,40
4,0.99,baseline,1,30,1.1931414604187012,0.0855989009141922,0.18024031817913055,0.9201521873474121,0.07582216709852219,40
4,0.99,baseline,1,31,1.2008240222930908,0.09027928858995438,0.17110662162303925,0.8804918527603149,0.06808561831712723,40
4,0.99,baseline,1,32,1.2178850173950195,0.1152753233909607,0.1540873646736145,0.8482204675674438,0.09104671329259872,40
4,0.99,baseline,1,33,1.143953561782837,0.10214359313249588,0.14816509187221527,0.7297258377075195,0.07513605058193207,40
4,0.99,baseline,1,34,1.1852866411209106,0.13171233236789703,0.12879495322704315,0.7939426302909851,0.09992709010839462,40
4,0.99,baseline,1,35,1.0085581541061401,0.14598658680915833,0.07903072983026505,0.5734562873840332,0.1262504607439041,40
4,0.99,baseline,1,36,1.1656441688537598,0.12256667762994766,0.13113242387771606,0.7668154835700989,0.10396408289670944,40
4,0.99,baseline,1,37,1.327214002609253,0.11357086151838303,0.18919716775417328,0.6887319087982178,0.060207635164260864,40
4,0.99,baseline,1,38,0.6488471627235413,0.09102832525968552,0.05001291632652283,0.3992677927017212,0.08462812751531601,40
4,0.99,baseline,1,39,0.8436587452888489,0.14917340874671936,0.05991622805595398,0.38843560218811035,0.1149267628788948,40
4,0.99,baseline,2,0,2.4761886596679688,0.09218507260084152,0.4883360266685486,0.9808072447776794,0.10445962846279144,40
4,0.99,baseline,2,1,1.9475994110107422,0.08718778938055038,0.38049033284187317,0.9705369472503662,0.099551722407341,40
4,0.99,baseline,2,2,1.9605714082717896,0.06722907721996307,0.4141443073749542,0.9790843725204468,0.06351998448371887,40
4,0.99,baseline,2,3,1.7020994424819946,0.06358281522989273,0.34475114941596985,0.9726331233978271,0.05530470982193947,40
4,0.99,baseline,2,4,1.910949468612671,0.07246749103069305,0.4063390791416168,0.9922292828559875,0.06380704045295715,40
4,0.99,baseline,2,5,1.645790934562683,0.06874755769968033,0.35969507694244385,0.9753865599632263,0.06444809585809708,40
4,0.99,baseline,2,6,2.015612840652466,0.09159978479146957,0.35023218393325806,0.9832963347434998,0.09895329922437668,40
4,0.99,baseline,2,7,2.0435054302215576,0.08862005174160004,0.38623496890068054,0.9686419367790222,0.08997885137796402,40
4,0.99,baseline,2,8,1.429279088973999,0.056450750678777695,0.3100983798503876,0.9473849534988403,0.035415224730968475,40
4,0.99,baseline,2,9,1.4580399990081787,0.08209334313869476,0.2408667951822281,0.9117218255996704,0.06521495431661606,40
4,0.99,baseline,2,10,1.3350039720535278,0.06418274343013763,0.24518026411533356,0.9197933077812195,0.05186830461025238,40
4,0.99,baseline,2,11,1.8425028324127197,0.0926317647099495,0.3252445161342621,0.9809911847114563,0.10300460457801819,40
4,0.99,baseline,2,12,1.8593798875808716,0.09771429002285004,0.3295665383338928,0.9643968343734741,0.07580262422561646,40
4,0.99,baseline,2,13,1.3020613193511963,0.08032789081335068,0.19496332108974457,0.9618529081344604,0.07062546163797379,40
4,0.99,baseline,2,14,1.3015077114105225,0.09152823686599731,0.17090606689453125,0.9440332651138306,0.09690120071172714,40
4,0.99,baseline,2,15,1.5559834241867065,0.08841535449028015,0.28569045662879944,0.9335750341415405,0.0707479864358902,40
4,0.99,baseline,2,16,1.7000640630722046,0.08317040652036667,0.29833731055259705,0.9453005194664001,0.05395908281207085,40
4,0.99,baseline,2,17,1.5113728046417236,0.11322685331106186,0.2208324670791626,0.8630714416503906,0.09307968616485596,40
4,0.99,baseline,2,18,1.303544521331787,0.09522697329521179,0.17366263270378113,0.9416598081588745,0.09461191296577454,40
4,0.99,baseline,2,19,1.5917271375656128,0.10951165854930878,0.24602963030338287,0.8500288724899292,0.08283371478319168,40
4,0.99,baseline,2,20,1.2309986352920532,0.06944654881954193,0.19586509466171265,0.8504082560539246,0.07044075429439545,40
4,0.99,baseline,2,21,1.2483363151550293,0.08113812655210495,0.1966623216867447,0.9429280757904053,0.09079801291227341,40
4,0.99,baseline,2,22,1.497354507446289,0.12373636662960052,0.20211800932884216,0.8744246959686279,0.09453430771827698,40
4,0.99,baseline,2,23,1.1770970821380615,0.07826480269432068,0.1564519703388214,0.8977169394493103,0.07780386507511139,40
4,0.99,baseline,2,24,1.0920394659042358,0.09473936259746552,0.11027936637401581,0.8691366910934448,0.09488297998905182,40
4,0.99,baseline,2,25,1.5487334728240967,0.0839667096734047,0.270414263010025,0.8965721726417542,0.037903230637311935,40
4,0.99,baseline,2,26,1.2510249614715576,0.10343796014785767,0.16680768132209778,0.8965296745300293,0.08261378854513168,40
4,0.99,baseline,2,27,1.2286765575408936,0.09685903042554855,0.1692962795495987,0.9082432985305786,0.07830871641635895,40
4,0.99,baseline,2,28,1.0683513879776,0.10075145959854126,0.10600723326206207,1.0283282995224,0.14386625587940216,40
4,0.99,baseline,2,29,1.0255377292633057,0.08702487498521805,0.10446646809577942,0.8607094287872314,0.10692537575960159,40
4,0.99,baseline,2,30,1.2565135955810547,0.10605628788471222,0.17426571249961853,0.8926821351051331,0.08549506962299347,40
4,0.99,baseline,2,31,1.0567232370376587,0.09248290956020355,0.13174696266651154,0.7923219799995422,0.08303017169237137,40
4,0.99,baseline,2,32,1.1136794090270996,0.11358978599309921,0.1271207183599472,0.7544128894805908,0.106514111161232,40
4,0.99,baseline,2,33,1.4477365016937256,0.11140455305576324,0.2017085999250412,0.7533973455429077,0.09724327176809311,40
4,0.99,baseline,2,34,1.204877495765686,0.13146384060382843,0.12659315764904022,1.0117762088775635,0.09191706776618958,40
4,0.99,baseline,2,35,0.8641799092292786,0.13314208388328552,0.05748042091727257,0.5974209308624268,0.18041758239269257,40
4,0.99,baseline,2,36,0.9029026627540588,0.1077595129609108,0.08574840426445007,0.601616621017456,0.09474684298038483,40
4,0.99,baseline,2,37,0.788127064704895,0.11384233832359314,0.06047315150499344,0.5558264255523682,0.11585173010826111,40
4,0.99,baseline,2,38,0.9497925043106079,0.11643386632204056,0.07127030193805695,0.45068591833114624,0.08553040027618408,40
4,0.99,baseline,2,39,0.7552362084388733,0.11688633263111115,0.06306132674217224,0.30870485305786133,0.09526492655277252,40
4,0.99,baseline,3,0,2.1311416625976562,0.07816476374864578,0.4566103219985962,1.0007904767990112,0.07637158781290054,40
4,0.99,baseline,3,1,1.7748630046844482,0.08730687946081161,0.316614031791687,0.9725703001022339,0.08906063437461853,40
4,0.99,baseline,3,2,2.2385807037353516,0.0965774729847908,0.3864726722240448,0.9767657518386841,0.12386739253997803,40
4,0.99,baseline,3,3,2.1296603679656982,0.09182996302843094,0.3516198992729187,0.9761905670166016,0.10629278421401978,40
4,0.99,baseline,3,4,1.5674208402633667,0.06844132393598557,0.29548364877700806,0.9574008584022522,0.07022804021835327,40
4,0.99,baseline,3,5,1.4409894943237305,0.05687447264790535,0.3128432631492615,0.985116183757782,0.08081401884555817,40
4,0.99,baseline,3,6,1.765862226486206,0.09456019848585129,0.2797107696533203,0.9604722857475281,0.07351987808942795,40
4,0.99,baseline,3,7,2.0328447818756104,0.045688461512327194,0.5149292349815369,0.9923698902130127,0.0580623634159565,40
4,0.99,baseline,3,8,1.8708642721176147,0.08211850374937057,0.3538639545440674,0.9676033854484558,0.06659151613712311,40
4,0.99,baseline,3,9,1.8163456916809082,0.08839872479438782,0.33489686250686646,0.9595199227333069,0.0757656916975975,40
4,0.99,baseline,3,10,1.6094589233398438,0.10796598345041275,0.24187436699867249,0.9248188734054565,0.0795636996626854,40
4,0.99,baseline,3,11,1.5006237030029297,0.07593430578708649,0.27499890327453613,0.9183928966522217,0.05775420367717743,40
4,0.99,baseline,3,12,1.5430797338485718,0.0802784115076065,0.26911336183547974,0.9583485126495361,0.0765760987997055,40
4,0.99,baseline,3,13,1.4761598110198975,0.06784304231405258,0.2847931385040283,0.9534668922424316,0.06425552815198898,40
4,0.99,baseline,3,14,1.609367847442627,0.08915089070796967,0.2963376045227051,0.9448750615119934,0.06552425771951675,40
4,0.99,baseline,3,15,1.4993853569030762,0.09465684741735458,0.21437859535217285,0.8953472375869751,0.09759341925382614,40
4,0.99,baseline,3,16,1.4504071474075317,0.08842065930366516,0.21619944274425507,0.9538986086845398,0.0915883481502533,40
4,0.99,baseline,3,17,1.3561103343963623,0.0798197090625763,0.19910423457622528,0.9356468915939331,0.08496208488941193,40
4,0.99,baseline,3,18,2.166863203048706,0.1323786973953247,0.3328324854373932,0.8370636701583862,0.012547883205115795,40
4,0.99,baseline,3,19,1.2619832754135132,0.095379538834095,0.15725873410701752,0.9083594083786011,0.08149981498718262,40
4,0.99,baseline,3,20,1.279062032699585,0.08392892777919769,0.16392311453819275,0.9064227342605591,0.07944390177726746,40
4,0.99,baseline,3,21,1.5029324293136597,0.1139637902379036,0.18182624876499176,0.9101217985153198,0.10409357398748398,40
4,0.99,baseline,3,22,1.2660174369812012,0.09900089353322983,0.16671624779701233,0.9092429280281067,0.07805812358856201,40
4,0.99,baseline,3,23,1.2393240928649902,0.08063304424285889,0.184160977602005,0.9280261397361755,0.07103823125362396,40
4,0.99,baseline,3,24,1.267167091369629,0.0898735523223877,0.19567269086837769,0.9113971590995789,0.07680664211511612,40
4,0.99,baseline,3,25,1.441012978553772,0.09819919615983963,0.2161630094051361,0.9275977611541748,0.07612739503383636,40
4,0.99,baseline,3,26,1.5993314981460571,0.11905277520418167,0.2057928591966629,0.9039154648780823,0.10808099806308746,40
4,0.99,baseline,3,27,1.1574629545211792,0.0815676748752594,0.15771473944187164,0.9085727334022522,0.06316618621349335,40
4,0.99,baseline,3,28,1.1513668298721313,0.07976202666759491,0.17424094676971436,0.84320467710495,0.06741638481616974,40
4,0.99,baseline,3,29,1.3391845226287842,0.09657756239175797,0.1906847208738327,0.8839734792709351,0.06137596070766449,40
4,0.99,baseline,3,30,1.1132621765136719,0.06965633481740952,0.17614363133907318,0.8801926374435425,0.0598609633743763,40
4,0.99,baseline,3,31,1.1970502138137817,0.09672407060861588,0.13794825971126556,1.2359551191329956,0.11583566665649414,40
4,0.99,baseline,3,32,1.2038589715957642,0.10185395926237106,0.14031057059764862,0.7286003232002258,0.05444895476102829,40
4,0.99,baseline,3,33,0.9978935718536377,0.12702934443950653,0.07474882155656815,0.5233745574951172,0.08680818974971771,40
4,0.99,baseline,3,34,1.0187839269638062,0.10944831371307373,0.09445244073867798,0.5715819001197815,0.07331854850053787,40
4,0.99,baseline,3,35,0.94183349609375,0.09055154770612717,0.10524270683526993,0.6590100526809692,0.082996666431427,40
4,0.99,baseline,3,36,0.6547001600265503,0.10534685105085373,0.045814741402864456,0.2830807566642761,0.10272563993930817,40
4,0.99,baseline,3,37,0.8682311773300171,0.1032322496175766,0.07612522691488266,0.5611923336982727,0.07609257847070694,40
4,0.99,baseline,3,38,0.664250373840332,0.12436813861131668,0.03397557884454727,0.33115798234939575,0.09118334203958511,40
4,0.99,baseline,3,39,0.8893751502037048,0.09345009922981262,0.09215190261602402,0.6572400331497192,0.07580281794071198,40
4,0.99,baseline,4,0,2.174722909927368,0.05395188555121422,0.5663188695907593,0.9929970502853394,0.07265269756317139,40
4,0.99,baseline,4,1,1.6643370389938354,0.06998362392187119,0.3397154211997986,0.9371562600135803,0.06829923391342163,40
4,0.99,baseline,4,2,1.8814654350280762,0.08024632930755615,0.39636969566345215,0.9772095084190369,0.08500516414642334,40
4,0.99,baseline,4,3,1.8579100370407104,0.058819711208343506,0.42382702231407166,0.9821537733078003,0.07179498672485352,40
4,0.99,baseline,4,4,1.758952021598816,0.05958087742328644,0.39931756258010864,0.9921270608901978,0.07399832457304001,40
4,0.99,baseline,4,5,1.852075219154358,0.08830726146697998,0.3562573790550232,0.9630936980247498,0.08686935901641846,40
4,0.99,baseline,4,6,1.460108757019043,0.05743590369820595,0.3309280276298523,0.9205623269081116,0.052862007170915604,40
4,0.99,baseline,4,7,1.4847501516342163,0.06645877659320831,0.3178173899650574,0.9831882119178772,0.06752602756023407,40
4,0.99,baseline,4,8,1.4751726388931274,0.06536828726530075,0.3064536154270172,0.9449981451034546,0.06659989804029465,40
4,0.99,baseline,4,9,1.3514477014541626,0.06665197759866714,0.25109830498695374,0.9612833261489868,0.07964146137237549,40
4,0.99,baseline,4,10,1.3761825561523438,0.07789426296949387,0.25931331515312195,0.9607337713241577,0.06639369577169418,40
4,0.99,baseline,4,11,1.363344669342041,0.07280765473842621,0.25734421610832214,0.9647828340530396,0.08227343112230301,40
4,0.99,baseline,4,12,1.452798843383789,0.07582411170005798,0.27087345719337463,0.9749548435211182,0.06340011209249496,40
4,0.99,baseline,4,13,1.494289755821228,0.08662673830986023,0.28006431460380554,0.9504827857017517,0.09193113446235657,40
4,0.99,baseline,4,14,1.3640841245651245,0.08412505686283112,0.2316795289516449,0.9693933725357056,0.06387335062026978,40
4,0.99,baseline,4,15,1.457473635673523,0.0732869878411293,0.26942721009254456,0.9659801721572876,0.0767846405506134,40
4,0.99,baseline,4,16,1.5198942422866821,0.0934857577085495,0.25487610697746277,0.9751319885253906,0.07578788697719574,40
4,0.99,baseline,4,17,1.3775184154510498,0.09008262306451797,0.21376515924930573,0.9430294036865234,0.08871489018201828,40
4,0.99,baseline,4,18,1.436166763305664,0.08259843289852142,0.25631195306777954,0.9627583622932434,0.08221839368343353,40
4,0.99,baseline,4,19,1.3309909105300903,0.09150724858045578,0.20948641002178192,0.9229848980903625,0.09011656790971756,40
4,0.99,baseline,4,20,1.1840332746505737,0.07329057157039642,0.2053324282169342,0.9535735249519348,0.0768645703792572,40
4,0.99,baseline,4,21,1.2558984756469727,0.09115220606327057,0.17909756302833557,0.9539450407028198,0.1074599027633667,40
4,0.99,baseline,4,22,1.2084784507751465,0.0876903384923935,0.17788003385066986,0.8738704323768616,0.10424734652042389,40
4,0.99,baseline,4,23,1.4551366567611694,0.10455087572336197,0.20779545605182648,0.887053370475769,0.11654538661241531,40
4,0.99,baseline,4,24,1.3546563386917114,0.09852947294712067,0.21892976760864258,0.9025800228118896,0.08958537131547928,40
4,0.99,baseline,4,25,1.2628352642059326,0.09251507371664047,0.1952536255121231,0.8862075805664062,0.08401477336883545,40
4,0.99,baseline,4,26,1.266952395439148,0.08764694631099701,0.19358278810977936,0.965259850025177,0.095892034471035,40
4,0.99,baseline,4,27,1.258470892906189,0.08782517910003662,0.189660906791687,0.9602625370025635,0.09801644831895828,40
4,0.99,baseline,4,28,1.2574515342712402,0.09269865602254868,0.18259552121162415,0.9464064836502075,0.10735394060611725,40
4,0.99,baseline,4,29,1.627938151359558,0.11374754458665848,0.23559436202049255,0.9539245963096619,0.09786932915449142,40
4,0.99,baseline,4,30,1.2036114931106567,0.10818071663379669,0.16322658956050873,0.8820820450782776,0.09845328330993652,40
4,0.99,baseline,4,31,1.241479516029358,0.08060594648122787,0.20603151619434357,0.9127113819122314,0.06807567179203033,40
4,0.99,baseline,4,32,1.2343940734863281,0.10609360039234161,0.1638757586479187,0.894444465637207,0.11979638785123825,40
4,0.99,baseline,4,33,1.2895256280899048,0.10742571204900742,0.18165598809719086,0.8526550531387329,0.08424273133277893,40
4,0.99,baseline,4,34,1.3537768125534058,0.10909216105937958,0.2058946043252945,0.905536949634552,0.07900197803974152,40
4,0.99,baseline,4,35,1.247923731803894,0.1211753860116005,0.14334425330162048,0.8003964424133301,0.1065840870141983,40
4,0.99,baseline,4,36,1.1344010829925537,0.10388816893100739,0.13204999268054962,0.6771979331970215,0.113204225897789,40
4,0.99,baseline,4,37,0.9827597737312317,0.10648342221975327,0.11166572570800781,0.6652930974960327,0.09779021888971329,40
4,0.99,baseline,4,38,0.5383108258247375,0.10999646782875061,0.03194936364889145,0.2517552375793457,0.1679927408695221,40
4,0.99,baseline,4,39,0.7034334540367126,0.1069672554731369,0.057209793478250504,0.39134734869003296,0.10667259246110916,40
4,0.99,input_at,0,0,1.098992109298706,0.06908135861158371,0.3660614490509033,0.991533100605011,0.05195557326078415,30
4,0.99,input_at,0,1,0.9839673042297363,0.08697595447301865,0.4223221242427826,0.9904806613922119,0.03676065057516098,30
4,0.99,input_at,0,2,1.10398530960083,0.04815191030502319,0.36162862181663513,0.9715620279312134,0.05545907840132713,30
4,0.99,input_at,0,3,1.2866730690002441,0.10146458446979523,0.3739830553531647,0.9831642508506775,0.05633502081036568,30
4,0.99,input_at,0,4,0.9695386290550232,0.11608915030956268,0.42241883277893066,1.0109511613845825,0.03682123124599457,30
4,0.99,input_at,0,5,1.1799124479293823,0.08959011733531952,0.33978351950645447,0.9946388602256775,0.05231492221355438,30
4,0.99,input_at,0,6,1.1102843284606934,0.05321069434285164,0.37079253792762756,0.9630334973335266,0.04460989683866501,30
4,0.99,input_at,0,7,1.187487006187439,0.07326402515172958,0.3466024398803711,0.9784440994262695,0.04631192982196808,30
4,0.99,input_at,0,8,1.081669807434082,0.055381324142217636,0.37494605779647827,0.9832503795623779,0.03929569944739342,30
4,0.99,input_at,0,9,1.148331880569458,0.05098897963762283,0.3535800576210022,0.9838848114013672,0.048966072499752045,30
4,0.99,input_at,0,10,1.1573597192764282,0.053072355687618256,0.3796989917755127,0.9506434798240662,0.04221891984343529,30
4,0.99,input_at,0,11,1.2567906379699707,0.07119262218475342,0.3401891887187958,0.9846067428588867,0.06305967271327972,30
4,0.99,input_at,0,12,1.3792004585266113,0.07337036728858948,0.36174672842025757,0.9663086533546448,0.05829746276140213,30
4,0.99,input_at,0,13,1.2049821615219116,0.08085238188505173,0.3288818895816803,0.9666862487792969,0.04934301972389221,30
4,0.99,input_at,0,14,1.1372780799865723,0.0782061293721199,0.3318658769130707,0.9704047441482544,0.04646245762705803,30
4,0.99,input_at,0,15,1.4426857233047485,0.09016967564821243,0.35655224323272705,0.9273254871368408,0.04725634306669235,30
4,0.99,input_at,0,16,1.301499843597412,0.08567104488611221,0.33592501282691956,0.9431154727935791,0.052663639187812805,30
4,0.99,input_at,0,17,1.3733900785446167,0.09713525325059891,0.3303174376487732,0.9579067230224609,0.047949474304914474,30
4,0.99,input_at,0,18,1.3018685579299927,0.11285698413848877,0.33559712767601013,0.9469348788261414,0.04184930771589279,30
4,0.99,input_at,0,19,1.2658491134643555,0.09726843982934952,0.28851214051246643,0.8968827128410339,0.054815251380205154,30
4,0.99,input_at,0,20,1.1909816265106201,0.06285861134529114,0.32975509762763977,0.9393013715744019,0.055237218737602234,30
4,0.99,input_at,0,21,1.2528588771820068,0.12248373031616211,0.2729039490222931,0.9472864270210266,0.07417844235897064,30
4,0.99,input_at,0,22,1.2623167037963867,0.09974390268325806,0.2880806028842926,0.8919848203659058,0.0640714094042778,30
4,0.99,input_at,0,23,1.0632232427597046,0.058755915611982346,0.28137484192848206,0.9295198917388916,0.05535569041967392,30
4,0.99,input_at,0,24,1.0734572410583496,0.09611404687166214,0.26613014936447144,0.8615642786026001,0.060227297246456146,30
4,0.99,input_at,0,25,0.959784746170044,0.10157384723424911,0.1982814520597458,0.7538210153579712,0.06797109544277191,30
4,0.99,input_at,0,26,0.9030764102935791,0.10855451226234436,0.176176980137825,0.5606591701507568,0.06118476018309593,30
4,0.99,input_at,0,27,0.5255206227302551,0.1315714716911316,0.05020258575677872,0.11291670799255371,0.09925263375043869,30
4,0.99,input_at,0,29,0.9725905060768127,0.12741534411907196,0.16529296338558197,0.6901973485946655,0.07410634309053421,30
4,0.99,input_at,0,33,0.5264524221420288,0.15416540205478668,0.04750075936317444,0.15208297967910767,0.0723276361823082,30
4,0.99,input_at,1,0,1.1169335842132568,0.11376706510782242,0.32791849970817566,1.0476653575897217,0.05231964588165283,29
4,0.99,input_at,1,1,1.0928258895874023,0.15991708636283875,0.36549443006515503,0.9899157881736755,0.0504155196249485,29
4,0.99,input_at,1,2,1.212196707725525,0.060296155512332916,0.36814165115356445,0.9787247776985168,0.05030001327395439,29
4,0.99,input_at,1,3,1.1263318061828613,0.04772268608212471,0.4115655720233917,0.9723940491676331,0.03965514153242111,29
4,0.99,input_at,1,4,1.2150287628173828,0.07737988978624344,0.33826178312301636,0.9951423406600952,0.05550690367817879,29
4,0.99,input_at,1,5,1.2054349184036255,0.06532672792673111,0.3392675817012787,0.9838600754737854,0.0508851632475853,29
4,0.99,input_at,1,6,1.1891807317733765,0.06475111842155457,0.3642837703227997,0.9927127957344055,0.05334267392754555,29
4,0.99,input_at,1,7,1.2088980674743652,0.053246576339006424,0.39964231848716736,0.967811107635498,0.03208437189459801,29
4,0.99,input_at,1,8,1.1906057596206665,0.05828198418021202,0.3617410957813263,0.9787386655807495,0.050655774772167206,29
4,0.99,input_at,1,9,1.4269770383834839,0.09755134582519531,0.35353535413742065,0.9362366199493408,0.04890957847237587,29
4,0.99,input_at,1,10,1.2990363836288452,0.06778834760189056,0.36789190769195557,0.9688641428947449,0.04971959441900253,29
4,0.99,input_at,1,11,1.1447515487670898,0.05791798606514931,0.33430811762809753,0.963434100151062,0.05215300992131233,29
4,0.99,input_at,1,12,1.3103234767913818,0.07751108705997467,0.35378211736679077,0.9621836543083191,0.06648632138967514,29
4,0.99,input_at,1,13,1.1272032260894775,0.07996775209903717,0.34619757533073425,0.9200907945632935,0.042261235415935516,29
4,0.99,input_at,1,14,1.1466690301895142,0.06798770278692245,0.2998965382575989,0.9767040610313416,0.05802631378173828,29
4,0.99,input_at,1,15,1.3928635120391846,0.10539019107818604,0.3219655156135559,0.9715918302536011,0.0547090545296669,29
4,0.99,input_at,1,16,1.2762120962142944,0.10250116884708405,0.3258931338787079,0.9739653468132019,0.06059830263257027,29
4,0.99,input_at,1,17,1.0736318826675415,0.06789389252662659,0.2838159501552582,0.9428454637527466,0.058585379272699356,29
4,0.99,input_at,1,18,1.1005507707595825,0.10559452325105667,0.31780797243118286,0.9426069259643555,0.05029801279306412,29
4,0.99,input_at,1,19,1.193396806716919,0.13442929089069366,0.3189888000488281,0.9426816701889038,0.04897438734769821,29
4,0.99,input_at,1,20,1.366806983947754,0.08806253224611282,0.32653555274009705,0.8971018195152283,0.05271029844880104,29
4,0.99,input_at,1,21,1.1891984939575195,0.07253139466047287,0.30912333726882935,0.9730108976364136,0.05784841254353523,29
4,0.99,input_at,1,22,1.2083070278167725,0.09148597717285156,0.2726956307888031,0.9129649996757507,0.05978776887059212,29
4,0.99,input_at,1,23,1.1894959211349487,0.07350493967533112,0.2935623526573181,0.8818408250808716,0.04929058626294136,29
4,0.99,input_at,1,24,1.01737380027771,0.11706329137086868,0.23652081191539764,0.8451124429702759,0.05319149047136307,29
4,0.99,input_at,1,25,1.02776300907135,0.0662841945886612,0.25045862793922424,0.8987058401107788,0.062085431069135666,29
4,0.99,input_at,1,26,1.0413784980773926,0.08272629976272583,0.22851711511611938,0.7934607863426208,0.06294284015893936,29
4,0.99,input_at,1,27,1.1387003660202026,0.09085065126419067,0.23963609337806702,0.7973954677581787,0.055083733052015305,29
4,0.99,input_at,1,29,0.5852073431015015,0.0755084902048111,0.0823732241988182,0.20634907484054565,0.07715648412704468,29
4,0.99,input_at,2,0,1.1933554410934448,0.11157350987195969,0.3896142840385437,0.9784358143806458,0.04963362216949463,30
4,0.99,input_at,2,1,0.9338929653167725,0.041989460587501526,0.3660793900489807,0.9920989274978638,0.034518349915742874,30
4,0.99,input_at,2,2,1.0846636295318604,0.05639149621129036,0.3611942529678345,0.9888226985931396,0.04788772389292717,30
4,0.99,input_at,2,3,1.1188253164291382,0.06700918078422546,0.35683777928352356,0.9874138832092285,0.04463517293334007,30
4,0.99,input_at,2,4,1.157323956489563,0.05785689130425453,0.34419700503349304,1.0136929750442505,0.04920773580670357,30
4,0.99,input_at,2,5,1.159954309463501,0.05919520556926727,0.4378412663936615,0.9914034008979797,0.031668610870838165,30
4,0.99,input_at,2,6,1.1857861280441284,0.05319599434733391,0.3481616675853729,0.9874417185783386,0.05363691225647926,30
4,0.99,input_at,2,7,1.2775287628173828,0.0642554759979248,0.38888970017433167,0.9698722958564758,0.03924146294593811,30
4,0.99,input_at,2,8,1.3174246549606323,0.06075657159090042,0.40275585651397705,0.9640126824378967,0.041176848113536835,30
4,0.99,input_at,2,9,1.1886587142944336,0.08299857378005981,0.30536189675331116,0.9888191819190979,0.052448321133852005,30
4,0.99,input_at,2,10,1.167623519897461,0.08725236356258392,0.3663542866706848,0.9398772716522217,0.04169192537665367,30
4,0.99,input_at,2,11,1.3128949403762817,0.06633248925209045,0.3359285891056061,0.9821544289588928,0.04595020413398743,30
4,0.99,input_at,2,12,1.1507017612457275,0.05435718595981598,0.3087550699710846,0.9757495522499084,0.05475451052188873,30
4,0.99,input_at,2,13,1.3885589838027954,0.07092328369617462,0.3306180536746979,0.964808464050293,0.06428831815719604,30
4,0.99,input_at,2,14,1.132683277130127,0.0746893584728241,0.3129296600818634,0.9623547196388245,0.04906134679913521,30
4,0.99,input_at,2,15,1.4041615724563599,0.07760105282068253,0.3243139386177063,0.9368389844894409,0.06358569115400314,30
4,0.99,input_at,2,16,1.1768817901611328,0.06314566731452942,0.3142687976360321,0.9410160779953003,0.053070783615112305,30
4,0.99,input_at,2,17,1.3744025230407715,0.09871754050254822,0.3109619617462158,0.9345659613609314,0.054791200906038284,30
4,0.99,input_at,2,18,1.1254717111587524,0.06561187654733658,0.3090721070766449,0.9614214897155762,0.0546313114464283,30
4,0.99,input_at,2,19,1.3961985111236572,0.1056133434176445,0.32445189356803894,0.9290079474449158,0.06288915127515793,30
4,0.99,input_at,2,20,1.243733525276184,0.10382694751024246,0.29409196972846985,0.8531866669654846,0.0656694695353508,30
4,0.99,input_at,2,21,1.1724581718444824,0.1114412322640419,0.2553303837776184,0.9531369805335999,0.053929559886455536,30
4,0.99,input_at,2,22,1.3962925672531128,0.07318216562271118,0.33778777718544006,0.8811265230178833,0.05999993905425072,30
4,0.99,input_at,2,23,1.1067825555801392,0.09794041514396667,0.2385956197977066,0.8215851783752441,0.06586617231369019,30
4,0.99,input_at,2,24,0.5223382115364075,0.17772601544857025,0.05126021057367325,0.14894884824752808,0.08463351428508759,30
4,0.99,input_at,2,25,1.3734159469604492,0.21150527894496918,0.29741358757019043,0.9151465892791748,0.06963507831096649,30
4,0.99,input_at,2,26,1.2852672338485718,0.08086788654327393,0.25641366839408875,0.8826918601989746,0.05907265841960907,30
4,0.99,input_at,2,27,1.2092363834381104,0.15437163412570953,0.22218140959739685,0.7965900301933289,0.06678210943937302,30
4,0.99,input_at,2,28,1.1144535541534424,0.19056196510791779,0.21139027178287506,0.7548782229423523,0.06483236700296402,30
4,0.99,input_at,2,32,0.3051888644695282,0.21363040804862976,0.015418960712850094,0.01337289810180664,0.09759090840816498,30
4,0.99,input_at,3,0,1.1036412715911865,0.06556344032287598,0.41667431592941284,0.995918333530426,0.04472000151872635,29
4,0.99,input_at,3,1,1.1179043054580688,0.051709335297346115,0.4030718207359314,0.9848489165306091,0.04108685255050659,29
4,0.99,input_at,3,2,1.1895442008972168,0.15295135974884033,0.3516009747982025,0.9707255363464355,0.05871853977441788,29
4,0.99,input_at,3,3,1.281690001487732,0.07453560084104538,0.3720260262489319,0.9688401222229004,0.04891154170036316,29
4,0.99,input_at,3,4,1.1137495040893555,0.053186483681201935,0.38887375593185425,0.9753156304359436,0.03717224672436714,29
4,0.99,input_at,3,5,1.1428189277648926,0.06855431944131851,0.3589608371257782,0.9941335320472717,0.03737719729542732,29
4,0.99,input_at,3,6,1.294244647026062,0.06634320318698883,0.358277827501297,0.9913160800933838,0.04806649684906006,29
4,0.99,input_at,3,7,1.246170163154602,0.06304222345352173,0.3804571032524109,0.988247275352478,0.0529218390583992,29
4,0.99,input_at,3,8,1.2228633165359497,0.05757855251431465,0.37474092841148376,0.9841024875640869,0.05050922557711601,29
4,0.99,input_at,3,9,1.2650810480117798,0.06269670277833939,0.34257298707962036,0.9824244379997253,0.06239382550120354,29
4,0.99,input_at,3,10,1.364153504371643,0.08690018951892853,0.33791103959083557,0.9753599166870117,0.057769063860177994,29
4,0.99,input_at,3,11,1.241371750831604,0.10496103018522263,0.36508288979530334,0.9761813879013062,0.045756738632917404,29
4,0.99,input_at,3,12,1.1179125308990479,0.0670490562915802,0.3727008104324341,0.973192572593689,0.04043624550104141,29
4,0.99,input_at,3,13,1.3394782543182373,0.07811826467514038,0.35306787490844727,0.9791836142539978,0.04959854111075401,29
4,0.99,input_at,3,14,1.3344473838806152,0.08378469944000244,0.33741065859794617,0.9667397737503052,0.04376208037137985,29
4,0.99,input_at,3,15,1.205080270767212,0.07187096029520035,0.3312569558620453,0.9765920042991638,0.04957866668701172,29
4,0.99,input_at,3,16,1.2965941429138184,0.079259492456913,0.3178044259548187,0.9678388833999634,0.06315542012453079,29
4,0.99,input_at,3,17,1.242508053779602,0.07478702068328857,0.3148840367794037,0.9562675952911377,0.06145191937685013,29
4,0.99,input_at,3,18,1.4133009910583496,0.09884648770093918,0.3544222414493561,0.9517381191253662,0.06250899285078049,29
4,0.99,input_at,3,19,1.3763946294784546,0.12845486402511597,0.33028149604797363,0.9465332627296448,0.06683102250099182,29
4,0.99,input_at,3,20,1.1766672134399414,0.11782515048980713,0.2802869379520416,0.9174665808677673,0.04792086407542229,29
4,0.99,input_at,3,21,1.2834954261779785,0.09369402378797531,0.2813654839992523,0.9164661169052124,0.06280362606048584,29
4,0.99,input_at,3,22,1.1082217693328857,0.09264926612377167,0.2928338646888733,0.8768934011459351,0.054430995136499405,29
4,0.99,input_at,3,23,1.2347893714904785,0.08232080936431885,0.2736636698246002,0.8980746269226074,0.06134337931871414,29
4,0.99,input_at,3,24,1.0635756254196167,0.07514806091785431,0.25364354252815247,0.8395078182220459,0.05710301548242569,29
4,0.99,input_at,3,25,1.0500637292861938,0.12585148215293884,0.21798625588417053,0.802064061164856,0.05925615504384041,29
4,0.99,input_at,3,26,1.0286675691604614,0.10904160887002945,0.20437069237232208,0.7818524241447449,0.07288338243961334,29
4,0.99,input_at,3,30,0.9006174802780151,0.11694438755512238,0.146279975771904,0.5197461843490601,0.06856057792901993,29
4,0.99,input_at,3,31,0.35027772188186646,0.13119299709796906,0.022549454122781754,0.046627938747406006,0.10852157324552536,29
4,0.99,input_at,4,0,1.3227757215499878,0.06540350615978241,0.4279366135597229,0.9930789470672607,0.04488131031394005,27
4,0.99,input_at,4,1,1.281186580657959,0.049366556107997894,0.41695722937583923,0.978081226348877,0.047193266451358795,27
4,0.99,input_at,4,2,1.1131006479263306,0.05920339375734329,0.36001816391944885,0.9883396625518799,0.05369313806295395,27
4,0.99,input_at,4,3,1.2039785385131836,0.05396953597664833,0.35556793212890625,0.9565572142601013,0.04626408964395523,27
4,0.99,input_at,4,4,1.1003824472427368,0.07289731502532959,0.3576379120349884,1.0036307573318481,0.05112862586975098,27
4,0.99,input_at,4,5,1.3192373514175415,0.051890697330236435,0.3889447748661041,0.974136233329773,0.06330157816410065,27
4,0.99,input_at,4,6,1.1884955167770386,0.06521496921777725,0.35071176290512085,0.9662983417510986,0.045375850051641464,27
4,0.99,input_at,4,7,1.1994014978408813,0.07919694483280182,0.3415217697620392,0.9887362718582153,0.05878477916121483,27
4,0.99,input_at,4,8,1.3496695756912231,0.06692039966583252,0.3493322730064392,0.9134178757667542,0.05534854158759117,27
4,0.99,input_at,4,9,1.2923983335494995,0.08202578872442245,0.3539082705974579,0.9968177080154419,0.052212461829185486,27
4,0.99,input_at,4,10,1.3244881629943848,0.07087601721286774,0.34979984164237976,0.9433140754699707,0.06738750636577606,27
4,0.99,input_at,4,11,1.320163369178772,0.09929411113262177,0.32430794835090637,0.9825575947761536,0.06687361747026443,27
4,0.99,input_at,4,12,1.3097469806671143,0.13547617197036743,0.3223571181297302,0.9527478218078613,0.06867635250091553,27
4,0.99,input_at,4,13,1.347283959388733,0.14357246458530426,0.3228987455368042,0.9745334982872009,0.05889641493558884,27
4,0.99,input_at,4,14,1.4254794120788574,0.11603444814682007,0.3352604806423187,0.9798524975776672,0.06935974955558777,27
4,0.99,input_at,4,15,1.2945157289505005,0.055467016994953156,0.3303590714931488,0.966833770275116,0.06614409387111664,27
4,0.99,input_at,4,16,1.5355361700057983,0.080864317715168,0.37461501359939575,0.9984011054039001,0.06219097226858139,27
4,0.99,input_at,4,17,1.4315872192382812,0.114090695977211,0.3426581621170044,0.9864988923072815,0.07351870834827423,27
4,0.99,input_at,4,18,1.3194904327392578,0.09221538156270981,0.31228795647621155,0.9766848683357239,0.09826723486185074,27
4,0.99,input_at,4,19,1.3139595985412598,0.09767060726881027,0.333617240190506,0.94223952293396,0.06117261201143265,27
4,0.99,input_at,4,20,1.2076956033706665,0.05681602284312248,0.3303070068359375,0.9618474245071411,0.060297753661870956,27
4,0.99,input_at,4,21,1.2272393703460693,0.07636580616235733,0.3011017143726349,0.9859721064567566,0.06962914019823074,27
4,0.99,input_at,4,22,1.2534393072128296,0.12209781259298325,0.3318660259246826,0.9253914952278137,0.06973619014024734,27
4,0.99,input_at,4,23,1.5720648765563965,0.16501888632774353,0.344512015581131,0.9521148800849915,0.08082334697246552,27
4,0.99,input_at,4,24,1.409449577331543,0.062087249010801315,0.34062665700912476,0.9250887632369995,0.050135597586631775,27
4,0.99,input_at,4,25,1.352446436882019,0.1362767517566681,0.3096464276313782,0.9238756895065308,0.06725917756557465,27
4,0.99,input_at,4,28,0.8952950835227966,0.10910037904977798,0.14366649091243744,0.4956013560295105,0.06412038207054138,27
4,0.99,lat,0,0,2.7394726276397705,0.08292131870985031,0.4823693633079529,0.9848290085792542,0.0580085925757885,35
4,0.99,lat,0,1,2.5407028198242188,0.08393687754869461,0.44539374113082886,0.9793213605880737,0.054195817559957504,35
4,0.99,lat,0,2,2.3658878803253174,0.06801210343837738,0.4441586434841156,0.9760183691978455,0.06482890993356705,35
4,0.99,lat,0,3,2.0300133228302,0.07518815249204636,0.28647124767303467,0.9570927023887634,0.07771855592727661,35
4,0.99,lat,0,4,1.8464555740356445,0.051898930221796036,0.32549965381622314,0.9898133873939514,0.054276298731565475,35
4,0.99,lat,0,5,1.868394136428833,0.06550756841897964,0.3093743920326233,0.9620115756988525,0.06011972576379776,35
4,0.99,lat,0,6,2.243739128112793,0.06030676141381264,0.44568535685539246,0.9674873948097229,0.05176529288291931,35
4,0.99,lat,0,7,2.0318150520324707,0.07553283125162125,0.318025141954422,0.9300947189331055,0.04772283881902695,35
4,0.99,lat,0,8,2.299236297607422,0.07643553614616394,0.413994163274765,0.9691706895828247,0.05684909597039223,35
4,0.99,lat,0,9,1.7859230041503906,0.06293760985136032,0.30193033814430237,0.9881039261817932,0.04166105017066002,35
4,0.99,lat,0,10,2.3599517345428467,0.07226233929395676,0.3957211375236511,0.939624011516571,0.06144358217716217,35
4,0.99,lat,0,11,1.8118605613708496,0.07154480367898941,0.2898158133029938,0.9756461381912231,0.04991075024008751,35
4,0.99,lat,0,12,1.9113068580627441,0.08607154339551926,0.27303987741470337,0.9487183094024658,0.06543313711881638,35
4,0.99,lat,0,13,2.013493299484253,0.06581415981054306,0.3180140554904938,0.9440228939056396,0.05060175061225891,35
4,0.99,lat,0,14,1.6123441457748413,0.06730986386537552,0.2283041626214981,0.9491302371025085,0.05705006793141365,35
4,0.99,lat,0,15,1.81377375125885,0.0939333587884903,0.27866804599761963,0.9491621851921082,0.04890945553779602,35
4,0.99,lat,0,16,1.7927417755126953,0.0774882510304451,0.24539029598236084,0.944129467010498,0.051626868546009064,35
4,0.99,lat,0,17,1.7208836078643799,0.08389666676521301,0.19751785695552826,0.9570928812026978,0.0739736407995224,35
4,0.99,lat,0,18,1.875745415687561,0.09722055494785309,0.2641601264476776,0.8942137360572815,0.07067808508872986,35
4,0.99,lat,0,19,1.9201403856277466,0.0825401321053505,0.2890569567680359,0.9295209646224976,0.05509822070598602,35
4,0.99,lat,0,20,1.7761142253875732,0.07952215522527695,0.2725098431110382,0.9279860258102417,0.05749867856502533,35
4,0.99,lat,0,21,1.9140225648880005,0.1333235651254654,0.26745137572288513,0.9451929926872253,0.06012096256017685,35
4,0.99,lat,0,22,2.0052504539489746,0.08732809126377106,0.3296286463737488,0.922321081161499,0.05792907252907753,35
4,0.99,lat,0,23,1.6432580947875977,0.0754232183098793,0.23565737903118134,0.9391756057739258,0.06408858299255371,35
4,0.99,lat,0,24,1.7778836488723755,0.0929747149348259,0.22433072328567505,0.9050309658050537,0.07596089690923691,35
4,0.99,lat,0,25,1.6544665098190308,0.07957716286182404,0.23691977560520172,0.9079304933547974,0.05757428705692291,35
4,0.99,lat,0,26,1.8807904720306396,0.07477464526891708,0.25114065408706665,1.235119104385376,0.06340620666742325,35
4,0.99,lat,0,27,1.6920738220214844,0.12139656394720078,0.2002044916152954,0.9283071160316467,0.08990270644426346,35
4,0.99,lat,0,28,1.9204111099243164,0.08990102261304855,0.27332571148872375,0.9990768432617188,0.04379969462752342,35
4,0.99,lat,0,29,1.4271575212478638,0.09334705024957657,0.15403462946414948,0.7045797109603882,0.07799813151359558,35
4,0.99,lat,0,30,1.524120569229126,0.09752161055803299,0.1764112114906311,0.8843649625778198,0.0703585296869278,35
4,0.99,lat,0,31,1.1385265588760376,0.08958620578050613,0.11737383902072906,0.564787745475769,0.05283727869391441,35
4,0.99,lat,0,33,1.597487211227417,0.09272725880146027,0.19007223844528198,0.8614203333854675,0.06671208888292313,35
4,0.99,lat,0,34,0.7077250480651855,0.11535907536745071,0.03665483742952347,0.1991092562675476,0.09551787376403809,35
4,0.99,lat,0,37,0.506804347038269,0.13626451790332794,0.021493474021553993,0.1284542679786682,0.07401487976312637,35
4,0.99,lat,1,0,2.5543861389160156,0.06846824288368225,0.445788711309433,0.9757445454597473,0.06458698958158493,39
4,0.99,lat,1,1,2.934626340866089,0.06653296947479248,0.48560959100723267,0.9818227887153625,0.05839258059859276,39
4,0.99,lat,1,2,2.860037088394165,0.0734645277261734,0.44777125120162964,0.995901882648468,0.0613841712474823,39
4,0.99,lat,1,3,1.9462417364120483,0.08111447840929031,0.28377434611320496,0.9582719206809998,0.04637164622545242,39
4,0.99,lat,1,4,2.7300052642822266,0.08799108117818832,0.4119904041290283,1.0010236501693726,0.07294590026140213,39
4,0.99,lat,1,5,2.2340810298919678,0.0788506269454956,0.36732906103134155,0.9830383062362671,0.05077756196260452,39
4,0.99,lat,1,6,2.433483600616455,0.07330303639173508,0.4049612283706665,0.967529833316803,0.05057721585035324,39
4,0.99,lat,1,7,1.8882964849472046,0.07155174762010574,0.28521785140037537,0.9315151572227478,0.042006541043519974,39
4,0.99,lat,1,8,2.3413138389587402,0.0796884149312973,0.34142962098121643,0.9812266826629639,0.05615681782364845,39
4,0.99,lat,1,9,2.0958364009857178,0.07214051485061646,0.31652453541755676,0.949839174747467,0.05160137638449669,39
4,0.99,lat,1,10,2.148297071456909,0.09610030800104141,0.2957761883735657,0.9619297385215759,0.0387495681643486,39
4,0.99,lat,1,11,2.121459484100342,0.08530615270137787,0.28981414437294006,0.9547739624977112,0.057410817593336105,39
4,0.99,lat,1,12,2.05385422706604,0.07419489324092865,0.3172881603240967,0.9525324702262878,0.0446845218539238,39
4,0.99,lat,1,13,1.8754650354385376,0.07606930285692215,0.26151975989341736,0.894862174987793,0.05582035332918167,39
4,0.99,lat,1,14,1.9848816394805908,0.08430533856153488,0.24421627819538116,0.9697834253311157,0.06870123744010925,39
4,0.99,lat,1,15,1.9856737852096558,0.0845324918627739,0.27704134583473206,0.9599858522415161,0.05027974769473076,39
4,0.99,lat,1,16,2.0601634979248047,0.06839193403720856,0.34761497378349304,0.955595850944519,0.04643481597304344,39
4,0.99,lat,1,17,1.9732201099395752,0.09366150200366974,0.22511999309062958,0.9433006048202515,0.06754690408706665,39
4,0.99,lat,1,18,1.9283552169799805,0.09728053212165833,0.23917309939861298,0.9427538514137268,0.06376338005065918,39
4,0.99,lat,1,19,1.7074558734893799,0.07914626598358154,0.23369935154914856,0.9141095280647278,0.036379944533109665,39
4,0.99,lat,1,20,1.8633776903152466,0.07710716873407364,0.25308194756507874,0.9215489625930786,0.06432740390300751,39
4,0.99,lat,1,21,1.8670566082000732,0.07859990000724792,0.2709398865699768,0.9727855920791626,0.0534198023378849,39
4,0.99,lat,1,22,1.9949036836624146,0.13578669726848602,0.22904646396636963,0.9035354852676392,0.04809726029634476,39
4,0.99,lat,1,23,1.850389838218689,0.06782407313585281,0.24346773326396942,0.9007774591445923,0.05949478968977928,39
4,0.99,lat,1,24,1.8426285982131958,0.0817699134349823,0.2301524430513382,0.9158066511154175,0.06458333879709244,39
4,0.99,lat,1,25,1.5336389541625977,0.07094591856002808,0.19547304511070251,0.948948085308075,0.05611814185976982,39
4,0.99,lat,1,26,1.6826752424240112,0.08548659831285477,0.20153728127479553,0.846839189529419,0.050840526819229126,39
4,0.99,lat,1,27,1.8844488859176636,0.0914238914847374,0.2097906768321991,0.8986585736274719,0.061414290219545364,39
4,0.99,lat,1,28,1.4742125272750854,0.09834729880094528,0.1360292285680771,0.7601785659790039,0.06732741743326187,39
4,0.99,lat,1,29,1.8159375190734863,0.07678251713514328,0.2590717673301697,0.8790186047554016,0.05447135493159294,39
4,0.99,lat,1,30,1.5357643365859985,0.11432255059480667,0.15667270123958588,0.790499746799469,0.04465383663773537,39
4,0.99,lat,1,31,1.3679916858673096,0.09981037676334381,0.12658652663230896,0.5782973766326904,0.05233956500887871,39
4,0.99,lat,1,32,1.356990098953247,0.12979847192764282,0.10480896383523941,0.5332324504852295,0.04980922490358353,39
4,0.99,lat,1,33,0.7581599354743958,0.12123414874076843,0.04087941721081734,0.210049569606781,0.05751936137676239,39
4,0.99,lat,1,34,0.48688650131225586,0.13444465398788452,0.016517123207449913,0.06812942028045654,0.0597456619143486,39
4,0.99,lat,1,35,0.9897485971450806,0.16155590116977692,0.04928787797689438,0.1825624704360962,0.02846965752542019,39
4,0.99,lat,1,36,0.4962135851383209,0.13072480261325836,0.01619182527065277,0.07880455255508423,0.06438684463500977,39
4,0.99,lat,1,37,1.4252517223358154,0.16781553626060486,0.11498391628265381,0.3034038543701172,0.021223517134785652,39
4,0.99,lat,1,39,0.7445390820503235,0.1704281121492386,0.028902869671583176,0.08723938465118408,0.030518068000674248,39
4,0.99,lat,2,0,3.328355073928833,0.0853954330086708,0.5432795286178589,0.991486668586731,0.07088170200586319,38
4,0.99,lat,2,1,2.5981123447418213,0.0612737201154232,0.47668763995170593,0.966711163520813,0.05690590292215347,38
4,0.99,lat,2,2,2.808566093444824,0.06035885959863663,0.4976355731487274,0.9831335544586182,0.046192921698093414,38
4,0.99,lat,2,3,2.2712182998657227,0.060611095279455185,0.37319299578666687,0.9573693871498108,0.04662477597594261,38
4,0.99,lat,2,4,2.7261900901794434,0.07032202929258347,0.4819064438343048,0.9900386929512024,0.0691051259636879,38
4,0.99,lat,2,5,2.2237861156463623,0.05972640961408615,0.3468775749206543,0.9789843559265137,0.0488855205476284,38
4,0.99,lat,2,6,2.4611048698425293,0.09573666006326675,0.31610220670700073,0.977653443813324,0.08245350420475006,38
4,0.99,lat,2,7,2.5806663036346436,0.08168433606624603,0.37839239835739136,0.9692085981369019,0.08644511550664902,38
4,0.99,lat,2,8,2.2309441566467285,0.06753762811422348,0.37560978531837463,0.954944372177124,0.041826143860816956,38
4,0.99,lat,2,9,2.0751190185546875,0.07902775704860687,0.276837021112442,0.947983980178833,0.05878835171461105,38
4,0.99,lat,2,10,1.8078563213348389,0.06350772827863693,0.24001869559288025,0.9041361212730408,0.05453464016318321,38
4,0.99,lat,2,11,2.164702892303467,0.0718393549323082,0.30377939343452454,0.9784930944442749,0.05973402410745621,38
4,0.99,lat,2,12,2.0190236568450928,0.08257906883955002,0.276283860206604,0.9505749344825745,0.05600591003894806,38
4,0.99,lat,2,13,1.8530616760253906,0.09029075503349304,0.23360343277454376,0.9601438045501709,0.06535222381353378,38
4,0.99,lat,2,14,2.071101427078247,0.08521772921085358,0.2536386549472809,0.9393690824508667,0.059467580169439316,38
4,0.99,lat,2,15,2.1532256603240967,0.09077470749616623,0.3040536344051361,0.9352265000343323,0.05168522894382477,38
4,0.99,lat,2,16,1.984107494354248,0.08259819447994232,0.26505300402641296,0.9268943071365356,0.057347316294908524,38
4,0.99,lat,2,17,1.9270515441894531,0.08531176298856735,0.2608839273452759,0.8378024101257324,0.058357637375593185,38
4,0.99,lat,2,18,1.6751911640167236,0.08451291173696518,0.18594202399253845,0.9514456987380981,0.07326550036668777,38
4,0.99,lat,2,19,2.074342727661133,0.10681100934743881,0.27488720417022705,0.8708795309066772,0.06908891350030899,38
4,0.99,lat,2,20,1.8137798309326172,0.06573789566755295,0.22833994030952454,0.8803725838661194,0.06007719784975052,38
4,0.99,lat,2,21,1.8160947561264038,0.06978699564933777,0.2330150008201599,0.9862075448036194,0.0534127913415432,38
4,0.99,lat,2,22,1.8260184526443481,0.10048311203718185,0.22452297806739807,0.8920679688453674,0.05510549247264862,38
4,0.99,lat,2,23,1.5927923917770386,0.0690334141254425,0.1592244654893875,0.913000226020813,0.0626375824213028,38
4,0.99,lat,2,24,1.5806654691696167,0.09325461834669113,0.15821485221385956,0.8756447434425354,0.07692530006170273,38
4,0.99,lat,2,25,2.6300008296966553,0.1349051296710968,0.3909158706665039,0.8958149552345276,0.025818107649683952,38
4,0.99,lat,2,26,1.6517757177352905,0.09304726123809814,0.19506561756134033,0.9294756054878235,0.0740986242890358,38
4,0.99,lat,2,27,1.5813838243484497,0.10157603770494461,0.1628572791814804,0.8971717357635498,0.07220761477947235,38
4,0.99,lat,2,28,1.5917056798934937,0.07036186754703522,0.16225537657737732,0.9314581155776978,0.0645434632897377,38
4,0.99,lat,2,29,1.5635340213775635,0.10057944804430008,0.14669393002986908,0.7126462459564209,0.0790545642375946,38
4,0.99,lat,2,30,1.6205798387527466,0.08560284972190857,0.17845220863819122,0.7987346649169922,0.06799250096082687,38
4,0.99,lat,2,31,1.4950754642486572,0.09056133776903152,0.1595662236213684,0.679857075214386,0.06478431820869446,38
4,0.99,lat,2,32,1.3571220636367798,0.12286705523729324,0.12096351385116577,0.6777019500732422,0.0832420140504837,38
4,0.99,lat,2,33,1.644041657447815,0.08559907972812653,0.17744165658950806,0.7896313071250916,0.05908993259072304,38
4,0.99,lat,2,34,1.1485573053359985,0.1579045206308365,0.06686881184577942,0.4535136818885803,0.06585914641618729,38
4,0.99,lat,2,36,0.6496198773384094,0.13225731253623962,0.025352997705340385,0.10094910860061646,0.12558192014694214,38
4,0.99,lat,2,38,0.43904781341552734,0.14078906178474426,0.009229547344148159,0.04039102792739868,0.06833696365356445,38
4,0.99,lat,2,39,0.3574282228946686,0.11088936030864716,0.009575320407748222,-0.0002580881118774414,0.06437288969755173,38
4,0.99,lat,3,0,2.9158735275268555,0.07437532395124435,0.4873424172401428,0.9936556816101074,0.05598554387688637,37
4,0.99,lat,3,1,2.602254629135132,0.06426949799060822,0.4566453695297241,0.9817740321159363,0.05049564316868782,37
4,0.99,lat,3,2,2.9865329265594482,0.08483439683914185,0.45878517627716064,0.9623510837554932,0.09046543389558792,37
4,0.99,lat,3,3,2.8249776363372803,0.0925813615322113,0.39785242080688477,0.971775233745575,0.07933274656534195,37
4,0.99,lat,3,4,1.973505973815918,0.055795010179281235,0.34392210841178894,0.9441741704940796,0.05114911496639252,37
4,0.99,lat,3,5,1.8689812421798706,0.06969314068555832,0.3107109069824219,0.9945859313011169,0.0625784695148468,37
4,0.99,lat,3,6,2.3548402786254883,0.08000818639993668,0.31718534231185913,0.9787406921386719,0.06948892027139664,37
4,0.99,lat,3,7,2.3862690925598145,0.07812751829624176,0.4008356034755707,0.9814284443855286,0.04960819333791733,37
4,0.99,lat,3,8,2.3178141117095947,0.0786479040980339,0.3554461896419525,0.9780780673027039,0.056449346244335175,37
4,0.99,lat,3,9,2.1930079460144043,0.08502278476953506,0.30248114466667175,0.9665132761001587,0.071611687541008,37
4,0.99,lat,3,10,1.9078967571258545,0.07405205070972443,0.26413318514823914,0.9646117687225342,0.049954429268836975,37
4,0.99,lat,3,11,2.0520482063293457,0.078653484582901,0.3001938462257385,0.933539628982544,0.05052803456783295,37
4,0.99,lat,3,12,1.856633186340332,0.06329549103975296,0.26615002751350403,0.9706847667694092,0.05100689083337784,37
4,0.99,lat,3,13,2.1114025115966797,0.07660315185785294,0.32692116498947144,0.9664032459259033,0.04995615780353546,37
4,0.99,lat,3,14,1.9941145181655884,0.06755278259515762,0.2824188470840454,0.9214497804641724,0.040185268968343735,37
4,0.99,lat,3,15,2.378927707672119,0.09452654421329498,0.3195877969264984,0.9421827793121338,0.0789899155497551,37
4,0.99,lat,3,16,1.9766958951950073,0.08028953522443771,0.2414284646511078,0.9720336198806763,0.078727126121521,37
4,0.99,lat,3,17,2.0887081623077393,0.07852301001548767,0.31771549582481384,0.9637150168418884,0.06748069077730179,37
4,0.99,lat,3,18,2.9351305961608887,0.12916883826255798,0.4340604841709137,0.8864113688468933,0.00446546683087945,37
4,0.99,lat,3,19,1.8240238428115845,0.09973020106554031,0.19198918342590332,0.9406415224075317,0.06253739446401596,37
4,0.99,lat,3,20,1.5746508836746216,0.06925231963396072,0.1676844358444214,0.892748236656189,0.08085109293460846,37
4,0.99,lat,3,21,2.159607410430908,0.0972895547747612,0.2664521336555481,0.8987654447555542,0.06196963042020798,37
4,0.99,lat,3,22,1.9771695137023926,0.07487748563289642,0.27136725187301636,0.9199497103691101,0.05955498665571213,37
4,0.99,lat,3,23,1.8186228275299072,0.09245260804891586,0.19075360894203186,0.9505982398986816,0.07528334110975266,37
4,0.99,lat,3,24,1.6332639455795288,0.0813964307308197,0.2003623992204666,0.8795119524002075,0.060657963156700134,37
4,0.99,lat,3,25,1.9183045625686646,0.08577920496463776,0.21887442469596863,0.8924379348754883,0.06318982690572739,37
4,0.99,lat,3,26,1.7134120464324951,0.10485139489173889,0.17433196306228638,0.8355873823165894,0.08446051925420761,37
4,0.99,lat,3,27,1.5011550188064575,0.09414149820804596,0.15423007309436798,0.8410192131996155,0.049334000796079636,37
4,0.99,lat,3,28,1.6097958087921143,0.09407133609056473,0.1722962111234665,0.746788501739502,0.061640817672014236,37
4,0.99,lat,3,29,1.9020532369613647,0.08234117925167084,0.2561188340187073,0.8590160012245178,0.053805842995643616,37
4,0.99,lat,3,30,1.38844895362854,0.09207654744386673,0.1302531510591507,0.784186840057373,0.07606056332588196,37
4,0.99,lat,3,31,1.336818814277649,0.10237468034029007,0.1082175150513649,0.6815727353096008,0.08353476226329803,37
4,0.99,lat,3,32,1.355188250541687,0.1289416402578354,0.10678767412900925,0.5302891731262207,0.06650426983833313,37
4,0.99,lat,3,33,0.7146545648574829,0.1186017245054245,0.02643859200179577,0.16573774814605713,0.09402170032262802,37
4,0.99,lat,3,34,0.5108595490455627,0.11514107137918472,0.013451212085783482,0.06293594837188721,0.04781031981110573,37
4,0.99,lat,3,36,0.30402934551239014,0.10741560161113739,0.006278845015913248,0.04187190532684326,0.10571282356977463,37
4,0.99,lat,3,39,0.9162979125976562,0.1034160777926445,0.059198323637247086,0.26192706823349,0.08196770399808884,37
4,0.99,lat,4,0,3.0546875,0.047998908907175064,0.6039887070655823,0.9805030226707458,0.05178862437605858,36
4,0.99,lat,4,1,2.3657639026641846,0.06721733510494232,0.37023457884788513,0.9430004358291626,0.05528218299150467,36
4,0.99,lat,4,2,2.589747905731201,0.06830524653196335,0.43396738171577454,0.9913524985313416,0.058896131813526154,36
4,0.99,lat,4,3,2.1992714405059814,0.060082562267780304,0.3841930627822876,0.9590493440628052,0.05013766139745712,36
4,0.99,lat,4,4,2.177597761154175,0.07167677581310272,0.32652369141578674,0.9923535585403442,0.06391783803701401,36
4,0.99,lat,4,5,2.314890146255493,0.08351527899503708,0.3610024154186249,0.9689247608184814,0.05719691514968872,36
4,0.99,lat,4,6,1.9749815464019775,0.05530361458659172,0.3313246965408325,0.9257753491401672,0.04934598505496979,36
4,0.99,lat,4,7,2.2410078048706055,0.07377376407384872,0.3542419373989105,0.9871330261230469,0.05693114548921585,36
4,0.99,lat,4,8,2.3875749111175537,0.0756453275680542,0.36879193782806396,0.9521597027778625,0.060243163257837296,36
4,0.99,lat,4,9,1.8730130195617676,0.08703500777482986,0.25067389011383057,0.9800964593887329,0.05074442923069,36
4,0.99,lat,4,10,2.0518980026245117,0.07307501137256622,0.28423741459846497,0.9659430980682373,0.0640537366271019,36
4,0.99,lat,4,11,1.9988882541656494,0.0758117064833641,0.27422958612442017,0.9657928347587585,0.061463288962841034,36
4,0.99,lat,4,12,2.1360576152801514,0.07489999383687973,0.29984939098358154,0.9640664458274841,0.06602150946855545,36
4,0.99,lat,4,13,2.1371285915374756,0.07410383224487305,0.3196597695350647,0.9501387476921082,0.06435542553663254,36
4,0.99,lat,4,14,2.1101603507995605,0.07836639136075974,0.2842961251735687,0.9644346833229065,0.060018956661224365,36
4,0.99,lat,4,15,2.340061902999878,0.07152863591909409,0.33738046884536743,0.9692007303237915,0.06088324263691902,36
4,0.99,lat,4,16,2.134474754333496,0.0900052860379219,0.290289044380188,0.9726399779319763,0.06102695316076279,36
4,0.99,lat,4,17,1.9713858366012573,0.08784496039152145,0.2551674544811249,0.9470664262771606,0.06080932542681694,36
4,0.99,lat,4,18,2.041839361190796,0.08951514959335327,0.25871163606643677,0.9678463339805603,0.07305146753787994,36
4,0.99,lat,4,19,1.8716440200805664,0.09031227976083755,0.2303154468536377,0.9184553623199463,0.06434609740972519,36
4,0.99,lat,4,20,1.9988160133361816,0.0795828104019165,0.26192039251327515,0.9336288571357727,0.06086673587560654,36
4,0.99,lat,4,21,1.883141040802002,0.08112923055887222,0.21360976994037628,0.9487961530685425,0.07470467686653137,36
4,0.99,lat,4,22,1.8509161472320557,0.07571058720350266,0.23976439237594604,0.9330771565437317,0.06899802386760712,36
4,0.99,lat,4,23,2.192805528640747,0.11111310869455338,0.2788574993610382,0.9041552543640137,0.08306944370269775,36
4,0.99,lat,4,24,1.975764274597168,0.08338764309883118,0.27089202404022217,0.9482948184013367,0.061154160648584366,36
4,0.99,lat,4,25,1.9219577312469482,0.08896829187870026,0.24211841821670532,0.9515373110771179,0.0644485205411911,36
4,0.99,lat,4,26,1.9899293184280396,0.08449775725603104,0.25365594029426575,0.9478000402450562,0.057258352637290955,36
4,0.99,lat,4,27,2.01591157913208,0.08764226734638214,0.2503753900527954,0.9427467584609985,0.07121169567108154,36
4,0.99,lat,4,28,1.8444983959197998,0.09548008441925049,0.21793349087238312,0.930130124092102,0.07106475532054901,36
4,0.99,lat,4,29,1.9975520372390747,0.10985396802425385,0.2206125557422638,0.9043678045272827,0.08941617608070374,36
4,0.99,lat,4,30,1.7011464834213257,0.08628089725971222,0.20480220019817352,0.8555142283439636,0.06985148787498474,36
4,0.99,lat,4,31,1.496024250984192,0.08882636576890945,0.14111420512199402,0.6051080226898193,0.08415047824382782,36
4,0.99,lat,4,32,1.4676125049591064,0.1055150255560875,0.146671324968338,0.5913369655609131,0.07001117616891861,36
4,0.99,lat,4,33,1.3426040410995483,0.09325578808784485,0.12261290103197098,0.6137629151344299,0.06745695322751999,36
4,0.99,lat,4,34,1.1252989768981934,0.10423524677753448,0.08357865363359451,0.3495076298713684,0.07034992426633835,36
4,0.99,lat,4,35,0.6165443658828735,0.10701873898506165,0.025259170681238174,0.1506941318511963,0.08204445242881775,36
8,0.8,baseline,0,0,1.3554171323776245,0.039469800889492035,0.4571845233440399,1.0504709482192993,0.051384128630161285,21
8,0.8,baseline,0,1,1.4800002574920654,0.017724554985761642,0.493402361869812,1.026707410812378,0.0498124323785305,21
8,0.8,baseline,0,2,1.2672866582870483,0.025315582752227783,0.4775230586528778,1.0045863389968872,0.05004575848579407,21
8,0.8,baseline,0,3,1.2337963581085205,0.026239488273859024,0.4645458161830902,1.0137571096420288,0.049259379506111145,21
8,0.8,baseline,0,4,1.2186493873596191,0.023131657391786575,0.4599674642086029,0.9983271956443787,0.049591392278671265,21
8,0.8,baseline,0,5,1.3315858840942383,0.04121500253677368,0.4403995871543884,1.0305970907211304,0.051984965801239014,21
8,0.8,baseline,0,6,1.245477557182312,0.02665652148425579,0.4599617123603821,1.0095025300979614,0.04985733702778816,21
8,0.8,baseline,0,7,1.4881678819656372,0.018023831769824028,0.47408461570739746,0.9902788996696472,0.05075059458613396,21
8,0.8,baseline,0,8,1.4342308044433594,0.023793699219822884,0.46871861815452576,1.0247808694839478,0.05018273741006851,21
8,0.8,baseline,0,9,1.4885733127593994,0.033074960112571716,0.49420493841171265,1.0174806118011475,0.05016975849866867,21
8,0.8,baseline,0,10,1.4108976125717163,0.017980467528104782,0.448174387216568,0.995391845703125,0.05133181810379028,21
8,0.8,baseline,0,11,1.467206358909607,0.018985306844115257,0.46058183908462524,1.016905665397644,0.04909076541662216,21
8,0.8,baseline,0,12,1.3247196674346924,0.031175199896097183,0.46798020601272583,1.0035492181777954,0.04920835420489311,21
8,0.8,baseline,0,13,1.2252901792526245,0.26214340329170227,0.38260674476623535,1.7637841701507568,0.007180571556091309,21
8,0.8,baseline,0,14,1.4164897203445435,0.029606128111481667,0.4446755647659302,1.022579550743103,0.04798830300569534,21
8,0.8,baseline,0,15,1.2698827981948853,0.03558080270886421,0.44152966141700745,1.0194697380065918,0.04918159171938896,21
8,0.8,baseline,0,16,1.342956304550171,0.030328141525387764,0.40716567635536194,0.9036516547203064,0.057102449238300323,21
8,0.8,baseline,0,17,1.911596417427063,0.5157617330551147,0.5973829030990601,1.021337866783142,0.030100148171186447,21
8,0.8,baseline,0,19,0.5490087866783142,0.06343945860862732,0.07305730879306793,0.228807270526886,0.1057988777756691,21
8,0.8,baseline,0,26,1.0478172302246094,0.5118057727813721,0.178471639752388,0.44996631145477295,0.05730947107076645,21
8,0.8,baseline,0,73,0.47193583846092224,0.4980293810367584,0.03637223690748215,0.07850193977355957,0.07741545140743256,21
8,0.8,baseline,1,0,1.6794204711914062,0.04001060500741005,0.8158439993858337,1.1443426609039307,0.0025769020430743694,18
8,0.8,baseline,1,1,1.403182029724121,0.06192738562822342,0.4817969799041748,1.0363876819610596,0.05838437378406525,18
8,0.8,baseline,1,2,1.2900280952453613,0.03974965959787369,0.457091361284256,1.042313575744629,0.05937328189611435,18
8,0.8,baseline,1,3,1.5481257438659668,0.08431645482778549,0.49746832251548767,1.0437133312225342,0.0569247305393219,18
8,0.8,baseline,1,4,1.3689767122268677,0.04614153504371643,0.4750909209251404,0.9943848848342896,0.05815903842449188,18
8,0.8,baseline,1,5,1.5544387102127075,0.08139074593782425,0.4723377823829651,0.9859630465507507,0.05922851711511612,18
8,0.8,baseline,1,6,1.3602994680404663,0.04581527039408684,0.46918588876724243,0.9923357963562012,0.05830184742808342,18
8,0.8,baseline,1,7,1.2548317909240723,0.03975657746195793,0.4317874610424042,1.0113097429275513,0.06118667870759964,18
8,0.8,baseline,1,8,1.5413740873336792,0.0819181278347969,0.46446242928504944,1.0085322856903076,0.05782855302095413,18
8,0.8,baseline,1,9,1.349075198173523,0.06089138239622116,0.4456274211406708,0.9966503381729126,0.060783177614212036,18
8,0.8,baseline,1,10,1.492250680923462,0.0835268497467041,0.46263638138771057,0.9730457067489624,0.061167724430561066,18
8,0.8,baseline,1,11,1.8319450616836548,0.08949694037437439,0.7432933449745178,1.1699827909469604,0.0015300645027309656,18
8,0.8,baseline,1,12,1.6929426193237305,0.06857223063707352,0.45672181248664856,1.040832757949829,0.06375998258590698,18
8,0.8,baseline,1,13,1.4690264463424683,0.03251626342535019,0.4590984284877777,1.0718573331832886,0.059382662177085876,18
8,0.8,baseline,1,14,0.4865938425064087,0.38357195258140564,0.09017488360404968,0.3054962158203125,0.07863660901784897,18
8,0.8,baseline,1,15,1.251030445098877,0.4178387522697449,0.43934011459350586,1.1240756511688232,0.015476437285542488,18
8,0.8,baseline,1,16,1.6762371063232422,0.07121285051107407,0.4474808871746063,1.074781894683838,0.06111711636185646,18
8,0.8,baseline,1,17,1.4428901672363281,0.03328212723135948,0.44263821840286255,1.0154476165771484,0.06296379864215851,18
8,0.8,baseline,2,0,1.2485401630401611,0.015398037619888783,0.4836254417896271,0.9722174406051636,0.02449304796755314,42
8,0.8,baseline,2,1,1.2682702541351318,0.03748646751046181,0.4410112798213959,1.0179463624954224,0.024363256990909576,42
8,0.8,baseline,2,2,1.2591474056243896,0.01828153058886528,0.45405471324920654,1.0224530696868896,0.024498658254742622,42
8,0.8,baseline,2,3,1.1965621709823608,0.0601046122610569,0.38647031784057617,1.2069008350372314,0.026998400688171387,42
8,0.8,baseline,2,4,1.304443359375,0.016587698832154274,0.48741135001182556,1.018878698348999,0.023932021111249924,42
8,0.8,baseline,2,5,1.3102666139602661,0.03153428062796593,0.4592728614807129,0.9956437945365906,0.024328868836164474,42
8,0.8,baseline,2,6,1.2613447904586792,0.046429816633462906,0.3942635655403137,1.1240872144699097,0.025310246273875237,42
8,0.8,baseline,2,7,1.1476465463638306,0.024312907829880714,0.4266310930252075,1.0207393169403076,0.025538915768265724,42
8,0.8,baseline,2,8,1.3208330869674683,0.018919726833701134,0.4879818558692932,1.0010135173797607,0.024695413187146187,42
8,0.8,baseline,2,9,1.533363938331604,0.07148037105798721,0.4649029076099396,1.0042051076889038,0.02263086475431919,42
8,0.8,baseline,2,10,1.4352778196334839,0.09595637023448944,0.37208929657936096,1.3088898658752441,0.026439553126692772,42
8,0.8,baseline,2,11,1.5167007446289062,0.049411341547966,0.4279877245426178,1.0500885248184204,0.026373224332928658,42
8,0.8,baseline,2,12,1.3836692571640015,0.053061991930007935,0.39842379093170166,1.0476408004760742,0.028152916580438614,42
8,0.8,baseline,2,13,1.2767376899719238,0.3544340431690216,0.21836300194263458,1.8916306495666504,0.03709705173969269,42
8,0.8,baseline,2,14,1.4725487232208252,0.028541631996631622,0.43416380882263184,1.0341997146606445,0.025201596319675446,42
8,0.8,baseline,2,15,1.2896233797073364,0.036729440093040466,0.42737022042274475,1.0040825605392456,0.02573532611131668,42
8,0.8,baseline,2,16,1.1516448259353638,0.06228724494576454,0.29485633969306946,0.9258600473403931,0.037882983684539795,42
8,0.8,baseline,2,17,1.150813341140747,0.04058817774057388,0.31532490253448486,0.9063775539398193,0.02903928980231285,42
8,0.8,baseline,2,21,0.5790364742279053,0.643388569355011,0.027566729113459587,0.06618726253509521,0.02837427705526352,42
8,0.8,baseline,2,22,0.3299140930175781,0.6583601832389832,0.008802836760878563,0.013292253017425537,0.02330147847533226,42
8,0.8,baseline,2,38,0.8947591781616211,0.6840565204620361,0.06320913881063461,0.0,0.018366044387221336,42
8,0.8,baseline,2,39,0.31259796023368835,0.6815698146820068,0.00771860359236598,0.006844699382781982,0.016587205231189728,42
8,0.8,baseline,2,40,0.7473495602607727,0.6839327216148376,0.04411091282963753,0.058571577072143555,0.016593709588050842,42
8,0.8,baseline,2,44,0.8052060604095459,0.684025764465332,0.05115247517824173,0.0,0.01786932721734047,42
8,0.8,baseline,2,45,0.8818144798278809,0.68145352602005,0.061952605843544006,0.10079866647720337,0.021010415628552437,42
8,0.8,baseline,2,48,0.4122862219810486,0.6830833554267883,0.013425428420305252,0.016849100589752197,0.016555124893784523,42
8,0.8,baseline,2,52,0.7140790224075317,0.6805956959724426,0.0407070554792881,0.06794047355651855,0.023253530263900757,42
8,0.8,baseline,2,55,0.7933701276779175,0.6815372705459595,0.05013258010149002,0.09092605113983154,0.02124563790857792,42
8,0.8,baseline,2,56,0.4943857491016388,0.6834747791290283,0.019294045865535736,0.020129382610321045,0.016901152208447456,42
8,0.8,baseline,2,58,0.35558632016181946,0.6814737915992737,0.009992185980081558,0.0,0.016836386173963547,42
8,0.8,baseline,2,59,0.775725245475769,0.6840449571609497,0.04751073196530342,0.05510348081588745,0.01688959263265133,42
8,0.8,baseline,2,61,0.5256175994873047,0.6801270842552185,0.02207767218351364,0.03281587362289429,0.024354785680770874,42
8,0.8,baseline,2,63,0.6863454580307007,0.6838448643684387,0.03720321133732796,0.0,0.0177665576338768,42
8,0.8,baseline,2,67,0.6749972701072693,0.6813470721244812,0.03630739450454712,0.06595349311828613,0.022143984213471413,42
8,0.8,baseline,2,69,0.6599366664886475,0.6808118224143982,0.03471478074789047,0.05017465353012085,0.023400045931339264,42
8,0.8,baseline,2,70,0.3976174294948578,0.6767239570617676,0.012738372199237347,0.029318630695343018,0.027835199609398842,42
8,0.8,baseline,2,71,0.672981858253479,0.680653989315033,0.036122288554906845,0.06645619869232178,0.023206355050206184,42
8,0.8,baseline,2,72,0.5697639584541321,0.6803231835365295,0.025934992358088493,0.03753167390823364,0.02394765242934227,42
8,0.8,baseline,2,73,0.5833148956298828,0.6806080937385559,0.027162183076143265,0.050862014293670654,0.02338181994855404,42
8,0.8,baseline,2,75,0.33941641449928284,0.6756637692451477,0.009292093105614185,0.019660472869873047,0.029602957889437675,42
8,0.8,baseline,2,76,0.858272910118103,0.6812692284584045,0.058709632605314255,0.10015314817428589,0.02133762277662754,42
8,0.8,baseline,2,77,0.7482985258102417,0.6809634566307068,0.04461175948381424,0.06712460517883301,0.02245073951780796,42
8,0.8,baseline,3,0,1.3219377994537354,0.06714802235364914,0.5024564862251282,0.9910721778869629,0.044372960925102234,23
8,0.8,baseline,3,1,1.3359265327453613,0.04480424150824547,0.485630065202713,0.9995243549346924,0.04540112987160683,23
8,0.8,baseline,3,2,1.3901735544204712,0.05782028287649155,0.5079987049102783,0.9932993650436401,0.04456047713756561,23
8,0.8,baseline,3,3,1.6727726459503174,0.05738089233636856,0.5390845537185669,1.0236676931381226,0.04227972403168678,23
8,0.8,baseline,3,4,1.3198050260543823,0.04479072615504265,0.4740966260433197,1.0037447214126587,0.045197080820798874,23
8,0.8,baseline,3,5,1.400714635848999,0.049880847334861755,0.4886457026004791,1.0081137418746948,0.04583375155925751,23
8,0.8,baseline,3,6,1.5768065452575684,0.061185698956251144,0.4893263876438141,1.0321455001831055,0.04492254555225372,23
8,0.8,baseline,3,7,1.5675016641616821,0.06102165952324867,0.4836360514163971,0.9933527708053589,0.04673955217003822,23
8,0.8,baseline,3,8,1.6565887928009033,0.04086872562766075,0.5319284796714783,1.0223095417022705,0.04467378556728363,23
8,0.8,baseline,3,9,1.2700964212417603,0.06711573898792267,0.46426886320114136,0.9841070175170898,0.04473959282040596,23
8,0.8,baseline,3,10,1.4205394983291626,0.09073414653539658,0.4309028387069702,1.0067574977874756,0.04957897961139679,23
8,0.8,baseline,3,11,1.1002873182296753,0.20391662418842316,0.3480397164821625,1.3894678354263306,0.05687066540122032,23
8,0.8,baseline,3,12,1.3543646335601807,0.050248026847839355,0.45650675892829895,1.0139648914337158,0.04551347345113754,23
8,0.8,baseline,3,14,1.2920475006103516,0.05827723816037178,0.4381357729434967,0.9823462963104248,0.04496924206614494,23
8,0.8,baseline,3,16,1.4309253692626953,0.11662627011537552,0.3737863004207611,1.070430874824524,0.05207037553191185,23
8,0.8,baseline,3,17,2.1244139671325684,0.09696726500988007,0.4673307538032532,0.9633851051330566,0.0467224158346653,23
8,0.8,baseline,3,18,1.47944974899292,0.05705871433019638,0.42163604497909546,0.9338791966438293,0.0464244969189167,23
8,0.8,baseline,3,19,1.5460132360458374,0.040866971015930176,0.46327149868011475,0.9891586303710938,0.04622549191117287,23
8,0.8,baseline,3,20,0.3886098563671112,0.18248538672924042,0.04191528633236885,0.24727678298950195,0.11451268196105957,23
8,0.8,baseline,3,21,0.8190804123878479,0.14733515679836273,0.07249714434146881,0.19596773386001587,0.10509257763624191,23
8,0.8,baseline,3,22,1.9812536239624023,0.10127125680446625,0.4019532799720764,0.8872730731964111,0.04993182048201561,23
8,0.8,baseline,3,23,0.8499057292938232,0.20754751563072205,0.19947776198387146,0.9558413624763489,0.07780293375253677,23
8,0.8,baseline,3,25,0.5600912570953369,0.14328376948833466,0.033776115626096725,0.11379903554916382,0.10599622130393982,23
8,0.8,baseline,4,0,1.283047080039978,0.05372454971075058,0.5083267688751221,1.047675609588623,0.049150578677654266,21
8,0.8,baseline,4,1,1.2254023551940918,0.047551229596138,0.49385103583335876,1.0102429389953613,0.04898542910814285,21
8,0.8,baseline,4,2,1.2918044328689575,0.045834142714738846,0.48883235454559326,1.0106587409973145,0.05009261891245842,21
8,0.8,baseline,4,3,1.4853770732879639,0.059020575135946274,0.495773583650589,1.032748818397522,0.050407957285642624,21
8,0.8,baseline,4,4,1.280726671218872,0.04592667520046234,0.48043695092201233,1.009905219078064,0.050113022327423096,21
8,0.8,baseline,4,5,1.4595682621002197,0.059145793318748474,0.4787258803844452,1.0109212398529053,0.05151669308543205,21
8,0.8,baseline,4,6,1.4992668628692627,0.03765780106186867,0.4992654025554657,1.0084187984466553,0.04833497107028961,21
8,0.8,baseline,4,7,1.1883779764175415,0.04754103347659111,0.46414294838905334,0.9867367744445801,0.05012999102473259,21
8,0.8,baseline,4,8,1.5201754570007324,0.04772869125008583,0.48194676637649536,0.9985271096229553,0.050427086651325226,21
8,0.8,baseline,4,9,1.2290478944778442,0.05371398478746414,0.4666078984737396,0.9899759888648987,0.052080024033784866,21
8,0.8,baseline,4,10,1.6311992406845093,0.03381379693746567,0.4915873408317566,0.995453953742981,0.04800241068005562,21
8,0.8,baseline,4,11,1.4960675239562988,0.04890400171279907,0.46652036905288696,1.0094056129455566,0.04975593835115433,21
8,0.8,baseline,4,12,1.4544726610183716,0.0376271978020668,0.4698233902454376,0.9724693298339844,0.050123780965805054,21
8,0.8,baseline,4,13,1.7336294651031494,0.029360240325331688,0.5047019720077515,1.0181734561920166,0.05064151808619499,21
8,0.8,baseline,4,14,1.4999407529830933,0.04873248189687729,0.44033870100975037,1.0720009803771973,0.05196971818804741,21
8,0.8,baseline,4,15,1.600797414779663,0.03447870537638664,0.47331681847572327,0.9642881155014038,0.049439042806625366,21
8,0.8,baseline,4,16,1.4838404655456543,0.04793738201260567,0.4314575791358948,1.039962887763977,0.05377237871289253,21
8,0.8,baseline,4,17,0.8925595283508301,0.46469372510910034,0.22280597686767578,0.8810649514198303,0.08778060972690582,21
8,0.8,baseline,4,18,1.6942179203033447,0.02960887737572193,0.4821052551269531,1.0177422761917114,0.050726138055324554,21
8,0.8,baseline,4,20,1.0492632389068604,0.47986429929733276,0.32140445709228516,1.4452331066131592,0.05983893200755119,21
8,0.8,baseline,4,22,0.44797974824905396,0.5068578720092773,0.06491676717996597,0.30273765325546265,0.11688302457332611,21
8,0.8,input_at,0,0,1.9401917457580566,0.02416742593050003,0.7160298824310303,1.1316508054733276,-0.006703002844005823,67
8,0.8,input_at,0,1,1.637721300125122,0.07443719357252121,0.5442982316017151,1.1793498992919922,0.016406262293457985,67
8,0.8,input_at,0,3,1.6310087442398071,0.08346562087535858,0.5274937748908997,1.114119291305542,0.015399723313748837,67
8,0.8,input_at,0,4,1.0385993719100952,0.03121311403810978,0.48891139030456543,1.2263864278793335,0.00208485615439713,67
8,0.8,input_at,0,5,1.1784945726394653,0.032984331250190735,0.4414702355861664,2.3967087268829346,0.016706589609384537,67
8,0.8,input_at,0,6,1.2174067497253418,0.05155082419514656,0.39303088188171387,2.2538678646087646,0.015735821798443794,67
8,0.8,input_at,0,7,1.7197099924087524,0.058233875781297684,0.46891042590141296,1.062393069267273,0.011335363611578941,67
8,0.8,input_at,0,8,0.32654768228530884,0.2517510652542114,0.017771832644939423,0.0020805001258850098,0.00041147100273519754,67
8,0.8,input_at,0,9,0.5049387216567993,0.1413649618625641,0.04479505866765976,0.10853111743927002,0.01803845725953579,67
8,0.8,input_at,0,10,0.7754015922546387,0.03783610090613365,0.19409213960170746,0.6016964316368103,0.018169214949011803,67
8,0.8,input_at,0,11,0.3621939420700073,0.26513439416885376,0.016586290672421455,0.003133058547973633,0.001427679555490613,67
8,0.8,input_at,0,13,1.112637996673584,0.049486659467220306,0.20698775351047516,0.7032321095466614,0.0215668473392725,67
8,0.8,input_at,0,14,0.7821729183197021,0.2214938849210739,0.06683193892240524,0.11385917663574219,0.018798796460032463,67
8,0.8,input_at,0,15,0.6027185320854187,0.24598795175552368,0.06233271583914757,0.008806943893432617,0.00024455387028865516,67
8,0.8,input_at,0,17,1.7608888149261475,0.214462012052536,0.29841503500938416,2.3126602172851562e-05,-9.419283014722168e-05,67
8,0.8,input_at,0,18,0.3757246434688568,0.24371811747550964,0.023828091099858284,0.008997797966003418,0.00034203301765955985,67
8,0.8,input_at,0,19,0.6302588582038879,0.26506760716438293,0.047045838087797165,0.0002956390380859375,0.0003740158281289041,67
8,0.8,input_at,0,22,0.6635054349899292,0.23874524235725403,0.0537174828350544,0.0024956464767456055,0.00020694643899332732,67
8,0.8,input_at,0,23,0.4128880500793457,0.2180386483669281,0.032579705119132996,0.006411075592041016,0.0005145450122654438,67
8,0.8,input_at,0,24,0.5147823691368103,0.2025802880525589,0.04389343410730362,0.026108622550964355,0.0008296796004287899,67
8,0.8,input_at,0,26,0.5197350382804871,0.24177739024162292,0.030628295615315437,0.0008401870727539062,-0.0033552038948982954,67
8,0.8,input_at,0,27,0.9384257793426514,0.24629199504852295,0.09582582861185074,0.0031305551528930664,-0.0003800670092459768,67
8,0.8,input_at,0,28,0.353842556476593,0.27667245268821716,0.013006611727178097,0.001783132553100586,-0.00011612330854404718,67
8,0.8,input_at,0,29,0.43595537543296814,0.23717451095581055,0.02542809769511223,0.019401073455810547,8.926010195864365e-05,67
8,0.8,input_at,0,30,0.5094611048698425,0.1872953176498413,0.028610149398446083,0.009179830551147461,0.0017094024224206805,67
8,0.8,input_at,0,31,0.4363837242126465,0.23532891273498535,0.028251152485609055,-0.0006998777389526367,0.0005867054569534957,67
8,0.8,input_at,0,32,0.658645749092102,0.2763001620769501,0.04859497398138046,0.0013791322708129883,0.00013804645277559757,67
8,0.8,input_at,0,33,0.7600302696228027,0.2596610486507416,0.055123697966337204,0.0012674331665039062,-0.002229388803243637,67
8,0.8,input_at,0,34,0.4644586741924286,0.21918533742427826,0.03752894699573517,0.028377056121826172,-0.00630125030875206,67
8,0.8,input_at,0,35,0.6005052924156189,0.17793947458267212,0.07012733072042465,0.003680586814880371,5.569453787757084e-05,67
8,0.8,input_at,0,36,0.3614577054977417,0.2250693142414093,0.015341590158641338,0.0002951622009277344,-0.0021786156576126814,67
8,0.8,input_at,0,37,0.46877437829971313,0.23807071149349213,0.021691080182790756,-0.004321575164794922,-0.004720247816294432,67
8,0.8,input_at,0,38,0.5542147159576416,0.2430163472890854,0.04625510424375534,0.0006914138793945312,0.0003241320082452148,67
8,0.8,input_at,0,39,0.5315569639205933,0.24379682540893555,0.03330880030989647,0.008893489837646484,-0.0020089473109692335,67
8,0.8,input_at,0,40,0.34997302293777466,0.2421955168247223,0.01433939766138792,0.013854265213012695,-0.006803031545132399,67
8,0.8,input_at,0,42,0.5479183197021484,0.2603611946105957,0.03362281620502472,0.0006110668182373047,-0.0059564076364040375,67
8,0.8,input_at,0,43,0.4232568144798279,0.2647256553173065,0.019338566809892654,0.0002503395080566406,0.00020619886345230043,67
8,0.8,input_at,0,44,0.4162212014198303,0.22926031053066254,0.01998356357216835,0.0017508268356323242,0.0005399080109782517,67
8,0.8,input_at,0,45,0.6438407301902771,0.23630598187446594,0.05391957238316536,0.0019339323043823242,0.00035662855952978134,67
8,0.8,input_at,0,46,0.6607601046562195,0.24754688143730164,0.05046996846795082,-0.0004183053970336914,0.00010821494652191177,67
8,0.8,input_at,0,48,0.4900493919849396,0.18747760355472565,0.04804759845137596,0.005659699440002441,-0.0009054474649019539,67
8,0.8,input_at,0,50,0.9617173075675964,0.23265674710273743,0.10564300417900085,0.006540536880493164,-0.005324418656527996,67
8,0.8,input_at,0,51,0.8542900085449219,0.24206604063510895,0.09545722603797913,0.045114755630493164,0.011541671119630337,67
8,0.8,input_at,0,52,0.9915556907653809,0.2461117058992386,0.1141035333275795,0.002214193344116211,-0.0018359138630330563,67
8,0.8,input_at,0,53,0.4963937997817993,0.23907175660133362,0.02921076864004135,0.0010156631469726562,-0.0003044025506824255,67
8,0.8,input_at,0,54,0.4822984039783478,0.20064084231853485,0.03390561789274216,0.0005397796630859375,-0.0010674369987100363,67
8,0.8,input_at,0,55,0.5230557322502136,0.23721791803836823,0.0307165440171957,0.0005273818969726562,-0.0031331072095781565,67
8,0.8,input_at,0,56,0.42828017473220825,0.24842168390750885,0.024629153311252594,0.0004431009292602539,0.00026581500424072146,67
8,0.8,input_at,0,57,0.3523240089416504,0.1993585228919983,0.015333279967308044,4.458427429199219e-05,2.091793248837348e-05,67
8,0.8,input_at,0,58,0.7139749526977539,0.21458345651626587,0.08311604708433151,0.0020945072174072266,-0.0004813131527043879,67
8,0.8,input_at,0,59,1.2464264631271362,0.20950962603092194,0.16276605427265167,0.001145005226135254,-0.00045269119436852634,67
8,0.8,input_at,0,60,0.3461645245552063,0.1715279221534729,0.025278031826019287,0.0005383491516113281,0.0002709386171773076,67
8,0.8,input_at,0,61,0.6058327555656433,0.19609972834587097,0.05310914292931557,0.001847982406616211,-0.003400700632482767,67
8,0.8,input_at,0,62,0.3281005918979645,0.22270680963993073,0.012305190786719322,0.0004971027374267578,-0.00013489375123754144,67
8,0.8,input_at,0,65,0.49727076292037964,0.18267643451690674,0.045263536274433136,0.0010627508163452148,0.0001906309771584347,67
8,0.8,input_at,0,66,0.5868642926216125,0.21630685031414032,0.046782366931438446,0.00829768180847168,-0.001384912058711052,67
8,0.8,input_at,0,67,0.6918284296989441,0.2324213981628418,0.05816962197422981,0.03319549560546875,-0.006155966315418482,67
8,0.8,input_at,0,68,0.3799961507320404,0.23166342079639435,0.018120527267456055,0.033551573753356934,-0.0019797259010374546,67
8,0.8,input_at,0,69,1.0811408758163452,0.20599746704101562,0.12072262167930603,0.000628352165222168,-0.0006905207992531359,67
8,0.8,input_at,0,71,0.3104122281074524,0.2123650163412094,0.012515227310359478,0.003125786781311035,-3.405700044822879e-05,67
8,0.8,input_at,0,72,0.6210963129997253,0.17642338573932648,0.05211687833070755,7.939338684082031e-05,0.001598091796040535,67
8,0.8,input_at,0,73,1.6505210399627686,0.18712089955806732,0.26780733466148376,-0.00015211105346679688,-0.0001352707768091932,67
8,0.8,input_at,0,74,0.5140339136123657,0.18511337041854858,0.0374419279396534,0.0033397674560546875,0.0032853223383426666,67
8,0.8,input_at,0,75,0.4400610029697418,0.17863400280475616,0.02637634240090847,0.0007697343826293945,-2.0385593870742014e-06,67
8,0.8,input_at,0,77,0.6916214823722839,0.2468005269765854,0.07402446866035461,0.0010685920715332031,0.0002964658197015524,67
8,0.8,input_at,0,78,0.7025255560874939,0.22083336114883423,0.05965781584382057,0.008380293846130371,-0.005043033976107836,67
8,0.8,input_at,0,79,0.6075526475906372,0.25111979246139526,0.04137181118130684,0.0011047124862670898,0.00012671698641497642,67
8,0.8,input_at,1,0,1.1748111248016357,0.01636350527405739,0.8910349607467651,1.1458772420883179,-0.0002447309670969844,32
8,0.8,input_at,1,1,1.7129117250442505,0.20092186331748962,0.5821667909622192,1.162799596786499,0.0002604041073936969,32
8,0.8,input_at,1,2,1.0821270942687988,0.004708168096840382,0.919039249420166,1.092911720275879,0.00024614008725620806,32
8,0.8,input_at,1,3,0.8500002026557922,0.31570863723754883,0.16410699486732483,0.4823528528213501,0.056592121720314026,32
8,0.8,input_at,1,4,1.213322639465332,0.0533529594540596,0.6621878743171692,1.8927172422409058,0.0010163519764319062,32
8,0.8,input_at,1,6,0.3662731349468231,0.07872126996517181,0.041195616126060486,0.1416187286376953,0.05457484722137451,32
8,0.8,input_at,1,7,1.4252443313598633,0.11048147827386856,0.6256827116012573,1.1041438579559326,0.01367848552763462,32
8,0.8,input_at,1,9,1.1772980690002441,0.04480336979031563,0.4462038576602936,1.0317257642745972,0.033862657845020294,32
8,0.8,input_at,1,10,1.4754983186721802,0.058669090270996094,0.44751647114753723,1.0402724742889404,0.040926046669483185,32
8,0.8,input_at,1,11,1.4755403995513916,0.029219472780823708,0.4782089293003082,0.9710966348648071,0.03391280397772789,32
8,0.8,input_at,1,12,1.4784197807312012,0.028785213828086853,0.48042380809783936,1.049625039100647,0.031131697818636894,32
8,0.8,input_at,1,13,1.4698035717010498,0.05726519599556923,0.4454767107963562,1.2428349256515503,0.03400804102420807,32
8,0.8,input_at,1,14,0.3584538996219635,0.29879528284072876,0.02736605331301689,0.1893519163131714,0.07099884748458862,32
8,0.8,input_at,1,15,1.2515208721160889,0.0779966488480568,0.4118049442768097,0.9546403884887695,0.029957182705402374,32
8,0.8,input_at,1,16,0.49769675731658936,0.3317575454711914,0.05008804053068161,0.28329843282699585,0.06704753637313843,32
8,0.8,input_at,1,17,0.6685847043991089,0.3120952248573303,0.09255923330783844,0.4083431363105774,0.061879705637693405,32
8,0.8,input_at,1,18,0.3511822521686554,0.33753854036331177,0.024912916123867035,0.18078291416168213,0.07105590403079987,32
8,0.8,input_at,1,19,0.6045127511024475,0.385281503200531,0.0693276897072792,0.3413246273994446,0.06389303505420685,32
8,0.8,input_at,1,39,0.3410552144050598,0.6704785227775574,0.01836179569363594,0.0014927387237548828,0.0016759438440203667,32
8,0.8,input_at,1,46,0.7425552010536194,0.6810643672943115,0.0858016163110733,0.004111528396606445,0.0014481436228379607,32
8,0.8,input_at,1,55,0.3387010097503662,0.6838425397872925,0.017770299687981606,0.0009198188781738281,0.002004749607294798,32
8,0.8,input_at,1,56,0.3169728219509125,0.6836605072021484,0.015579378232359886,0.0006718635559082031,0.0016228948952630162,32
8,0.8,input_at,1,57,0.561791181564331,0.681962788105011,0.04911387711763382,0.001460433006286621,0.001039488473907113,32
8,0.8,input_at,1,58,0.31836339831352234,0.6828539371490479,0.015780983492732048,0.0008856058120727539,0.0018416716484352946,32
8,0.8,input_at,1,59,0.6263039708137512,0.6809527277946472,0.061088770627975464,0.0026341676712036133,0.001214642426930368,32
8,0.8,input_at,1,61,0.3664397597312927,0.6742830872535706,0.021079765632748604,0.0016758441925048828,0.0010579812806099653,32
8,0.8,input_at,1,65,0.3222797214984894,0.683623731136322,0.016112113371491432,0.0008990764617919922,0.0019178627990186214,32
8,0.8,input_at,1,68,0.7711610198020935,0.6812521815299988,0.09267739206552505,0.002395153045654297,0.00106155127286911,32
8,0.8,input_at,1,69,0.33024322986602783,0.6840633749961853,0.016912352293729782,0.001094222068786621,0.0018646711250767112,32
8,0.8,input_at,1,73,0.7328685522079468,0.6755342483520508,0.08436308056116104,0.006291866302490234,0.0008511474588885903,32
8,0.8,input_at,1,74,0.5096442699432373,0.6733850836753845,0.04093336686491966,0.0029560327529907227,0.0011628776555880904,32
8,0.8,input_at,1,76,0.3179982602596283,0.6707889437675476,0.015987640246748924,0.0012542009353637695,0.0014769777189940214,32
8,0.8,input_at,2,0,2.4658467769622803,0.01780666783452034,0.8145812153816223,1.1610915660858154,-0.00495182815939188,65
8,0.8,input_at,2,1,1.2574373483657837,0.057791680097579956,0.4702981412410736,1.4447283744812012,0.001065827440470457,65
8,0.8,input_at,2,2,1.4733814001083374,0.06199431046843529,0.49172720313072205,1.1644253730773926,-0.001584902172908187,65
8,0.8,input_at,2,3,1.4210214614868164,0.07443965971469879,0.333804726600647,1.2285606861114502,0.0002549380296841264,65
8,0.8,input_at,2,4,1.9068176746368408,0.04436822235584259,0.6044221520423889,1.12761652469635,-0.003097213339060545,65
8,0.8,input_at,2,5,1.3723379373550415,0.0897679254412651,0.39652395248413086,1.2293342351913452,0.016015134751796722,65
8,0.8,input_at,2,6,0.853306770324707,0.18295377492904663,0.12115465104579926,0.45900917053222656,0.03076235204935074,65
8,0.8,input_at,2,7,0.33164694905281067,0.3417641818523407,0.010758999735116959,0.01218271255493164,0.016152415424585342,65
8,0.8,input_at,2,8,0.41020673513412476,0.21716538071632385,0.024422429502010345,0.0708724856376648,0.019534535706043243,65
8,0.8,input_at,2,9,0.41187942028045654,0.3300362527370453,0.01613103598356247,0.028945088386535645,0.005785596556961536,65
8,0.8,input_at,2,10,0.6285092830657959,0.28171515464782715,0.044479090720415115,0.18767684698104858,0.04170721396803856,65
8,0.8,input_at,2,11,0.37448224425315857,0.35973477363586426,0.012985710054636002,0.0015219449996948242,0.00041486910777166486,65
8,0.8,input_at,2,13,0.33619362115859985,0.36691543459892273,0.009426842443645,0.0003498196601867676,0.0007136712083593011,65
8,0.8,input_at,2,15,0.40748509764671326,0.3585880994796753,0.013681197538971901,0.003065824508666992,0.0011213446268811822,65
8,0.8,input_at,2,18,0.32827338576316833,0.2072509378194809,0.020556604489684105,0.0017660856246948242,0.00032771582482382655,65
8,0.8,input_at,2,21,0.9020606875419617,0.36728888750076294,0.06530806422233582,0.002465963363647461,0.00026702904142439365,65
8,0.8,input_at,2,22,0.4511350691318512,0.29634329676628113,0.019043801352381706,0.0019199848175048828,0.0006297408835962415,65
8,0.8,input_at,2,23,0.3776490390300751,0.21355345845222473,0.02421126514673233,0.0011823177337646484,0.00011970114428550005,65
8,0.8,input_at,2,24,0.3496023714542389,0.2823953628540039,0.01251181960105896,0.002422332763671875,0.0001926672412082553,65
8,0.8,input_at,2,26,0.5866201519966125,0.2692045271396637,0.044165659695863724,0.012588858604431152,0.0010838909074664116,65
8,0.8,input_at,2,27,0.5074985027313232,0.23516196012496948,0.04290932044386864,0.0011142492294311523,7.179749445640482e-06,65
8,0.8,input_at,2,28,0.775338888168335,0.3323976993560791,0.06272759288549423,0.0014334917068481445,4.024114605272189e-05,65
8,0.8,input_at,2,29,0.3006168007850647,0.27521172165870667,0.014863109216094017,0.0007944107055664062,-0.0003125855000689626,65
8,0.8,input_at,2,31,0.4226992428302765,0.22541335225105286,0.0315144881606102,0.00018978118896484375,7.560467929579318e-05,65
8,0.8,input_at,2,32,0.318422794342041,0.3001742660999298,0.012041933834552765,0.0011199712753295898,-2.0959487301297486e-05,65
8,0.8,input_at,2,33,0.33499354124069214,0.23962068557739258,0.016981109976768494,0.008276939392089844,0.002518007531762123,65
8,0.8,input_at,2,38,1.0370651483535767,0.30654409527778625,0.09267069399356842,-3.5762786865234375e-06,-0.00015390635235235095,65
8,0.8,input_at,2,39,0.32513418793678284,0.29062625765800476,0.010726743377745152,0.0007448196411132812,0.00022319825075101107,65
8,0.8,input_at,2,40,1.2300223112106323,0.325888991355896,0.12863591313362122,0.0048809051513671875,5.886220606043935e-06,65
8,0.8,input_at,2,41,0.48893973231315613,0.18645845353603363,0.06326133012771606,0.013574600219726562,0.001304150209762156,65
8,0.8,input_at,2,42,0.7968897223472595,0.2534988522529602,0.09693528711795807,0.0018144845962524414,-0.00032524330890737474,65
8,0.8,input_at,2,43,0.5385876893997192,0.21241798996925354,0.05497920513153076,0.001769423484802246,-0.001136324368417263,65
8,0.8,input_at,2,44,1.1189308166503906,0.3264985978603363,0.09886271506547928,-3.4570693969726562e-06,-0.001212047878652811,65
8,0.8,input_at,2,45,0.7317480444908142,0.37057799100875854,0.04252881184220314,0.001287698745727539,-4.149027517996728e-06,65
8,0.8,input_at,2,46,0.3679356873035431,0.14825481176376343,0.025780845433473587,0.003598451614379883,0.0008828600402921438,65
8,0.8,input_at,2,47,0.723603367805481,0.23278836905956268,0.08258526772260666,0.01755213737487793,5.350681021809578e-05,65
8,0.8,input_at,2,48,0.7015403509140015,0.35984212160110474,0.03877471759915352,-2.7418136596679688e-05,-0.00041675864486023784,65
8,0.8,input_at,2,50,0.4290459454059601,0.11906199157238007,0.03733989968895912,0.0045490264892578125,0.0006373310461640358,65
8,0.8,input_at,2,51,0.9226465821266174,0.2793119251728058,0.09063645452260971,0.006885409355163574,0.0005764317465946078,65
8,0.8,input_at,2,52,0.5529859066009521,0.377713143825531,0.02438034676015377,0.0007649660110473633,0.00016988202696666121,65
8,0.8,input_at,2,53,0.3968067765235901,0.26140591502189636,0.01953178457915783,0.015328645706176758,0.004216467961668968,65
8,0.8,input_at,2,54,0.548637330532074,0.3461904525756836,0.02697502076625824,0.0014138221740722656,-0.0002559853601269424,65
8,0.8,input_at,2,55,0.5093376040458679,0.32378584146499634,0.029903126880526543,0.000992417335510254,-0.00012998710735701025,65
8,0.8,input_at,2,56,0.7612634897232056,0.3018711805343628,0.053722091019153595,0.0032383203506469727,7.21741234883666e-05,65
8,0.8,input_at,2,58,0.7392105460166931,0.32261577248573303,0.045864276587963104,-0.00010061264038085938,-0.0006933314725756645,65
8,0.8,input_at,2,59,0.8355879783630371,0.3459855914115906,0.0562112033367157,0.0015079975128173828,-9.624958329368383e-05,65
8,0.8,input_at,2,60,0.3110714554786682,0.1185188740491867,0.016254184767603874,-2.8133392333984375e-05,-0.00027885555755347013,65
8,0.8,input_at,2,61,0.4038730263710022,0.21084706485271454,0.03092539869248867,0.00018858909606933594,-0.000541080953553319,65
8,0.8,input_at,2,62,0.5636994242668152,0.3456001281738281,0.0265989787876606,0.004874110221862793,-0.0012594519648700953,65
8,0.8,input_at,2,63,1.0650633573532104,0.28008225560188293,0.1003667488694191,-1.430511474609375e-06,-0.0013727343175560236,65
8,0.8,input_at,2,65,0.4824616014957428,0.22847655415534973,0.024242306128144264,0.0029157400131225586,-0.0022104184608906507,65
8,0.8,input_at,2,66,0.706404983997345,0.2946198880672455,0.05969267338514328,0.001056671142578125,-0.0005200305604375899,65
8,0.8,input_at,2,67,0.6093756556510925,0.36628708243370056,0.029648058116436005,0.001059412956237793,5.743302608607337e-05,65
8,0.8,input_at,2,68,0.7725950479507446,0.18362833559513092,0.08259741216897964,0.0024472475051879883,0.00028604466933757067,65
8,0.8,input_at,2,69,0.7030189633369446,0.26175111532211304,0.05487971007823944,1.4901161193847656e-05,0.00028846290661022067,65
8,0.8,input_at,2,70,0.38564276695251465,0.2940773665904999,0.014891043305397034,0.0007843971252441406,0.00019726736354641616,65
8,0.8,input_at,2,71,0.657379150390625,0.29252785444259644,0.044925060123205185,1.537799835205078e-05,0.0002400991797912866,65
8,0.8,input_at,2,72,0.6326465010643005,0.3191151022911072,0.037281397730112076,-5.960464477539062e-07,0.00018353857740294188,65
8,0.8,input_at,2,73,0.35418030619621277,0.3610212802886963,0.011810371652245522,0.0003248453140258789,0.00020045552810188383,65
8,0.8,input_at,2,74,1.0780271291732788,0.2589789927005768,0.11265287548303604,0.003650069236755371,-0.0010480034397915006,65
8,0.8,input_at,2,75,0.5454162359237671,0.24331602454185486,0.03109101764857769,2.014636993408203e-05,-0.00016427627997472882,65
8,0.8,input_at,2,76,0.7661530375480652,0.36263957619667053,0.04770646616816521,0.00221097469329834,6.942462641745806e-05,65
8,0.8,input_at,2,77,0.5243461728096008,0.2891581952571869,0.03278713673353195,0.0005682706832885742,-0.00021431900677271187,65
8,0.8,input_at,2,78,0.4445111155509949,0.24709729850292206,0.029354913160204887,0.0012303590774536133,-0.000510311801917851,65
8,0.8,input_at,2,79,0.9217816591262817,0.24914862215518951,0.11640879511833191,0.0009857416152954102,7.323146564885974e-05,65
8,0.8,input_at,3,0,1.2230311632156372,0.031972941011190414,0.8382285237312317,1.1165943145751953,-6.215546818566509e-06,19
8,0.8,input_at,3,1,1.1087350845336914,0.15154722332954407,0.407418429851532,1.8479975461959839,0.006063756067305803,19
8,0.8,input_at,3,2,1.1978440284729004,0.10284046083688736,0.5490926504135132,1.5931096076965332,0.0017854650504887104,19
8,0.8,input_at,3,3,1.5563453435897827,0.014255378395318985,0.9053142666816711,1.1101133823394775,0.0027563106268644333,19
8,0.8,input_at,3,4,1.2458019256591797,0.021414559334516525,0.8533070683479309,1.1310683488845825,0.00019372384122107178,19
8,0.8,input_at,3,5,1.0071228742599487,0.04647880792617798,0.5976643562316895,1.5355616807937622,0.00106260075699538,19
8,0.8,input_at,3,6,1.3796164989471436,0.021570181474089622,0.8584368824958801,1.1161943674087524,0.00031846188358031213,19
8,0.8,input_at,3,7,1.363439917564392,0.060329556465148926,0.4323728680610657,1.0291885137557983,0.05712052807211876,19
8,0.8,input_at,3,8,0.32883477210998535,0.09265351295471191,0.03262665495276451,0.058970510959625244,0.06323188543319702,19
8,0.8,input_at,3,9,1.3541826009750366,0.2246042639017105,0.34564292430877686,0.6558843851089478,0.04217324033379555,19
8,0.8,input_at,3,12,1.340049147605896,0.05296145752072334,0.426844984292984,1.0289188623428345,0.05670710280537605,19
8,0.8,input_at,3,17,0.4442661702632904,0.44503986835479736,0.034485749900341034,0.06237506866455078,0.08159376680850983,19
8,0.8,input_at,3,18,1.5400514602661133,0.17416536808013916,0.40697145462036133,0.6817759871482849,0.04211278632283211,19
8,0.8,input_at,3,20,0.6549109816551208,0.6393241286277771,0.048268672078847885,0.07071244716644287,0.08777663111686707,19
8,0.8,input_at,3,22,1.8898829221725464,0.582183837890625,0.39468297362327576,0.7007067799568176,0.05368679761886597,19
8,0.8,input_at,3,23,0.4544296860694885,0.42573508620262146,0.023652926087379456,0.025629281997680664,0.09388408064842224,19
8,0.8,input_at,3,25,1.582895278930664,0.587297797203064,0.2770257890224457,0.604483962059021,0.058929383754730225,19
8,0.8,input_at,3,26,1.0498583316802979,0.6350722908973694,0.123659648001194,0.2590978145599365,0.07708054780960083,19
8,0.8,input_at,3,30,0.4033006429672241,0.6741604208946228,0.020041361451148987,0.02805769443511963,0.09026151895523071,19
8,0.8,input_at,4,0,1.8564555644989014,0.07619020342826843,0.7293203473091125,1.2555986642837524,-0.010182071477174759,30
8,0.8,input_at,4,1,0.9866418838500977,0.042295511811971664,0.603148877620697,1.1833336353302002,0.005521085578948259,30
8,0.8,input_at,4,2,1.9174411296844482,0.22251830995082855,0.7516132593154907,1.1819742918014526,-0.005967499688267708,30
8,0.8,input_at,4,3,1.1594704389572144,0.026727775111794472,0.4560067653656006,1.0416326522827148,0.035003412514925,30
8,0.8,input_at,4,4,1.1879053115844727,0.0332307294011116,0.39934027194976807,1.065904140472412,0.0385868214070797,30
8,0.8,input_at,4,5,1.3119850158691406,0.02830209583044052,0.4664473235607147,1.004684567451477,0.03287278860807419,30
8,0.8,input_at,4,6,1.385514497756958,0.03330184891819954,0.46975088119506836,1.0073047876358032,0.03418893367052078,30
8,0.8,input_at,4,7,1.1739978790283203,0.030308203771710396,0.3977715075016022,1.10787832736969,0.03715599700808525,30
8,0.8,input_at,4,8,1.1464698314666748,0.025191353633999825,0.45102977752685547,1.0219573974609375,0.03542082756757736,30
8,0.8,input_at,4,9,1.4986507892608643,0.02729944698512554,0.48423904180526733,1.0239046812057495,0.03474963828921318,30
8,0.8,input_at,4,10,1.3076790571212769,0.02716757357120514,0.4647754728794098,0.985865592956543,0.03363917022943497,30
8,0.8,input_at,4,13,1.3760900497436523,0.03266453370451927,0.4628276824951172,0.9795429706573486,0.03504712134599686,30
8,0.8,input_at,4,18,1.4713202714920044,0.026556000113487244,0.4667491018772125,1.0041084289550781,0.03538268059492111,30
8,0.8,input_at,4,47,0.6387849450111389,0.399679958820343,0.1204291507601738,4.1961669921875e-05,-1.8530267880123574e-06,30
8,0.8,input_at,4,49,0.3064565360546112,0.42386728525161743,0.025695016607642174,0.0010439157485961914,-0.00017048820154741406,30
8,0.8,input_at,4,51,0.4404391348361969,0.4945749342441559,0.03875569626688957,0.0009932518005371094,0.000382446451112628,30
8,0.8,input_at,4,53,0.33882057666778564,0.48841801285743713,0.024313295260071754,0.00020611286163330078,0.00015741262177471071,30
8,0.8,input_at,4,54,0.7955673336982727,0.28666871786117554,0.1162705048918724,1.5020370483398438e-05,0.00011182058369740844,30
8,0.8,input_at,4,55,0.5238389372825623,0.4951768219470978,0.054471153765916824,0.00040662288665771484,0.000129905209178105,30
8,0.8,input_at,4,59,0.7747418880462646,0.4685039222240448,0.10245072841644287,5.733966827392578e-05,6.486581696663052e-05,30
8,0.8,input_at,4,61,0.4063505232334137,0.3545764684677124,0.028159156441688538,9.500980377197266e-05,3.879426731145941e-05,30
8,0.8,input_at,4,64,0.5092149972915649,0.32097354531288147,0.045578449964523315,5.4955482482910156e-05,0.00011775014718296006,30
8,0.8,input_at,4,66,0.3228954076766968,0.4286097288131714,0.017324605956673622,-0.0003466606140136719,-5.409287041402422e-05,30
8,0.8,input_at,4,68,0.7634153366088867,0.4936760663986206,0.10692935436964035,0.00011372566223144531,6.961535109439865e-05,30
8,0.8,input_at,4,70,0.41066044569015503,0.29166045784950256,0.030708545818924904,-0.0008027553558349609,-0.00012288143625482917,30
8,0.8,input_at,4,73,1.2096753120422363,0.30570700764656067,0.2618013024330139,0.00025069713592529297,9.457942360313609e-05,30
8,0.8,input_at,4,74,0.5542755126953125,0.4421222507953644,0.05138443782925606,0.0003362894058227539,0.00022667518351227045,30
8,0.8,input_at,4,76,0.3715457022190094,0.34256845712661743,0.04632751643657684,0.00021636486053466797,-2.01245002244832e-05,30
8,0.8,input_at,4,77,0.5166147947311401,0.33175498247146606,0.04634474217891693,-0.0010676383972167969,-7.401087350444868e-05,30
8,0.8,input_at,4,78,0.37659069895744324,0.4964648485183716,0.027900472283363342,0.00024378299713134766,-0.0001228636974701658,30
8,0.8,lat,0,0,3.487974166870117,0.016095057129859924,0.8468625545501709,1.1361429691314697,0.013783976435661316,37
8,0.8,lat,0,1,1.976927638053894,0.0169817004352808,0.4944181442260742,1.0474745035171509,0.026267318055033684,37
8,0.8,lat,0,3,1.8376028537750244,0.014286291785538197,0.4968699514865875,1.0514533519744873,0.02678956836462021,37
8,0.8,lat,0,4,1.9647070169448853,0.016448767855763435,0.4896375238895416,0.9603433609008789,0.028880681842565536,37
8,0.8,lat,0,5,1.6374679803848267,0.039796650409698486,0.21266113221645355,1.0139694213867188,0.025018230080604553,37
8,0.8,lat,0,6,1.8302723169326782,0.018111495301127434,0.4884246289730072,0.970914363861084,0.028628667816519737,37
8,0.8,lat,0,7,2.3290205001831055,0.03056437149643898,0.5541369318962097,0.9631525278091431,0.01819993369281292,37
8,0.8,lat,0,8,1.9663546085357666,0.03708113729953766,0.6782662868499756,1.193801999092102,0.000296799058560282,37
8,0.8,lat,0,9,1.889035940170288,0.02327822521328926,0.4605568051338196,1.0102348327636719,0.02734123170375824,37
8,0.8,lat,0,10,1.8927559852600098,0.02652643993496895,0.46003225445747375,1.0116829872131348,0.027392679825425148,37
8,0.8,lat,0,11,1.5336920022964478,0.023566819727420807,0.42625126242637634,1.0362961292266846,0.029075168073177338,37
8,0.8,lat,0,12,2.084986925125122,0.019797617569565773,0.425291508436203,0.9686779975891113,0.02449721470475197,37
8,0.8,lat,0,13,1.4919651746749878,0.02527545765042305,0.41718998551368713,1.0559138059616089,0.028655538335442543,37
8,0.8,lat,0,14,1.7037014961242676,0.05880826711654663,0.42678505182266235,1.0692452192306519,0.013668481260538101,37
8,0.8,lat,0,15,1.6301130056381226,0.07766728103160858,0.5161452889442444,1.0620096921920776,0.013252656906843185,37
8,0.8,lat,0,17,1.5710750818252563,0.3290501832962036,0.3066027760505676,0.9254459142684937,0.029262565076351166,37
8,0.8,lat,0,30,0.3448103666305542,0.6331225037574768,0.012909181416034698,0.008243560791015625,0.012187234126031399,37
8,0.8,lat,0,31,0.3199928104877472,0.636122465133667,0.011378612369298935,0.0010377168655395508,0.0015070346416905522,37
8,0.8,lat,0,32,0.3501993417739868,0.6320220828056335,0.013182871975004673,0.004227995872497559,0.008612498641014099,37
8,0.8,lat,0,33,0.5359805226325989,0.6407472491264343,0.030991774052381516,0.009763240814208984,0.006926965434104204,37
8,0.8,lat,0,37,0.3477359116077423,0.6398410797119141,0.013067313469946384,0.00350797176361084,0.00789192970842123,37
8,0.8,lat,0,43,0.4433961808681488,0.6371400952339172,0.021769067272543907,0.001355886459350586,0.0012328288285061717,37
8,0.8,lat,0,44,0.39342525601387024,0.6358402371406555,0.017178531736135483,0.0010235309600830078,0.0008710193214938045,37
8,0.8,lat,0,45,0.4527515172958374,0.6366692781448364,0.0226900614798069,0.0013382434844970703,0.001199538353830576,37
8,0.8,lat,0,52,0.6052637100219727,0.6405846476554871,0.03966939076781273,0.007845878601074219,0.003926013130694628,37
8,0.8,lat,0,53,0.4180769622325897,0.6360709071159363,0.019394202157855034,0.0011352300643920898,0.0009403497679159045,37
8,0.8,lat,0,55,0.37632158398628235,0.6415878534317017,0.01532494556158781,0.003083467483520508,0.004400677978992462,37
8,0.8,lat,0,56,0.3244932293891907,0.6344517469406128,0.011743810959160328,0.0005328655242919922,0.0005794639582745731,37
8,0.8,lat,0,57,0.34019607305526733,0.6342272162437439,0.012895671650767326,0.0005042552947998047,0.0005839026998728514,37
8,0.8,lat,0,59,0.4721320569515228,0.6356452107429504,0.02479076385498047,0.001466512680053711,0.0008105873130261898,37
8,0.8,lat,0,69,0.7819095253944397,0.6381257772445679,0.06746349483728409,0.005130887031555176,0.0011664056219160557,37
8,0.8,lat,0,72,0.3074043393135071,0.640987753868103,0.010259282775223255,0.0017502307891845703,0.005116729065775871,37
8,0.8,lat,0,73,1.63404381275177,0.6406752467155457,0.2919805943965912,0.03558754920959473,0.0020525127183645964,37
8,0.8,lat,0,75,0.41125747561454773,0.635354220867157,0.018839294090867043,0.0009495019912719727,0.0007389954407699406,37
8,0.8,lat,0,76,0.3021206855773926,0.6323596835136414,0.010242879390716553,0.0004546642303466797,0.0003924615157302469,37
8,0.8,lat,0,78,0.4497228264808655,0.6417217254638672,0.021995792165398598,0.004675865173339844,0.0038233238738030195,37
8,0.8,lat,0,79,0.6792124509811401,0.6376299858093262,0.05100925266742706,0.0038493871688842773,0.001071842503733933,37
8,0.8,lat,1,0,2.461622476577759,0.05907124653458595,0.5206254720687866,1.0412391424179077,0.04183778166770935,24
8,0.8,lat,1,1,3.280136823654175,0.08518185466527939,0.7752295732498169,1.0993353128433228,0.032287001609802246,24
8,0.8,lat,1,2,1.8991118669509888,0.009992161765694618,0.9667490124702454,1.1349116563796997,-4.469668056117371e-05,24
8,0.8,lat,1,3,2.3163511753082275,0.06104343757033348,0.4981212913990021,1.0375237464904785,0.04337427020072937,24
8,0.8,lat,1,4,2.1057512760162354,0.03667151555418968,0.49509286880493164,1.0034441947937012,0.04427890107035637,24
8,0.8,lat,1,5,2.1578407287597656,0.04095807671546936,0.49264824390411377,1.0109233856201172,0.0427514873445034,24
8,0.8,lat,1,6,2.1045420169830322,0.03658945485949516,0.4945547580718994,1.0196263790130615,0.043590571731328964,24
8,0.8,lat,1,7,1.825998306274414,0.04026876389980316,0.48985081911087036,1.0166904926300049,0.04355460777878761,24
8,0.8,lat,1,8,2.156318187713623,0.0409550666809082,0.49188411235809326,0.9842870235443115,0.043899327516555786,24
8,0.8,lat,1,9,2.139540672302246,0.14919137954711914,0.3546057343482971,1.009359359741211,0.03374512121081352,24
8,0.8,lat,1,10,2.291668176651001,0.060941606760025024,0.4876943826675415,0.9983024001121521,0.04508941248059273,24
8,0.8,lat,1,11,1.8184608221054077,0.040269989520311356,0.4859769940376282,1.0027087926864624,0.04414249584078789,24
8,0.8,lat,1,12,1.8316776752471924,0.12694032490253448,0.42964351177215576,1.0164401531219482,0.04883607104420662,24
8,0.8,lat,1,13,2.341318130493164,0.05834125727415085,0.4710688292980194,0.9535908102989197,0.045471638441085815,24
8,0.8,lat,1,14,0.5332488417625427,0.3573589026927948,0.04383072257041931,0.13944506645202637,0.0675518736243248,24
8,0.8,lat,1,15,1.5145539045333862,0.1562213897705078,0.5746484398841858,1.5905320644378662,0.0013415570138022304,24
8,0.8,lat,1,16,0.5176755785942078,0.4477992057800293,0.0399274006485939,0.12694817781448364,0.057962846010923386,24
8,0.8,lat,1,17,1.886561632156372,0.1636146754026413,0.4286220371723175,1.2317856550216675,0.04095634073019028,24
8,0.8,lat,1,18,0.44271525740623474,0.4094652235507965,0.03436325117945671,0.12079691886901855,0.06265558302402496,24
8,0.8,lat,1,19,1.2923861742019653,0.4550991356372833,0.25100019574165344,0.5078309774398804,0.03847803547978401,24
8,0.8,lat,1,20,0.9822697639465332,0.44637057185173035,0.15359385311603546,0.34880369901657104,0.04695020988583565,24
8,0.8,lat,1,22,0.39719894528388977,0.4494019150733948,0.024970846250653267,0.08223354816436768,0.05706780403852463,24
8,0.8,lat,1,24,0.6731768846511841,0.453412264585495,0.07148046791553497,0.16862547397613525,0.05138994753360748,24
8,0.8,lat,1,27,0.3202228546142578,0.45486605167388916,0.01580837368965149,0.044634878635406494,0.055044520646333694,24
8,0.8,lat,2,0,2.1944568157196045,0.024910317733883858,0.4847714304924011,1.0172966718673706,0.015084662474691868,60
8,0.8,lat,2,1,2.1731116771698,0.021485570818185806,0.4807334244251251,0.9689794778823853,0.016272109001874924,60
8,0.8,lat,2,2,2.553687572479248,0.01757015660405159,0.49666517972946167,0.9469285011291504,0.017571400851011276,60
8,0.8,lat,2,3,1.9776411056518555,0.015062973834574223,0.4975336492061615,1.0589443445205688,0.016232654452323914,60
8,0.8,lat,2,4,2.0807087421417236,0.05333922803401947,0.4890778064727783,1.0705044269561768,0.025123359635472298,60
8,0.8,lat,2,5,1.7815426588058472,0.014094939455389977,0.5037114024162292,1.0066509246826172,0.01715543121099472,60
8,0.8,lat,2,6,2.201042890548706,0.0533732995390892,0.505408763885498,1.2418544292449951,0.0159832201898098,60
8,0.8,lat,2,7,2.125627040863037,0.03325777128338814,0.5213473439216614,1.06136155128479,0.01653311774134636,60
8,0.8,lat,2,8,1.9339722394943237,0.018951376900076866,0.48365291953086853,1.0338754653930664,0.01322417613118887,60
8,0.8,lat,2,9,2.5776546001434326,0.03154033422470093,0.49224069714546204,1.0538581609725952,0.015103421173989773,60
8,0.8,lat,2,10,1.7980622053146362,0.024423714727163315,0.485560804605484,1.0418150424957275,0.015858296304941177,60
8,0.8,lat,2,11,2.286996841430664,0.12606514990329742,0.5046987533569336,1.0422444343566895,0.03729700297117233,60
8,0.8,lat,2,12,2.087388038635254,0.029398996382951736,0.5180442929267883,1.052263617515564,0.017044318839907646,60
8,0.8,lat,2,13,2.0307486057281494,0.016294581815600395,0.4794577956199646,1.023022174835205,0.014616847038269043,60
8,0.8,lat,2,15,0.5135045051574707,0.3625398576259613,0.027485117316246033,0.0295027494430542,0.03591920807957649,60
8,0.8,lat,2,17,0.7376788258552551,0.3755543828010559,0.05850405991077423,0.1291460394859314,0.06656539440155029,60
8,0.8,lat,2,20,0.5790834426879883,0.3683150112628937,0.037064604461193085,0.11281460523605347,0.07696718722581863,60
8,0.8,lat,2,21,0.6442690491676331,0.2769218683242798,0.04340988025069237,0.0026189684867858887,0.0006998236640356481,60
8,0.8,lat,2,22,0.5373068451881409,0.329815149307251,0.029423004016280174,0.012297868728637695,0.007606854196637869,60
8,0.8,lat,2,23,0.5317554473876953,0.36342495679855347,0.029278937727212906,0.052175819873809814,0.033999305218458176,60
8,0.8,lat,2,25,0.6341599225997925,0.3764384090900421,0.04287681356072426,0.14347237348556519,0.06539430469274521,60
8,0.8,lat,2,28,0.6291282176971436,0.33449026942253113,0.04029298573732376,0.02212291955947876,0.009474728256464005,60
8,0.8,lat,2,29,0.5250120162963867,0.36885789036750793,0.029730770736932755,0.10731464624404907,0.06728911399841309,60
8,0.8,lat,2,30,0.550783634185791,0.3601284325122833,0.03292596712708473,0.10973018407821655,0.06008715555071831,60
8,0.8,lat,2,31,0.46959352493286133,0.3712644577026367,0.022868068888783455,0.06080496311187744,0.0444834902882576,60
8,0.8,lat,2,32,0.4392472803592682,0.3318832218647003,0.021035529673099518,0.048583388328552246,0.03171294555068016,60
8,0.8,lat,2,33,0.4417671859264374,0.3763066530227661,0.020487716421484947,0.0725666880607605,0.05656766518950462,60
8,0.8,lat,2,34,0.34648850560188293,0.34402909874916077,0.013030210509896278,0.051227569580078125,0.04349684715270996,60
8,0.8,lat,2,38,1.0742005109786987,0.2977794110774994,0.10291352868080139,0.0,-0.0022788760252296925,60
8,0.8,lat,2,39,0.6448351144790649,0.3339877128601074,0.042132314294576645,0.02006065845489502,0.008894669823348522,60
8,0.8,lat,2,40,0.8912931680679321,0.2996671199798584,0.08055448532104492,0.005345702171325684,-0.0004349619848653674,60
8,0.8,lat,2,44,1.0637885332107544,0.2907101809978485,0.10300441831350327,0.0,-0.002464278833940625,60
8,0.8,lat,2,45,0.7492284178733826,0.28105688095092773,0.06014300137758255,0.02382141351699829,0.0051473104394972324,60
8,0.8,lat,2,46,0.6492143273353577,0.23519569635391235,0.04687459394335747,-0.0005674362182617188,-0.001551964902319014,60
8,0.8,lat,2,48,0.592911958694458,0.28158286213874817,0.032444171607494354,-0.008180618286132812,-0.0023788469843566418,60
8,0.8,lat,2,50,0.6528351306915283,0.14185123145580292,0.07732907682657242,-0.00022137165069580078,-0.0017089101020246744,60
8,0.8,lat,2,51,0.47616907954216003,0.33263853192329407,0.02318892441689968,0.015063762664794922,0.009026684798300266,60
8,0.8,lat,2,52,0.5551928877830505,0.32027480006217957,0.03247174993157387,0.05228525400161743,0.016228584572672844,60
8,0.8,lat,2,55,0.6930742859840393,0.2791784703731537,0.052119746804237366,0.01807647943496704,0.00540021201595664,60
8,0.8,lat,2,56,0.9757126569747925,0.3295936584472656,0.09639859199523926,0.03456521034240723,0.006576883606612682,60
8,0.8,lat,2,58,0.6984104514122009,0.2456992119550705,0.050124842673540115,0.0,-0.003109469311311841,60
8,0.8,lat,2,59,0.9325069785118103,0.32302433252334595,0.07846331596374512,-0.04809451103210449,0.00036987991188652813,60
8,0.8,lat,2,60,0.34665003418922424,0.17163921892642975,0.018052922561764717,-0.022778034210205078,-0.0004608828166965395,60
8,0.8,lat,2,61,0.4084837734699249,0.29222872853279114,0.017356600612401962,0.010634779930114746,0.006422635167837143,60
8,0.8,lat,2,62,0.6427546143531799,0.3384071886539459,0.03868694603443146,-0.013753175735473633,0.013756786473095417,60
8,0.8,lat,2,63,1.0759729146957397,0.25650131702423096,0.11426649242639542,0.0,-0.0023940675891935825,60
8,0.8,lat,2,65,0.6141445636749268,0.2356821596622467,0.041610024869441986,-0.00018537044525146484,-0.0020408215932548046,60
8,0.8,lat,2,67,0.6413748264312744,0.2230459749698639,0.057071905583143234,-0.04825270175933838,0.00433150352910161,60
8,0.8,lat,2,68,0.9600234627723694,0.1320437490940094,0.1733718365430832,1.1920928955078125e-07,-0.0033819598611444235,60
8,0.8,lat,2,69,0.6980867981910706,0.2901449203491211,0.046498723328113556,0.021306395530700684,0.0042032101191580296,60
8,0.8,lat,2,70,0.40177008509635925,0.21282577514648438,0.026262525469064713,-0.0036056041717529297,0.012753816321492195,60
8,0.8,lat,2,71,0.6322505474090576,0.31502586603164673,0.036505457013845444,0.05170130729675293,0.005606378428637981,60
8,0.8,lat,2,72,0.5824092030525208,0.3004555106163025,0.03163193538784981,0.0294266939163208,0.004730697255581617,60
8,0.8,lat,2,73,0.543958306312561,0.29235175251960754,0.03520102798938751,-0.0016438961029052734,0.02233426831662655,60
8,0.8,lat,2,74,0.6995782852172852,0.21788570284843445,0.05756649747490883,3.7550926208496094e-05,0.00021715866751037538,60
8,0.8,lat,2,75,0.5793231725692749,0.28916826844215393,0.037214942276477814,0.03726208209991455,0.006754749920219183,60
8,0.8,lat,2,76,0.7623218894004822,0.26801878213882446,0.06418711692094803,0.004908442497253418,0.004092468414455652,60
8,0.8,lat,2,77,0.6289392113685608,0.3104764521121979,0.03562786057591438,0.04186809062957764,0.003795732744038105,60
8,0.8,lat,2,78,0.3482171297073364,0.37217798829078674,0.012636816129088402,0.0739356279373169,0.042003288865089417,60
8,0.8,lat,2,79,0.46336132287979126,0.27661508321762085,0.025743024423718452,0.03210890293121338,0.006082169711589813,60
8,0.8,lat,3,0,2.2153072357177734,0.019794335588812828,0.9786580801010132,1.1208522319793701,-2.8592414309969172e-05,21
8,0.8,lat,3,1,2.3367865085601807,0.05217751860618591,0.5014488101005554,1.0447107553482056,0.05196037143468857,21
8,0.8,lat,3,2,3.541398763656616,0.15928660333156586,0.8271656632423401,1.0886642932891846,0.04145585373044014,21
8,0.8,lat,3,3,2.513720750808716,0.08032215386629105,0.541042149066925,1.0454376935958862,0.046845994889736176,21
8,0.8,lat,3,4,1.9855968952178955,0.00974505115300417,0.9606238603591919,1.1302506923675537,2.283061576235923e-06,21
8,0.8,lat,3,5,2.1876845359802246,0.05763251334428787,0.49828919768333435,1.0295747518539429,0.050252873450517654,21
8,0.8,lat,3,6,2.7882444858551025,0.048392731696367264,0.9789482951164246,1.1388893127441406,-0.0001354203122900799,21
8,0.8,lat,3,7,2.326737642288208,0.052162766456604004,0.49719902873039246,1.0404174327850342,0.05225036293268204,21
8,0.8,lat,3,8,2.155318021774292,0.07238132506608963,0.4940418004989624,1.0097477436065674,0.0502500906586647,21
8,0.8,lat,3,9,2.1604459285736084,0.07268042862415314,0.49457916617393494,1.0001845359802246,0.050243668258190155,21
8,0.8,lat,3,12,2.169213056564331,0.057431627064943314,0.4895901381969452,1.0055487155914307,0.05133859068155289,21
8,0.8,lat,3,14,2.3285412788391113,0.19395016133785248,0.39858123660087585,1.0863138437271118,0.03104413114488125,21
8,0.8,lat,3,16,1.561331033706665,0.19882649183273315,0.4308391809463501,0.9929050207138062,0.051642369478940964,21
8,0.8,lat,3,17,1.7349750995635986,0.21886231005191803,0.24586047232151031,0.6324267387390137,0.07863076031208038,21
8,0.8,lat,3,18,2.304593324661255,0.07984858006238937,0.4548000693321228,0.9385154247283936,0.05224006623029709,21
8,0.8,lat,3,19,0.41545000672340393,0.21272286772727966,0.02708839811384678,0.09606069326400757,0.10073105990886688,21
8,0.8,lat,3,20,0.34977930784225464,0.23565159738063812,0.01589377410709858,0.05734419822692871,0.10760674625635147,21
8,0.8,lat,3,21,1.1073400974273682,0.1956576108932495,0.22017887234687805,0.7234214544296265,0.06515251100063324,21
8,0.8,lat,3,22,2.2480382919311523,0.23245768249034882,0.4007638096809387,1.2168110609054565,0.041895437985658646,21
8,0.8,lat,3,23,0.6769246459007263,0.21230453252792358,0.07248736917972565,0.245184063911438,0.09261982887983322,21
8,0.8,lat,3,25,1.203534483909607,0.2386108636856079,0.1138797476887703,0.2536430358886719,0.07591285556554794,21
8,0.8,lat,4,0,2.2790367603302,0.015826083719730377,0.5040677785873413,1.0631753206253052,0.043443527072668076,25
8,0.8,lat,4,1,2.0081214904785156,0.0067260474897921085,0.9724264740943909,1.1045398712158203,-8.238479495048523e-06,25
8,0.8,lat,4,2,2.2474443912506104,0.014872436411678791,0.49973976612091064,1.0549886226654053,0.043756190687417984,25
8,0.8,lat,4,3,2.0806374549865723,0.015683067962527275,0.49963390827178955,1.05558443069458,0.04334639385342598,25
8,0.8,lat,4,4,2.173858404159546,0.013813123106956482,0.4998423755168915,1.0235965251922607,0.04284833371639252,25
8,0.8,lat,4,5,2.246025323867798,0.015009249560534954,0.49910396337509155,1.046136736869812,0.04407401755452156,25
8,0.8,lat,4,6,2.171356439590454,0.013913261704146862,0.4986531734466553,1.0227450132369995,0.04285280406475067,25
8,0.8,lat,4,7,2.021669387817383,0.015012244693934917,0.4988401532173157,1.0318795442581177,0.042507950216531754,25
8,0.8,lat,4,8,2.0781056880950928,0.01595410890877247,0.4983768165111542,1.036249041557312,0.04404723271727562,25
8,0.8,lat,4,9,2.259279489517212,0.014745826832950115,0.4955790936946869,1.0343937873840332,0.0449800081551075,25
8,0.8,lat,4,10,2.014859199523926,0.01611620932817459,0.5014927387237549,1.0120660066604614,0.04175300896167755,25
8,0.8,lat,4,11,2.1232235431671143,0.02200149931013584,0.5009722113609314,1.0313853025436401,0.04148364067077637,25
8,0.8,lat,4,13,2.0143542289733887,0.01562643051147461,0.4951706528663635,1.0137547254562378,0.04313972219824791,25
8,0.8,lat,4,14,1.9193494319915771,0.04043681174516678,0.49129730463027954,1.0752058029174805,0.03968599811196327,25
8,0.8,lat,4,15,2.123591899871826,0.03018028475344181,0.49978259205818176,0.9424294829368591,0.04332674667239189,25
8,0.8,lat,4,16,1.9266270399093628,0.04893767088651657,0.493213415145874,0.9399474859237671,0.04483075067400932,25
8,0.8,lat,4,18,1.9911986589431763,0.019659558311104774,0.48870086669921875,1.012587070465088,0.04100903123617172,25
8,0.8,lat,4,29,0.729626476764679,0.7621597647666931,0.18841125071048737,0.36165499687194824,0.03793693706393242,25
8,0.8,lat,4,33,0.3030301332473755,0.7622983455657959,0.032353393733501434,0.08050131797790527,0.04954907298088074,25
8,0.8,lat,4,35,0.3992288112640381,0.7624448537826538,0.05567149072885513,0.12767404317855835,0.04748032987117767,25
8,0.8,lat,4,36,0.31572699546813965,0.7625120878219604,0.03461276367306709,0.08569693565368652,0.04913945496082306,25
8,0.8,lat,4,38,0.4368801712989807,0.7625486850738525,0.06638693809509277,0.176669180393219,0.045380234718322754,25
8,0.8,lat,4,39,0.34981435537338257,0.7624972462654114,0.042497847229242325,0.1013287901878357,0.04843944311141968,25
8,0.8,lat,4,41,0.49462127685546875,0.7625028491020203,0.08459790050983429,0.216988205909729,0.04359234496951103,25
8,0.8,lat,4,54,0.35420307517051697,0.7624420523643494,0.04302644729614258,0.10941314697265625,0.047957852482795715,25
8,0.9,baseline,0,0,1.2992476224899292,0.0421290397644043,0.5499851107597351,1.037019968032837,0.04398996755480766,24
8,0.9,baseline,0,1,1.320759892463684,0.018729498609900475,0.4735110402107239,1.0178422927856445,0.04340938851237297,24
8,0.9,baseline,0,2,1.4027321338653564,0.018127312883734703,0.48651206493377686,1.012038230895996,0.04364031180739403,24
8,0.9,baseline,0,3,1.1596237421035767,0.020698200911283493,0.4773360788822174,1.0144866704940796,0.04365047812461853,24
8,0.9,baseline,0,4,1.139745831489563,0.019048934802412987,0.46686476469039917,1.028659701347351,0.04361596331000328,24
8,0.9,baseline,0,5,1.4861806631088257,0.02389666810631752,0.4606793522834778,1.0284814834594727,0.04451357200741768,24
8,0.9,baseline,0,6,1.226474642753601,0.032771848142147064,0.46891722083091736,1.0251753330230713,0.04387645795941353,24
8,0.9,baseline,0,7,1.2192550897598267,0.04013253375887871,0.4465123414993286,1.0447872877120972,0.044693365693092346,24
8,0.9,baseline,0,8,1.424943208694458,0.2348049432039261,0.3358503580093384,1.1889430284500122,0.05952586978673935,24
8,0.9,baseline,0,9,1.3779985904693604,0.01860046200454235,0.46917301416397095,1.0108946561813354,0.043581388890743256,24
8,0.9,baseline,0,10,1.471292495727539,0.026053447276353836,0.4460732936859131,1.017208456993103,0.04532041400671005,24
8,0.9,baseline,0,11,1.2856839895248413,0.019278040155768394,0.44532984495162964,1.0066003799438477,0.04407253861427307,24
8,0.9,baseline,0,12,1.5976321697235107,0.026974061504006386,0.4659808874130249,0.9849804043769836,0.046282075345516205,24
8,0.9,baseline,0,13,1.5864242315292358,0.046392131596803665,0.42763960361480713,0.9583215117454529,0.0593087375164032,24
8,0.9,baseline,0,14,1.1364089250564575,0.09823202341794968,0.33497485518455505,0.9968628287315369,0.041122499853372574,24
8,0.9,baseline,0,15,1.5217509269714355,0.031404975801706314,0.4299592971801758,1.0031489133834839,0.05167834833264351,24
8,0.9,baseline,0,17,2.0296525955200195,0.43444177508354187,0.44969290494918823,0.9198904037475586,0.04749205335974693,24
8,0.9,baseline,0,18,1.6287516355514526,0.24272960424423218,0.3296041786670685,0.8596680164337158,0.06782021373510361,24
8,0.9,baseline,0,19,1.4772467613220215,0.1110815480351448,0.36481451988220215,0.9003256559371948,0.05543185770511627,24
8,0.9,baseline,0,21,0.8279258012771606,0.2707544267177582,0.13243374228477478,0.44437283277511597,0.06950010359287262,24
8,0.9,baseline,0,22,0.38163065910339355,0.4924587905406952,0.01961049810051918,0.04420703649520874,0.06062345951795578,24
8,0.9,baseline,0,26,1.0929964780807495,0.49492567777633667,0.14539434015750885,0.38832753896713257,0.05231357738375664,24
8,0.9,baseline,0,27,0.6421789526939392,0.4957019090652466,0.052389293909072876,0.16381245851516724,0.05757252499461174,24
8,0.9,baseline,0,73,0.6357908248901367,0.481182724237442,0.047422513365745544,0.0014075040817260742,0.07362520694732666,24
8,0.9,baseline,1,0,1.410804033279419,0.10817821323871613,0.47856271266937256,1.0276402235031128,0.04945756867527962,21
8,0.9,baseline,1,1,1.2968693971633911,0.07164546847343445,0.4757879674434662,1.0316094160079956,0.05070852115750313,21
8,0.9,baseline,1,2,1.3314372301101685,0.08757226914167404,0.4760214388370514,1.0362353324890137,0.05055758357048035,21
8,0.9,baseline,1,3,1.3894966840744019,0.0759410709142685,0.4832686185836792,1.0118621587753296,0.05021224543452263,21
8,0.9,baseline,1,4,1.3821132183074951,0.07582804560661316,0.4784053564071655,1.006943941116333,0.05052955076098442,21
8,0.9,baseline,1,5,1.5288512706756592,0.06889165192842484,0.48705828189849854,1.0156981945037842,0.05068560689687729,21
8,0.9,baseline,1,6,1.3325380086898804,0.0658048763871193,0.45548081398010254,1.0277535915374756,0.05156586319208145,21
8,0.9,baseline,1,7,1.4926310777664185,0.0841362476348877,0.4807480275630951,1.027809977531433,0.05130842328071594,21
8,0.9,baseline,1,8,1.4923269748687744,0.06531376391649246,0.43770188093185425,1.077095866203308,0.05372421815991402,21
8,0.9,baseline,1,9,1.278917670249939,0.0716366171836853,0.4627608358860016,1.0181524753570557,0.051395483314991,21
8,0.9,baseline,1,10,1.6569743156433105,0.06233328953385353,0.4561385214328766,1.0679867267608643,0.05332011729478836,21
8,0.9,baseline,1,11,1.478541612625122,0.06492085009813309,0.43027761578559875,1.0738725662231445,0.0540209636092186,21
8,0.9,baseline,1,12,1.28980553150177,0.2244773805141449,0.34485822916030884,1.2867010831832886,0.05917564779520035,21
8,0.9,baseline,1,13,1.3110402822494507,0.06561646610498428,0.4414486289024353,1.0358142852783203,0.05125189572572708,21
8,0.9,baseline,1,14,1.2940561771392822,0.08769683539867401,0.449720174074173,1.0138311386108398,0.05164995789527893,21
8,0.9,baseline,1,15,1.493336796760559,0.06876417994499207,0.4642314314842224,1.0165026187896729,0.05064577981829643,21
8,0.9,baseline,1,16,1.3383182287216187,0.10810669511556625,0.4312443435192108,0.9917017817497253,0.05127483606338501,21
8,0.9,baseline,1,17,1.6260159015655518,0.06217687949538231,0.43972140550613403,1.0656815767288208,0.05359530448913574,21
8,0.9,baseline,1,18,0.5410218834877014,0.22698375582695007,0.06193724274635315,0.2315881848335266,0.11336872726678848,21
8,0.9,baseline,1,19,1.156596302986145,0.22400623559951782,0.27661845088005066,0.9523915648460388,0.07566697895526886,21
8,0.9,baseline,1,20,1.4426676034927368,0.08375620096921921,0.44966283440589905,1.0297362804412842,0.05128638818860054,21
8,0.9,baseline,2,0,1.266326665878296,0.024492355063557625,0.4629945158958435,1.058043122291565,0.023560326546430588,44
8,0.9,baseline,2,1,1.208381175994873,0.05775033310055733,0.4172990322113037,1.1410421133041382,0.024825500324368477,44
8,0.9,baseline,2,2,1.240466594696045,0.042696643620729446,0.4391055405139923,1.0437090396881104,0.025051036849617958,44
8,0.9,baseline,2,3,1.2333743572235107,0.03601985052227974,0.445122092962265,1.0596970319747925,0.02409909851849079,44
8,0.9,baseline,2,4,1.3229397535324097,0.029467355459928513,0.4666762351989746,1.0177537202835083,0.023238234221935272,44
8,0.9,baseline,2,5,1.3249515295028687,0.030943620949983597,0.4651052951812744,1.0045559406280518,0.023576868698000908,44
8,0.9,baseline,2,6,1.2430981397628784,0.018412267789244652,0.45162877440452576,1.0288995504379272,0.0238632932305336,44
8,0.9,baseline,2,7,1.2886966466903687,0.024990566074848175,0.49880844354629517,1.0409491062164307,0.02093118615448475,44
8,0.9,baseline,2,8,1.230215072631836,0.023853234946727753,0.46517378091812134,1.0252093076705933,0.023372741416096687,44
8,0.9,baseline,2,9,1.5852118730545044,0.1666395515203476,0.3826366066932678,1.1197141408920288,0.027175722643733025,44
8,0.9,baseline,2,10,1.4782992601394653,0.11544476449489594,0.3832928538322449,1.2658641338348389,0.026386182755231857,44
8,0.9,baseline,2,11,1.5135705471038818,0.1587221324443817,0.3676750063896179,1.1419843435287476,0.030544131994247437,44
8,0.9,baseline,2,12,1.4306071996688843,0.09389859437942505,0.3753530979156494,1.1072118282318115,0.0290065985172987,44
8,0.9,baseline,2,13,1.2129175662994385,0.017575157806277275,0.46868908405303955,0.9940745234489441,0.023527830839157104,44
8,0.9,baseline,2,14,1.4122685194015503,0.06131380423903465,0.3952169716358185,1.1138321161270142,0.026079971343278885,44
8,0.9,baseline,2,15,1.5011487007141113,0.3031568229198456,0.2906022369861603,1.827461838722229,0.02998558059334755,44
8,0.9,baseline,2,16,1.129641056060791,0.017446979880332947,0.4252726137638092,1.019152045249939,0.024412456899881363,44
8,0.9,baseline,2,17,1.4240294694900513,0.031741395592689514,0.4108641743659973,1.0177576541900635,0.026336010545492172,44
8,0.9,baseline,2,18,0.413640558719635,0.6950021386146545,0.01738945208489895,0.06083798408508301,0.03341288864612579,44
8,0.9,baseline,2,19,0.4500056505203247,0.6736022233963013,0.021691827103495598,0.09787338972091675,0.04026491940021515,44
8,0.9,baseline,2,20,0.5155112743377686,0.7035248875617981,0.027655338868498802,0.06113839149475098,0.020341303199529648,44
8,0.9,baseline,2,21,0.8669495582580566,0.6502045392990112,0.06994345784187317,0.15560412406921387,0.02451997809112072,44
8,0.9,baseline,2,25,0.4267759621143341,0.730117678642273,0.01773042045533657,0.041186749935150146,0.01888970658183098,44
8,0.9,baseline,2,27,0.4380328357219696,0.7330399751663208,0.018410738557577133,0.032097458839416504,0.0196906179189682,44
8,0.9,baseline,2,29,0.6307253837585449,0.735857367515564,0.037524476647377014,0.06064051389694214,0.018032947555184364,44
8,0.9,baseline,2,30,0.4763043522834778,0.7360118627548218,0.021404223516583443,0.0468369722366333,0.01832645572721958,44
8,0.9,baseline,2,32,0.5034329295158386,0.7364564538002014,0.023780588060617447,0.051840245723724365,0.018077513203024864,44
8,0.9,baseline,2,38,0.7255650162696838,0.7364436984062195,0.04867526516318321,0.0,0.01746729016304016,44
8,0.9,baseline,2,40,0.7363712787628174,0.7363945841789246,0.05006282776594162,0.0,0.01745610684156418,44
8,0.9,baseline,2,44,0.6238881945610046,0.7359739542007446,0.03601878136396408,0.0,0.017402920871973038,44
8,0.9,baseline,2,45,0.7013587951660156,0.7370352745056152,0.04555927589535713,0.08764630556106567,0.016557876020669937,44
8,0.9,baseline,2,48,0.35045185685157776,0.7361670136451721,0.01139508280903101,0.021603882312774658,0.016960464417934418,44
8,0.9,baseline,2,52,0.457766056060791,0.7369687557220459,0.019435564056038857,0.02074521780014038,0.017999298870563507,44
8,0.9,baseline,2,55,0.43180766701698303,0.7372246384620667,0.01729557104408741,0.037061095237731934,0.01738796941936016,44
8,0.9,baseline,2,56,0.4199863374233246,0.7355034351348877,0.016337133944034576,0.02520120143890381,0.016831379383802414,44
8,0.9,baseline,2,59,0.6489483118057251,0.7363341450691223,0.038971129804849625,0.0,0.017465632408857346,44
8,0.9,baseline,2,61,0.30485960841178894,0.7367326021194458,0.008577167056500912,0.0173187255859375,0.018382815644145012,44
8,0.9,baseline,2,63,0.5272088646888733,0.7362214922904968,0.02570049837231636,0.0,0.01745051145553589,44
8,0.9,baseline,2,67,0.4006962776184082,0.7369950413703918,0.014842251315712929,0.028918206691741943,0.01781618408858776,44
8,0.9,baseline,2,69,0.43628156185150146,0.7373016476631165,0.017588762566447258,0.02709406614303589,0.017654230818152428,44
8,0.9,baseline,2,71,0.3526521325111389,0.7370387315750122,0.01151337195187807,0.012332499027252197,0.017882924526929855,44
8,0.9,baseline,2,72,0.3780244290828705,0.737247884273529,0.013233751989901066,0.01846998929977417,0.017802955582737923,44
8,0.9,baseline,2,76,0.5309318900108337,0.7370052337646484,0.026063304394483566,0.05904793739318848,0.017004508525133133,44
8,0.9,baseline,2,77,0.40187007188796997,0.7365338206291199,0.014857519418001175,0.02715015411376953,0.017939569428563118,44
8,0.9,baseline,3,0,1.437636137008667,0.06409377604722977,0.49498310685157776,1.0179098844528198,0.04616498574614525,23
8,0.9,baseline,3,1,1.2062429189682007,0.052449680864810944,0.48632505536079407,1.0089119672775269,0.045416686683893204,23
8,0.9,baseline,3,2,1.409491777420044,0.052835579961538315,0.49048012495040894,0.9856350421905518,0.04492434859275818,23
8,0.9,baseline,3,3,1.5882364511489868,0.053032007068395615,0.4941824972629547,1.0197904109954834,0.04610509052872658,23
8,0.9,baseline,3,4,1.2005223035812378,0.05226471275091171,0.48232343792915344,1.0032142400741577,0.04566981643438339,23
8,0.9,baseline,3,5,1.3929771184921265,0.0393541157245636,0.4798191785812378,1.0123844146728516,0.04609138146042824,23
8,0.9,baseline,3,6,1.4712624549865723,0.04634661227464676,0.489033043384552,1.016597032546997,0.04563041031360626,23
8,0.9,baseline,3,7,1.468294382095337,0.04627614468336105,0.4870530068874359,1.0071903467178345,0.04607503116130829,23
8,0.9,baseline,3,8,1.5205374956130981,0.04786226153373718,0.48764482140541077,0.9979029297828674,0.0455700159072876,23
8,0.9,baseline,3,9,1.6905752420425415,0.11839887499809265,0.46274659037590027,1.0038715600967407,0.048576533794403076,23
8,0.9,baseline,3,10,1.3780665397644043,0.03924018517136574,0.47075772285461426,1.017615795135498,0.045812856405973434,23
8,0.9,baseline,3,11,1.5144835710525513,0.04897285997867584,0.48243221640586853,1.002561092376709,0.04497731849551201,23
8,0.9,baseline,3,12,1.6648249626159668,0.11223014444112778,0.4189848303794861,0.9565703272819519,0.056502893567085266,23
8,0.9,baseline,3,13,1.3917089700698853,0.06418567150831223,0.46388518810272217,1.0183287858963013,0.04615217447280884,23
8,0.9,baseline,3,14,1.3584665060043335,0.05329008400440216,0.4549538791179657,0.9914759397506714,0.044593583792448044,23
8,0.9,baseline,3,15,1.7187018394470215,0.14016810059547424,0.42300480604171753,0.9555968642234802,0.05976280942559242,23
8,0.9,baseline,3,16,1.0610687732696533,0.19235076010227203,0.27455344796180725,1.2508716583251953,0.0800991952419281,23
8,0.9,baseline,3,17,1.6494324207305908,0.13631844520568848,0.4219556748867035,0.9806820154190063,0.05097854137420654,23
8,0.9,baseline,3,18,1.524446725845337,0.053204186260700226,0.455160528421402,1.0165681838989258,0.04624668136239052,23
8,0.9,baseline,3,19,1.0618387460708618,0.16043934226036072,0.24536681175231934,1.097254991531372,0.09038989990949631,23
8,0.9,baseline,3,21,0.44948267936706543,0.2133808434009552,0.04070383682847023,0.21828508377075195,0.1304967701435089,23
8,0.9,baseline,3,23,0.506948709487915,0.2197190523147583,0.053056422621011734,0.300548791885376,0.1287393420934677,23
8,0.9,baseline,3,25,0.3035486042499542,0.22436310350894928,0.019220620393753052,0.127355694770813,0.13687214255332947,23
8,0.9,baseline,4,0,1.2541106939315796,0.051485225558280945,0.494392991065979,1.0217512845993042,0.04549752548336983,23
8,0.9,baseline,4,1,1.1835850477218628,0.062271058559417725,0.485235333442688,1.0195850133895874,0.04615357890725136,23
8,0.9,baseline,4,2,1.204427719116211,0.04981314018368721,0.4821474552154541,1.0145353078842163,0.04598093405365944,23
8,0.9,baseline,4,3,1.2640657424926758,0.0462702177464962,0.4938045144081116,1.0227360725402832,0.045844946056604385,23
8,0.9,baseline,4,4,1.2062792778015137,0.049628861248493195,0.4840548038482666,1.015276312828064,0.045935582369565964,23
8,0.9,baseline,4,5,1.5342473983764648,0.049476101994514465,0.5015213489532471,1.0083723068237305,0.04559440538287163,23
8,0.9,baseline,4,6,1.4479955434799194,0.03941192477941513,0.4928048551082611,1.0045640468597412,0.045146141201257706,23
8,0.9,baseline,4,7,1.1686985492706299,0.062436990439891815,0.472907155752182,1.0177359580993652,0.0462023951113224,23
8,0.9,baseline,4,8,1.2524968385696411,0.04609603062272072,0.4852549135684967,1.0140080451965332,0.046319033950567245,23
8,0.9,baseline,4,9,1.2304246425628662,0.05146145448088646,0.4761698246002197,1.0054517984390259,0.04628526046872139,23
8,0.9,baseline,4,10,1.5700078010559082,0.161614328622818,0.42671987414360046,0.9665525555610657,0.07091046869754791,23
8,0.9,baseline,4,11,1.6236976385116577,0.09262875467538834,0.41647112369537354,1.1093559265136719,0.050540272146463394,23
8,0.9,baseline,4,12,1.4296547174453735,0.039066918194293976,0.48062998056411743,0.9964435696601868,0.04557584598660469,23
8,0.9,baseline,4,13,1.5113004446029663,0.049529220908880234,0.4864319860935211,1.0056170225143433,0.0456860214471817,23
8,0.9,baseline,4,14,1.3381284475326538,0.19193081557750702,0.3465023934841156,1.3878692388534546,0.05771741643548012,23
8,0.9,baseline,4,15,1.5672332048416138,0.09208374470472336,0.3942808508872986,1.0828036069869995,0.05103836953639984,23
8,0.9,baseline,4,16,1.5943118333816528,0.1125604435801506,0.4091549217700958,0.9132267236709595,0.07359006255865097,23
8,0.9,baseline,4,17,1.5430630445480347,0.11892209202051163,0.39095401763916016,0.9003035426139832,0.07886601984500885,23
8,0.9,baseline,4,18,1.4962348937988281,0.1456526815891266,0.3775039613246918,0.8719951510429382,0.07612700015306473,23
8,0.9,baseline,4,20,1.395024061203003,0.14639556407928467,0.33905279636383057,0.8658276796340942,0.078990139067173,23
8,0.9,baseline,4,21,0.4637514054775238,0.19564995169639587,0.0426090769469738,0.20792365074157715,0.11131875962018967,23
8,0.9,baseline,4,22,1.0178691148757935,0.19199888408184052,0.20134837925434113,0.8587535619735718,0.07985556870698929,23
8,0.9,baseline,4,28,0.36108115315437317,0.20865635573863983,0.02816624380648136,0.1727128028869629,0.11469750851392746,23
8,0.9,input_at,0,0,0.968385636806488,0.05607404559850693,0.6417538523674011,1.491119384765625,0.0004943175008520484,21
8,0.9,input_at,0,1,1.0470072031021118,0.026706214994192123,0.4547922611236572,1.0291101932525635,0.05063271522521973,21
8,0.9,input_at,0,3,1.3488246202468872,0.014145184308290482,0.6945781707763672,1.0985589027404785,0.002358865924179554,21
8,0.9,input_at,0,4,1.0625839233398438,0.031666990369558334,0.457781583070755,1.0255234241485596,0.05190865322947502,21
8,0.9,input_at,0,5,1.1532762050628662,0.04940391331911087,0.41855329275131226,1.2887340784072876,0.03481817618012428,21
8,0.9,input_at,0,6,1.0828982591629028,0.07437760382890701,0.4161719083786011,1.0878218412399292,0.042177341878414154,21
8,0.9,input_at,0,8,1.4661707878112793,0.01479235477745533,0.49058181047439575,1.008433222770691,0.05040014907717705,21
8,0.9,input_at,0,9,1.4667606353759766,0.014866439625620842,0.49095118045806885,1.0141383409500122,0.05009052902460098,21
8,0.9,input_at,0,10,1.5705153942108154,0.015290189534425735,0.4881443381309509,1.008256435394287,0.049786947667598724,21
8,0.9,input_at,0,11,1.5713638067245483,0.015082689933478832,0.4887044429779053,1.0030393600463867,0.0501040443778038,21
8,0.9,input_at,0,13,1.4967628717422485,0.1907196342945099,0.5019777417182922,1.5888108015060425,0.020478805527091026,21
8,0.9,input_at,0,14,1.25057053565979,0.21177972853183746,0.4800499379634857,1.1984601020812988,0.009444120340049267,21
8,0.9,input_at,0,15,1.5614012479782104,0.02770015224814415,0.4812717139720917,1.0134012699127197,0.0500689335167408,21
8,0.9,input_at,0,16,1.5981825590133667,0.045878391712903976,0.4431611895561218,1.0510039329528809,0.05085572600364685,21
8,0.9,input_at,0,17,1.987375020980835,0.5251151323318481,0.6250430941581726,0.9642955660820007,0.020493298768997192,21
8,0.9,input_at,0,19,0.7609854936599731,0.0751740038394928,0.16676875948905945,0.44684505462646484,0.05877771973609924,21
8,0.9,input_at,0,22,0.6456072330474854,0.4953254461288452,0.07636665552854538,0.17516684532165527,0.06311839818954468,21
8,0.9,input_at,0,24,0.405534952878952,0.5174908638000488,0.030746420845389366,0.04910743236541748,0.07242632657289505,21
8,0.9,input_at,0,30,0.33483773469924927,0.5734246373176575,0.01830930821597576,0.02248406410217285,0.07226620614528656,21
8,0.9,input_at,0,33,0.3291657865047455,0.5608075261116028,0.01741841621696949,0.02674281597137451,0.07195590436458588,21
8,0.9,input_at,0,73,0.7201856970787048,0.549613893032074,0.08693131059408188,0.16959244012832642,0.06582944095134735,21
8,0.9,input_at,1,0,1.386223554611206,0.07062991708517075,0.8558176159858704,1.0776422023773193,0.0002454955829307437,19
8,0.9,input_at,1,2,0.9574453234672546,0.04941532760858536,0.8740965127944946,1.1078119277954102,-2.739138108154293e-05,19
8,0.9,input_at,1,3,1.2854448556900024,0.030082395300269127,0.4809633493423462,1.0133121013641357,0.05647724121809006,19
8,0.9,input_at,1,4,1.186593770980835,0.01543089747428894,0.48371705412864685,1.0077344179153442,0.05568813532590866,19
8,0.9,input_at,1,5,1.27326500415802,0.027524884790182114,0.4790748655796051,0.9946258664131165,0.054508697241544724,19
8,0.9,input_at,1,6,1.1868048906326294,0.015412717126309872,0.48415741324424744,1.0109796524047852,0.05551132932305336,19
8,0.9,input_at,1,7,1.2642481327056885,0.02653207629919052,0.48573336005210876,1.0248868465423584,0.056021735072135925,19
8,0.9,input_at,1,8,1.3927977085113525,0.025140678510069847,0.47649794816970825,1.021854281425476,0.055979952216148376,19
8,0.9,input_at,1,9,1.2726284265518188,0.02751481905579567,0.47883325815200806,0.9864240884780884,0.05496429651975632,19
8,0.9,input_at,1,10,1.2887293100357056,0.02995346486568451,0.48387694358825684,1.021978497505188,0.0559210330247879,19
8,0.9,input_at,1,11,1.3442137241363525,0.19170652329921722,0.45451512932777405,1.136468529701233,0.05313493311405182,19
8,0.9,input_at,1,12,1.2316330671310425,0.09772158414125443,0.3962576687335968,1.0183626413345337,0.0657379999756813,19
8,0.9,input_at,1,13,1.388391137123108,0.024963805451989174,0.4736432731151581,1.0119563341140747,0.05655641853809357,19
8,0.9,input_at,1,15,1.4741137027740479,0.026030084118247032,0.473217248916626,1.0348438024520874,0.05637328326702118,19
8,0.9,input_at,1,16,1.4898070096969604,0.02455737255513668,0.4858943819999695,1.0162979364395142,0.055578239262104034,19
8,0.9,input_at,1,17,0.9684560894966125,0.6666443943977356,0.3051569163799286,0.5937191843986511,0.037624962627887726,19
8,0.9,input_at,1,18,0.40647727251052856,0.6807109713554382,0.05637616664171219,0.12079828977584839,0.06394341588020325,19
8,0.9,input_at,1,19,0.7016807198524475,0.6812641620635986,0.20771200954914093,0.48901355266571045,0.048752814531326294,19
8,0.9,input_at,1,20,1.2365078926086426,0.024586321786046028,0.46516644954681396,1.0156755447387695,0.056703343987464905,19
8,0.9,input_at,2,1,1.139868974685669,0.07462697476148605,0.5476837158203125,1.2347193956375122,0.001153548015281558,45
8,0.9,input_at,2,2,1.1118817329406738,0.014735114760696888,0.46558183431625366,1.016961693763733,0.0229214895516634,45
8,0.9,input_at,2,3,0.9823423027992249,0.07074618339538574,0.44493603706359863,1.4022680521011353,0.0011540312552824616,45
8,0.9,input_at,2,5,1.1774613857269287,0.012796329334378242,0.484862357378006,1.0303024053573608,0.022818947210907936,45
8,0.9,input_at,2,6,1.2072099447250366,0.13032811880111694,0.33870717883110046,1.2856848239898682,0.030098509043455124,45
8,0.9,input_at,2,7,1.3812897205352783,0.022508539259433746,0.46562647819519043,0.9957950115203857,0.02260003052651882,45
8,0.9,input_at,2,8,1.2460917234420776,0.049245696514844894,0.41298937797546387,1.1316778659820557,0.023825012147426605,45
8,0.9,input_at,2,9,1.3845258951187134,0.026510365307331085,0.46023648977279663,1.0124610662460327,0.02240937203168869,45
8,0.9,input_at,2,10,1.2747012376785278,0.11617173999547958,0.3594788610935211,1.256938099861145,0.028536083176732063,45
8,0.9,input_at,2,11,1.2469687461853027,0.06663986295461655,0.4041040241718292,1.1069669723510742,0.023522645235061646,45
8,0.9,input_at,2,12,0.40191107988357544,0.12218276411294937,0.039927899837493896,0.1262856125831604,0.038033708930015564,45
8,0.9,input_at,2,13,1.2553237676620483,0.0601949505507946,0.4002252221107483,1.0663871765136719,0.02669801004230976,45
8,0.9,input_at,2,14,1.144091010093689,0.09696810692548752,0.4935798645019531,1.0508244037628174,0.01329390425235033,45
8,0.9,input_at,2,15,1.203804612159729,0.06110874190926552,0.3696945607662201,1.0699161291122437,0.02839173562824726,45
8,0.9,input_at,2,16,0.49562299251556396,0.036364685744047165,0.05417586490511894,0.1275433897972107,0.04347267746925354,45
8,0.9,input_at,2,18,1.520880937576294,0.04922926053404808,0.44953885674476624,0.9277867078781128,0.022494543343782425,45
8,0.9,input_at,2,19,0.41221582889556885,0.06720291823148727,0.0708138570189476,0.19888925552368164,0.035151246935129166,45
8,0.9,input_at,2,21,1.211897611618042,0.2554674446582794,0.19183440506458282,0.5306806564331055,0.026916993781924248,45
8,0.9,input_at,2,22,1.251469612121582,0.07083234190940857,0.2912614345550537,0.7000176906585693,0.031323350965976715,45
8,0.9,input_at,2,29,0.44440537691116333,0.7102874517440796,0.017453566193580627,0.01273733377456665,0.007269020192325115,45
8,0.9,input_at,2,32,0.3436320126056671,0.7111859917640686,0.010409918613731861,0.007490754127502441,0.006839379668235779,45
8,0.9,input_at,2,38,0.9555709362030029,0.7149677872657776,0.07990819960832596,0.0,0.004847870673984289,45
8,0.9,input_at,2,39,0.3263389766216278,0.7153313755989075,0.009300773963332176,0.0038216710090637207,0.004630862269550562,45
8,0.9,input_at,2,40,0.9395199418067932,0.7149372100830078,0.07728969305753708,0.036070048809051514,0.004232028499245644,45
8,0.9,input_at,2,44,0.8778790831565857,0.7149789333343506,0.06743697077035904,0.0,0.004848042037338018,45
8,0.9,input_at,2,45,0.7296260595321655,0.7141531109809875,0.04667281731963158,0.021212518215179443,0.005062987096607685,45
8,0.9,input_at,2,48,0.4900331497192383,0.7150909900665283,0.021006900817155838,0.0,0.004720867145806551,45
8,0.9,input_at,2,52,0.6740644574165344,0.7141039371490479,0.03985191509127617,0.018569886684417725,0.005120391026139259,45
8,0.9,input_at,2,55,0.3876473009586334,0.7134701013565063,0.013200810179114342,0.00780034065246582,0.005568389780819416,45
8,0.9,input_at,2,56,0.5471551418304443,0.7151304483413696,0.02619587443768978,0.01102292537689209,0.004674925003200769,45
8,0.9,input_at,2,57,0.3116823136806488,0.7129136919975281,0.008532826788723469,0.004831135272979736,0.005699513480067253,45
8,0.9,input_at,2,58,0.4114263951778412,0.714920699596405,0.014810653403401375,0.0,0.004590668249875307,45
8,0.9,input_at,2,59,0.8438981771469116,0.71504145860672,0.062319785356521606,0.0,0.004871520679444075,45
8,0.9,input_at,2,61,0.43310001492500305,0.713816225528717,0.016464952379465103,0.00968170166015625,0.005346336401998997,45
8,0.9,input_at,2,63,0.7510428428649902,0.7150658369064331,0.0493631549179554,0.0,0.00487258518114686,45
8,0.9,input_at,2,67,0.5391550064086914,0.714119017124176,0.025486214086413383,0.012631654739379883,0.005273983348160982,45
8,0.9,input_at,2,68,0.30345484614372253,0.713565468788147,0.008086282759904861,0.004183471202850342,0.0057904403656721115,45
8,0.9,input_at,2,69,0.6794162392616272,0.7142473459243774,0.04044364392757416,0.01985347270965576,0.0048415870405733585,45
8,0.9,input_at,2,70,0.31416836380958557,0.7129418253898621,0.008673352189362049,0.004806876182556152,0.006037848070263863,45
8,0.9,input_at,2,71,0.5691620707511902,0.7139367461204529,0.02840706892311573,0.012378394603729248,0.005166978109627962,45
8,0.9,input_at,2,72,0.5932824015617371,0.7143091559410095,0.030849451199173927,0.013497233390808105,0.004939885810017586,45
8,0.9,input_at,2,74,0.4113331139087677,0.7152162194252014,0.014789389446377754,0.005695223808288574,0.004603135399520397,45
8,0.9,input_at,2,75,0.36880430579185486,0.7135775685310364,0.01193770207464695,0.0057212114334106445,0.005695974454283714,45
8,0.9,input_at,2,76,0.6054958701133728,0.714174211025238,0.03213462233543396,0.016386449337005615,0.004980279132723808,45
8,0.9,input_at,2,77,0.4769619107246399,0.7143848538398743,0.01993275247514248,0.009539484977722168,0.005039262119680643,45
8,0.9,input_at,3,0,1.0845528841018677,0.03825255110859871,0.4774029552936554,0.995979905128479,0.029273083433508873,35
8,0.9,input_at,3,1,1.0683685541152954,0.03404783457517624,0.4608692526817322,1.0165014266967773,0.028413014486432076,35
8,0.9,input_at,3,2,1.1234662532806396,0.01872958242893219,0.47266289591789246,0.9921376705169678,0.029340077191591263,35
8,0.9,input_at,3,3,1.1900097131729126,0.025209054350852966,0.47764456272125244,1.0476086139678955,0.030719224363565445,35
8,0.9,input_at,3,4,1.0762507915496826,0.03818608075380325,0.47162890434265137,0.9967371821403503,0.028979824855923653,35
8,0.9,input_at,3,5,1.1621007919311523,0.026019403710961342,0.4995599091053009,0.9891717433929443,0.028036659583449364,35
8,0.9,input_at,3,6,1.2733309268951416,0.022819403558969498,0.48923948407173157,1.0263558626174927,0.0289223100990057,35
8,0.9,input_at,3,7,1.2719846963882446,0.023440666496753693,0.4874556362628937,0.9917731285095215,0.029958121478557587,35
8,0.9,input_at,3,8,1.0797655582427979,0.03650129958987236,0.47662729024887085,1.0015531778335571,0.02892179973423481,35
8,0.9,input_at,3,9,1.5133129358291626,0.18973246216773987,0.3909914791584015,1.7264692783355713,0.029822349548339844,35
8,0.9,input_at,3,12,1.4975204467773438,0.017901644110679626,0.48006951808929443,1.0130535364151,0.029392320662736893,35
8,0.9,input_at,3,14,1.1060785055160522,0.018446195870637894,0.4582764804363251,1.0043091773986816,0.028940603137016296,35
8,0.9,input_at,3,17,1.5052815675735474,0.18847709894180298,0.38636794686317444,1.0089417695999146,0.050357989966869354,35
8,0.9,input_at,3,18,1.4934759140014648,0.018777063116431236,0.4771287143230438,1.0018733739852905,0.02973373420536518,35
8,0.9,input_at,3,19,1.08527410030365,0.027911799028515816,0.4389631152153015,0.9635416865348816,0.028502441942691803,35
8,0.9,input_at,3,20,1.0924279689788818,0.024306105449795723,0.40277403593063354,1.0477538108825684,0.03070385754108429,35
8,0.9,input_at,3,21,0.3011176586151123,0.15035253763198853,0.011759552173316479,0.024010837078094482,0.06336141377687454,35
8,0.9,input_at,3,22,1.889547348022461,0.22479784488677979,0.4347912073135376,0.9987018704414368,0.03443252667784691,35
8,0.9,input_at,3,23,0.483837366104126,0.6655848026275635,0.031498122960329056,0.08236491680145264,0.040350575000047684,35
8,0.9,input_at,3,24,0.33198362588882446,0.6568565964698792,0.016414768993854523,0.07224220037460327,0.043607424944639206,35
8,0.9,input_at,3,25,1.6922111511230469,0.23574964702129364,0.34644192457199097,0.9279705286026001,0.03654492646455765,35
8,0.9,input_at,3,26,0.7637229561805725,0.18258990347385406,0.07338690757751465,0.22076785564422607,0.0572575218975544,35
8,0.9,input_at,3,30,0.7449038028717041,0.6580012440681458,0.08330699056386948,0.22780054807662964,0.03946873918175697,35
8,0.9,input_at,3,31,0.5722599625587463,0.6673972010612488,0.04710356891155243,0.13425672054290771,0.04019348323345184,35
8,0.9,input_at,3,36,0.42727532982826233,0.6705181002616882,0.024851681664586067,0.07493424415588379,0.040285080671310425,35
8,0.9,input_at,3,37,0.4036400020122528,0.669891357421875,0.0232442244887352,0.0885697603225708,0.04108711704611778,35
8,0.9,input_at,3,39,0.5033366680145264,0.6710115671157837,0.03574184700846672,0.11583811044692993,0.03999592363834381,35
8,0.9,input_at,3,45,0.31554511189460754,0.66745525598526,0.013132303953170776,0.053395092487335205,0.03996513783931732,35
8,0.9,input_at,3,47,0.40964776277542114,0.6720501780509949,0.02333104982972145,0.07715004682540894,0.04061129316687584,35
8,0.9,input_at,3,48,0.4742392301559448,0.6719387173652649,0.031247327104210854,0.09918463230133057,0.0400058813393116,35
8,0.9,input_at,3,49,0.6553928256034851,0.6721359491348267,0.05952915921807289,0.16218072175979614,0.038009658455848694,35
8,0.9,input_at,3,50,0.3934487998485565,0.6682137846946716,0.020498748868703842,0.04507333040237427,0.04023269936442375,35
8,0.9,input_at,3,56,0.31924134492874146,0.6718832850456238,0.01418708823621273,0.043128132820129395,0.041796114295721054,35
8,0.9,input_at,3,69,0.4118674099445343,0.6721855998039246,0.023301517590880394,0.07861149311065674,0.04021187126636505,35
8,0.9,input_at,3,79,0.4177643954753876,0.6660279035568237,0.02293562889099121,0.07175296545028687,0.03945072367787361,35
8,0.9,input_at,4,0,1.0151880979537964,0.03947104513645172,0.4712192118167877,1.0134373903274536,0.0428662933409214,24
8,0.9,input_at,4,1,0.9686417579650879,0.042360760271549225,0.684536874294281,1.1001975536346436,0.00036215587169863284,24
8,0.9,input_at,4,4,0.9420329332351685,0.022058993577957153,0.5305610299110413,1.041369915008545,0.04099583998322487,24
8,0.9,input_at,4,5,1.2464724779129028,0.06314222514629364,0.46458137035369873,1.0206408500671387,0.04305936023592949,24
8,0.9,input_at,4,6,1.2235816717147827,0.021103760227560997,0.4687746465206146,1.0308136940002441,0.04457322508096695,24
8,0.9,input_at,4,7,1.2892930507659912,0.02012673206627369,0.47683805227279663,1.0097291469573975,0.044121645390987396,24
8,0.9,input_at,4,8,1.2893017530441284,0.06428810954093933,0.437317818403244,1.2334271669387817,0.04426279664039612,24
8,0.9,input_at,4,9,1.0040277242660522,0.03965287655591965,0.4580519199371338,0.9930872321128845,0.043786462396383286,24
8,0.9,input_at,4,10,1.221502423286438,0.020582571625709534,0.4672602415084839,1.0315816402435303,0.0445423349738121,24
8,0.9,input_at,4,12,1.5324591398239136,0.19323228299617767,0.43106260895729065,1.7107700109481812,0.04450457915663719,24
8,0.9,input_at,4,13,1.2427868843078613,0.07200563699007034,0.4577522873878479,1.0002527236938477,0.04412334784865379,24
8,0.9,input_at,4,15,1.286305546760559,0.020192334428429604,0.4746064245700836,1.0230941772460938,0.04353610426187515,24
8,0.9,input_at,4,16,1.283967137336731,0.06485894322395325,0.43360334634780884,1.0230042934417725,0.05345393717288971,24
8,0.9,input_at,4,18,1.5292367935180664,0.19909320771694183,0.4277314245700836,1.0186212062835693,0.07502473145723343,24
8,0.9,input_at,4,19,0.8231039643287659,0.02145196683704853,0.40625596046447754,0.959806501865387,0.04438279569149017,24
8,0.9,input_at,4,20,1.7443535327911377,0.06380706280469894,0.4749220907688141,1.031508445739746,0.04573342204093933,24
8,0.9,input_at,4,23,1.7373679876327515,0.06038988009095192,0.4720410704612732,1.0535101890563965,0.044605281203985214,24
8,0.9,input_at,4,49,0.4384079575538635,0.7185787558555603,0.04263537749648094,0.11085563898086548,0.03617265075445175,24
8,0.9,input_at,4,54,0.5550776124000549,0.7185236811637878,0.06842006742954254,0.14209389686584473,0.034810785204172134,24
8,0.9,input_at,4,59,0.3643488883972168,0.7183483839035034,0.029541965574026108,0.10303586721420288,0.036508310586214066,24
8,0.9,input_at,4,60,0.30671560764312744,0.7182583808898926,0.02091510221362114,0.10252219438552856,0.03649613633751869,24
8,0.9,input_at,4,64,0.34153974056243896,0.7181956171989441,0.026011532172560692,0.11144524812698364,0.03617793321609497,24
8,0.9,input_at,4,73,0.6604095101356506,0.7181520462036133,0.0972653403878212,0.21248501539230347,0.0317373089492321,24
8,0.9,input_at,4,74,0.30389603972435,0.7182443141937256,0.020528435707092285,0.08826285600662231,0.03708299621939659,24
8,0.9,lat,0,0,3.1383156776428223,0.044617194682359695,0.8098821043968201,1.0375025272369385,0.015452091582119465,40
8,0.9,lat,0,1,1.9993896484375,0.015327025204896927,0.4779731333255768,1.007846474647522,0.025517813861370087,40
8,0.9,lat,0,2,2.0657601356506348,0.01637750305235386,0.49890223145484924,1.00326669216156,0.024596121162176132,40
8,0.9,lat,0,3,1.935286521911621,0.019000211730599403,0.4507465064525604,1.0267034769058228,0.025473706424236298,40
8,0.9,lat,0,4,1.459006428718567,0.025692103430628777,0.19628682732582092,1.015824317932129,0.02173064835369587,40
8,0.9,lat,0,5,1.894613265991211,0.016553983092308044,0.4726053476333618,1.0126558542251587,0.024870749562978745,40
8,0.9,lat,0,6,1.7566193342208862,0.01864754408597946,0.4683108329772949,1.004132866859436,0.024578256532549858,40
8,0.9,lat,0,7,1.7687948942184448,0.02700461633503437,0.4676622450351715,1.016296625137329,0.02454337105154991,40
8,0.9,lat,0,8,1.9370896816253662,0.017787275835871696,0.45354631543159485,1.0242245197296143,0.02540489286184311,40
8,0.9,lat,0,9,2.054807186126709,0.020972995087504387,0.4861244857311249,1.000365972518921,0.02477170154452324,40
8,0.9,lat,0,10,1.89329993724823,0.01671539805829525,0.4699151813983917,1.0012787580490112,0.025170059874653816,40
8,0.9,lat,0,11,1.9901936054229736,0.017907172441482544,0.47060805559158325,0.9963203072547913,0.025740977376699448,40
8,0.9,lat,0,12,1.829215168952942,0.03857167065143585,0.39902588725090027,0.9474750757217407,0.039783138781785965,40
8,0.9,lat,0,13,1.855363130569458,0.02787095122039318,0.4125417172908783,0.9225866198539734,0.03507791459560394,40
8,0.9,lat,0,14,1.7435959577560425,0.03222374618053436,0.37338119745254517,0.8952838182449341,0.039233285933732986,40
8,0.9,lat,0,15,1.6606440544128418,0.04818933457136154,0.3358957767486572,0.8896052241325378,0.04399937391281128,40
8,0.9,lat,0,16,1.738195776939392,0.04780261218547821,0.34147119522094727,0.946086049079895,0.03990096226334572,40
8,0.9,lat,0,17,1.82308030128479,0.35062533617019653,0.29789042472839355,1.1997045278549194,0.034154608845710754,40
8,0.9,lat,0,18,1.5262655019760132,0.15525224804878235,0.2845474183559418,1.3230534791946411,0.034067362546920776,40
8,0.9,lat,0,33,0.7746688723564148,0.6604399681091309,0.04754861071705818,0.0,0.0035688455682247877,40
8,0.9,lat,0,43,0.3190651834011078,0.6614977717399597,0.008175601251423359,0.0048378705978393555,0.00358566059730947,40
8,0.9,lat,0,44,0.311397522687912,0.6615399122238159,0.007788291200995445,0.005806565284729004,0.003708003321662545,40
8,0.9,lat,0,45,0.5131876468658447,0.66148442029953,0.02110256440937519,0.009873151779174805,0.003426050068810582,40
8,0.9,lat,0,52,0.6213085651397705,0.6599124670028687,0.030401531606912613,0.011849403381347656,0.0034321253187954426,40
8,0.9,lat,0,53,0.43265584111213684,0.6612001061439514,0.015015337616205215,0.008679628372192383,0.003520884085446596,40
8,0.9,lat,0,54,0.40108051896095276,0.6611026525497437,0.012922773137688637,0.007203817367553711,0.00351885543204844,40
8,0.9,lat,0,55,0.3013715147972107,0.6591317653656006,0.007079198490828276,0.0034395456314086914,0.0038114117924124002,40
8,0.9,lat,0,56,0.31577160954475403,0.6612316370010376,0.008019011467695236,0.0034329891204833984,0.0037099975161254406,40
8,0.9,lat,0,57,0.4307505488395691,0.660727322101593,0.01500428095459938,0.007565617561340332,0.003497888334095478,40
8,0.9,lat,0,59,0.650568962097168,0.661271870136261,0.033867694437503815,0.01773989200592041,0.003228170797228813,40
8,0.9,lat,0,61,0.3646603524684906,0.6589771509170532,0.010440181009471416,0.005063414573669434,0.0036796110216528177,40
8,0.9,lat,0,62,0.42306816577911377,0.6610789895057678,0.014393082819879055,0.007000327110290527,0.0035040974617004395,40
8,0.9,lat,0,69,0.9389811158180237,0.6610963344573975,0.07053972780704498,0.0013241767883300781,0.0035314320120960474,40
8,0.9,lat,0,72,0.45787087082862854,0.6597864627838135,0.01654142700135708,0.0072977542877197266,0.003430234268307686,40
8,0.9,lat,0,73,2.0899577140808105,0.6607526540756226,0.3479507565498352,0.0,0.0035331493709236383,40
8,0.9,lat,0,74,0.3363511562347412,0.6590456962585449,0.008882381021976471,0.0034046173095703125,0.0036535668186843395,40
8,0.9,lat,0,75,0.44997408986091614,0.6607082486152649,0.01631217822432518,0.010044693946838379,0.003447216236963868,40
8,0.9,lat,0,76,0.39067089557647705,0.6607664227485657,0.012266064062714577,0.0064239501953125,0.00356302154250443,40
8,0.9,lat,0,78,0.42189788818359375,0.6596460342407227,0.014063873328268528,0.0056029558181762695,0.00347549794241786,40
8,0.9,lat,0,79,0.6104813814163208,0.6614477038383484,0.029827430844306946,0.015619874000549316,0.003275071270763874,40
8,0.9,lat,1,0,2.164151191711426,0.06016773357987404,0.5004464983940125,0.9943649172782898,0.051412273198366165,20
8,0.9,lat,1,1,2.2978882789611816,0.06845254451036453,0.5911511182785034,1.0478062629699707,0.02192491851747036,20
8,0.9,lat,1,2,1.8792369365692139,0.04172658175230026,0.4973205029964447,1.0142217874526978,0.052809301763772964,20
8,0.9,lat,1,3,2.0080654621124268,0.08754971623420715,0.4841441214084625,1.0169334411621094,0.0532660186290741,20
8,0.9,lat,1,4,1.875701665878296,0.04929680749773979,0.4961167275905609,1.0112793445587158,0.05316055566072464,20
8,0.9,lat,1,5,2.1343770027160645,0.05834735929965973,0.4943692684173584,1.0034713745117188,0.05242183804512024,20
8,0.9,lat,1,6,1.8751214742660522,0.04930189996957779,0.4957958161830902,1.0104868412017822,0.053199756890535355,20
8,0.9,lat,1,7,1.8764244318008423,0.04172603785991669,0.4958450496196747,1.0051095485687256,0.053296077996492386,20
8,0.9,lat,1,8,2.1313750743865967,0.05840407684445381,0.49302199482917786,0.9969804286956787,0.05276902765035629,20
8,0.9,lat,1,9,2.041975975036621,0.03462662547826767,0.48893284797668457,1.0063272714614868,0.036532413214445114,20
8,0.9,lat,1,10,2.0040414333343506,0.08746466040611267,0.4824889898300171,1.012555480003357,0.05351428687572479,20
8,0.9,lat,1,11,1.9582843780517578,0.07774472236633301,0.6785900592803955,1.109584927558899,0.004307919647544622,20
8,0.9,lat,1,12,1.6708818674087524,0.14714494347572327,0.41212567687034607,1.0677844285964966,0.05791762098670006,20
8,0.9,lat,1,13,1.7796295881271362,0.06338074058294296,0.4596659541130066,1.0513994693756104,0.054569315165281296,20
8,0.9,lat,1,15,1.5989707708358765,0.24511410295963287,0.4432089626789093,1.050253987312317,0.05427555739879608,20
8,0.9,lat,1,16,2.1280946731567383,0.06015432998538017,0.4840596318244934,0.97735595703125,0.05232909321784973,20
8,0.9,lat,1,17,1.770838975906372,0.06323926150798798,0.45613598823547363,1.0386379957199097,0.05521620064973831,20
8,0.9,lat,1,18,0.46188828349113464,0.14890038967132568,0.03093152865767479,0.081728994846344,0.1086949035525322,20
8,0.9,lat,1,19,1.6385979652404785,0.23096813261508942,0.44609585404396057,1.0343668460845947,0.055145978927612305,20
8,0.9,lat,1,20,1.5788058042526245,0.15207572281360626,0.37313687801361084,1.007201910018921,0.060874756425619125,20
8,0.9,lat,2,0,1.8387733697891235,0.020167194306850433,0.49010753631591797,1.002110481262207,0.01874307356774807,54
8,0.9,lat,2,1,1.8220261335372925,0.014045801013708115,0.4928571283817291,1.0012667179107666,0.018649673089385033,54
8,0.9,lat,2,2,1.8458744287490845,0.012937933206558228,0.4989781677722931,1.0261698961257935,0.01909833960235119,54
8,0.9,lat,2,3,1.8203580379486084,0.014376822859048843,0.49131539463996887,0.9871527552604675,0.018855610862374306,54
8,0.9,lat,2,4,1.8107377290725708,0.014171731658279896,0.4940379559993744,1.009322166442871,0.01880432665348053,54
8,0.9,lat,2,5,1.8172385692596436,0.019724613055586815,0.4873265326023102,0.9897502064704895,0.01878274418413639,54
8,0.9,lat,2,6,1.8287194967269897,0.014677257277071476,0.4962305426597595,0.9972666501998901,0.018958711996674538,54
8,0.9,lat,2,7,1.8782936334609985,0.024554671719670296,0.46648943424224854,1.0044326782226562,0.01916537433862686,54
8,0.9,lat,2,8,1.6610523462295532,0.024084363132715225,0.45744800567626953,1.028430461883545,0.0195949487388134,54
8,0.9,lat,2,9,1.8483089208602905,0.015128177590668201,0.4964520335197449,1.0007970333099365,0.019235169515013695,54
8,0.9,lat,2,10,1.688455581665039,0.05844831466674805,0.41827359795570374,1.1886413097381592,0.02010195516049862,54
8,0.9,lat,2,11,1.8784575462341309,0.027400940656661987,0.461601197719574,1.0121634006500244,0.01913542114198208,54
8,0.9,lat,2,12,1.6384576559066772,0.020053010433912277,0.45192185044288635,1.0344702005386353,0.020081598311662674,54
8,0.9,lat,2,13,1.590895175933838,0.052788130939006805,0.4136398732662201,1.0750186443328857,0.021996628493070602,54
8,0.9,lat,2,14,1.5820106267929077,0.04687602445483208,0.41855388879776,1.1262332201004028,0.020343877375125885,54
8,0.9,lat,2,15,1.70745849609375,0.06549402326345444,0.4167833626270294,1.1612261533737183,0.02036685310304165,54
8,0.9,lat,2,16,1.5981110334396362,0.2062440663576126,0.2886873483657837,1.2882037162780762,0.027522988617420197,54
8,0.9,lat,2,17,1.3091191053390503,0.1391109675168991,0.2399590164422989,0.9360188245773315,0.029387997463345528,54
8,0.9,lat,2,21,0.8902060985565186,0.311133474111557,0.07064631581306458,0.4631350636482239,0.04714285582304001,54
8,0.9,lat,2,25,0.3538146913051605,0.7259511947631836,0.006771099753677845,0.008524537086486816,0.008778290823101997,54
8,0.9,lat,2,27,0.3643278181552887,0.727304995059967,0.007153364364057779,0.006287753582000732,0.008635207079350948,54
8,0.9,lat,2,29,0.5059855580329895,0.7281872034072876,0.013744031079113483,0.009805917739868164,0.008394242264330387,54
8,0.9,lat,2,30,0.35840776562690735,0.7281258702278137,0.0068963696248829365,0.006360113620758057,0.008492020890116692,54
8,0.9,lat,2,32,0.48706915974617004,0.7289730310440063,0.012702694162726402,0.01214057207107544,0.008255382999777794,54
8,0.9,lat,2,33,0.32516974210739136,0.7284934520721436,0.005666628945618868,0.005629599094390869,0.00841314997524023,54
8,0.9,lat,2,34,0.3017670810222626,0.7284673452377319,0.004885099828243256,0.005990803241729736,0.00839157123118639,54
8,0.9,lat,2,38,1.2524491548538208,0.7301177978515625,0.08358898013830185,0.0,0.008376658894121647,54
8,0.9,lat,2,39,0.3517959713935852,0.7302886247634888,0.006588967051357031,0.005939066410064697,0.008259686641395092,54
8,0.9,lat,2,40,1.1913639307022095,0.7301864624023438,0.07560762017965317,0.0,0.008375258184969425,54
8,0.9,lat,2,41,0.38848045468330383,0.7292382121086121,0.008076672442257404,0.007419228553771973,0.008326596580445766,54
8,0.9,lat,2,44,1.1077545881271362,0.7301373481750488,0.06539925187826157,0.0,0.008378496393561363,54
8,0.9,lat,2,45,0.9761725664138794,0.7295889258384705,0.050906043499708176,0.042674362659454346,0.007610060274600983,54
8,0.9,lat,2,47,0.3108844459056854,0.7288973331451416,0.005178868770599365,0.003898143768310547,0.008389140479266644,54
8,0.9,lat,2,48,0.6180163025856018,0.7302663922309875,0.02033512108027935,0.0,0.008371412754058838,54
8,0.9,lat,2,52,0.7905120849609375,0.7297216653823853,0.033337317407131195,0.024750709533691406,0.007923026569187641,54
8,0.9,lat,2,55,0.8277886509895325,0.7295738458633423,0.03659234941005707,0.03632014989852905,0.007719142362475395,54
8,0.9,lat,2,56,0.6885611414909363,0.7303118109703064,0.025235915556550026,0.022034764289855957,0.007956844754517078,54
8,0.9,lat,2,57,0.34198442101478577,0.7294503450393677,0.0062525151297450066,0.006465435028076172,0.0083186449483037,54
8,0.9,lat,2,58,0.4814436733722687,0.7302923798561096,0.012339231558144093,0.0,0.00837648008018732,54
8,0.9,lat,2,59,1.1005768775939941,0.7302200794219971,0.0645267516374588,0.0,0.00837627425789833,54
8,0.9,lat,2,61,0.5553860664367676,0.7297793030738831,0.016465548425912857,0.016936302185058594,0.00807854626327753,54
8,0.9,lat,2,62,0.3975716233253479,0.7303377389907837,0.008410829119384289,0.008543729782104492,0.008205758407711983,54
8,0.9,lat,2,63,0.9607463479042053,0.7301881313323975,0.04917967692017555,0.0,0.00837408471852541,54
8,0.9,lat,2,67,0.7542908191680908,0.7297511100769043,0.030371570959687233,0.02903592586517334,0.007851984351873398,54
8,0.9,lat,2,68,0.38758552074432373,0.7293917536735535,0.008015819825232029,0.007341980934143066,0.008284703828394413,54
8,0.9,lat,2,69,0.7591003179550171,0.7298179268836975,0.030741356313228607,0.027378499507904053,0.00787433236837387,54
8,0.9,lat,2,70,0.4314114451408386,0.7294392585754395,0.00994787272065878,0.007036685943603516,0.00828985869884491,54
8,0.9,lat,2,71,0.6958509683609009,0.7297196388244629,0.025848569348454475,0.018496036529541016,0.008044223301112652,54
8,0.9,lat,2,72,0.6549607515335083,0.7295785546302795,0.02290920354425907,0.018840491771697998,0.008050567470490932,54
8,0.9,lat,2,73,0.5579227805137634,0.7295719385147095,0.016623327508568764,0.017718732357025146,0.008068733848631382,54
8,0.9,lat,2,74,0.3194466233253479,0.730398416519165,0.005424670409411192,0.003642559051513672,0.008305608294904232,54
8,0.9,lat,2,75,0.40512073040008545,0.7294546365737915,0.008770104497671127,0.0065574049949646,0.008292177692055702,54
8,0.9,lat,2,76,0.9737945795059204,0.7296615839004517,0.05061863362789154,0.052204906940460205,0.00741734029725194,54
8,0.9,lat,2,77,0.7696334719657898,0.7297539114952087,0.03161204606294632,0.02794468402862549,0.007867302745580673,54
8,0.9,lat,3,0,2.1650197505950928,0.05130460113286972,0.500869870185852,1.0196936130523682,0.0508081391453743,21
8,0.9,lat,3,1,1.9725009202957153,0.06470853090286255,0.4995536208152771,1.0202441215515137,0.05046660453081131,21
8,0.9,lat,3,2,1.9439359903335571,0.0566570982336998,0.5006919503211975,0.9787743091583252,0.04985316842794418,21
8,0.9,lat,3,3,2.1055307388305664,0.06153721734881401,0.4995490312576294,1.0258995294570923,0.05167403072118759,21
8,0.9,lat,3,4,1.971614122390747,0.06469597667455673,0.49911943078041077,1.010345697402954,0.050968002527952194,21
8,0.9,lat,3,5,2.3848187923431396,0.10079185664653778,0.49720028042793274,1.0142766237258911,0.05057743936777115,21
8,0.9,lat,3,6,2.044175148010254,0.05701121687889099,0.4950317442417145,1.018387794494629,0.050721414387226105,21
8,0.9,lat,3,7,2.045058012008667,0.05700540542602539,0.49548742175102234,1.0161055326461792,0.050839610397815704,21
8,0.9,lat,3,8,2.2712934017181396,0.07620366662740707,0.49039262533187866,0.9981980919837952,0.05029406398534775,21
8,0.9,lat,3,9,2.103450059890747,0.05938172712922096,0.4825729727745056,1.0152673721313477,0.05050838738679886,21
8,0.9,lat,3,10,2.1021182537078857,0.06153105944395065,0.49796178936958313,1.0343575477600098,0.05126502364873886,21
8,0.9,lat,3,11,2.264930248260498,0.0759071484208107,0.4880913496017456,1.007887601852417,0.049862343817949295,21
8,0.9,lat,3,12,2.0717482566833496,0.07886308431625366,0.4885008931159973,1.005378007888794,0.05123184248805046,21
8,0.9,lat,3,13,2.1534042358398438,0.051433585584163666,0.49533817172050476,1.0169577598571777,0.05090683698654175,21
8,0.9,lat,3,14,1.9327768087387085,0.056677963584661484,0.4950263798236847,0.9981182813644409,0.04890184476971626,21
8,0.9,lat,3,15,2.0801472663879395,0.08226536959409714,0.4880914092063904,1.0009196996688843,0.05065544694662094,21
8,0.9,lat,3,16,2.306905508041382,0.0914657935500145,0.47427982091903687,1.034967064857483,0.05291908234357834,21
8,0.9,lat,3,17,2.0876495838165283,0.05644024908542633,0.47863417863845825,1.0132354497909546,0.05100944638252258,21
8,0.9,lat,3,18,0.9235439896583557,0.2846563756465912,0.21121057868003845,0.3897194266319275,0.04528071731328964,21
8,0.9,lat,3,19,1.2997459173202515,0.286232054233551,0.3486935496330261,0.7652052640914917,0.02558937296271324,21
8,0.9,lat,3,20,0.3271210491657257,0.3012135624885559,0.0383383184671402,0.06584089994430542,0.05950792878866196,21
8,0.9,lat,4,0,2.132894277572632,0.07589912414550781,0.4997270107269287,1.0281399488449097,0.056627459824085236,19
8,0.9,lat,4,1,1.8787976503372192,0.04210948571562767,0.4957019090652466,1.0042774677276611,0.055710937827825546,19
8,0.9,lat,4,2,1.964402198791504,0.04607482627034187,0.49753597378730774,1.0192829370498657,0.056592777371406555,19
8,0.9,lat,4,3,1.9711617231369019,0.040823355317115784,0.49769100546836853,1.026039481163025,0.056934721767902374,19
8,0.9,lat,4,4,1.9640361070632935,0.04609568044543266,0.4973525404930115,1.0195252895355225,0.056581735610961914,19
8,0.9,lat,4,5,2.381885528564453,0.06853894144296646,0.4901387691497803,1.0145515203475952,0.05593513697385788,19
8,0.9,lat,4,6,2.1218199729919434,0.06147344782948494,0.4988068640232086,1.0010066032409668,0.05594991147518158,19
8,0.9,lat,4,7,2.0367465019226074,0.05241657793521881,0.48390132188796997,1.0283030271530151,0.057183887809515,19
8,0.9,lat,4,8,1.9702966213226318,0.04081064090132713,0.49727675318717957,1.026367425918579,0.05692271888256073,19
8,0.9,lat,4,9,2.128873586654663,0.07591228187084198,0.4978317320346832,1.0206657648086548,0.0570305660367012,19
8,0.9,lat,4,10,2.082650899887085,0.07351316511631012,0.49423059821128845,1.005090355873108,0.05518241971731186,19
8,0.9,lat,4,11,2.117347240447998,0.06125934049487114,0.49673718214035034,1.0080446004867554,0.055584099143743515,19
8,0.9,lat,4,12,1.8757778406143188,0.042095333337783813,0.49413207173347473,1.0034908056259155,0.055751606822013855,19
8,0.9,lat,4,13,2.373593807220459,0.06822908669710159,0.4870151877403259,1.0089764595031738,0.05631445348262787,19
8,0.9,lat,4,14,1.9552993774414062,0.11925092339515686,0.4332597553730011,1.0348901748657227,0.044183362275362015,19
8,0.9,lat,4,15,2.0690345764160156,0.07062400877475739,0.48878878355026245,0.9977495670318604,0.056042518466711044,19
8,0.9,lat,4,16,2.2182350158691406,0.12445013970136642,0.4880301058292389,0.9979740977287292,0.03757818043231964,19
8,0.9,lat,4,17,2.022279739379883,0.05213935300707817,0.47751858830451965,1.0294914245605469,0.057110149413347244,19
8,0.9,lat,4,18,1.7722582817077637,0.26723653078079224,0.44487789273262024,1.076465368270874,0.019224775955080986,19
8,0.99,baseline,0,0,1.9452052116394043,0.08101160824298859,0.33206531405448914,0.9548959732055664,0.06799574941396713,48
8,0.99,baseline,0,1,2.083066463470459,0.06923051178455353,0.4228757619857788,0.971437394618988,0.06332946568727493,48
8,0.99,baseline,0,2,1.8001388311386108,0.08497967571020126,0.361503541469574,0.9763655066490173,0.061705444008111954,48
8,0.99,baseline,0,3,2.488931655883789,0.10620300471782684,0.399173378944397,0.9653717875480652,0.11063935607671738,48
8,0.99,baseline,0,4,1.316943645477295,0.09441767632961273,0.21922017633914948,0.9676133990287781,0.06116127967834473,48
8,0.99,baseline,0,5,1.8487805128097534,0.04395969212055206,0.4044279456138611,0.984636664390564,0.04235181584954262,48
8,0.99,baseline,0,6,1.3903312683105469,0.09523820132017136,0.19472132623195648,0.9762279987335205,0.08957242220640182,48
8,0.99,baseline,0,7,2.8406903743743896,0.08885210752487183,0.4614504873752594,0.9922800660133362,0.09347590804100037,48
8,0.99,baseline,0,8,1.5380914211273193,0.05718590319156647,0.2582063376903534,0.977670431137085,0.059398163110017776,48
8,0.99,baseline,0,9,1.8087373971939087,0.09389753639698029,0.27537864446640015,0.9819260835647583,0.07158516347408295,48
8,0.99,baseline,0,11,1.5059250593185425,0.11988332122564316,0.22546246647834778,0.9710266590118408,0.06111931800842285,48
8,0.99,baseline,0,12,1.5637227296829224,0.047878216952085495,0.3014846742153168,0.9532745480537415,0.040010083466768265,48
8,0.99,baseline,0,13,1.6275354623794556,0.05212107673287392,0.31159839034080505,0.9634759426116943,0.04913296177983284,48
8,0.99,baseline,0,14,1.5780011415481567,0.11603732407093048,0.21035347878932953,0.9526325464248657,0.07648314535617828,48
8,0.99,baseline,0,15,1.550209879875183,0.12963159382343292,0.19691163301467896,0.91837078332901,0.0668880045413971,48
8,0.99,baseline,0,16,1.5554338693618774,0.15928204357624054,0.21004845201969147,0.9485815167427063,0.062275610864162445,48
8,0.99,baseline,0,17,1.956281304359436,0.2187754511833191,0.25718367099761963,0.9296242594718933,0.04769768938422203,48
8,0.99,baseline,0,18,1.9090476036071777,0.10879165679216385,0.2725614309310913,0.9816160202026367,0.07453089207410812,48
8,0.99,baseline,0,19,1.5635219812393188,0.08547937124967575,0.21049700677394867,0.9263654947280884,0.06940054148435593,48
8,0.99,baseline,0,20,1.5608036518096924,0.11300406605005264,0.24292710423469543,0.8847957849502563,0.042645491659641266,48
8,0.99,baseline,0,21,1.4768191576004028,0.1428692787885666,0.16138800978660583,0.9183906316757202,0.05117517337203026,48
8,0.99,baseline,0,22,1.747300624847412,0.08048307150602341,0.2205054759979248,0.9344991445541382,0.08812656998634338,48
8,0.99,baseline,0,23,1.5282012224197388,0.0753883570432663,0.18925879895687103,0.940805971622467,0.07068584114313126,48
8,0.99,baseline,0,24,1.9062941074371338,0.29209718108177185,0.21421124041080475,0.9046722650527954,0.034699346870183945,48
8,0.99,baseline,0,25,1.537601351737976,0.08260130137205124,0.18924658000469208,0.8905078768730164,0.06784145534038544,48
8,0.99,baseline,0,26,1.4877060651779175,0.11784376949071884,0.18537625670433044,0.9107526540756226,0.04570253938436508,48
8,0.99,baseline,0,27,2.2765755653381348,0.38068071007728577,0.25541648268699646,0.8003688454627991,0.004501789342612028,48
8,0.99,baseline,0,28,1.5800135135650635,0.12953832745552063,0.1842319518327713,0.91862952709198,0.06272882223129272,48
8,0.99,baseline,0,29,1.2093795537948608,0.097286157310009,0.13041500747203827,0.7721736431121826,0.0817129835486412,48
8,0.99,baseline,0,30,1.2597771883010864,0.0718606486916542,0.13619832694530487,0.8545886874198914,0.07298855483531952,48
8,0.99,baseline,0,31,1.4729288816452026,0.045508213341236115,0.18970626592636108,0.8796778917312622,0.08633412420749664,48
8,0.99,baseline,0,32,1.3348388671875,0.18066734075546265,0.14652536809444427,0.7573009729385376,0.06656964123249054,48
8,0.99,baseline,0,33,0.35463660955429077,0.3209015130996704,0.0072651272639632225,0.0,0.05151849240064621,48
8,0.99,baseline,0,34,1.0106850862503052,0.17715387046337128,0.07396533340215683,0.6125218868255615,0.06599077582359314,48
8,0.99,baseline,0,36,0.5614538788795471,0.21820029616355896,0.018156209960579872,0.26534736156463623,0.10211790353059769,48
8,0.99,baseline,0,38,0.6355788111686707,0.19010458886623383,0.03524152189493179,0.4377836585044861,0.07559669017791748,48
8,0.99,baseline,0,39,0.6237443685531616,0.25034859776496887,0.021844029426574707,0.23397552967071533,0.09137537330389023,48
8,0.99,baseline,0,40,0.5349096059799194,0.3167479634284973,0.01723373495042324,0.13047856092453003,0.06329545378684998,48
8,0.99,baseline,0,45,0.4422355592250824,0.4073971211910248,0.009659649804234505,0.0018006563186645508,0.015687022358179092,48
8,0.99,baseline,0,46,0.36522573232650757,0.36395785212516785,0.0067498949356377125,0.024264931678771973,0.0272517129778862,48
8,0.99,baseline,0,47,0.3340148329734802,0.4026182293891907,0.005470102187246084,0.0003063678741455078,0.014367149211466312,48
8,0.99,baseline,0,52,0.41922441124916077,0.12905126810073853,0.015381519682705402,-0.0028493404388427734,0.06848568469285965,48
8,0.99,baseline,0,58,0.41826963424682617,0.32901421189308167,0.009063106961548328,0.0010970830917358398,0.03268998861312866,48
8,0.99,baseline,0,59,0.46373939514160156,0.3259292244911194,0.012461879290640354,0.0022516250610351562,0.05057768523693085,48
8,0.99,baseline,0,60,0.4978714883327484,0.3874262869358063,0.012948226183652878,0.005665779113769531,0.02051684632897377,48
8,0.99,baseline,0,69,0.5578864216804504,0.405296266078949,0.015437789261341095,7.426738739013672e-05,0.01675756648182869,48
8,0.99,baseline,0,73,1.3136411905288696,0.25311022996902466,0.10405469685792923,0.13399183750152588,0.08103884756565094,48
8,0.99,baseline,0,77,0.34917953610420227,0.39660966396331787,0.006016632542014122,0.0010035037994384766,0.01596071571111679,48
8,0.99,baseline,1,0,2.2250828742980957,0.09939463436603546,0.433928519487381,0.9870538711547852,0.06238611415028572,50
8,0.99,baseline,1,1,1.5565813779830933,0.11536358296871185,0.2519773840904236,1.0259630680084229,0.054911453276872635,50
8,0.99,baseline,1,2,1.691201090812683,0.0881631076335907,0.308069109916687,0.9832866191864014,0.05766107514500618,50
8,0.99,baseline,1,3,1.779159665107727,0.10060038417577744,0.29500386118888855,0.9405585527420044,0.05932169035077095,50
8,0.99,baseline,1,4,1.5452755689620972,0.061594828963279724,0.31593552231788635,0.9835131764411926,0.049221694469451904,50
8,0.99,baseline,1,5,1.7755985260009766,0.08750033378601074,0.322068989276886,0.9712548851966858,0.059275105595588684,50
8,0.99,baseline,1,6,1.6897190809249878,0.12899573147296906,0.2671692669391632,0.9975587129592896,0.08221624046564102,50
8,0.99,baseline,1,7,1.735121488571167,0.15858621895313263,0.2422797679901123,1.0076813697814941,0.06096253544092178,50
8,0.99,baseline,1,8,2.0460197925567627,0.07508639246225357,0.3836529552936554,0.9706909656524658,0.06327955424785614,50
8,0.99,baseline,1,9,1.445680856704712,0.06489315629005432,0.2905174791812897,0.9392733573913574,0.04377228766679764,50
8,0.99,baseline,1,10,1.7917345762252808,0.08692727982997894,0.3517826199531555,0.9691534042358398,0.05644990876317024,50
8,0.99,baseline,1,11,1.3839582204818726,0.10835915803909302,0.1670503169298172,0.9584699869155884,0.06870875507593155,50
8,0.99,baseline,1,12,1.2348461151123047,0.1404193937778473,0.1629929095506668,1.0983070135116577,0.05477817729115486,50
8,0.99,baseline,1,13,1.5074084997177124,0.06768425554037094,0.28065386414527893,0.9504393339157104,0.04687510058283806,50
8,0.99,baseline,1,14,1.1971116065979004,0.0890936404466629,0.21576957404613495,1.0089991092681885,0.0328858382999897,50
8,0.99,baseline,1,15,1.7554322481155396,0.04682515561580658,0.34295862913131714,0.9727000594139099,0.0480349063873291,50
8,0.99,baseline,1,16,1.6870547533035278,0.10639465600252151,0.23973819613456726,0.9056602716445923,0.06079230457544327,50
8,0.99,baseline,1,17,1.7360811233520508,0.08849368244409561,0.2518560588359833,0.952873706817627,0.07092268764972687,50
8,0.99,baseline,1,18,1.4670450687408447,0.09398193657398224,0.2331152707338333,0.9647895693778992,0.04817068949341774,50
8,0.99,baseline,1,19,1.8533707857131958,0.08338502049446106,0.3441234529018402,0.9708679914474487,0.05769328027963638,50
8,0.99,baseline,1,20,1.4571588039398193,0.059560131281614304,0.23339958488941193,0.8657374382019043,0.06125497445464134,50
8,0.99,baseline,1,21,1.811996579170227,0.0755695104598999,0.3081706464290619,0.8495685458183289,0.05944378674030304,50
8,0.99,baseline,1,22,1.3991740942001343,0.22581127285957336,0.16364039480686188,1.1464499235153198,0.04913991317152977,50
8,0.99,baseline,1,23,1.3734157085418701,0.09181588888168335,0.19625943899154663,0.8928188681602478,0.06169235333800316,50
8,0.99,baseline,1,24,1.6063158512115479,0.08384205400943756,0.263700008392334,0.9166755676269531,0.052868425846099854,50
8,0.99,baseline,1,25,1.8237630128860474,0.07479244470596313,0.2823192775249481,0.864437997341156,0.0733412504196167,50
8,0.99,baseline,1,26,1.5679223537445068,0.08771949261426926,0.2145598828792572,0.9219241142272949,0.0777892991900444,50
8,0.99,baseline,1,27,1.7043641805648804,0.0938900038599968,0.2399822622537613,0.8974587917327881,0.07795372605323792,50
8,0.99,baseline,1,28,1.3814889192581177,0.23740869760513306,0.18314580619335175,1.2303493022918701,0.03866445645689964,50
8,0.99,baseline,1,29,1.3364161252975464,0.07068362832069397,0.1694738268852234,0.8726447224617004,0.07050599157810211,50
8,0.99,baseline,1,30,1.2968658208847046,0.27992960810661316,0.15508060157299042,1.1256628036499023,0.042457882314920425,50
8,0.99,baseline,1,31,1.2237046957015991,0.19100560247898102,0.14049507677555084,0.9111859202384949,0.041704945266246796,50
8,0.99,baseline,1,32,1.114966869354248,0.07595396786928177,0.12166403234004974,0.7683528065681458,0.07651547342538834,50
8,0.99,baseline,1,33,1.1652581691741943,0.08465889096260071,0.14733488857746124,0.8735303282737732,0.07194427400827408,50
8,0.99,baseline,1,35,1.0115631818771362,0.15688498318195343,0.08721973747015,0.6790710687637329,0.07036762684583664,50
8,0.99,baseline,1,36,0.9969959855079651,0.2892792820930481,0.07578812539577484,0.7625619173049927,0.042657434940338135,50
8,0.99,baseline,1,37,0.8637895584106445,0.22427937388420105,0.05986662581562996,0.6011646389961243,0.047689881175756454,50
8,0.99,baseline,1,38,0.7080725431442261,0.1462358981370926,0.05310295149683952,0.40002918243408203,0.05253756791353226,50
8,0.99,baseline,1,39,0.6166039109230042,0.05738378316164017,0.04472486674785614,0.3287643790245056,0.08013218641281128,50
8,0.99,baseline,1,41,0.3566749393939972,0.2555629014968872,0.009978407062590122,0.16827964782714844,0.08200864493846893,50
8,0.99,baseline,1,42,0.4257729947566986,0.2861497104167938,0.0164156686514616,0.10697609186172485,0.04326086491346359,50
8,0.99,baseline,1,54,0.3220399022102356,0.4717083275318146,0.006963170599192381,-0.00020003318786621094,0.001561448909342289,50
8,0.99,baseline,1,61,0.35532307624816895,0.46695592999458313,0.00892031192779541,-0.000392913818359375,0.0030216590967029333,50
8,0.99,baseline,1,66,0.36703547835350037,0.4687299132347107,0.009283832274377346,-0.00022542476654052734,0.0014427164569497108,50
8,0.99,baseline,1,70,0.6202887892723083,0.47308990359306335,0.026188071817159653,-0.0009201765060424805,0.0005315448506735265,50
8,0.99,baseline,1,73,0.8457687497138977,0.47394999861717224,0.04892953485250473,-0.006092429161071777,0.00027283874806016684,50
8,0.99,baseline,1,74,0.418867290019989,0.47237730026245117,0.011876248754560947,-0.0007898807525634766,0.001196462195366621,50
8,0.99,baseline,1,76,0.5244210958480835,0.4735717177391052,0.018826909363269806,-0.0012551546096801758,0.0006717095384374261,50
8,0.99,baseline,1,77,0.3155709505081177,0.46861860156059265,0.0067906989715993404,-0.0003345012664794922,0.003738245228305459,50
8,0.99,baseline,1,79,0.43283918499946594,0.4735986292362213,0.012913744896650314,-0.0010654926300048828,0.0005492827040143311,50
8,0.99,baseline,2,0,2.230772018432617,0.06319240480661392,0.45849740505218506,0.9743857979774475,0.04615576192736626,57
8,0.99,baseline,2,1,1.538040041923523,0.08015627413988113,0.31073111295700073,1.0132745504379272,0.055981241166591644,57
8,0.99,baseline,2,2,1.7208874225616455,0.06591025739908218,0.4017565846443176,0.9610971212387085,0.05595693364739418,57
8,0.99,baseline,2,3,1.7267011404037476,0.12811461091041565,0.3140363395214081,0.9908097982406616,0.054384153336286545,57
8,0.99,baseline,2,4,1.7119754552841187,0.16333691775798798,0.24350477755069733,1.0107389688491821,0.07250110059976578,57
8,0.99,baseline,2,5,1.6086758375167847,0.05495329201221466,0.33779823780059814,0.9815113544464111,0.05289504677057266,57
8,0.99,baseline,2,6,1.909566044807434,0.14967508614063263,0.30391207337379456,0.9884861707687378,0.06582020968198776,57
8,0.99,baseline,2,7,1.7068852186203003,0.09812573343515396,0.2681184411048889,0.9636103510856628,0.07960384339094162,57
8,0.99,baseline,2,8,2.0364749431610107,0.09945511072874069,0.3761395514011383,0.9555893540382385,0.051541101187467575,57
8,0.99,baseline,2,9,1.523883581161499,0.09409778565168381,0.22066476941108704,0.888019323348999,0.05634751915931702,57
8,0.99,baseline,2,10,1.3436146974563599,0.10987305641174316,0.19622965157032013,1.0128849744796753,0.06847234070301056,57
8,0.99,baseline,2,11,1.413140058517456,0.0441843643784523,0.2545241713523865,0.9434970021247864,0.050685323774814606,57
8,0.99,baseline,2,12,1.5423082113265991,0.10076241940259933,0.2558625340461731,1.0863014459609985,0.04122485965490341,57
8,0.99,baseline,2,13,1.686057448387146,0.17649714648723602,0.19434797763824463,1.019757866859436,0.08174299448728561,57
8,0.99,baseline,2,14,1.7603768110275269,0.18239597976207733,0.2375909686088562,0.9983998537063599,0.060255032032728195,57
8,0.99,baseline,2,15,1.55361807346344,0.22812725603580475,0.18398815393447876,1.3286333084106445,0.05264172703027725,57
8,0.99,baseline,2,16,1.6298904418945312,0.09912009537220001,0.2573331594467163,0.927290141582489,0.052207011729478836,57
8,0.99,baseline,2,17,1.6068658828735352,0.14427822828292847,0.21108821034431458,0.9322365522384644,0.06128109246492386,57
8,0.99,baseline,2,18,1.4392050504684448,0.09514597058296204,0.1940729320049286,0.8933590650558472,0.05442049726843834,57
8,0.99,baseline,2,19,1.416061282157898,0.06556287407875061,0.2119365930557251,0.9286746978759766,0.08134499937295914,57
8,0.99,baseline,2,20,1.5415077209472656,0.14182494580745697,0.21086393296718597,0.9495642781257629,0.06107528880238533,57
8,0.99,baseline,2,21,1.3990076780319214,0.16975240409374237,0.15928922593593597,0.9599688053131104,0.07085158675909042,57
8,0.99,baseline,2,22,1.4589546918869019,0.10998433828353882,0.2062138020992279,0.9399465322494507,0.05841629579663277,57
8,0.99,baseline,2,23,1.479699969291687,0.09088268876075745,0.19862541556358337,0.9775110483169556,0.05885537341237068,57
8,0.99,baseline,2,24,1.416909098625183,0.14292359352111816,0.1620764136314392,0.9269006848335266,0.07084594666957855,57
8,0.99,baseline,2,25,1.2365317344665527,0.1744907647371292,0.12660692632198334,1.0604398250579834,0.06193598732352257,57
8,0.99,baseline,2,26,1.5455238819122314,0.11048963665962219,0.21642009913921356,0.8921284675598145,0.050264984369277954,57
8,0.99,baseline,2,27,1.323474407196045,0.06998979300260544,0.1877492517232895,0.9557902812957764,0.06233067438006401,57
8,0.99,baseline,2,28,1.3434556722640991,0.09075631946325302,0.17660894989967346,0.8787080645561218,0.066975899040699,57
8,0.99,baseline,2,29,1.3862380981445312,0.10044391453266144,0.18526318669319153,0.8891488313674927,0.054592277854681015,57
8,0.99,baseline,2,30,1.177361011505127,0.08555488288402557,0.15875786542892456,0.8256557583808899,0.058863721787929535,57
8,0.99,baseline,2,31,1.249373197555542,0.13391628861427307,0.14444829523563385,0.9389851093292236,0.08034136146306992,57
8,0.99,baseline,2,32,1.2806073427200317,0.19134639203548431,0.14929944276809692,1.1099131107330322,0.049684010446071625,57
8,0.99,baseline,2,33,1.2500176429748535,0.1315091997385025,0.13608580827713013,0.9177367687225342,0.06983392685651779,57
8,0.99,baseline,2,34,0.976483941078186,0.2043963074684143,0.09078045934438705,1.1565418243408203,0.05866699293255806,57
8,0.99,baseline,2,35,0.913012683391571,0.21290810406208038,0.06843352317810059,1.0069303512573242,0.06646088510751724,57
8,0.99,baseline,2,36,1.0171552896499634,0.141799196600914,0.08061127364635468,0.610242486000061,0.07002346962690353,57
8,0.99,baseline,2,38,1.1695019006729126,0.18548338115215302,0.10788233578205109,0.7071740627288818,0.0652698203921318,57
8,0.99,baseline,2,39,0.7200859785079956,0.17528775334358215,0.04581484571099281,0.44700461626052856,0.06679501384496689,57
8,0.99,baseline,2,40,1.038780689239502,0.2032926082611084,0.07515104860067368,0.6757580041885376,0.062140438705682755,57
8,0.99,baseline,2,41,0.37786686420440674,0.16270627081394196,0.013673709705471992,0.19101661443710327,0.05766253545880318,57
8,0.99,baseline,2,44,0.6687689423561096,0.2845551669597626,0.028033817186951637,0.2335999608039856,0.06230239197611809,57
8,0.99,baseline,2,45,0.3089720606803894,0.47893187403678894,0.0051165358163416386,-9.97781753540039e-05,0.012271933257579803,57
8,0.99,baseline,2,50,0.43469128012657166,0.47920235991477966,0.009840220212936401,-0.0002238750457763672,0.01299680583178997,57
8,0.99,baseline,2,52,0.35425707697868347,0.47823530435562134,0.006803038064390421,-1.3113021850585938e-06,0.015200209803879261,57
8,0.99,baseline,2,59,0.48771288990974426,0.3388516306877136,0.013862391002476215,0.014739513397216797,0.05351433902978897,57
8,0.99,baseline,2,62,0.31634825468063354,0.4762662947177887,0.005265285726636648,-9.894371032714844e-05,0.015327969565987587,57
8,0.99,baseline,2,63,0.810882031917572,0.46208152174949646,0.034112006425857544,-0.0007425546646118164,0.01816519722342491,57
8,0.99,baseline,2,67,0.42247435450553894,0.4786182940006256,0.009779810905456543,-0.00017499923706054688,0.013051298446953297,57
8,0.99,baseline,2,68,0.38112911581993103,0.48117151856422424,0.007718376349657774,-9.059906005859375e-05,0.01275870855897665,57
8,0.99,baseline,2,69,0.6640575528144836,0.4771524667739868,0.02423933707177639,-0.0017229318618774414,0.01469558198004961,57
8,0.99,baseline,2,71,0.3020789325237274,0.4741164445877075,0.0049796877428889275,-2.3126602172851562e-05,0.017338430508971214,57
8,0.99,baseline,2,72,0.5638888478279114,0.4759504199028015,0.01746016927063465,-0.00044846534729003906,0.014584869146347046,57
8,0.99,baseline,2,74,0.38129618763923645,0.4602762460708618,0.008365483954548836,-0.0002830028533935547,0.017179658636450768,57
8,0.99,baseline,2,75,0.5249666571617126,0.4767058789730072,0.015219778753817081,-0.00144195556640625,0.01440101396292448,57
8,0.99,baseline,2,76,0.6634239554405212,0.4792151153087616,0.02389778569340706,-0.0016554594039916992,0.013287822715938091,57
8,0.99,baseline,2,77,0.49730589985847473,0.47968190908432007,0.013296396471560001,-0.00021064281463623047,0.013957517221570015,57
8,0.99,baseline,3,0,2.0942656993865967,0.12153047323226929,0.3958665728569031,0.9852168560028076,0.0833798348903656,43
8,0.99,baseline,3,1,1.7190934419631958,0.06658798456192017,0.35384976863861084,0.9944067597389221,0.08302865922451019,43
8,0.99,baseline,3,2,1.901312232017517,0.07310354709625244,0.4064086377620697,0.9902464747428894,0.0670347809791565,43
8,0.99,baseline,3,3,1.8085896968841553,0.07898131757974625,0.38413360714912415,0.9371256828308105,0.08816475421190262,43
8,0.99,baseline,3,4,1.3620156049728394,0.06860819458961487,0.29952478408813477,0.9819289445877075,0.05347682163119316,43
8,0.99,baseline,3,5,1.84251868724823,0.06509318202733994,0.3451804518699646,0.9834094643592834,0.06619521230459213,43
8,0.99,baseline,3,6,1.8422504663467407,0.10223116725683212,0.354598730802536,0.9920800924301147,0.07586314529180527,43
8,0.99,baseline,3,7,1.6847761869430542,0.09026909619569778,0.3127439618110657,0.9636971950531006,0.06481815129518509,43
8,0.99,baseline,3,8,2.1372714042663574,0.08608349412679672,0.3826189339160919,0.9849055409431458,0.08025965094566345,43
8,0.99,baseline,3,9,1.8650907278060913,0.07138096541166306,0.32734915614128113,0.9406805038452148,0.08834578096866608,43
8,0.99,baseline,3,10,1.369301438331604,0.08190735429525375,0.22266976535320282,0.9357569217681885,0.07757366448640823,43
8,0.99,baseline,3,11,1.7388771772384644,0.08536814153194427,0.28914639353752136,0.9723836779594421,0.07720895111560822,43
8,0.99,baseline,3,12,1.4839733839035034,0.08010545372962952,0.2214949131011963,0.9594836831092834,0.0851375013589859,43
8,0.99,baseline,3,13,1.5267759561538696,0.07630470395088196,0.24090825021266937,0.9439299702644348,0.06872372329235077,43
8,0.99,baseline,3,14,1.563307523727417,0.07889046519994736,0.28326350450515747,0.9599944353103638,0.077635757625103,43
8,0.99,baseline,3,15,1.6354680061340332,0.08258859068155289,0.24875153601169586,0.9426848888397217,0.09262914210557938,43
8,0.99,baseline,3,16,1.4115747213363647,0.08132621645927429,0.22612719237804413,0.9416273236274719,0.08996884524822235,43
8,0.99,baseline,3,17,1.5749305486679077,0.07514367997646332,0.22464019060134888,0.9163370132446289,0.08051382005214691,43
8,0.99,baseline,3,18,1.3036547899246216,0.0676727294921875,0.2015565037727356,0.913460910320282,0.09112492203712463,43
8,0.99,baseline,3,19,1.5599619150161743,0.10138529539108276,0.23080453276634216,0.9553550481796265,0.07648132741451263,43
8,0.99,baseline,3,20,1.491409182548523,0.10079995542764664,0.18858541548252106,0.8976807594299316,0.07868067175149918,43
8,0.99,baseline,3,21,1.5715055465698242,0.09654256701469421,0.20386365056037903,0.9374043941497803,0.1236075907945633,43
8,0.99,baseline,3,22,1.4217156171798706,0.1304614096879959,0.17273454368114471,0.9518744945526123,0.09511357545852661,43
8,0.99,baseline,3,23,1.503709077835083,0.11189489811658859,0.19030028581619263,0.9790313243865967,0.0917302742600441,43
8,0.99,baseline,3,24,1.4612780809402466,0.09394828230142593,0.20062707364559174,0.9431569576263428,0.08723511546850204,43
8,0.99,baseline,3,25,1.7089266777038574,0.15286409854888916,0.22008010745048523,0.8892399668693542,0.1162557601928711,43
8,0.99,baseline,3,26,1.6118121147155762,0.13306665420532227,0.2090163677930832,0.8834666013717651,0.08996760845184326,43
8,0.99,baseline,3,27,1.6102304458618164,0.10917887836694717,0.20895268023014069,0.9470461010932922,0.13947483897209167,43
8,0.99,baseline,3,28,1.6846098899841309,0.1622958481311798,0.2126610428094864,0.8312503099441528,0.10118075460195541,43
8,0.99,baseline,3,29,1.5909427404403687,0.1295824497938156,0.19348768889904022,0.8838145732879639,0.09475638717412949,43
8,0.99,baseline,3,30,1.2665101289749146,0.06723009049892426,0.17436794936656952,0.8982976675033569,0.07664677500724792,43
8,0.99,baseline,3,31,1.2343471050262451,0.10004495829343796,0.16112570464611053,0.8675484657287598,0.08214219659566879,43
8,0.99,baseline,3,32,1.3985332250595093,0.10761352628469467,0.16043731570243835,0.7512259483337402,0.10063927620649338,43
8,0.99,baseline,3,33,1.298179268836975,0.1253574639558792,0.1438026875257492,0.8017308115959167,0.10227426141500473,43
8,0.99,baseline,3,34,1.385081171989441,0.09498956054449081,0.18119646608829498,0.857853353023529,0.08849302679300308,43
8,0.99,baseline,3,35,1.4644562005996704,0.18079333007335663,0.14454728364944458,0.7867344617843628,0.09460727870464325,43
8,0.99,baseline,3,36,1.2974354028701782,0.10217142850160599,0.141082763671875,0.7637709379196167,0.08446081727743149,43
8,0.99,baseline,3,37,1.0495023727416992,0.08738874644041061,0.12138409912586212,0.7920957207679749,0.11173035949468613,43
8,0.99,baseline,3,38,0.9680004119873047,0.11786220967769623,0.0758080780506134,0.641913115978241,0.11734600365161896,43
8,0.99,baseline,3,39,0.696507453918457,0.1581912636756897,0.04108639061450958,0.22079956531524658,0.10630420595407486,43
8,0.99,baseline,3,40,0.4878895878791809,0.09829103201627731,0.02302958071231842,0.2057722806930542,0.10725221037864685,43
8,0.99,baseline,3,41,0.3299958407878876,0.08821997046470642,0.011748755350708961,0.10432982444763184,0.10273749381303787,43
8,0.99,baseline,3,42,0.510068953037262,0.11215639859437943,0.0261710062623024,0.21297073364257812,0.09837113320827484,43
8,0.99,baseline,4,0,1.8134902715682983,0.05422009155154228,0.4175070524215698,0.975677490234375,0.07166595757007599,42
8,0.99,baseline,4,1,1.6327273845672607,0.06864504516124725,0.3765696585178375,0.987858772277832,0.06338001787662506,42
8,0.99,baseline,4,2,1.3124160766601562,0.07104324549436569,0.2590371370315552,0.9536609649658203,0.05850272625684738,42
8,0.99,baseline,4,3,1.7521638870239258,0.06285311281681061,0.4158634841442108,0.9899412989616394,0.06338369846343994,42
8,0.99,baseline,4,4,1.7960028648376465,0.09087994694709778,0.35260432958602905,0.9835953116416931,0.07872519642114639,42
8,0.99,baseline,4,5,1.5130980014801025,0.09001905471086502,0.2761249840259552,0.9533114433288574,0.08155550807714462,42
8,0.99,baseline,4,6,1.721026062965393,0.06851138919591904,0.32276490330696106,0.9413725733757019,0.0759376510977745,42
8,0.99,baseline,4,7,1.8128364086151123,0.07553305476903915,0.3901069760322571,0.9851620197296143,0.08993589878082275,42
8,0.99,baseline,4,8,1.7931089401245117,0.0836917906999588,0.3184616267681122,0.9813944101333618,0.08273083716630936,42
8,0.99,baseline,4,9,1.4721981287002563,0.08942709863185883,0.2812393307685852,0.9437079429626465,0.050160519778728485,42
8,0.99,baseline,4,10,1.7691380977630615,0.07624087482690811,0.3466496765613556,0.9630778431892395,0.06542877107858658,42
8,0.99,baseline,4,11,1.3168479204177856,0.08169741928577423,0.21389944851398468,0.9528117775917053,0.08127225190401077,42
8,0.99,baseline,4,12,1.4939802885055542,0.06862220168113708,0.24958662688732147,0.9165960550308228,0.06755142658948898,42
8,0.99,baseline,4,13,1.3497945070266724,0.06652240455150604,0.2200828194618225,0.9621804356575012,0.07337059825658798,42
8,0.99,baseline,4,14,1.4596772193908691,0.14715147018432617,0.21828030049800873,0.9510658383369446,0.11288654804229736,42
8,0.99,baseline,4,15,1.662455677986145,0.11122491210699081,0.24516262114048004,0.935269832611084,0.09368284046649933,42
8,0.99,baseline,4,16,1.5430331230163574,0.11225011944770813,0.23199108242988586,0.9756825566291809,0.08203372359275818,42
8,0.99,baseline,4,17,1.4408929347991943,0.06281634420156479,0.24428421258926392,0.9539070725440979,0.06566469371318817,42
8,0.99,baseline,4,18,1.4161794185638428,0.08899197727441788,0.21628697216510773,0.9121350646018982,0.0936339795589447,42
8,0.99,baseline,4,19,1.2207083702087402,0.10735071450471878,0.16892069578170776,0.9332727193832397,0.08063053339719772,42
8,0.99,baseline,4,20,1.6050883531570435,0.15046386420726776,0.21978536248207092,0.9247744083404541,0.08756860345602036,42
8,0.99,baseline,4,21,1.4899113178253174,0.10258211195468903,0.23211628198623657,0.9328033924102783,0.07392174005508423,42
8,0.99,baseline,4,22,1.3666322231292725,0.06240041181445122,0.20580972731113434,0.9041429758071899,0.08740606158971786,42
8,0.99,baseline,4,23,1.5592910051345825,0.21036505699157715,0.2079697996377945,0.9132029414176941,0.07511774450540543,42
8,0.99,baseline,4,24,1.3733148574829102,0.10299106687307358,0.17826595902442932,0.8847172856330872,0.09228561818599701,42
8,0.99,baseline,4,25,1.525102972984314,0.24066126346588135,0.17367692291736603,0.9258711338043213,0.09802134335041046,42
8,0.99,baseline,4,26,1.6388592720031738,0.10191579163074493,0.23399783670902252,0.9723934531211853,0.08249394595623016,42
8,0.99,baseline,4,27,1.553158164024353,0.1339082568883896,0.19807834923267365,0.9147337675094604,0.10417705774307251,42
8,0.99,baseline,4,28,1.5160127878189087,0.07372356951236725,0.2385716438293457,0.8999491333961487,0.0959261953830719,42
8,0.99,baseline,4,29,1.8532686233520508,0.12020589411258698,0.2740805447101593,0.9464290738105774,0.0760185569524765,42
8,0.99,baseline,4,30,1.5081664323806763,0.23596589267253876,0.18358932435512543,0.9144338965415955,0.09189297258853912,42
8,0.99,baseline,4,31,1.345577359199524,0.10284367948770523,0.17961201071739197,0.9064553380012512,0.08358493447303772,42
8,0.99,baseline,4,32,1.4632030725479126,0.10482848435640335,0.20042869448661804,0.8043935894966125,0.08672723174095154,42
8,0.99,baseline,4,34,1.2921580076217651,0.0799371525645256,0.17956514656543732,0.802757203578949,0.08991210162639618,42
8,0.99,baseline,4,35,1.2720396518707275,0.1584591567516327,0.14639568328857422,0.8426098823547363,0.09613252431154251,42
8,0.99,baseline,4,36,0.9285207986831665,0.14198197424411774,0.08920334279537201,0.48814141750335693,0.11319667845964432,42
8,0.99,baseline,4,37,1.2059895992279053,0.12245696038007736,0.13583683967590332,0.7752256393432617,0.09435100108385086,42
8,0.99,baseline,4,38,1.1244431734085083,0.14325153827667236,0.11162926256656647,0.6535754203796387,0.08784544467926025,42
8,0.99,baseline,4,39,0.6433520913124084,0.09099987149238586,0.041556693613529205,0.3275546431541443,0.09758041054010391,42
8,0.99,baseline,4,40,0.42326614260673523,0.09738726168870926,0.018747417256236076,0.1455063819885254,0.1272728145122528,42
8,0.99,baseline,4,41,0.4334179162979126,0.09121634066104889,0.018047865480184555,0.17568975687026978,0.11060640215873718,42
8,0.99,baseline,4,47,0.39825183153152466,0.22330248355865479,0.012255450710654259,0.056742191314697266,0.11878913640975952,42
8,0.99,input_at,0,0,1.300055742263794,0.028953230008482933,0.46828019618988037,0.9825109243392944,0.0284410510212183,32
8,0.99,input_at,0,2,1.2668768167495728,0.055665094405412674,0.41782236099243164,1.0010974407196045,0.024642638862133026,32
8,0.99,input_at,0,3,1.2237402200698853,0.09544242918491364,0.3888358771800995,1.0104572772979736,0.02374223619699478,32
8,0.99,input_at,0,4,1.1205029487609863,0.06862061470746994,0.3778195083141327,0.9936701059341431,0.03271259739995003,32
8,0.99,input_at,0,5,1.1111936569213867,0.022051924839615822,0.3682284355163574,1.022274374961853,0.04763445630669594,32
8,0.99,input_at,0,6,1.0725438594818115,0.07737787812948227,0.343853622674942,1.0523980855941772,0.018996724858880043,32
8,0.99,input_at,0,7,1.412293791770935,0.0677969753742218,0.43051207065582275,1.0002679824829102,0.024342186748981476,32
8,0.99,input_at,0,8,1.3998939990997314,0.052099522203207016,0.38926565647125244,0.992094874382019,0.037348322570323944,32
8,0.99,input_at,0,9,1.551462173461914,0.06948286294937134,0.4353253245353699,1.0188831090927124,0.022470062598586082,32
8,0.99,input_at,0,11,1.260377049446106,0.07259439677000046,0.3859339654445648,1.002638578414917,0.025600485503673553,32
8,0.99,input_at,0,13,1.2116411924362183,0.03442152217030525,0.3380493223667145,1.124932050704956,0.03103482909500599,32
8,0.99,input_at,0,14,1.2788234949111938,0.0362514890730381,0.3958786725997925,0.9759087562561035,0.02770296297967434,32
8,0.99,input_at,0,15,1.35392165184021,0.09731049835681915,0.40800267457962036,0.9911584854125977,0.015422291122376919,32
8,0.99,input_at,0,16,1.4737547636032104,0.11463049054145813,0.45199769735336304,0.9832420349121094,0.015061919577419758,32
8,0.99,input_at,0,17,1.7082074880599976,0.23583482205867767,0.42442867159843445,1.0091564655303955,0.015460826456546783,32
8,0.99,input_at,0,19,1.7218327522277832,0.08921119570732117,0.4011111855506897,0.9745430946350098,0.04743122309446335,32
8,0.99,input_at,0,22,1.8285787105560303,0.15969613194465637,0.4311811327934265,0.9614676237106323,0.02362211048603058,32
8,0.99,input_at,0,23,0.4672788083553314,0.10026491433382034,0.031051475554704666,0.16400766372680664,0.058093439787626266,32
8,0.99,input_at,0,24,0.30318912863731384,0.3728703260421753,0.009532090276479721,0.0,0.021923115476965904,32
8,0.99,input_at,0,25,1.744585394859314,0.3324710428714752,0.3388928174972534,0.9666067957878113,0.015746528282761574,32
8,0.99,input_at,0,26,0.760033905506134,0.17283618450164795,0.0809459239244461,0.260623037815094,0.0277374517172575,32
8,0.99,input_at,0,27,1.2721458673477173,0.16915461421012878,0.18017420172691345,0.5353515148162842,0.03593188896775246,32
8,0.99,input_at,0,30,0.45147615671157837,0.2338709831237793,0.024936381727457047,-5.960464477539062e-07,0.03241916000843048,32
8,0.99,input_at,0,41,0.30206775665283203,0.5215050578117371,0.011135868728160858,0.0,0.0007596772629767656,32
8,0.99,input_at,0,45,0.7687544822692871,0.5387181639671326,0.06817953288555145,7.62939453125e-05,0.0019267064053565264,32
8,0.99,input_at,0,47,0.37543919682502747,0.5315002799034119,0.016846299171447754,6.9141387939453125e-06,0.00027639049221761525,32
8,0.99,input_at,0,50,0.33868762850761414,0.5376304984092712,0.013301897794008255,2.002716064453125e-05,0.0005618233699351549,32
8,0.99,input_at,0,52,0.5917243361473083,0.4961684048175812,0.04005185887217522,0.011603116989135742,0.007875628769397736,32
8,0.99,input_at,0,58,0.611261785030365,0.426984578371048,0.04757032170891762,0.0010291337966918945,0.006001992616802454,32
8,0.99,input_at,0,59,0.8032716512680054,0.5373297333717346,0.07378794252872467,0.0022923946380615234,0.0025924036744982004,32
8,0.99,input_at,0,69,0.6366050243377686,0.5357034802436829,0.04572692885994911,-7.76052474975586e-05,0.0028244387358427048,32
8,0.99,input_at,0,73,1.3240636587142944,0.3465028405189514,0.17996084690093994,0.15053802728652954,0.02012426219880581,32
8,0.99,input_at,1,0,1.1649587154388428,0.06727083027362823,0.40506166219711304,1.0029267072677612,0.03016330488026142,38
8,0.99,input_at,1,1,1.1751497983932495,0.039058782160282135,0.4111579954624176,0.968909502029419,0.028882963582873344,38
8,0.99,input_at,1,2,1.1879748106002808,0.13027283549308777,0.3577534258365631,1.0856133699417114,0.03040330857038498,38
8,0.99,input_at,1,3,1.225514531135559,0.06204085424542427,0.3779718279838562,0.9740821123123169,0.031602222472429276,38
8,0.99,input_at,1,4,1.3004928827285767,0.05870464816689491,0.4030105173587799,0.9976876974105835,0.03666894510388374,38
8,0.99,input_at,1,5,1.2019238471984863,0.10990650951862335,0.34260377287864685,1.089526891708374,0.028620723634958267,38
8,0.99,input_at,1,6,1.160600185394287,0.1052708700299263,0.3187037706375122,1.0659719705581665,0.03185033053159714,38
8,0.99,input_at,1,7,1.2733418941497803,0.0993323028087616,0.3987947702407837,1.0401679277420044,0.02458382584154606,38
8,0.99,input_at,1,8,1.3408875465393066,0.06049886718392372,0.3667161464691162,0.9797426462173462,0.040306612849235535,38
8,0.99,input_at,1,9,1.2341299057006836,0.13826173543930054,0.3224504292011261,1.065237045288086,0.028094056993722916,38
8,0.99,input_at,1,10,1.2494734525680542,0.08374357223510742,0.3619867265224457,0.9980319738388062,0.02101115509867668,38
8,0.99,input_at,1,11,1.2715998888015747,0.02897293120622635,0.34762632846832275,0.9815096855163574,0.04439634457230568,38
8,0.99,input_at,1,12,1.346748948097229,0.15133380889892578,0.3555004894733429,1.071063756942749,0.01875128783285618,38
8,0.99,input_at,1,13,1.1757502555847168,0.056778401136398315,0.3482799530029297,0.9843672513961792,0.02790340781211853,38
8,0.99,input_at,1,15,1.2995468378067017,0.031595323234796524,0.3835061192512512,0.9790917634963989,0.03292049840092659,38
8,0.99,input_at,1,16,1.2843899726867676,0.12953023612499237,0.3404742479324341,1.0748814344406128,0.023743776604533195,38
8,0.99,input_at,1,17,1.2420157194137573,0.034910719841718674,0.3418275713920593,0.9887856841087341,0.0332941897213459,38
8,0.99,input_at,1,18,1.110318660736084,0.0407516285777092,0.30660608410835266,0.9659849405288696,0.034735772758722305,38
8,0.99,input_at,1,19,1.1986969709396362,0.02493101730942726,0.35061371326446533,0.9852496981620789,0.03751961514353752,38
8,0.99,input_at,1,20,1.1712015867233276,0.04447455704212189,0.34025922417640686,0.9264642000198364,0.03015904501080513,38
8,0.99,input_at,1,21,1.4105333089828491,0.03721548616886139,0.3849312663078308,0.94794100522995,0.030095400288701057,38
8,0.99,input_at,1,23,1.2514923810958862,0.07999526709318161,0.32687366008758545,0.9054365754127502,0.02393057942390442,38
8,0.99,input_at,1,24,1.0111654996871948,0.035439927130937576,0.2799297869205475,0.7703459858894348,0.029734021052718163,38
8,0.99,input_at,1,25,1.174874186515808,0.04028977453708649,0.2929629385471344,0.9217861294746399,0.04008214548230171,38
8,0.99,input_at,1,39,0.5562341809272766,0.651208758354187,0.04237046837806702,2.6226043701171875e-06,-0.0001469499693484977,38
8,0.99,input_at,1,40,0.33023548126220703,0.6506773829460144,0.014865211211144924,8.821487426757812e-06,-1.3619208402815275e-05,38
8,0.99,input_at,1,53,0.38001707196235657,0.6504983901977539,0.019907809793949127,4.792213439941406e-05,-0.00015231460565701127,38
8,0.99,input_at,1,54,0.5817404389381409,0.6511979103088379,0.04642731323838234,0.00014007091522216797,-0.00014431620365940034,38
8,0.99,input_at,1,61,0.4443577527999878,0.6509777307510376,0.027015961706638336,4.3392181396484375e-05,1.0147035936824977e-05,38
8,0.99,input_at,1,63,0.35603654384613037,0.6497671008110046,0.01749531365931034,2.384185791015625e-06,-0.00018216858734376729,38
8,0.99,input_at,1,64,0.4216509461402893,0.6515907645225525,0.024399716407060623,3.457069396972656e-05,-6.982183549553156e-05,38
8,0.99,input_at,1,66,0.3169058859348297,0.6506420969963074,0.01375526376068592,1.0251998901367188e-05,-0.00012036140833515674,38
8,0.99,input_at,1,70,0.6221716403961182,0.6516598463058472,0.05304795503616333,0.000102996826171875,-9.015197429107502e-05,38
8,0.99,input_at,1,73,0.9647303819656372,0.6513278484344482,0.12712053954601288,0.00049591064453125,-0.00011474664643174037,38
8,0.99,input_at,1,74,0.4981764554977417,0.6516350507736206,0.03392574191093445,0.0001329183578491211,-0.00018401519628241658,38
8,0.99,input_at,1,76,0.5245717167854309,0.650570809841156,0.03740439936518669,0.00012040138244628906,6.063000546419062e-05,38
8,0.99,input_at,1,77,0.3553464114665985,0.6521614789962769,0.017238572239875793,2.2292137145996094e-05,-0.00016144990513566881,38
8,0.99,input_at,1,79,0.4479563534259796,0.6508908271789551,0.027476489543914795,0.00010478496551513672,-8.348297706106678e-05,38
8,0.99,input_at,2,0,1.2344484329223633,0.04164278879761696,0.3977493345737457,1.0285495519638062,0.017516516149044037,48
8,0.99,input_at,2,1,1.325128436088562,0.08693335950374603,0.34446460008621216,1.0637301206588745,0.028012098744511604,48
8,0.99,input_at,2,2,1.2576786279678345,0.02849212847650051,0.3985545337200165,0.9676468968391418,0.025804009288549423,48
8,0.99,input_at,2,3,1.1620540618896484,0.057749390602111816,0.33385246992111206,1.0295968055725098,0.019716305658221245,48
8,0.99,input_at,2,4,1.1951768398284912,0.047616079449653625,0.3362312614917755,0.9959002137184143,0.02081061154603958,48
8,0.99,input_at,2,5,1.1566332578659058,0.05747586116194725,0.3112531006336212,1.0163275003433228,0.027023708447813988,48
8,0.99,input_at,2,6,1.2487506866455078,0.12535671889781952,0.2804848551750183,1.140437126159668,0.031081264838576317,48
8,0.99,input_at,2,7,1.1886955499649048,0.0804830864071846,0.30533647537231445,1.0527644157409668,0.027363134548068047,48
8,0.99,input_at,2,8,1.4186930656433105,0.04663306102156639,0.3865898549556732,0.9400395750999451,0.031400542706251144,48
8,0.99,input_at,2,9,1.4747222661972046,0.037925370037555695,0.41120949387550354,0.9550821781158447,0.024168141186237335,48
8,0.99,input_at,2,10,1.3014267683029175,0.10183864086866379,0.3143194913864136,1.0501883029937744,0.03926168754696846,48
8,0.99,input_at,2,11,1.496870517730713,0.03447922319173813,0.37457671761512756,0.9856945872306824,0.032518986612558365,48
8,0.99,input_at,2,12,1.1783100366592407,0.22913092374801636,0.21075008809566498,2.6075284481048584,0.010950363241136074,48
8,0.99,input_at,2,13,1.2542790174484253,0.12961237132549286,0.23594245314598083,1.1941986083984375,0.0441901721060276,48
8,0.99,input_at,2,14,1.4197787046432495,0.14683204889297485,0.2722313106060028,1.1610840559005737,0.03063046745955944,48
8,0.99,input_at,2,15,0.4538596272468567,0.6752194166183472,0.013162444345653057,0.0,0.0004365173517726362,48
8,0.99,input_at,2,16,1.23989737033844,0.06274895370006561,0.30037054419517517,0.9687966704368591,0.030847851186990738,48
8,0.99,input_at,2,17,1.3817236423492432,0.09252271056175232,0.30427610874176025,0.973334789276123,0.037927672266960144,48
8,0.99,input_at,2,18,1.3599791526794434,0.051535751670598984,0.31791579723358154,0.9279488325119019,0.028735855594277382,48
8,0.99,input_at,2,19,1.2527592182159424,0.08510533720254898,0.2843424677848816,0.9871748685836792,0.03135647997260094,48
8,0.99,input_at,2,20,1.2813745737075806,0.07060514390468597,0.32211068272590637,1.011913776397705,0.03475523367524147,48
8,0.99,input_at,2,21,1.4496817588806152,0.15449470281600952,0.2696080505847931,1.0271989107131958,0.018589457497000694,48
8,0.99,input_at,2,22,1.2062931060791016,0.10909660905599594,0.24287734925746918,1.0127098560333252,0.029447492212057114,48
8,0.99,input_at,2,23,1.1403995752334595,0.07419883459806442,0.22739994525909424,0.9710044860839844,0.041742537170648575,48
8,0.99,input_at,2,26,1.106921672821045,0.12377329915761948,0.1645311862230301,0.7489092350006104,0.029184602200984955,48
8,0.99,input_at,2,38,1.0646306276321411,0.6750820279121399,0.07202025502920151,0.0,0.0005399886285886168,48
8,0.99,input_at,2,40,1.0265687704086304,0.6730638742446899,0.06697522848844528,0.0,0.0006177612813189626,48
8,0.99,input_at,2,44,1.1683292388916016,0.675858199596405,0.08710888028144836,0.0,0.00032988787279464304,48
8,0.99,input_at,2,45,0.6047242283821106,0.6763174533843994,0.02341405861079693,-2.3365020751953125e-05,0.0003225235268473625,48
8,0.99,input_at,2,47,0.33391958475112915,0.6756695508956909,0.007150913588702679,-1.1920928955078125e-06,0.0004405658692121506,48
8,0.99,input_at,2,48,0.5534610748291016,0.6751620173454285,0.01953996904194355,0.0,0.0003611145948525518,48
8,0.99,input_at,2,50,0.35018277168273926,0.6740865111351013,0.007862508296966553,0.0,0.00041721310117281973,48
8,0.99,input_at,2,52,0.5336444973945618,0.6760092377662659,0.01822398602962494,0.0,0.0004927997360937297,48
8,0.99,input_at,2,55,0.5831848978996277,0.6757709383964539,0.02179891988635063,0.0,0.00038110234891064465,48
8,0.99,input_at,2,56,0.4156661033630371,0.6747073531150818,0.011017709970474243,0.0,0.00041185636655427516,48
8,0.99,input_at,2,58,0.35246700048446655,0.6747028827667236,0.007954948581755161,0.0,0.000233843267778866,48
8,0.99,input_at,2,59,0.8614240288734436,0.6756811738014221,0.04721486568450928,0.0,0.0004436334129422903,48
8,0.99,input_at,2,62,0.421570748090744,0.6734276413917542,0.01139784511178732,0.0,0.0003221395309083164,48
8,0.99,input_at,2,63,0.9648335576057434,0.6754646897315979,0.059442441910505295,0.0,0.00035105369170196354,48
8,0.99,input_at,2,67,0.5520200729370117,0.6763274073600769,0.019509507343173027,-5.9604644775390625e-06,0.00039985260809771717,48
8,0.99,input_at,2,68,0.35345011949539185,0.67537522315979,0.008007670752704144,-3.2186508178710938e-06,0.0004554889164865017,48
8,0.99,input_at,2,69,0.9336714744567871,0.6761921644210815,0.05574781447649002,-0.00016355514526367188,0.0003134917060378939,48
8,0.99,input_at,2,71,0.4489419758319855,0.6758958697319031,0.012907357886433601,0.0,0.00028381915763020515,48
8,0.99,input_at,2,72,0.7755645513534546,0.67588210105896,0.0385553278028965,-7.033348083496094e-05,0.0003855979011859745,48
8,0.99,input_at,2,75,0.6550131440162659,0.6754224896430969,0.027539609000086784,-9.238719940185547e-05,0.0003325382713228464,48
8,0.99,input_at,2,76,0.8486020565032959,0.675889790058136,0.04607659578323364,-0.0001455545425415039,0.00037080698530189693,48
8,0.99,input_at,2,77,0.6108925938606262,0.6751381158828735,0.023898771032691002,-3.230571746826172e-05,0.0004642448329832405,48
8,0.99,input_at,2,79,0.4235619306564331,0.6754159927368164,0.011512774042785168,-6.9141387939453125e-06,0.0003963130584452301,48
8,0.99,input_at,3,0,1.3837510347366333,0.0754004642367363,0.3880186975002289,1.000287413597107,0.032857902348041534,43
8,0.99,input_at,3,1,1.2099287509918213,0.05567515641450882,0.39605405926704407,1.0045397281646729,0.024225885048508644,43
8,0.99,input_at,3,2,1.168100357055664,0.09683064371347427,0.31210410594940186,1.0785363912582397,0.02856537327170372,43
8,0.99,input_at,3,3,1.2208786010742188,0.10283076763153076,0.3307517170906067,1.1058727502822876,0.025020429864525795,43
8,0.99,input_at,3,4,1.0778275728225708,0.0710558369755745,0.3519068956375122,1.0100810527801514,0.025060079991817474,43
8,0.99,input_at,3,5,1.3394513130187988,0.12257403135299683,0.35007548332214355,1.0386295318603516,0.026370534673333168,43
8,0.99,input_at,3,6,1.3014922142028809,0.040483977645635605,0.35644906759262085,0.9805120229721069,0.03655079007148743,43
8,0.99,input_at,3,7,1.384501576423645,0.17848984897136688,0.30170872807502747,1.0673540830612183,0.03386041894555092,43
8,0.99,input_at,3,8,1.4086984395980835,0.1652258187532425,0.3498527705669403,1.141693353652954,0.02357485145330429,43
8,0.99,input_at,3,9,1.3078280687332153,0.09586139768362045,0.29517433047294617,0.9861427545547485,0.032778602093458176,43
8,0.99,input_at,3,11,1.415031909942627,0.13569845259189606,0.3114754557609558,1.0167715549468994,0.03627605736255646,43
8,0.99,input_at,3,12,1.3428516387939453,0.06533102691173553,0.33153459429740906,0.9398254156112671,0.02726583555340767,43
8,0.99,input_at,3,13,1.2941792011260986,0.06119327247142792,0.35119953751564026,1.0014342069625854,0.021109024062752724,43
8,0.99,input_at,3,14,1.377041220664978,0.08914799988269806,0.36289969086647034,0.9786463379859924,0.030674342066049576,43
8,0.99,input_at,3,15,1.6591945886611938,0.06973399966955185,0.3837154507637024,0.9798358678817749,0.025662438943982124,43
8,0.99,input_at,3,16,1.4194809198379517,0.10884830355644226,0.33390069007873535,0.9959860444068909,0.03352629393339157,43
8,0.99,input_at,3,17,1.4378587007522583,0.05950333923101425,0.34914642572402954,0.9365032911300659,0.032677486538887024,43
8,0.99,input_at,3,18,1.501577377319336,0.12781448662281036,0.32826197147369385,1.0226863622665405,0.022478191182017326,43
8,0.99,input_at,3,19,1.1864103078842163,0.05415807664394379,0.29028385877609253,0.9557579755783081,0.02982746995985508,43
8,0.99,input_at,3,20,1.4225738048553467,0.05790625885128975,0.34175002574920654,0.9206199049949646,0.04166175797581673,43
8,0.99,input_at,3,21,1.3001174926757812,0.09866169840097427,0.28581860661506653,0.9751988053321838,0.032485704869031906,43
8,0.99,input_at,3,22,1.6258294582366943,0.1456597000360489,0.2923097014427185,1.0283114910125732,0.04487118497490883,43
8,0.99,input_at,3,23,1.5153512954711914,0.07379612326622009,0.28147903084754944,0.9446473121643066,0.038921475410461426,43
8,0.99,input_at,3,25,1.6139110326766968,0.04413410276174545,0.31325629353523254,0.9047162532806396,0.04018581658601761,43
8,0.99,input_at,3,26,1.1947689056396484,0.04045572504401207,0.2252287119626999,0.7670456767082214,0.042704757302999496,43
8,0.99,input_at,3,29,0.4204180836677551,0.6492859125137329,0.022192398086190224,0.0,0.0017228712094947696,43
8,0.99,input_at,3,47,0.4038286805152893,0.6541739702224731,0.020192863419651985,0.0,0.0017809278797358274,43
8,0.99,input_at,3,48,0.46457305550575256,0.6543170809745789,0.026639098301529884,0.0,0.0018427467439323664,43
8,0.99,input_at,3,49,0.6421365737915039,0.6529807448387146,0.05120387300848961,0.0,0.0018900989089161158,43
8,0.99,input_at,3,51,0.4034348726272583,0.6553047299385071,0.0200716033577919,0.0,0.0017002401873469353,43
8,0.99,input_at,3,55,0.3868615925312042,0.6555877923965454,0.01828080415725708,0.0,0.0017809715354815125,43
8,0.99,input_at,3,56,0.4141165614128113,0.6554360389709473,0.02095670811831951,0.0,0.0018837780226022005,43
8,0.99,input_at,3,57,0.3330777883529663,0.6536415219306946,0.013453559949994087,0.0,0.0020553774666041136,43
8,0.99,input_at,3,58,0.4366661310195923,0.655563473701477,0.023263409733772278,0.0,0.001859148032963276,43
8,0.99,input_at,3,60,0.3140479624271393,0.6496320962905884,0.012302292510867119,0.0,0.002107834443449974,43
8,0.99,input_at,3,62,0.4791201055049896,0.654501736164093,0.028207506984472275,0.0,0.001688642892986536,43
8,0.99,input_at,3,63,0.3588966727256775,0.653457522392273,0.015853827819228172,0.0,0.00197290675714612,43
8,0.99,input_at,3,67,0.4077979028224945,0.6525171995162964,0.020548781380057335,0.0,0.002046877983957529,43
8,0.99,input_at,3,69,0.42048361897468567,0.6551187038421631,0.02181904949247837,0.0,0.0017478012014180422,43
8,0.99,input_at,3,71,0.3054630756378174,0.6556419134140015,0.011360988952219486,0.0,0.0018922622548416257,43
8,0.99,input_at,3,75,0.34292545914649963,0.6543938517570496,0.014491508714854717,0.0,0.0018424303270876408,43
8,0.99,input_at,3,76,0.31798067688941956,0.655069887638092,0.012494556605815887,0.0,0.0018088448559865355,43
8,0.99,input_at,3,77,0.44708433747291565,0.653319776058197,0.024795109406113625,0.0,0.0017919777892529964,43
8,0.99,input_at,4,0,1.3185526132583618,0.04548437520861626,0.4490932822227478,1.000100016593933,0.02978515625,37
8,0.99,input_at,4,1,1.2573826313018799,0.03203735873103142,0.42257454991340637,0.9923630952835083,0.041467610746622086,37
8,0.99,input_at,4,2,1.1862682104110718,0.05138488486409187,0.40608981251716614,0.9931659698486328,0.027206186205148697,37
8,0.99,input_at,4,4,1.121247410774231,0.06446849554777145,0.3800486624240875,1.0090609788894653,0.02858828753232956,37
8,0.99,input_at,4,5,1.171785831451416,0.11464686691761017,0.3584795296192169,1.0647845268249512,0.035702209919691086,37
8,0.99,input_at,4,6,1.2313482761383057,0.12728644907474518,0.37859687209129333,1.0871552228927612,0.030021991580724716,37
8,0.99,input_at,4,7,1.3360098600387573,0.09727824479341507,0.38607102632522583,0.9950763583183289,0.035830363631248474,37
8,0.99,input_at,4,8,1.4417357444763184,0.06435710936784744,0.3995598554611206,0.9791836142539978,0.04687374457716942,37
8,0.99,input_at,4,9,1.1493982076644897,0.06583142280578613,0.3626028299331665,0.98431396484375,0.028567390516400337,37
8,0.99,input_at,4,10,1.3466322422027588,0.11940208822488785,0.32485073804855347,1.0156375169754028,0.0445064939558506,37
8,0.99,input_at,4,11,1.1294933557510376,0.0543770007789135,0.34708917140960693,0.9959843158721924,0.033426329493522644,37
8,0.99,input_at,4,12,1.2222836017608643,0.07357184588909149,0.3322618305683136,0.9786762595176697,0.03906843066215515,37
8,0.99,input_at,4,13,1.2088685035705566,0.06472162157297134,0.3363460600376129,1.0061477422714233,0.03697345033288002,37
8,0.99,input_at,4,14,1.3664542436599731,0.07523301243782043,0.3316488265991211,0.9803789854049683,0.04027734696865082,37
8,0.99,input_at,4,15,1.319930076599121,0.05999235436320305,0.32692858576774597,0.976284384727478,0.035074375569820404,37
8,0.99,input_at,4,16,1.4197660684585571,0.08303932100534439,0.3156772255897522,1.0041102170944214,0.05075766146183014,37
8,0.99,input_at,4,17,1.477944016456604,0.060963764786720276,0.37082505226135254,0.9803251028060913,0.0448632687330246,37
8,0.99,input_at,4,18,1.3097834587097168,0.03803937882184982,0.31043145060539246,0.9292576313018799,0.050755128264427185,37
8,0.99,input_at,4,19,1.3949486017227173,0.05260608717799187,0.3651096224784851,0.9599305987358093,0.031808480620384216,37
8,0.99,input_at,4,20,1.3940064907073975,0.0725225955247879,0.3142080008983612,0.9684357643127441,0.042239461094141006,37
8,0.99,input_at,4,21,1.3333725929260254,0.14719632267951965,0.2774772047996521,0.9227561354637146,0.037445589900016785,37
8,0.99,input_at,4,22,1.0401381254196167,0.059223320335149765,0.29122859239578247,0.976975679397583,0.03176315873861313,37
8,0.99,input_at,4,23,1.3667371273040771,0.1250690072774887,0.32381170988082886,0.9783756732940674,0.035402536392211914,37
8,0.99,input_at,4,27,0.8224272131919861,0.16578562557697296,0.1262817531824112,0.5174190402030945,0.03801524266600609,37
8,0.99,input_at,4,28,1.0198971033096313,0.0463080033659935,0.21837274730205536,0.816534161567688,0.05123021826148033,37
8,0.99,input_at,4,31,0.7363182306289673,0.0518324039876461,0.11123335361480713,0.4244374632835388,0.05656452849507332,37
8,0.99,input_at,4,49,0.4701865315437317,0.6021048426628113,0.03335495665669441,0.0,0.0012037280248478055,37
8,0.99,input_at,4,53,0.33034464716911316,0.6004716157913208,0.01629101298749447,0.0,0.001797095756046474,37
8,0.99,input_at,4,54,0.5868440866470337,0.6031981110572815,0.05124371126294136,-2.384185791015625e-05,0.001259616925381124,37
8,0.99,input_at,4,55,0.37670305371284485,0.6037927269935608,0.02116931788623333,0.0,0.001448949333280325,37
8,0.99,input_at,4,59,0.3016567528247833,0.602722704410553,0.013678411021828651,-1.430511474609375e-06,0.001426852773874998,37
8,0.99,input_at,4,60,0.4298536777496338,0.6019230484962463,0.02750338613986969,0.0,0.0015950505621731281,37
8,0.99,input_at,4,68,0.3175243139266968,0.6024239659309387,0.015152405016124249,0.0,0.001326556783169508,37
8,0.99,input_at,4,73,1.0377498865127563,0.6012686491012573,0.1614665687084198,-0.0005456209182739258,0.0012340290704742074,37
8,0.99,input_at,4,74,0.35721123218536377,0.603587806224823,0.01914442703127861,0.0,0.0013430757680907845,37
8,0.99,input_at,4,76,0.5281944274902344,0.6023711562156677,0.04188928380608559,0.0,0.0012535240966826677,37
8,0.99,input_at,4,77,0.4352385699748993,0.6019012928009033,0.0281851664185524,-8.344650268554688e-06,0.001377872540615499,37
8,0.99,lat,0,0,2.617501974105835,0.08019507676362991,0.4144631624221802,0.977574348449707,0.05366107076406479,44
8,0.99,lat,0,1,2.6497304439544678,0.07299462705850601,0.44325360655784607,0.9746096134185791,0.04904855042695999,44
8,0.99,lat,0,2,2.3527939319610596,0.08827576786279678,0.3389829695224762,0.978184163570404,0.0634261816740036,44
8,0.99,lat,0,3,3.3799984455108643,0.0765872672200203,0.5443710684776306,0.9787467122077942,0.0715152695775032,44
8,0.99,lat,0,4,1.552208662033081,0.060068413615226746,0.23212650418281555,0.9768978357315063,0.045554473996162415,44
8,0.99,lat,0,5,2.25457763671875,0.04682696610689163,0.38480401039123535,0.9772813320159912,0.03719468414783478,44
8,0.99,lat,0,6,1.8440937995910645,0.12310025840997696,0.23119251430034637,0.9621407985687256,0.060944750905036926,44
8,0.99,lat,0,7,3.8111627101898193,0.06185202673077583,0.5863694548606873,0.9944133758544922,0.06654661893844604,44
8,0.99,lat,0,8,1.866098165512085,0.06031753867864609,0.2544611394405365,0.9897746443748474,0.05328679457306862,44
8,0.99,lat,0,9,1.870723843574524,0.07462490350008011,0.2559281587600708,0.9833235144615173,0.048819951713085175,44
8,0.99,lat,0,11,2.1175124645233154,0.1656838357448578,0.30553725361824036,0.9705423712730408,0.0460408553481102,44
8,0.99,lat,0,12,2.1560773849487305,0.06693101674318314,0.3361019790172577,0.954006016254425,0.038160912692546844,44
8,0.99,lat,0,13,1.7831288576126099,0.03686916455626488,0.303288996219635,0.9588165879249573,0.04178096354007721,44
8,0.99,lat,0,14,1.8607271909713745,0.07836133986711502,0.25133460760116577,0.959628164768219,0.04600946977734566,44
8,0.99,lat,0,15,2.0027527809143066,0.11746750771999359,0.3081473708152771,0.9287376999855042,0.035951703786849976,44
8,0.99,lat,0,16,1.8493175506591797,0.1258583962917328,0.2240675985813141,0.9525929689407349,0.05344538390636444,44
8,0.99,lat,0,17,1.9815973043441772,0.17419493198394775,0.2919161319732666,0.9509170651435852,0.032356441020965576,44
8,0.99,lat,0,18,1.9228609800338745,0.08276981115341187,0.26323768496513367,1.015726923942566,0.037482310086488724,44
8,0.99,lat,0,19,1.9736512899398804,0.06720618903636932,0.3128320872783661,0.9283881783485413,0.03229218348860741,44
8,0.99,lat,0,20,1.9860053062438965,0.052575722336769104,0.30350905656814575,0.9261958599090576,0.05049744248390198,44
8,0.99,lat,0,21,2.0789854526519775,0.203201562166214,0.302649587392807,0.9439493417739868,0.026570364832878113,44
8,0.99,lat,0,22,1.8851368427276611,0.08356728404760361,0.19947421550750732,0.9603726863861084,0.07199569791555405,44
8,0.99,lat,0,23,1.7596079111099243,0.06284542381763458,0.20735502243041992,0.9398781061172485,0.052379995584487915,44
8,0.99,lat,0,24,1.9984344244003296,0.2639845311641693,0.26400890946388245,0.9181512594223022,0.02902710996568203,44
8,0.99,lat,0,25,1.898876667022705,0.05640074610710144,0.2569067180156708,0.8863973617553711,0.05057777464389801,44
8,0.99,lat,0,26,1.8942902088165283,0.08837544173002243,0.20837794244289398,0.900768518447876,0.06099773570895195,44
8,0.99,lat,0,27,1.6917550563812256,0.27254369854927063,0.1529703438282013,0.7749422788619995,0.030834602192044258,44
8,0.99,lat,0,28,0.8212375640869141,0.19326114654541016,0.0444660559296608,0.289115309715271,0.0642453208565712,44
8,0.99,lat,0,29,1.763647437095642,0.11046681553125381,0.21610862016677856,0.7493150234222412,0.04262169450521469,44
8,0.99,lat,0,30,1.490268588066101,0.08239675313234329,0.1331937313079834,0.8096520900726318,0.055470872670412064,44
8,0.99,lat,0,31,1.4611395597457886,0.061535824090242386,0.12872843444347382,0.6563571691513062,0.08192730695009232,44
8,0.99,lat,0,32,1.567154049873352,0.10362204164266586,0.1587846875190735,0.6019671559333801,0.050385259091854095,44
8,0.99,lat,0,33,0.30359145998954773,0.27127954363822937,0.005560004152357578,0.0,0.03648535534739494,44
8,0.99,lat,0,34,0.5581873059272766,0.21826918423175812,0.01915920525789261,0.15046793222427368,0.04770108312368393,44
8,0.99,lat,0,45,0.467469185590744,0.45000022649765015,0.011383110657334328,-3.0517578125e-05,0.00473584933206439,44
8,0.99,lat,0,46,0.42815133929252625,0.4212114214897156,0.009273693896830082,0.000967860221862793,0.007019320037215948,44
8,0.99,lat,0,47,0.3390960991382599,0.4476909935474396,0.005784074775874615,0.0,0.003008931642398238,44
8,0.99,lat,0,52,0.3478237986564636,0.13923245668411255,0.00911843404173851,0.00036263465881347656,0.05536159873008728,44
8,0.99,lat,0,58,0.42623016238212585,0.38961997628211975,0.009395616129040718,-1.1444091796875e-05,0.013536597602069378,44
8,0.99,lat,0,59,0.5282239317893982,0.2954491972923279,0.018546152859926224,0.0,0.03921210393309593,44
8,0.99,lat,0,60,0.4647117555141449,0.44673171639442444,0.01181091833859682,-2.467632293701172e-05,0.0041621383279562,44
8,0.99,lat,0,69,0.595706045627594,0.4504455327987671,0.01864633709192276,0.0,0.0036646875087171793,44
8,0.99,lat,0,73,1.4018553495407104,0.16987155377864838,0.12379107624292374,0.20206421613693237,0.04864709451794624,44
8,0.99,lat,0,77,0.33360055088996887,0.4461227059364319,0.005728994030505419,0.0,0.003128335578367114,44
8,0.99,lat,1,0,3.1301767826080322,0.09432968497276306,0.5437337160110474,0.9947093725204468,0.04921592399477959,47
8,0.99,lat,1,1,2.536299705505371,0.12793369591236115,0.37401869893074036,0.9665135145187378,0.05352668836712837,47
8,0.99,lat,1,2,2.6525368690490723,0.09364505112171173,0.43767163157463074,0.9792177677154541,0.06012085825204849,47
8,0.99,lat,1,3,2.308654546737671,0.0977741926908493,0.3415771722793579,0.9542970061302185,0.051026638597249985,47
8,0.99,lat,1,4,2.259972333908081,0.08244211226701736,0.36718663573265076,0.993423342704773,0.03701873496174812,47
8,0.99,lat,1,5,2.4762024879455566,0.08184294402599335,0.3785879909992218,0.9648473858833313,0.05272955074906349,47
8,0.99,lat,1,6,2.181004285812378,0.11250529438257217,0.3287406861782074,0.9504386186599731,0.04828416928648949,47
8,0.99,lat,1,7,2.1411850452423096,0.12212590128183365,0.30456575751304626,0.972912609577179,0.04077857732772827,47
8,0.99,lat,1,8,2.5221540927886963,0.07418933510780334,0.3551511764526367,0.9766258001327515,0.06140323355793953,47
8,0.99,lat,1,9,2.18346905708313,0.0735345184803009,0.35010507702827454,0.9369990229606628,0.0500594787299633,47
8,0.99,lat,1,10,2.0594136714935303,0.13168953359127045,0.2945343554019928,0.9746649265289307,0.04445081576704979,47
8,0.99,lat,1,11,2.0639140605926514,0.10181638598442078,0.26526907086372375,0.9651462435722351,0.038516815751791,47
8,0.99,lat,1,12,1.697807788848877,0.14130666851997375,0.18939034640789032,0.9942605495452881,0.05077507346868515,47
8,0.99,lat,1,13,2.039382219314575,0.0533258356153965,0.3065691590309143,0.9769611954689026,0.03936625272035599,47
8,0.99,lat,1,15,2.2749929428100586,0.05512663722038269,0.37624046206474304,0.9576034545898438,0.037674639374017715,47
8,0.99,lat,1,16,2.0584380626678467,0.09303930401802063,0.2787868082523346,0.8857229948043823,0.042480695992708206,47
8,0.99,lat,1,17,1.6501727104187012,0.08668331801891327,0.1764725148677826,0.9606372714042664,0.045320283621549606,47
8,0.99,lat,1,18,1.9783029556274414,0.06846243888139725,0.293591171503067,0.9293648600578308,0.035923849791288376,47
8,0.99,lat,1,19,2.09234619140625,0.07261504977941513,0.2992458939552307,0.9589974880218506,0.03869428485631943,47
8,0.99,lat,1,20,1.8428395986557007,0.06211419031023979,0.2366296499967575,0.9258177876472473,0.05267201364040375,47
8,0.99,lat,1,21,2.317478895187378,0.055041953921318054,0.301795095205307,0.8886074423789978,0.06718658655881882,47
8,0.99,lat,1,22,1.8199106454849243,0.14659325778484344,0.22397038340568542,0.9729426503181458,0.03709696605801582,47
8,0.99,lat,1,23,1.7103562355041504,0.09980791807174683,0.20037060976028442,0.9207108020782471,0.04368489608168602,47
8,0.99,lat,1,24,2.058502674102783,0.050674986094236374,0.35996219515800476,0.9267199635505676,0.029522273689508438,47
8,0.99,lat,1,25,1.864374041557312,0.07075630128383636,0.24317705631256104,0.9200302362442017,0.03825433924794197,47
8,0.99,lat,1,26,1.781874179840088,0.07259120047092438,0.22569604218006134,0.8808810710906982,0.04471062496304512,47
8,0.99,lat,1,27,1.992792010307312,0.06472429633140564,0.28975909948349,0.9064193964004517,0.035161130130290985,47
8,0.99,lat,1,28,1.969318151473999,0.291447252035141,0.24551117420196533,1.0435236692428589,0.021208548918366432,47
8,0.99,lat,1,29,1.8624743223190308,0.06524689495563507,0.24156638979911804,0.8792763948440552,0.04499919340014458,47
8,0.99,lat,1,30,1.8604613542556763,0.2865205705165863,0.19927598536014557,0.8891004920005798,0.02659136801958084,47
8,0.99,lat,1,31,1.3766180276870728,0.13987508416175842,0.1311887502670288,0.6947054862976074,0.04422341287136078,47
8,0.99,lat,1,32,0.4848684072494507,0.17609918117523193,0.01800825446844101,0.06466424465179443,0.050465915352106094,47
8,0.99,lat,1,33,1.2724833488464355,0.07381239533424377,0.1150999441742897,0.6950361728668213,0.04895136132836342,47
8,0.99,lat,1,35,0.9210081696510315,0.15565478801727295,0.05119926854968071,0.3056967854499817,0.04876147210597992,47
8,0.99,lat,1,36,0.7337431311607361,0.306883305311203,0.02723369561135769,0.246676504611969,0.047339942306280136,47
8,0.99,lat,1,37,0.5073434710502625,0.2548510432243347,0.014239402487874031,0.10371828079223633,0.05027599260210991,47
8,0.99,lat,1,39,0.41114717721939087,0.48884767293930054,0.008215157315135002,-0.0001233816146850586,0.0030847620218992233,47
8,0.99,lat,1,40,0.3418734073638916,0.49226075410842896,0.005647525656968355,-0.00012731552124023438,0.002745938254520297,47
8,0.99,lat,1,54,0.31223636865615845,0.48930326104164124,0.0047777858562767506,-4.088878631591797e-05,0.0027889583725482225,47
8,0.99,lat,1,61,0.380720853805542,0.49106907844543457,0.006985302548855543,-8.976459503173828e-05,0.003073162632063031,47
8,0.99,lat,1,66,0.3392588496208191,0.48943835496902466,0.0056035337038338184,-2.86102294921875e-05,0.0034360100980848074,47
8,0.99,lat,1,67,0.3066234886646271,0.48407068848609924,0.0045522418804466724,-0.0001939535140991211,0.003815468167886138,47
8,0.99,lat,1,70,0.5800595283508301,0.4909989535808563,0.016353033483028412,-0.0003145933151245117,0.0028177862986922264,47
8,0.99,lat,1,73,0.8235396146774292,0.490898996591568,0.03294682130217552,-0.0014507770538330078,0.003041389863938093,47
8,0.99,lat,1,74,0.4520825147628784,0.49094676971435547,0.009956106543540955,-0.0002936124801635742,0.003320265095680952,47
8,0.99,lat,1,76,0.46767085790634155,0.49128568172454834,0.010470916517078876,-0.00034737586975097656,0.003413587110117078,47
8,0.99,lat,1,79,0.4260847568511963,0.4912128150463104,0.008837418630719185,-0.0004671812057495117,0.0024852484930306673,47
8,0.99,lat,2,0,2.507812738418579,0.07926587015390396,0.441650927066803,0.974021315574646,0.04725287854671478,47
8,0.99,lat,2,1,1.9102884531021118,0.08742974698543549,0.3842516541481018,0.9979462027549744,0.03253508359193802,47
8,0.99,lat,2,2,2.0641117095947266,0.0785985141992569,0.40089917182922363,0.965813934803009,0.042289040982723236,47
8,0.99,lat,2,3,2.017655849456787,0.08673989027738571,0.3698001205921173,0.9774274826049805,0.03733248636126518,47
8,0.99,lat,2,4,2.4531989097595215,0.09984748065471649,0.43850746750831604,0.9808037281036377,0.04308032989501953,47
8,0.99,lat,2,5,1.9990390539169312,0.07368799299001694,0.34499362111091614,0.9849830269813538,0.043978188186883926,47
8,0.99,lat,2,6,2.1358017921447754,0.08970358222723007,0.35031744837760925,0.9512678384780884,0.053411565721035004,47
8,0.99,lat,2,7,2.0449624061584473,0.06944172829389572,0.33203694224357605,0.9768538475036621,0.04393653944134712,47
8,0.99,lat,2,8,2.322700023651123,0.06077529862523079,0.41059163212776184,0.9597083926200867,0.042970892041921616,47
8,0.99,lat,2,9,1.8233726024627686,0.07966348528862,0.2699342668056488,0.9116397500038147,0.044671300798654556,47
8,0.99,lat,2,10,1.7950620651245117,0.09393154084682465,0.287965327501297,0.9851856827735901,0.038413602858781815,47
8,0.99,lat,2,11,1.705592155456543,0.10513817518949509,0.28768354654312134,0.9502688050270081,0.04213392361998558,47
8,0.99,lat,2,12,1.6426399946212769,0.11820405721664429,0.25604450702667236,0.9548444151878357,0.028900127857923508,47
8,0.99,lat,2,13,1.9237889051437378,0.08111850172281265,0.24739791452884674,0.9653075337409973,0.08179780840873718,47
8,0.99,lat,2,14,2.0661916732788086,0.08280603587627411,0.30621811747550964,0.9543820023536682,0.05856453254818916,47
8,0.99,lat,2,15,0.3575097918510437,0.4419369399547577,0.008013065904378891,0.0,0.022592870518565178,47
8,0.99,lat,2,16,1.9380137920379639,0.07308582216501236,0.2808836102485657,0.956713855266571,0.047983329743146896,47
8,0.99,lat,2,17,1.8354663848876953,0.094647116959095,0.25539958477020264,0.9459743499755859,0.055684588849544525,47
8,0.99,lat,2,18,1.6592628955841064,0.1035071387887001,0.21980620920658112,0.930712103843689,0.05594664067029953,47
8,0.99,lat,2,19,1.9045376777648926,0.08040937781333923,0.27395808696746826,0.9549668431282043,0.05124366655945778,47
8,0.99,lat,2,20,1.731083869934082,0.09163866192102432,0.25771087408065796,0.9621338844299316,0.04230547323822975,47
8,0.99,lat,2,21,1.7965106964111328,0.12293331325054169,0.25004372000694275,0.9051012992858887,0.057812806218862534,47
8,0.99,lat,2,22,1.7927685976028442,0.1152038723230362,0.26865801215171814,0.9487380385398865,0.04114120826125145,47
8,0.99,lat,2,23,2.2085602283477783,0.09971930086612701,0.3452106714248657,0.9764970541000366,0.044907014816999435,47
8,0.99,lat,2,24,1.892516851425171,0.08251304924488068,0.24975214898586273,0.9302747249603271,0.05664980411529541,47
8,0.99,lat,2,25,1.6154855489730835,0.11912371218204498,0.20379522442817688,0.8842689394950867,0.05128840357065201,47
8,0.99,lat,2,26,1.9703481197357178,0.08256006985902786,0.2725805640220642,0.9209771156311035,0.04956568405032158,47
8,0.99,lat,2,27,1.7037057876586914,0.10309112817049026,0.2352851778268814,0.9722720384597778,0.046350765973329544,47
8,0.99,lat,2,28,1.7560280561447144,0.13352544605731964,0.24228079617023468,0.9083383083343506,0.035205282270908356,47
8,0.99,lat,2,29,1.4413936138153076,0.15543563663959503,0.15813997387886047,0.7099354267120361,0.0532144270837307,47
8,0.99,lat,2,30,1.4262460470199585,0.14003422856330872,0.18459847569465637,0.8275161981582642,0.04972901567816734,47
8,0.99,lat,2,31,0.9516357183456421,0.14565518498420715,0.07428047806024551,0.45871520042419434,0.047779250890016556,47
8,0.99,lat,2,32,0.9917957782745361,0.12956185638904572,0.09032444655895233,0.590641975402832,0.04493356868624687,47
8,0.99,lat,2,33,0.7774789333343506,0.113514743745327,0.04752957448363304,0.3509146571159363,0.05345256254076958,47
8,0.99,lat,2,34,0.6303104162216187,0.13281965255737305,0.043066512793302536,0.2736912965774536,0.04248858243227005,47
8,0.99,lat,2,35,0.4136312007904053,0.12972165644168854,0.015379262156784534,0.12429553270339966,0.05126978084445,47
8,0.99,lat,2,38,0.7021461129188538,0.13251060247421265,0.038654398173093796,0.13550984859466553,0.05739857256412506,47
8,0.99,lat,2,40,0.5773502588272095,0.15528437495231628,0.024704396724700928,0.09912645816802979,0.061305154114961624,47
8,0.99,lat,2,44,0.5856578946113586,0.40416568517684937,0.02090764045715332,-1.1205673217773438e-05,0.03616118058562279,47
8,0.99,lat,2,50,0.37258633971214294,0.44934386014938354,0.00904688611626625,-2.5033950805664062e-06,0.0190830547362566,47
8,0.99,lat,2,63,0.6684122681617737,0.4268926680088043,0.027181288227438927,-9.059906005859375e-06,0.028732093051075935,47
8,0.99,lat,2,69,0.4874586760997772,0.44270768761634827,0.017194680869579315,0.0,0.017314249649643898,47
8,0.99,lat,2,72,0.39842140674591064,0.4387618899345398,0.01148657314479351,0.0,0.01785268820822239,47
8,0.99,lat,2,74,0.30946195125579834,0.4352544844150543,0.007153681945055723,0.0,0.01870260015130043,47
8,0.99,lat,2,75,0.36450865864753723,0.44591522216796875,0.009393595159053802,0.0,0.017766261473298073,47
8,0.99,lat,2,76,0.43262699246406555,0.4470826983451843,0.013103303499519825,0.0,0.017158150672912598,47
8,0.99,lat,2,77,0.33901387453079224,0.4452784061431885,0.008070025593042374,0.0,0.01725165918469429,47
8,0.99,lat,3,0,2.853367805480957,0.12175729870796204,0.41286179423332214,0.9850632548332214,0.07005424797534943,37
8,0.99,lat,3,1,2.938854217529297,0.06750345975160599,0.4969164729118347,0.9926667809486389,0.0679871141910553,37
8,0.99,lat,3,2,2.570321559906006,0.06825549900531769,0.3814903199672699,0.9878563284873962,0.09283001720905304,37
8,0.99,lat,3,3,2.6337409019470215,0.06842916458845139,0.4307110905647278,0.9523763656616211,0.07516948133707047,37
8,0.99,lat,3,4,2.1643240451812744,0.07179004698991776,0.32358062267303467,0.9935892820358276,0.052927035838365555,37
8,0.99,lat,3,5,2.5828726291656494,0.0972294956445694,0.3967461884021759,0.9828563332557678,0.0416952446103096,37
8,0.99,lat,3,6,2.3726580142974854,0.07509652525186539,0.35445383191108704,0.9806312322616577,0.05987001955509186,37
8,0.99,lat,3,7,2.283628463745117,0.10572326183319092,0.33596086502075195,0.9696633219718933,0.05694463476538658,37
8,0.99,lat,3,8,2.69948410987854,0.07939095050096512,0.35819312930107117,0.984753429889679,0.07836689054965973,37
8,0.99,lat,3,9,2.7161617279052734,0.08117250353097916,0.4114792048931122,0.950818657875061,0.07041299343109131,37
8,0.99,lat,3,10,2.3331215381622314,0.10283804684877396,0.2948097884654999,0.9748848676681519,0.0780329629778862,37
8,0.99,lat,3,11,2.3152263164520264,0.08863247185945511,0.3059031665325165,0.9638081192970276,0.05333518236875534,37
8,0.99,lat,3,12,2.000171184539795,0.0674934834241867,0.2506018877029419,0.9445444941520691,0.05600033700466156,37
8,0.99,lat,3,13,2.009859085083008,0.06810924410820007,0.2796291708946228,0.9774501323699951,0.06027713045477867,37
8,0.99,lat,3,14,2.0101282596588135,0.06637315452098846,0.29211026430130005,0.977067232131958,0.06281428784132004,37
8,0.99,lat,3,15,2.1903436183929443,0.05571393296122551,0.25442013144493103,0.9276345372200012,0.09377139806747437,37
8,0.99,lat,3,16,2.194398880004883,0.10727645456790924,0.2634720802307129,0.9497950077056885,0.06281257420778275,37
8,0.99,lat,3,17,2.0697426795959473,0.06269440799951553,0.23499123752117157,0.9261912703514099,0.08023253083229065,37
8,0.99,lat,3,18,1.8977783918380737,0.1279890090227127,0.22946374118328094,0.9026179909706116,0.06303370743989944,37
8,0.99,lat,3,19,2.0476205348968506,0.1311521977186203,0.2435973435640335,0.9359858632087708,0.05529710277915001,37
8,0.99,lat,3,20,2.0499043464660645,0.09341798722743988,0.23879675567150116,0.8893888592720032,0.07730445265769958,37
8,0.99,lat,3,21,2.0087027549743652,0.11304488033056259,0.2279597669839859,0.9157686233520508,0.05999356508255005,37
8,0.99,lat,3,22,2.04097318649292,0.16452252864837646,0.23432151973247528,0.9392527937889099,0.0654938817024231,37
8,0.99,lat,3,23,2.1245241165161133,0.11322130262851715,0.26065126061439514,0.9772404432296753,0.05481402575969696,37
8,0.99,lat,3,24,2.431675910949707,0.09539535641670227,0.3013657033443451,0.9552696943283081,0.0758013129234314,37
8,0.99,lat,3,25,2.0349278450012207,0.0760350152850151,0.22967861592769623,0.8747860789299011,0.08098515123128891,37
8,0.99,lat,3,26,2.204233169555664,0.08482936024665833,0.25980567932128906,0.8800431489944458,0.05597597360610962,37
8,0.99,lat,3,27,1.8494012355804443,0.09384721517562866,0.2065608948469162,0.9620347619056702,0.09814378619194031,37
8,0.99,lat,3,28,2.1104211807250977,0.09448527544736862,0.22029724717140198,0.8603173494338989,0.07828859984874725,37
8,0.99,lat,3,29,1.9090684652328491,0.11345372349023819,0.19854429364204407,0.8485062122344971,0.06175520643591881,37
8,0.99,lat,3,30,1.63914155960083,0.06732144951820374,0.18082673847675323,0.8155636787414551,0.06798869371414185,37
8,0.99,lat,3,31,1.6394404172897339,0.09465200453996658,0.18354155123233795,0.8434205651283264,0.06721030175685883,37
8,0.99,lat,3,32,1.4731403589248657,0.10269118845462799,0.12923134863376617,0.5958899855613708,0.07091792672872543,37
8,0.99,lat,3,33,0.5374592542648315,0.1416890174150467,0.015942541882395744,0.12835478782653809,0.08946491032838821,37
8,0.99,lat,3,35,0.5041351318359375,0.10810926556587219,0.013179742731153965,0.1322394609451294,0.09931839257478714,37
8,0.99,lat,3,36,1.1291851997375488,0.16257235407829285,0.07528583705425262,0.3567408323287964,0.06794707477092743,37
8,0.99,lat,3,37,0.6429970264434814,0.08409688621759415,0.028234077617526054,0.20265978574752808,0.08677433431148529,37
8,0.99,lat,4,0,2.4242727756500244,0.050737738609313965,0.4438247084617615,0.9866703152656555,0.058608680963516235,38
8,0.99,lat,4,1,2.24387788772583,0.05861445143818855,0.39839625358581543,0.9918034076690674,0.055718936026096344,38
8,0.99,lat,4,2,2.2753679752349854,0.07087228447198868,0.3622209429740906,0.9849507808685303,0.05343974754214287,38
8,0.99,lat,4,3,2.4473023414611816,0.07388389110565186,0.41852056980133057,0.9894259572029114,0.04297628998756409,38
8,0.99,lat,4,4,2.587646007537842,0.104154571890831,0.42413052916526794,0.9801163077354431,0.061618972569704056,38
8,0.99,lat,4,5,2.0272183418273926,0.12025488168001175,0.26853930950164795,0.9574822783470154,0.06293419748544693,38
8,0.99,lat,4,6,2.1419036388397217,0.07567311078310013,0.32162946462631226,0.9456079006195068,0.052610401064157486,38
8,0.99,lat,4,7,2.8077173233032227,0.0990927666425705,0.42642366886138916,0.9828537106513977,0.07141280919313431,38
8,0.99,lat,4,8,2.725857973098755,0.08147604018449783,0.41158363223075867,0.9772761464118958,0.05551161617040634,38
8,0.99,lat,4,9,2.2041995525360107,0.07614890486001968,0.3152088522911072,0.9467199444770813,0.0544448159635067,38
8,0.99,lat,4,10,2.5558693408966064,0.0673738569021225,0.36583849787712097,0.9711474180221558,0.06116738170385361,38
8,0.99,lat,4,11,1.9535664319992065,0.09222280234098434,0.245681032538414,0.9536960124969482,0.05428639054298401,38
8,0.99,lat,4,12,2.119436264038086,0.05084304139018059,0.28747400641441345,0.9291589260101318,0.05599258467555046,38
8,0.99,lat,4,13,1.9367607831954956,0.06607946753501892,0.2556164860725403,0.9670485258102417,0.056738074868917465,38
8,0.99,lat,4,14,1.9740594625473022,0.1679578572511673,0.2339339703321457,0.9567428827285767,0.054189521819353104,38
8,0.99,lat,4,15,2.1738035678863525,0.10244085639715195,0.26805031299591064,0.9511876106262207,0.06320773810148239,38
8,0.99,lat,4,16,2.1868996620178223,0.11130330711603165,0.28018227219581604,0.9862145781517029,0.060656264424324036,38
8,0.99,lat,4,17,2.029024600982666,0.05617961287498474,0.2733292579650879,0.9793238639831543,0.057053644210100174,38
8,0.99,lat,4,18,2.0214385986328125,0.06760016083717346,0.25425106287002563,0.9000059962272644,0.07577895373106003,38
8,0.99,lat,4,19,2.459263324737549,0.07712646573781967,0.3006976842880249,0.9278631806373596,0.06458468735218048,38
8,0.99,lat,4,20,2.0673866271972656,0.1047082394361496,0.26945745944976807,0.9501293301582336,0.06563989073038101,38
8,0.99,lat,4,21,2.15282940864563,0.06363698840141296,0.2605442702770233,0.9114601612091064,0.07266999781131744,38
8,0.99,lat,4,22,2.116569757461548,0.05739830806851387,0.2777101397514343,0.928447961807251,0.058587152510881424,38
8,0.99,lat,4,23,2.1548848152160645,0.21002033352851868,0.26469674706459045,0.9233128428459167,0.054197221994400024,38
8,0.99,lat,4,24,1.925822377204895,0.10125572234392166,0.20181657373905182,0.9140416383743286,0.05860419571399689,38
8,0.99,lat,4,25,2.0980212688446045,0.21653833985328674,0.2456011176109314,0.9294880628585815,0.06339766830205917,38
8,0.99,lat,4,26,2.1051785945892334,0.08249916881322861,0.22648054361343384,0.9591386914253235,0.0723184123635292,38
8,0.99,lat,4,27,1.9504283666610718,0.12766548991203308,0.19956478476524353,0.9165319204330444,0.07725105434656143,38
8,0.99,lat,4,28,1.994946837425232,0.06419051438570023,0.23993349075317383,0.879745364189148,0.08894238620996475,38
8,0.99,lat,4,29,2.128465175628662,0.07684384286403656,0.24301005899906158,0.9079576730728149,0.06376775354146957,38
8,0.99,lat,4,30,1.7244563102722168,0.17953996360301971,0.16477276384830475,0.7874963879585266,0.06344030797481537,38
8,0.99,lat,4,31,1.2566397190093994,0.13433250784873962,0.09414667636156082,0.4960100054740906,0.08369553834199905,38
8,0.99,lat,4,32,1.1734516620635986,0.1221286952495575,0.09535209089517593,0.46069514751434326,0.07975549250841141,38
8,0.99,lat,4,33,0.7765446901321411,0.19538567960262299,0.03519798442721367,0.22906899452209473,0.09225916117429733,38
8,0.99,lat,4,34,0.8528956770896912,0.1033705472946167,0.04209081828594208,0.19427204132080078,0.11355829238891602,38
8,0.99,lat,4,35,1.2475768327713013,0.10582363605499268,0.09421360492706299,0.4559939503669739,0.07270073890686035,38
8,0.99,lat,4,37,1.0656561851501465,0.2037161886692047,0.07085469365119934,0.4640759825706482,0.0746823400259018,38
8,0.99,lat,4,38,0.5352883338928223,0.2203158140182495,0.01528100948780775,0.0620572566986084,0.09400284290313721,38
