n_over_m,sparsity,frequency,condition,seed,feature,importance,imp_rank,w_norm,D_i,I_i,late_top1evr,late_pr
2,0.8,0.2,baseline,0,0,2.2768068313598633,0,1.2402334213256836,0.4970605969429016,0.05552157759666443,0.29159972071647644,6.349809646606445
2,0.8,0.2,baseline,0,1,2.049126148223877,1,1.1817131042480469,0.5087412595748901,0.055596936494112015,0.3103175759315491,6.028350353240967
2,0.8,0.2,baseline,0,2,1.8442133665084839,2,1.2881896495819092,0.5445354580879211,0.053489841520786285,0.2666858434677124,6.635589122772217
2,0.8,0.2,baseline,0,3,1.6597919464111328,3,1.2812713384628296,0.5082149505615234,0.05454830080270767,0.265442430973053,6.6446332931518555
2,0.8,0.2,baseline,0,4,1.4938127994537354,4,1.275713562965393,0.4918763041496277,0.05523340404033661,0.2737123966217041,6.54929780960083
2,0.8,0.2,baseline,0,5,1.3444315195083618,5,1.2170894145965576,0.4785016179084778,0.05559062957763672,0.286876380443573,6.370258331298828
2,0.8,0.2,baseline,0,6,1.2099883556365967,6,1.4427324533462524,0.5230309963226318,0.06079326197504997,0.2631911039352417,7.099627494812012
2,0.8,0.2,baseline,0,7,1.088989496231079,7,1.262330174446106,0.481733113527298,0.055235229432582855,0.2559128999710083,6.891293048858643
2,0.8,0.2,baseline,0,8,0.9800904989242554,8,1.146340250968933,0.4787132441997528,0.055520761758089066,0.3132348656654358,6.0377373695373535
2,0.8,0.2,baseline,0,9,0.8820813894271851,9,1.4628807306289673,0.49493473768234253,0.05825887992978096,0.2421555370092392,7.494051933288574
2,0.8,0.2,baseline,0,10,0.7938732504844666,10,1.5093543529510498,0.5029572248458862,0.057105377316474915,0.24179479479789734,7.494866847991943
2,0.8,0.2,baseline,0,11,0.7144858837127686,11,1.2333531379699707,0.47043105959892273,0.054668813943862915,0.2586476504802704,6.666501522064209
2,0.8,0.2,baseline,0,12,0.6430373191833496,12,1.4468868970870972,0.4843931794166565,0.05812988057732582,0.24678301811218262,7.34316873550415
2,0.8,0.2,baseline,0,13,0.578733503818512,13,1.486538052558899,0.4879665672779083,0.056937504559755325,0.26031064987182617,7.1952619552612305
2,0.8,0.2,baseline,0,14,0.5208601951599121,14,1.4187617301940918,0.49203595519065857,0.05534259229898453,0.22027932107448578,7.59100866317749
2,0.8,0.2,baseline,0,15,0.46877413988113403,15,1.4145673513412476,0.4884873032569885,0.055580515414476395,0.22079035639762878,7.448543548583984
2,0.8,0.2,baseline,0,16,0.42189672589302063,16,1.1661299467086792,0.44600483775138855,0.05356680229306221,0.23987138271331787,7.028997898101807
2,0.8,0.2,baseline,0,17,0.3797070384025574,17,0.6759036183357239,0.4223288595676422,0.06829766184091568,0.6369789838790894,2.3736791610717773
2,0.8,0.2,baseline,0,19,0.3075626790523529,19,1.3214852809906006,0.43851685523986816,0.06107537820935249,0.24770481884479523,7.303022384643555
2,0.8,0.2,baseline,1,0,2.2768068313598633,0,1.0820316076278687,0.8535017371177673,0.013630378060042858,0.3700939118862152,5.1000075340271
2,0.8,0.2,baseline,1,1,2.049126148223877,1,1.291251540184021,0.5397335886955261,0.05301196873188019,0.300374299287796,5.718379974365234
2,0.8,0.2,baseline,1,2,1.8442133665084839,2,1.3358049392700195,0.46152737736701965,0.084483303129673,0.3862331211566925,4.998341083526611
2,0.8,0.2,baseline,1,3,1.6597919464111328,3,1.3237541913986206,0.4532608389854431,0.08422265946865082,0.3938944637775421,4.8803510665893555
2,0.8,0.2,baseline,1,4,1.4938127994537354,4,1.527904987335205,0.5502386689186096,0.05674341320991516,0.288624107837677,6.301357269287109
2,0.8,0.2,baseline,1,5,1.3444315195083618,5,1.5463303327560425,0.5024370551109314,0.063687264919281,0.264392614364624,6.397437572479248
2,0.8,0.2,baseline,1,6,1.2099883556365967,6,1.4974440336227417,0.4923277497291565,0.06197427958250046,0.2969503700733185,6.323513507843018
2,0.8,0.2,baseline,1,7,1.088989496231079,7,1.563376545906067,0.5092543363571167,0.0557374469935894,0.2886961102485657,6.393124580383301
2,0.8,0.2,baseline,1,8,0.9800904989242554,8,1.4796799421310425,0.48090142011642456,0.06167593225836754,0.3137103319168091,6.064579486846924
2,0.8,0.2,baseline,1,9,0.8820813894271851,9,1.5392283201217651,0.49150121212005615,0.05576019361615181,0.26322701573371887,6.711185455322266
2,0.8,0.2,baseline,1,10,0.7938732504844666,10,1.5871193408966064,0.492011159658432,0.0605073906481266,0.30485501885414124,6.3094305992126465
2,0.8,0.2,baseline,1,11,0.7144858837127686,11,1.5238275527954102,0.4817119538784027,0.05578576400876045,0.27229511737823486,6.631710052490234
2,0.8,0.2,baseline,1,12,0.6430373191833496,12,1.5706418752670288,0.48172104358673096,0.06072099506855011,0.3034331500530243,6.340164661407471
2,0.8,0.2,baseline,1,13,0.578733503818512,13,1.5210460424423218,0.48217132687568665,0.05554662272334099,0.28584471344947815,6.502411842346191
2,0.8,0.2,baseline,1,14,0.5208601951599121,14,1.185904860496521,0.4553401470184326,0.05300376936793327,0.2707902193069458,5.9653754234313965
2,0.8,0.2,baseline,1,15,0.46877413988113403,15,0.8334810137748718,0.3297887444496155,0.141505166888237,0.6557236313819885,2.252612352371216
2,0.8,0.2,baseline,1,16,0.42189672589302063,16,1.4458454847335815,0.43911218643188477,0.06393683701753616,0.2637490928173065,6.650226593017578
2,0.8,0.2,baseline,1,19,0.3075626790523529,19,1.350277304649353,0.42940467596054077,0.0571407712996006,0.2643275856971741,6.94926118850708
2,0.8,0.2,baseline,2,0,2.2768068313598633,0,1.0190404653549194,0.7783148884773254,0.037243328988552094,0.4509406089782715,4.173191070556641
2,0.8,0.2,baseline,2,1,2.049126148223877,1,0.8971994519233704,0.8097348809242249,0.02002326399087906,0.4620232880115509,4.006272315979004
2,0.8,0.2,baseline,2,2,1.8442133665084839,2,1.3080976009368896,0.5133845210075378,0.05614893510937691,0.2744627594947815,6.661986827850342
2,0.8,0.2,baseline,2,3,1.6597919464111328,3,1.3613742589950562,0.5341632962226868,0.0546204037964344,0.25610846281051636,6.914083003997803
2,0.8,0.2,baseline,2,4,1.4938127994537354,4,1.3815782070159912,0.4951041340827942,0.05532975494861603,0.2495388239622116,7.036232948303223
2,0.8,0.2,baseline,2,5,1.3444315195083618,5,1.3768068552017212,0.4917283058166504,0.05531579628586769,0.24285277724266052,7.0545735359191895
2,0.8,0.2,baseline,2,6,1.2099883556365967,6,1.3664661645889282,0.5004028677940369,0.05507361888885498,0.250052809715271,6.92648983001709
2,0.8,0.2,baseline,2,7,1.088989496231079,7,1.4485925436019897,0.5247364640235901,0.05623658001422882,0.25404131412506104,7.046689987182617
2,0.8,0.2,baseline,2,8,0.9800904989242554,8,1.398803949356079,0.5081850290298462,0.05493929982185364,0.24317139387130737,7.065855026245117
2,0.8,0.2,baseline,2,9,0.8820813894271851,9,1.317422866821289,0.49675628542900085,0.05434891954064369,0.2687095105648041,6.790935039520264
2,0.8,0.2,baseline,2,10,0.7938732504844666,10,1.3068699836730957,0.48885229229927063,0.05433788523077965,0.2686694264411926,6.670155048370361
2,0.8,0.2,baseline,2,11,0.7144858837127686,11,1.3366645574569702,0.4787217378616333,0.05508889630436897,0.24200837314128876,7.074527740478516
2,0.8,0.2,baseline,2,12,0.6430373191833496,12,1.2334532737731934,0.45671704411506653,0.05615251883864403,0.2575486898422241,6.847958087921143
2,0.8,0.2,baseline,2,13,0.578733503818512,13,1.3584100008010864,0.47944748401641846,0.054849158972501755,0.24040356278419495,7.134974956512451
2,0.8,0.2,baseline,2,14,0.5208601951599121,14,0.8661696910858154,0.6573378443717957,0.17112140357494354,0.5517971515655518,3.0509450435638428
2,0.8,0.2,baseline,2,16,0.42189672589302063,16,1.2468847036361694,0.4479576051235199,0.05468521639704704,0.2318151593208313,7.160007476806641
2,0.8,0.2,baseline,2,19,0.3075626790523529,19,1.3418265581130981,0.4497791528701782,0.05640826001763344,0.23807469010353088,7.425817489624023
2,0.8,0.2,input_at,0,0,2.2768068313598633,0,0.943175196647644,0.8380522131919861,0.07652323693037033,0.46981486678123474,3.8866052627563477
2,0.8,0.2,input_at,0,1,2.049126148223877,1,1.1406160593032837,0.489143043756485,0.06382641941308975,0.36404433846473694,5.246278285980225
2,0.8,0.2,input_at,0,2,1.8442133665084839,2,1.0738941431045532,0.8156402707099915,0.034704696387052536,0.38710805773735046,5.00921106338501
2,0.8,0.2,input_at,0,3,1.6597919464111328,3,1.0392886400222778,0.818463921546936,0.01502937264740467,0.4495331943035126,4.160430431365967
2,0.8,0.2,input_at,0,4,1.4938127994537354,4,1.2517989873886108,0.4839845597743988,0.06809508800506592,0.3169436752796173,5.944539546966553
2,0.8,0.2,input_at,0,5,1.3444315195083618,5,1.0525010824203491,0.8214511275291443,0.03327738121151924,0.4242546558380127,4.508544445037842
2,0.8,0.2,input_at,0,6,1.2099883556365967,6,1.0907301902770996,0.7111213803291321,0.0919598788022995,0.4528246819972992,4.13388204574585
2,0.8,0.2,input_at,0,7,1.088989496231079,7,1.251704454421997,0.48389914631843567,0.06811561435461044,0.3001115322113037,6.247401237487793
2,0.8,0.2,input_at,0,8,0.9800904989242554,8,1.138601541519165,0.4873848855495453,0.06383875757455826,0.365052729845047,5.272219657897949
2,0.8,0.2,input_at,0,9,0.8820813894271851,9,1.5124096870422363,0.4834919571876526,0.06338243931531906,0.21789485216140747,7.446680068969727
2,0.8,0.2,input_at,0,10,0.7938732504844666,10,1.4877684116363525,0.4942137897014618,0.058307867497205734,0.23460330069065094,7.357654571533203
2,0.8,0.2,input_at,0,11,0.7144858837127686,11,1.7078485488891602,0.4772529900074005,0.11334250867366791,0.24231848120689392,7.350028991699219
2,0.8,0.2,input_at,0,12,0.6430373191833496,12,1.5115835666656494,0.48303839564323425,0.06335761398077011,0.2303064465522766,7.416009902954102
2,0.8,0.2,input_at,0,13,0.578733503818512,13,1.4874252080917358,0.49399682879447937,0.05830841884016991,0.24082432687282562,7.239838600158691
2,0.8,0.2,input_at,0,15,0.46877413988113403,15,1.7042269706726074,0.47522076964378357,0.11333362758159637,0.2285737544298172,7.5657877922058105
2,0.8,0.2,input_at,1,0,2.2768068313598633,0,1.1167292594909668,0.9067840576171875,0.00963186752051115,0.35283994674682617,5.491429805755615
2,0.8,0.2,input_at,1,1,2.049126148223877,1,1.0972812175750732,0.8844202160835266,0.011706583201885223,0.42677122354507446,4.456228256225586
2,0.8,0.2,input_at,1,2,1.8442133665084839,2,1.1573566198349,0.47320035099983215,0.07336599379777908,0.3982539474964142,4.826939582824707
2,0.8,0.2,input_at,1,3,1.6597919464111328,3,1.157495141029358,0.47328856587409973,0.07340504974126816,0.39674079418182373,4.8273725509643555
2,0.8,0.2,input_at,1,4,1.4938127994537354,4,1.2947043180465698,0.6039144396781921,0.07460176199674606,0.35716691613197327,5.495920658111572
2,0.8,0.2,input_at,1,5,1.3444315195083618,5,1.0877174139022827,0.779254138469696,0.033301692456007004,0.44106218218803406,4.253812313079834
2,0.8,0.2,input_at,1,6,1.2099883556365967,6,1.4127544164657593,0.4882661998271942,0.06692034006118774,0.29422155022621155,6.401369094848633
2,0.8,0.2,input_at,1,7,1.088989496231079,7,1.4729198217391968,0.4998248815536499,0.053719568997621536,0.26063668727874756,6.917698860168457
2,0.8,0.2,input_at,1,8,0.9800904989242554,8,1.4120054244995117,0.4877264201641083,0.06694239377975464,0.29175233840942383,6.458071231842041
2,0.8,0.2,input_at,1,9,0.8820813894271851,9,1.530968189239502,0.4958122968673706,0.05542512983083725,0.22836527228355408,7.240848064422607
2,0.8,0.2,input_at,1,10,0.7938732504844666,10,1.5573251247406006,0.497065931558609,0.053957149386405945,0.23170576989650726,7.413686275482178
2,0.8,0.2,input_at,1,11,0.7144858837127686,11,1.5288105010986328,0.4944269359111786,0.055379610508680344,0.22969463467597961,7.245102405548096
2,0.8,0.2,input_at,1,12,0.6430373191833496,12,1.5546085834503174,0.49539461731910706,0.053936850279569626,0.23625701665878296,7.269687652587891
2,0.8,0.2,input_at,1,13,0.578733503818512,13,1.4677504301071167,0.4963470995426178,0.05368565768003464,0.2614918649196625,6.817373275756836
2,0.8,0.2,input_at,1,14,0.5208601951599121,14,0.9229161739349365,0.401762455701828,0.2404048591852188,0.43417611718177795,4.4097819328308105
2,0.8,0.2,input_at,1,15,0.46877413988113403,15,0.6064401865005493,0.17365843057632446,0.24030831456184387,0.33201804757118225,6.094047546386719
2,0.8,0.2,input_at,1,19,0.3075626790523529,19,0.963631808757782,0.3325096666812897,0.07773902267217636,0.2736973762512207,7.052601337432861
2,0.8,0.2,input_at,2,0,2.2768068313598633,0,0.9725633263587952,0.8277967572212219,0.03616106137633324,0.45317184925079346,4.130761623382568
2,0.8,0.2,input_at,2,1,2.049126148223877,1,0.9300905466079712,0.8966814279556274,0.014311638660728931,0.4362797737121582,4.350755214691162
2,0.8,0.2,input_at,2,2,1.8442133665084839,2,1.0198829174041748,0.8801156878471375,0.02404511347413063,0.40552741289138794,4.792206764221191
2,0.8,0.2,input_at,2,3,1.6597919464111328,3,1.2718333005905151,0.5133602023124695,0.05353647843003273,0.2810218632221222,6.752198696136475
2,0.8,0.2,input_at,2,4,1.4938127994537354,4,1.249617338180542,0.49730387330055237,0.05377669632434845,0.30313190817832947,6.354734420776367
2,0.8,0.2,input_at,2,5,1.3444315195083618,5,1.2492790222167969,0.49704205989837646,0.053769633173942566,0.3021061420440674,6.40821647644043
2,0.8,0.2,input_at,2,6,1.2099883556365967,6,1.3616423606872559,0.49386516213417053,0.055700648576021194,0.26887333393096924,6.965059280395508
2,0.8,0.2,input_at,2,7,1.088989496231079,7,1.2120683193206787,0.8371126055717468,0.05194482579827309,0.35563236474990845,5.647643566131592
2,0.8,0.2,input_at,2,8,0.9800904989242554,8,1.3960398435592651,0.4972775876522064,0.053793273866176605,0.2545156180858612,7.19451379776001
2,0.8,0.2,input_at,2,9,0.8820813894271851,9,1.3291144371032715,0.4952987730503082,0.054545313119888306,0.2810809314250946,6.795825958251953
2,0.8,0.2,input_at,2,10,0.7938732504844666,10,1.3287062644958496,0.4949479401111603,0.05456308275461197,0.2823086082935333,6.712158203125
2,0.8,0.2,input_at,2,11,0.7144858837127686,11,1.3595497608184814,0.49241703748703003,0.05566323548555374,0.26101866364479065,7.071329593658447
2,0.8,0.2,input_at,2,12,0.6430373191833496,12,1.1228388547897339,0.6979160904884338,0.28427284955978394,0.47670042514801025,3.859654664993286
2,0.8,0.2,input_at,2,13,0.578733503818512,13,1.3939119577407837,0.49580472707748413,0.05377533659338951,0.2528417408466339,7.234625339508057
2,0.8,0.2,input_at,2,16,0.42189672589302063,16,1.230467677116394,0.4804680049419403,0.053564392030239105,0.27200233936309814,6.815303802490234
2,0.8,0.2,lat,0,0,2.2768068313598633,0,2.0909321308135986,0.9826943874359131,0.0011228766525164247,0.2198263704776764,8.345346450805664
2,0.8,0.2,lat,0,1,2.049126148223877,1,1.9109766483306885,0.5004742741584778,0.052846815437078476,0.290607213973999,6.82865571975708
2,0.8,0.2,lat,0,2,1.8442133665084839,2,1.7152106761932373,0.9787110686302185,0.0009060821612365544,0.305764377117157,6.604522705078125
2,0.8,0.2,lat,0,3,1.6597919464111328,3,1.897275447845459,0.5001500248908997,0.05315166339278221,0.29364392161369324,6.770574569702148
2,0.8,0.2,lat,0,4,1.4938127994537354,4,1.9059094190597534,0.4998655617237091,0.05281103774905205,0.2941685616970062,6.783926486968994
2,0.8,0.2,lat,0,5,1.3444315195083618,5,1.8493492603302002,0.49674496054649353,0.05329182371497154,0.3125450313091278,6.430328845977783
2,0.8,0.2,lat,0,6,1.2099883556365967,6,1.8486074209213257,0.4963032901287079,0.053298842161893845,0.30016377568244934,6.682950973510742
2,0.8,0.2,lat,0,7,1.088989496231079,7,1.903147578239441,0.49842289090156555,0.05280845984816551,0.2773241400718689,7.124289035797119
2,0.8,0.2,lat,0,8,0.9800904989242554,8,1.9056308269500732,0.49765026569366455,0.05285866558551788,0.28593355417251587,6.908851623535156
2,0.8,0.2,lat,0,9,0.8820813894271851,9,1.8711391687393188,0.49714720249176025,0.05339380353689194,0.28233176469802856,6.998025417327881
2,0.8,0.2,lat,0,10,0.7938732504844666,10,1.9572339057922363,0.49803000688552856,0.05343199521303177,0.2770537734031677,7.085549354553223
2,0.8,0.2,lat,0,11,0.7144858837127686,11,1.8870893716812134,0.49483513832092285,0.05314849689602852,0.2965084910392761,6.73370885848999
2,0.8,0.2,lat,0,12,0.6430373191833496,12,1.8678451776504517,0.4954638183116913,0.05338136851787567,0.29445526003837585,6.792934894561768
2,0.8,0.2,lat,0,13,0.578733503818512,13,1.9511630535125732,0.49498727917671204,0.05342863127589226,0.28651201725006104,6.922695159912109
2,0.8,0.2,lat,0,14,0.5208601951599121,14,1.991416096687317,0.4962592124938965,0.05369539186358452,0.2769158184528351,7.171968936920166
2,0.8,0.2,lat,0,15,0.46877413988113403,15,1.990351676940918,0.49577340483665466,0.05370228365063667,0.2647247910499573,7.382993221282959
2,0.8,0.2,lat,0,16,0.42189672589302063,16,0.5377172231674194,0.21089036762714386,0.15800848603248596,0.27672258019447327,7.224731922149658
2,0.8,0.2,lat,0,17,0.3797070384025574,17,1.0051014423370361,0.7374680042266846,0.15799060463905334,0.46788400411605835,3.963819980621338
2,0.8,0.2,lat,1,0,2.2768068313598633,0,1.8035823106765747,0.9579018950462341,0.0020271583925932646,0.2962014973163605,6.817966461181641
2,0.8,0.2,lat,1,1,2.049126148223877,1,1.8716237545013428,0.9839510321617126,0.000780352158471942,0.28543621301651,7.0691752433776855
2,0.8,0.2,lat,1,2,1.8442133665084839,2,2.007101535797119,0.4979161024093628,0.053171075880527496,0.29175299406051636,6.893199920654297
2,0.8,0.2,lat,1,3,1.6597919464111328,3,2.007077693939209,0.4979189932346344,0.0531686469912529,0.29353490471839905,6.866115093231201
2,0.8,0.2,lat,1,4,1.4938127994537354,4,2.0632028579711914,0.5360879898071289,0.053506940603256226,0.2826477289199829,7.07418966293335
2,0.8,0.2,lat,1,5,1.3444315195083618,5,1.8262395858764648,0.5091387629508972,0.053677093237638474,0.3360670208930969,6.079286098480225
2,0.8,0.2,lat,1,6,1.2099883556365967,6,2.046165943145752,0.4995988607406616,0.05302942916750908,0.28128430247306824,7.1147637367248535
2,0.8,0.2,lat,1,7,1.088989496231079,7,2.141521453857422,0.5028232336044312,0.05312272161245346,0.2672303020954132,7.376660346984863
2,0.8,0.2,lat,1,8,0.9800904989242554,8,2.0418338775634766,0.4975241720676422,0.05303416773676872,0.28092920780181885,7.097140312194824
2,0.8,0.2,lat,1,9,0.8820813894271851,9,2.0257420539855957,0.4994122087955475,0.05301399156451225,0.2802666425704956,7.087925910949707
2,0.8,0.2,lat,1,10,0.7938732504844666,10,2.0645663738250732,0.4975060522556305,0.053907424211502075,0.2808457911014557,7.134830951690674
2,0.8,0.2,lat,1,11,0.7144858837127686,11,2.021233558654785,0.4972333610057831,0.05300553888082504,0.2798994481563568,7.107604503631592
2,0.8,0.2,lat,1,12,0.6430373191833496,12,2.0563604831695557,0.49368980526924133,0.05384228751063347,0.280477911233902,7.119302272796631
2,0.8,0.2,lat,1,13,0.578733503818512,13,2.123702049255371,0.49450233578681946,0.053146909922361374,0.2660568058490753,7.384522914886475
2,0.8,0.2,lat,1,14,0.5208601951599121,14,1.2071502208709717,0.8863134980201721,0.15810464322566986,0.4932812452316284,3.6613380908966064
2,0.8,0.2,lat,1,15,0.46877413988113403,15,0.345152348279953,0.07278873771429062,0.15803229808807373,0.18205812573432922,9.030797958374023
2,0.8,0.2,lat,1,17,0.3797070384025574,17,1.7723883390426636,0.479802668094635,0.05363882705569267,0.320553183555603,6.346080780029297
2,0.8,0.2,lat,1,19,0.3075626790523529,19,1.9059574604034424,0.4576030671596527,0.053485337644815445,0.25649571418762207,7.624992847442627
2,0.8,0.2,lat,2,0,2.2768068313598633,0,1.8265061378479004,0.9879669547080994,0.0006313577177934349,0.27477994561195374,7.290635108947754
2,0.8,0.2,lat,2,1,2.049126148223877,1,1.615178108215332,0.9861192107200623,0.0005889810854569077,0.3136657774448395,6.477174282073975
2,0.8,0.2,lat,2,2,1.8442133665084839,2,1.9663220643997192,0.5053536295890808,0.05308074876666069,0.2683837413787842,7.3743510246276855
2,0.8,0.2,lat,2,3,1.6597919464111328,3,2.006221055984497,0.5182291269302368,0.052877288311719894,0.2511504888534546,7.675494194030762
2,0.8,0.2,lat,2,4,1.4938127994537354,4,1.9698858261108398,0.4998789429664612,0.052989985793828964,0.27565860748291016,7.2122650146484375
2,0.8,0.2,lat,2,5,1.3444315195083618,5,1.9692814350128174,0.4995720386505127,0.052971333265304565,0.2715231478214264,7.298789024353027
2,0.8,0.2,lat,2,6,1.2099883556365967,6,1.9344069957733154,0.5011342763900757,0.052844807505607605,0.2745360732078552,7.198025226593018
2,0.8,0.2,lat,2,7,1.088989496231079,7,1.851914405822754,0.5162889361381531,0.05361125245690346,0.29567044973373413,6.804540157318115
2,0.8,0.2,lat,2,8,0.9800904989242554,8,1.782958984375,0.5012019276618958,0.05292569473385811,0.31927555799484253,6.353615760803223
2,0.8,0.2,lat,2,9,0.8820813894271851,9,1.8498942852020264,0.4991319477558136,0.05328618735074997,0.3018466532230377,6.673604488372803
2,0.8,0.2,lat,2,10,0.7938732504844666,10,1.8486229181289673,0.4984574019908905,0.053294990211725235,0.3070324957370758,6.588961601257324
2,0.8,0.2,lat,2,11,0.7144858837127686,11,1.9280718564987183,0.4978478252887726,0.05285929515957832,0.2763906419277191,7.243788242340088
2,0.8,0.2,lat,2,12,0.6430373191833496,12,1.9395920038223267,0.49171003699302673,0.053085893392562866,0.2640572190284729,7.3693718910217285
2,0.8,0.2,lat,2,13,0.578733503818512,13,1.7738555669784546,0.4960901141166687,0.0529424212872982,0.31530773639678955,6.43187952041626
2,0.8,0.2,lat,2,14,0.5208601951599121,14,1.142441987991333,0.9065806865692139,0.15608105063438416,0.4894181489944458,3.70202374458313
2,0.8,0.2,lat,2,15,0.46877413988113403,15,0.3281053602695465,0.07502927631139755,0.15616197884082794,0.2016177922487259,8.733105659484863
2,0.8,0.2,lat,2,16,0.42189672589302063,16,1.931033730506897,0.4801888167858124,0.0528559572994709,0.2457321584224701,7.823863983154297
2,0.8,0.2,lat,2,19,0.3075626790523529,19,1.7868024110794067,0.48064693808555603,0.053595662117004395,0.2797369360923767,7.125676155090332
2,0.9,0.1,baseline,0,0,2.2768068313598633,0,1.2470425367355347,0.48657500743865967,0.05553838983178139,0.3890579640865326,4.5269598960876465
2,0.9,0.1,baseline,0,1,2.049126148223877,1,1.1773931980133057,0.48459702730178833,0.056133657693862915,0.44264814257621765,4.034292697906494
2,0.9,0.1,baseline,0,2,1.8442133665084839,2,1.355778694152832,0.5025738477706909,0.05568268895149231,0.39883822202682495,4.687798976898193
2,0.9,0.1,baseline,0,3,1.6597919464111328,3,1.2666925191879272,0.4891871213912964,0.05625759810209274,0.4099431037902832,4.397194862365723
2,0.9,0.1,baseline,0,4,1.4938127994537354,4,1.2421915531158447,0.46869081258773804,0.0580015666782856,0.4322488605976105,4.159390926361084
2,0.9,0.1,baseline,0,5,1.3444315195083618,5,1.2399933338165283,0.4812173545360565,0.05551557242870331,0.38909152150154114,4.6306376457214355
2,0.9,0.1,baseline,0,6,1.2099883556365967,6,1.4931366443634033,0.4901241958141327,0.05918201059103012,0.34181490540504456,5.41701602935791
2,0.9,0.1,baseline,0,7,1.088989496231079,7,1.2425564527511597,0.4688439667224884,0.058022305369377136,0.4204825460910797,4.354603290557861
2,0.9,0.1,baseline,0,8,0.9800904989242554,8,1.1616175174713135,0.4715966582298279,0.056149452924728394,0.44041427969932556,4.058499813079834
2,0.9,0.1,baseline,0,9,0.8820813894271851,9,1.4470014572143555,0.44094857573509216,0.06962640583515167,0.45115119218826294,4.094696521759033
2,0.9,0.1,baseline,0,10,0.7938732504844666,10,1.4021928310394287,0.44588711857795715,0.0671793520450592,0.4686025083065033,3.8802709579467773
2,0.9,0.1,baseline,0,11,0.7144858837127686,11,1.247748851776123,0.47469475865364075,0.056259989738464355,0.39680197834968567,4.5418925285339355
2,0.9,0.1,baseline,0,12,0.6430373191833496,12,1.4364367723464966,0.43499353528022766,0.06949362903833389,0.46133196353912354,3.957202196121216
2,0.9,0.1,baseline,0,13,0.578733503818512,13,1.4633221626281738,0.41413211822509766,0.07914803177118301,0.5137098431587219,3.4117674827575684
2,0.9,0.1,baseline,0,14,0.5208601951599121,14,1.3370718955993652,0.37081724405288696,0.08562275767326355,0.5937281250953674,2.685429096221924
2,0.9,0.1,baseline,0,15,0.46877413988113403,15,1.3853697776794434,0.4356854259967804,0.06706494092941284,0.45568397641181946,4.0664520263671875
2,0.9,0.1,baseline,0,16,0.42189672589302063,16,1.3086397647857666,0.4681139886379242,0.05570060387253761,0.3793643116950989,4.80654239654541
2,0.9,0.1,baseline,0,17,0.3797070384025574,17,1.4485517740249634,0.40661269426345825,0.07885529100894928,0.5347966551780701,3.197324275970459
2,0.9,0.1,baseline,0,18,0.3417363464832306,18,1.3240997791290283,0.3643091917037964,0.08541462570428848,0.5957481861114502,2.66949725151062
2,0.9,0.1,baseline,0,19,0.3075626790523529,19,1.4501745700836182,0.46212542057037354,0.05925893783569336,0.3326936364173889,5.517162322998047
2,0.9,0.1,baseline,1,0,2.2768068313598633,0,1.3115789890289307,0.48397210240364075,0.05671999230980873,0.3975796699523926,4.44913911819458
2,0.9,0.1,baseline,1,1,2.049126148223877,1,1.2838928699493408,0.5144242644309998,0.05416982248425484,0.4189598262310028,4.187963008880615
2,0.9,0.1,baseline,1,2,1.8442133665084839,2,1.229731798171997,0.4388546347618103,0.0627371221780777,0.5337900519371033,3.16687273979187
2,0.9,0.1,baseline,1,3,1.6597919464111328,3,1.2266292572021484,0.4367087185382843,0.06273352354764938,0.5507224202156067,3.0166714191436768
2,0.9,0.1,baseline,1,4,1.4938127994537354,4,1.4902178049087524,0.4838525950908661,0.05690892040729523,0.3602593243122101,4.949767589569092
2,0.9,0.1,baseline,1,5,1.3444315195083618,5,1.5171712636947632,0.4904489815235138,0.05833791568875313,0.3225250840187073,5.366189479827881
2,0.9,0.1,baseline,1,6,1.2099883556365967,6,1.3466094732284546,0.4635448455810547,0.06051898002624512,0.4238043427467346,4.238367080688477
2,0.9,0.1,baseline,1,7,1.088989496231079,7,1.5175279378890991,0.44150447845458984,0.06872406601905823,0.504652738571167,3.499575138092041
2,0.9,0.1,baseline,1,8,0.9800904989242554,8,1.47756826877594,0.47569897770881653,0.05691060423851013,0.36893048882484436,4.906705856323242
2,0.9,0.1,baseline,1,9,0.8820813894271851,9,1.2904767990112305,0.4685862958431244,0.056713223457336426,0.3800204396247864,4.67816162109375
2,0.9,0.1,baseline,1,10,0.7938732504844666,10,1.491285800933838,0.41817033290863037,0.07373756170272827,0.5259922742843628,3.277439594268799
2,0.9,0.1,baseline,1,11,0.7144858837127686,11,1.6097931861877441,0.4187697768211365,0.07988669723272324,0.5282189249992371,3.2644364833831787
2,0.9,0.1,baseline,1,12,0.6430373191833496,12,1.5029921531677246,0.43321219086647034,0.06997647881507874,0.5094852447509766,3.436786651611328
2,0.9,0.1,baseline,1,13,0.578733503818512,13,1.50364089012146,0.4340706169605255,0.06858891993761063,0.4703550636768341,3.8646113872528076
2,0.9,0.1,baseline,1,14,0.5208601951599121,14,1.4783642292022705,0.41044697165489197,0.07386577874422073,0.5198445916175842,3.338594436645508
2,0.9,0.1,baseline,1,15,0.46877413988113403,15,1.4915460348129272,0.42720097303390503,0.06987033784389496,0.5085222721099854,3.4555680751800537
2,0.9,0.1,baseline,1,16,0.42189672589302063,16,1.3274563550949097,0.4516822397708893,0.060279376804828644,0.42310771346092224,4.259285926818848
2,0.9,0.1,baseline,1,17,0.3797070384025574,17,1.475678563117981,0.46377578377723694,0.05837471783161163,0.3025299906730652,5.437560081481934
2,0.9,0.1,baseline,1,18,0.3417363464832306,18,1.2210336923599243,0.46532049775123596,0.05416249483823776,0.3877752125263214,4.494547367095947
2,0.9,0.1,baseline,1,19,0.3075626790523529,19,1.578547716140747,0.4033701717853546,0.07962964475154877,0.5183947682380676,3.3635973930358887
2,0.9,0.1,baseline,2,0,2.2768068313598633,0,1.1972973346710205,0.4884680509567261,0.05619034543633461,0.45009803771972656,3.8995299339294434
2,0.9,0.1,baseline,2,1,2.049126148223877,1,1.18967604637146,0.4971279799938202,0.057326968759298325,0.43059563636779785,4.023139476776123
2,0.9,0.1,baseline,2,2,1.8442133665084839,2,1.371048927307129,0.47521910071372986,0.061399590224027634,0.37109389901161194,4.959598541259766
2,0.9,0.1,baseline,2,3,1.6597919464111328,3,1.3485174179077148,0.5025344491004944,0.05599799379706383,0.3811982572078705,4.787569999694824
2,0.9,0.1,baseline,2,4,1.4938127994537354,4,1.4006985425949097,0.4926195740699768,0.05540411174297333,0.3184641897678375,5.351899147033691
2,0.9,0.1,baseline,2,5,1.3444315195083618,5,1.3884974718093872,0.4839913845062256,0.05542685464024544,0.3220493197441101,5.298130035400391
2,0.9,0.1,baseline,2,6,1.2099883556365967,6,1.4274545907974243,0.4635898172855377,0.06207955628633499,0.41967707872390747,4.412275791168213
2,0.9,0.1,baseline,2,7,1.088989496231079,7,1.4314675331115723,0.4665500819683075,0.0619841068983078,0.4002548158168793,4.610495090484619
2,0.9,0.1,baseline,2,8,0.9800904989242554,8,1.4252136945724487,0.47881588339805603,0.060144104063510895,0.3682989478111267,4.994250774383545
2,0.9,0.1,baseline,2,9,0.8820813894271851,9,1.1751161813735962,0.47056668996810913,0.05618985742330551,0.40410590171813965,4.391518592834473
2,0.9,0.1,baseline,2,10,0.7938732504844666,10,1.4419949054718018,0.47684746980667114,0.058148302137851715,0.31268927454948425,5.231595516204834
2,0.9,0.1,baseline,2,11,0.7144858837127686,11,1.4436074495315552,0.47822296619415283,0.05807176232337952,0.3013022840023041,5.331012725830078
2,0.9,0.1,baseline,2,12,0.6430373191833496,12,1.3430287837982178,0.45600801706314087,0.06140299141407013,0.37313151359558105,4.829080104827881
2,0.9,0.1,baseline,2,13,0.578733503818512,13,1.4004848003387451,0.4624515771865845,0.06011010333895683,0.3768572211265564,4.7916579246521
2,0.9,0.1,baseline,2,14,0.5208601951599121,14,1.2835440635681152,0.30626046657562256,0.11281201988458633,0.6432310342788696,2.331164598464966
2,0.9,0.1,baseline,2,15,0.46877413988113403,15,1.3409051895141602,0.3607085049152374,0.09730168431997299,0.6003254652023315,2.6331005096435547
2,0.9,0.1,baseline,2,16,0.42189672589302063,16,1.301594614982605,0.4681069850921631,0.05600934848189354,0.3878902792930603,4.729791164398193
2,0.9,0.1,baseline,2,17,0.3797070384025574,17,1.2777179479599,0.30199798941612244,0.11356737464666367,0.6581103205680847,2.2378947734832764
2,0.9,0.1,baseline,2,18,0.3417363464832306,18,1.3392298221588135,0.358364999294281,0.09794685989618301,0.5889672636985779,2.7243902683258057
2,0.9,0.1,baseline,2,19,0.3075626790523529,19,1.1251778602600098,0.44458743929862976,0.05734747275710106,0.37991154193878174,4.675274848937988
2,0.9,0.1,input_at,0,0,2.2768068313598633,0,1.1562347412109375,0.48657047748565674,0.057317689061164856,0.45936426520347595,3.934950590133667
2,0.9,0.1,input_at,0,1,2.049126148223877,1,1.1181468963623047,0.47412246465682983,0.05709926784038544,0.4624253213405609,3.928516387939453
2,0.9,0.1,input_at,0,2,1.8442133665084839,2,1.2235829830169678,0.4900956153869629,0.05531693622469902,0.4028267562389374,4.642299175262451
2,0.9,0.1,input_at,0,3,1.6597919464111328,3,1.2889037132263184,0.48753592371940613,0.05639788880944252,0.38289564847946167,4.861295223236084
2,0.9,0.1,input_at,0,4,1.4938127994537354,4,1.1986398696899414,0.47153428196907043,0.05734066665172577,0.43070611357688904,4.266260147094727
2,0.9,0.1,input_at,0,5,1.3444315195083618,5,1.076103925704956,0.6222559213638306,0.02228206768631935,0.5526553988456726,3.0217368602752686
2,0.9,0.1,input_at,0,6,1.2099883556365967,6,1.4291044473648071,0.4878391921520233,0.05777802690863609,0.3254534602165222,5.8060479164123535
2,0.9,0.1,input_at,0,7,1.088989496231079,7,1.1991738080978394,0.47188615798950195,0.057355962693691254,0.41274788975715637,4.5709075927734375
2,0.9,0.1,input_at,0,8,0.9800904989242554,8,1.1169872283935547,0.4730738401412964,0.05710916593670845,0.46255144476890564,3.9132094383239746
2,0.9,0.1,input_at,0,9,0.8820813894271851,9,1.468672513961792,0.48961368203163147,0.05602119490504265,0.3197590112686157,5.945913791656494
2,0.9,0.1,input_at,0,10,0.7938732504844666,10,1.3543801307678223,0.3962603211402893,0.08519937843084335,0.5188009142875671,3.3664491176605225
2,0.9,0.1,input_at,0,11,0.7144858837127686,11,1.2869102954864502,0.4860818386077881,0.056379128247499466,0.37758058309555054,4.962575912475586
2,0.9,0.1,input_at,0,12,0.6430373191833496,12,1.4675085544586182,0.48892146348953247,0.05599605292081833,0.3241552710533142,5.8960089683532715
2,0.9,0.1,input_at,0,13,0.578733503818512,13,1.427713394165039,0.418679416179657,0.12663742899894714,0.4797038435935974,3.8010623455047607
2,0.9,0.1,input_at,0,14,0.5208601951599121,14,1.142817497253418,0.4752276539802551,0.05735444277524948,0.45636987686157227,4.000270843505859
2,0.9,0.1,input_at,0,15,0.46877413988113403,15,1.350337266921997,0.39455923438072205,0.0849360004067421,0.5017597675323486,3.554807424545288
2,0.9,0.1,input_at,0,16,0.42189672589302063,16,1.2109243869781494,0.47994497418403625,0.05533609166741371,0.41790392994880676,4.413418292999268
2,0.9,0.1,input_at,0,17,0.3797070384025574,17,1.4245784282684326,0.41750749945640564,0.12647895514965057,0.47872668504714966,3.7900140285491943
2,0.9,0.1,input_at,0,19,0.3075626790523529,19,1.4166384935379028,0.47934675216674805,0.05778414383530617,0.3222852349281311,5.821141719818115
2,0.9,0.1,input_at,1,0,2.2768068313598633,0,1.003548502922058,0.7872701287269592,0.05672910809516907,0.5479214787483215,3.047236442565918
2,0.9,0.1,input_at,1,1,2.049126148223877,1,1.2104545831680298,0.4906398057937622,0.05461116135120392,0.45749253034591675,3.9171597957611084
2,0.9,0.1,input_at,1,2,1.8442133665084839,2,1.2106633186340332,0.45030677318573,0.06243127956986427,0.4795105457305908,3.7367701530456543
2,0.9,0.1,input_at,1,3,1.6597919464111328,3,1.210404872894287,0.45032262802124023,0.062390297651290894,0.5043991208076477,3.478217124938965
2,0.9,0.1,input_at,1,4,1.4938127994537354,4,1.3710529804229736,0.4773499071598053,0.061156343668699265,0.43547654151916504,4.28771448135376
2,0.9,0.1,input_at,1,5,1.3444315195083618,5,1.4658528566360474,0.47104254364967346,0.061395615339279175,0.3787212371826172,4.984610557556152
2,0.9,0.1,input_at,1,6,1.2099883556365967,6,1.342944860458374,0.4614190459251404,0.06186382472515106,0.4566692113876343,4.042569160461426
2,0.9,0.1,input_at,1,7,1.088989496231079,7,1.5052598714828491,0.488412469625473,0.056811001151800156,0.3767381012439728,5.08664083480835
2,0.9,0.1,input_at,1,8,0.9800904989242554,8,1.3428230285644531,0.4613981544971466,0.061842020601034164,0.4526720941066742,4.091597557067871
2,0.9,0.1,input_at,1,9,0.8820813894271851,9,1.4925098419189453,0.47827616333961487,0.058999236673116684,0.3498769700527191,5.5403289794921875
2,0.9,0.1,input_at,1,10,0.7938732504844666,10,1.488384485244751,0.4755927622318268,0.060337454080581665,0.36972448229789734,5.172216415405273
2,0.9,0.1,input_at,1,11,0.7144858837127686,11,1.491118311882019,0.4774172008037567,0.05899275466799736,0.34707778692245483,5.5453314781188965
2,0.9,0.1,input_at,1,12,0.6430373191833496,12,1.2726316452026367,0.37858790159225464,0.08993325382471085,0.5703745484352112,2.877985954284668
2,0.9,0.1,input_at,1,13,0.578733503818512,13,1.5037894248962402,0.4875505864620209,0.05678654462099075,0.34962019324302673,5.513439178466797
2,0.9,0.1,input_at,1,14,0.5208601951599121,14,1.1998026371002197,0.48202750086784363,0.05461439862847328,0.42255473136901855,4.3486247062683105
2,0.9,0.1,input_at,1,15,0.46877413988113403,15,1.4860714673995972,0.4741929769515991,0.06031505763530731,0.3902056813240051,4.949442386627197
2,0.9,0.1,input_at,1,16,0.42189672589302063,16,1.459417700767517,0.4668845236301422,0.06141256168484688,0.3646431267261505,5.224874973297119
2,0.9,0.1,input_at,1,18,0.3417363464832306,18,1.2680991888046265,0.37626829743385315,0.08989959955215454,0.5668688416481018,2.9040846824645996
2,0.9,0.1,input_at,1,19,0.3075626790523529,19,1.3359613418579102,0.45280835032463074,0.06126804277300835,0.4164748191833496,4.54768180847168
2,0.9,0.1,input_at,2,0,2.2768068313598633,0,0.9352272748947144,0.8553692698478699,0.029860844835639,0.5675534009933472,2.894132375717163
2,0.9,0.1,input_at,2,1,2.049126148223877,1,1.0279364585876465,0.49633872509002686,0.054514095187187195,0.4982348084449768,3.5559616088867188
2,0.9,0.1,input_at,2,2,1.8442133665084839,2,1.2203322649002075,0.4839739501476288,0.055881161242723465,0.3936154842376709,4.95781946182251
2,0.9,0.1,input_at,2,3,1.6597919464111328,3,1.270958423614502,0.49970802664756775,0.054805368185043335,0.3685877323150635,5.378979682922363
2,0.9,0.1,input_at,2,4,1.4938127994537354,4,1.2853419780731201,0.49590444564819336,0.053766120225191116,0.3608654737472534,5.4158430099487305
2,0.9,0.1,input_at,2,5,1.3444315195083618,5,1.2838259935379028,0.4946848750114441,0.05377248674631119,0.35715004801750183,5.470853805541992
2,0.9,0.1,input_at,2,6,1.2099883556365967,6,1.3459721803665161,0.489854633808136,0.05511441454291344,0.3475612998008728,5.6140265464782715
2,0.9,0.1,input_at,2,7,1.088989496231079,7,1.4194552898406982,0.4872821569442749,0.05688650533556938,0.3221513628959656,6.116870403289795
2,0.9,0.1,input_at,2,8,0.9800904989242554,8,1.3945308923721313,0.49912282824516296,0.053579818457365036,0.3277977705001831,6.05389404296875
2,0.9,0.1,input_at,2,9,0.8820813894271851,9,1.3189935684204102,0.49557211995124817,0.05410604551434517,0.3529278039932251,5.641268730163574
2,0.9,0.1,input_at,2,10,0.7938732504844666,10,1.318200707435608,0.4949604868888855,0.05410768464207649,0.3675321936607361,5.352964401245117
2,0.9,0.1,input_at,2,11,0.7144858837127686,11,1.3455429077148438,0.48951664566993713,0.05512417107820511,0.34441548585891724,5.7108025550842285
2,0.9,0.1,input_at,2,12,0.6430373191833496,12,1.2165203094482422,0.4809150993824005,0.05588872358202934,0.4018877148628235,4.784067153930664
2,0.9,0.1,input_at,2,13,0.578733503818512,13,1.3907489776611328,0.4963971674442291,0.05357867106795311,0.346347838640213,5.715429782867432
2,0.9,0.1,input_at,2,14,0.5208601951599121,14,1.0186841487884521,0.4874884784221649,0.05447125434875488,0.4697479009628296,3.8854033946990967
2,0.9,0.1,input_at,2,15,0.46877413988113403,15,0.7669781446456909,0.7538374066352844,0.1090896874666214,0.6681411862373352,2.1748604774475098
2,0.9,0.1,input_at,2,16,0.42189672589302063,16,1.2608047723770142,0.49171721935272217,0.05486074090003967,0.3814064860343933,5.139699935913086
2,0.9,0.1,input_at,2,17,0.3797070384025574,17,1.413167953491211,0.48299863934516907,0.05687624588608742,0.33549630641937256,5.884018421173096
2,0.9,0.1,lat,0,0,2.2768068313598633,0,1.8418192863464355,0.4993111193180084,0.05279603227972984,0.3567216992378235,5.517984867095947
2,0.9,0.1,lat,0,1,2.049126148223877,1,1.7676023244857788,0.49925029277801514,0.052886515855789185,0.3516608774662018,5.5921101570129395
2,0.9,0.1,lat,0,2,1.8442133665084839,2,1.811307668685913,0.49955305457115173,0.05327942594885826,0.363447368144989,5.391189098358154
2,0.9,0.1,lat,0,3,1.6597919464111328,3,1.7270735502243042,0.499299019575119,0.05295819416642189,0.3916178345680237,4.941555023193359
2,0.9,0.1,lat,0,4,1.4938127994537354,4,1.7492672204971313,0.4978766143321991,0.05309807509183884,0.36519375443458557,5.275803089141846
2,0.9,0.1,lat,0,5,1.3444315195083618,5,1.841741919517517,0.49927106499671936,0.052795860916376114,0.3464982211589813,5.715786457061768
2,0.9,0.1,lat,0,6,1.2099883556365967,6,1.7801419496536255,0.5001983046531677,0.05322800949215889,0.36251574754714966,5.514913558959961
2,0.9,0.1,lat,0,7,1.088989496231079,7,1.749221682548523,0.49784353375434875,0.053099267184734344,0.3530799150466919,5.609352111816406
2,0.9,0.1,lat,0,8,0.9800904989242554,8,1.7663837671279907,0.4985767602920532,0.05288327485322952,0.3601909577846527,5.411586284637451
2,0.9,0.1,lat,0,9,0.8820813894271851,9,1.7888007164001465,0.497980535030365,0.053295668214559555,0.35241541266441345,5.566411972045898
2,0.9,0.1,lat,0,10,0.7938732504844666,10,1.5443240404129028,0.4052629768848419,0.07468133419752121,0.524800717830658,3.312896490097046
2,0.9,0.1,lat,0,11,0.7144858837127686,11,1.7246493101119995,0.49789685010910034,0.05295791104435921,0.37821388244628906,5.1536102294921875
2,0.9,0.1,lat,0,12,0.6430373191833496,12,1.6229588985443115,0.47181424498558044,0.0591401681303978,0.45089858770370483,4.146941661834717
2,0.9,0.1,lat,0,13,0.578733503818512,13,1.6787657737731934,0.4351159632205963,0.07178428024053574,0.4859011471271515,3.745199680328369
2,0.9,0.1,lat,0,14,0.5208601951599121,14,1.78587007522583,0.49635544419288635,0.0532943494617939,0.37470313906669617,5.288397789001465
2,0.9,0.1,lat,0,15,0.46877413988113403,15,1.624007225036621,0.4718708097934723,0.05929313227534294,0.43402212858200073,4.406615257263184
2,0.9,0.1,lat,0,16,0.42189672589302063,16,1.8030277490615845,0.49503853917121887,0.053269874304533005,0.3770267963409424,5.160919666290283
2,0.9,0.1,lat,0,17,0.3797070384025574,17,1.667015552520752,0.430690199136734,0.07122025638818741,0.4853931963443756,3.7440412044525146
2,0.9,0.1,lat,0,18,0.3417363464832306,18,1.5298113822937012,0.4000101685523987,0.07403674721717834,0.5365663170814514,3.194549560546875
2,0.9,0.1,lat,0,19,0.3075626790523529,19,1.7700835466384888,0.4945703148841858,0.05322759225964546,0.3583756685256958,5.511007785797119
2,0.9,0.1,lat,1,0,2.2768068313598633,0,1.908055067062378,0.4966311752796173,0.05340275540947914,0.3735356628894806,5.219594955444336
2,0.9,0.1,lat,1,1,2.049126148223877,1,1.9811986684799194,0.5028171539306641,0.05371684953570366,0.3627605140209198,5.258487701416016
2,0.9,0.1,lat,1,2,1.8442133665084839,2,1.9579850435256958,0.49594807624816895,0.05366574600338936,0.3499632775783539,5.44248628616333
2,0.9,0.1,lat,1,3,1.6597919464111328,3,1.9570850133895874,0.495484858751297,0.05366816744208336,0.36382776498794556,5.179152011871338
2,0.9,0.1,lat,1,4,1.4938127994537354,4,1.918630838394165,0.4973853826522827,0.053260352462530136,0.3812909424304962,5.120362758636475
2,0.9,0.1,lat,1,5,1.3444315195083618,5,1.8942004442214966,0.4980446398258209,0.0532950721681118,0.3752845525741577,5.154822826385498
2,0.9,0.1,lat,1,6,1.2099883556365967,6,2.0296473503112793,0.4980548620223999,0.05317239463329315,0.348993718624115,5.5884199142456055
2,0.9,0.1,lat,1,7,1.088989496231079,7,2.045837879180908,0.49251723289489746,0.05561887100338936,0.34184136986732483,5.610490798950195
2,0.9,0.1,lat,1,8,0.9800904989242554,8,1.917748212814331,0.49689680337905884,0.053267646580934525,0.37416142225265503,5.121620178222656
2,0.9,0.1,lat,1,9,0.8820813894271851,9,1.9073768854141235,0.4963456392288208,0.05338769033551216,0.3445322811603546,5.435832977294922
2,0.9,0.1,lat,1,10,0.7938732504844666,10,1.8441475629806519,0.4457605183124542,0.07416442781686783,0.4693814218044281,3.9283134937286377
2,0.9,0.1,lat,1,11,0.7144858837127686,11,1.9017024040222168,0.49831685423851013,0.05349680781364441,0.36067330837249756,5.198519706726074
2,0.9,0.1,lat,1,12,0.6430373191833496,12,2.0276405811309814,0.4971122443675995,0.053163159638643265,0.33976107835769653,5.778861045837402
2,0.9,0.1,lat,1,13,0.578733503818512,13,2.0431275367736816,0.49122902750968933,0.055597513914108276,0.3449068069458008,5.704190254211426
2,0.9,0.1,lat,1,14,0.5208601951599121,14,1.4370590448379517,0.3614506125450134,0.07706993818283081,0.6156852841377258,2.525883674621582
2,0.9,0.1,lat,1,15,0.46877413988113403,15,1.8355932235717773,0.44282686710357666,0.0736256018280983,0.47470831871032715,3.8853585720062256
2,0.9,0.1,lat,1,16,0.42189672589302063,16,1.4259718656539917,0.35986432433128357,0.07610218226909637,0.6141273379325867,2.536984443664551
2,0.9,0.1,lat,1,17,0.3797070384025574,17,1.8886579275131226,0.49514105916023254,0.05329425632953644,0.3614945411682129,5.411843776702881
2,0.9,0.1,lat,1,18,0.3417363464832306,18,1.9536561965942383,0.4890635311603546,0.05368119105696678,0.3476361632347107,5.457655429840088
2,0.9,0.1,lat,1,19,0.3075626790523529,19,1.894697666168213,0.49475377798080444,0.05346810072660446,0.37994185090065,4.978692531585693
2,0.9,0.1,lat,2,0,2.2768068313598633,0,1.8491871356964111,0.5001448392868042,0.05278909206390381,0.3741757273674011,4.9898247718811035
2,0.9,0.1,lat,2,1,2.049126148223877,1,1.7040547132492065,0.94924396276474,0.05380106717348099,0.3806799650192261,5.026885509490967
2,0.9,0.1,lat,2,2,1.8442133665084839,2,1.8301128149032593,0.49872922897338867,0.05327027663588524,0.36654913425445557,5.3289079666137695
2,0.9,0.1,lat,2,3,1.6597919464111328,3,1.8359318971633911,0.5019370317459106,0.0529865026473999,0.35379117727279663,5.412652492523193
2,0.9,0.1,lat,2,4,1.4938127994537354,4,1.8667783737182617,0.4997718334197998,0.052836429327726364,0.341421902179718,5.480498313903809
2,0.9,0.1,lat,2,5,1.3444315195083618,5,1.8650797605514526,0.49885857105255127,0.05283796787261963,0.3435066044330597,5.5584306716918945
2,0.9,0.1,lat,2,6,1.2099883556365967,6,1.8842873573303223,0.49565884470939636,0.055161621421575546,0.3637554943561554,5.219701766967773
2,0.9,0.1,lat,2,7,1.088989496231079,7,1.8981491327285767,0.4992785155773163,0.0532350093126297,0.33176180720329285,5.574243068695068
2,0.9,0.1,lat,2,8,0.9800904989242554,8,1.7649415731430054,0.49860432744026184,0.053203336894512177,0.38522642850875854,4.916291236877441
2,0.9,0.1,lat,2,9,0.8820813894271851,9,1.846360683441162,0.4986250102519989,0.052788276225328445,0.35461145639419556,5.469412326812744
2,0.9,0.1,lat,2,10,0.7938732504844666,10,1.8228658437728882,0.49622124433517456,0.053585465997457504,0.36868780851364136,5.052667140960693
2,0.9,0.1,lat,2,11,0.7144858837127686,11,1.8220354318618774,0.49579131603240967,0.0535740926861763,0.3567778766155243,5.237098693847656
2,0.9,0.1,lat,2,12,0.6430373191833496,12,1.8264050483703613,0.4967312812805176,0.053261417895555496,0.3612355887889862,5.182765007019043
2,0.9,0.1,lat,2,13,0.578733503818512,13,1.7620116472244263,0.4970029890537262,0.05318600311875343,0.39564254879951477,4.678175449371338
2,0.9,0.1,lat,2,14,0.5208601951599121,14,1.8791505098342896,0.49305298924446106,0.055118128657341,0.35144928097724915,5.470686435699463
2,0.9,0.1,lat,2,15,0.46877413988113403,15,1.093406319618225,0.46371224522590637,0.056679993867874146,0.6720989942550659,2.1547164916992188
2,0.9,0.1,lat,2,16,0.42189672589302063,16,1.824407696723938,0.495669960975647,0.05298859253525734,0.36551782488822937,5.217506408691406
2,0.9,0.1,lat,2,17,0.3797070384025574,17,1.8923656940460205,0.49628713726997375,0.053225718438625336,0.35007578134536743,5.437367916107178
2,0.9,0.1,lat,2,18,0.3417363464832306,18,1.0900769233703613,0.46061140298843384,0.05669357255101204,0.660714864730835,2.2225492000579834
2,0.99,0.01,baseline,0,0,2.2768068313598633,0,1.6438907384872437,0.5501074194908142,0.06616968661546707,0.9419469237327576,1.1258537769317627
2,0.99,0.01,baseline,0,1,2.049126148223877,1,1.212693452835083,0.4214854836463928,0.05868775025010109,0.8661542534828186,1.3246488571166992
2,0.99,0.01,baseline,0,2,1.8442133665084839,2,1.381094217300415,0.4865855574607849,0.06545891612768173,0.800233781337738,1.525456428527832
2,0.99,0.01,baseline,0,3,1.6597919464111328,3,1.194675087928772,0.42714908719062805,0.06216328963637352,0.9339649677276611,1.144767165184021
2,0.99,0.01,baseline,0,4,1.4938127994537354,4,1.2685221433639526,0.373061865568161,0.07804054766893387,0.9045314192771912,1.2186195850372314
2,0.99,0.01,baseline,0,5,1.3444315195083618,5,1.294791579246521,0.43299663066864014,0.07231287658214569,0.9358011484146118,1.1402627229690552
2,0.99,0.01,baseline,0,6,1.2099883556365967,6,1.3698022365570068,0.46180686354637146,0.06060704588890076,0.8821876645088196,1.280670166015625
2,0.99,0.01,baseline,0,7,1.088989496231079,7,1.4277750253677368,0.5283670425415039,0.05565858632326126,0.8478890657424927,1.3811061382293701
2,0.99,0.01,baseline,0,8,0.9800904989242554,8,1.194412350654602,0.4407230317592621,0.05502733588218689,0.8625248670578003,1.334991216659546
2,0.99,0.01,baseline,0,9,0.8820813894271851,9,1.3767660856246948,0.4537600874900818,0.06584455072879791,0.8445943593978882,1.3907948732376099
2,0.99,0.01,baseline,0,10,0.7938732504844666,10,1.387658715248108,0.43223604559898376,0.07538609206676483,0.8567073345184326,1.353095531463623
2,0.99,0.01,baseline,0,11,0.7144858837127686,11,1.2663788795471191,0.4167005121707916,0.07711056619882584,0.7439642548561096,1.7655590772628784
2,0.99,0.01,baseline,0,12,0.6430373191833496,12,1.5901610851287842,0.47619616985321045,0.08424607664346695,0.8998093008995056,1.2312177419662476
2,0.99,0.01,baseline,0,13,0.578733503818512,13,1.2244971990585327,0.42133283615112305,0.0591176375746727,0.8277857303619385,1.4379621744155884
2,0.99,0.01,baseline,0,14,0.5208601951599121,14,1.1458193063735962,0.3349378705024719,0.06987296789884567,0.7827783823013306,1.6063848733901978
2,0.99,0.01,baseline,0,15,0.46877413988113403,15,1.2575619220733643,0.33604270219802856,0.08619869500398636,0.8618529438972473,1.3291597366333008
2,0.99,0.01,baseline,0,16,0.42189672589302063,16,1.095659613609314,0.35937851667404175,0.06274662166833878,0.7638977766036987,1.675845742225647
2,0.99,0.01,baseline,0,17,0.3797070384025574,17,1.3811588287353516,0.45933422446250916,0.07028799504041672,0.8638666272163391,1.3324238061904907
2,0.99,0.01,baseline,0,18,0.3417363464832306,18,1.4029390811920166,0.3670291304588318,0.0998491421341896,0.8959400057792664,1.2404731512069702
2,0.99,0.01,baseline,0,19,0.3075626790523529,19,1.256398320198059,0.34668031334877014,0.08018997311592102,0.8863007426261902,1.2641243934631348
2,0.99,0.01,baseline,1,0,2.2768068313598633,0,1.4646146297454834,0.5052252411842346,0.06349760293960571,0.8340897560119629,1.4192715883255005
2,0.99,0.01,baseline,1,1,2.049126148223877,1,1.4151315689086914,0.5454737544059753,0.04436491057276726,0.9268038868904114,1.162247896194458
2,0.99,0.01,baseline,1,2,1.8442133665084839,2,1.2973575592041016,0.36162543296813965,0.08637694269418716,0.8360947966575623,1.418808937072754
2,0.99,0.01,baseline,1,3,1.6597919464111328,3,1.5159729719161987,0.5836543440818787,0.048442188650369644,0.8430590033531189,1.3899805545806885
2,0.99,0.01,baseline,1,4,1.4938127994537354,4,1.729635238647461,0.5393801331520081,0.06993702799081802,0.8155105710029602,1.4784678220748901
2,0.99,0.01,baseline,1,5,1.3444315195083618,5,1.4477089643478394,0.44304612278938293,0.0738089308142662,0.7644073963165283,1.6636918783187866
2,0.99,0.01,baseline,1,6,1.2099883556365967,6,1.4745795726776123,0.49691423773765564,0.06667611747980118,0.9583902359008789,1.0881694555282593
2,0.99,0.01,baseline,1,7,1.088989496231079,7,1.186174750328064,0.29233911633491516,0.08574255555868149,0.908839225769043,1.2075653076171875
2,0.99,0.01,baseline,1,8,0.9800904989242554,8,1.5624390840530396,0.4483148455619812,0.08069516718387604,0.9102042317390442,1.2037241458892822
2,0.99,0.01,baseline,1,9,0.8820813894271851,9,1.2431880235671997,0.34578508138656616,0.07400799542665482,0.888564944267273,1.263017177581787
2,0.99,0.01,baseline,1,10,0.7938732504844666,10,1.2785403728485107,0.3636568784713745,0.07651612162590027,0.9309790730476379,1.1520071029663086
2,0.99,0.01,baseline,1,11,0.7144858837127686,11,1.546582818031311,0.4330814778804779,0.09172170609235764,0.8791163563728333,1.284691333770752
2,0.99,0.01,baseline,1,12,0.6430373191833496,12,1.299049973487854,0.3699505627155304,0.07671207189559937,0.8309400081634521,1.429660439491272
2,0.99,0.01,baseline,1,13,0.578733503818512,13,1.4107692241668701,0.3896280527114868,0.08612664043903351,0.8593618273735046,1.3445422649383545
2,0.99,0.01,baseline,1,14,0.5208601951599121,14,1.3360579013824463,0.3581426441669464,0.08368135988712311,0.7449592351913452,1.7123299837112427
2,0.99,0.01,baseline,1,15,0.46877413988113403,15,1.2748733758926392,0.40601709485054016,0.06384223699569702,0.7397310733795166,1.7816659212112427
2,0.99,0.01,baseline,1,16,0.42189672589302063,16,1.4951541423797607,0.49099794030189514,0.06122860684990883,0.8427222371101379,1.398310661315918
2,0.99,0.01,baseline,1,17,0.3797070384025574,17,1.4692986011505127,0.3814922869205475,0.09359221905469894,0.8892427086830139,1.26132333278656
2,0.99,0.01,baseline,1,18,0.3417363464832306,18,1.1190533638000488,0.3042404353618622,0.07763597369194031,0.8700674772262573,1.314473032951355
2,0.99,0.01,baseline,1,19,0.3075626790523529,19,1.2233445644378662,0.33370232582092285,0.06843657791614532,0.8463600873947144,1.3824893236160278
2,0.99,0.01,baseline,2,0,2.2768068313598633,0,1.8388524055480957,0.6747156977653503,0.06090493127703667,0.8953360319137573,1.2434412240982056
2,0.99,0.01,baseline,2,1,2.049126148223877,1,1.5008673667907715,0.6014552712440491,0.053951848298311234,0.7614062428474426,1.6753610372543335
2,0.99,0.01,baseline,2,2,1.8442133665084839,2,1.1801377534866333,0.4162120819091797,0.062351830303668976,0.7637462019920349,1.669997215270996
2,0.99,0.01,baseline,2,3,1.6597919464111328,3,1.3745207786560059,0.4947052001953125,0.06307670474052429,0.8982020616531372,1.2365678548812866
2,0.99,0.01,baseline,2,4,1.4938127994537354,4,1.2831196784973145,0.43523696064949036,0.0535186268389225,0.8936629295349121,1.2487534284591675
2,0.99,0.01,baseline,2,5,1.3444315195083618,5,1.5854387283325195,0.577115535736084,0.05916605517268181,0.8104639053344727,1.5073763132095337
2,0.99,0.01,baseline,2,6,1.2099883556365967,6,1.2329494953155518,0.36651352047920227,0.0764850452542305,0.8499126434326172,1.3731889724731445
2,0.99,0.01,baseline,2,7,1.088989496231079,7,1.3026238679885864,0.42376774549484253,0.0730772539973259,0.8301067352294922,1.436415195465088
2,0.99,0.01,baseline,2,8,0.9800904989242554,8,1.318917155265808,0.39822807908058167,0.07667942345142365,0.7325572967529297,1.8097901344299316
2,0.99,0.01,baseline,2,9,0.8820813894271851,9,1.221014380455017,0.4092467725276947,0.06255696713924408,0.8865284323692322,1.2676608562469482
2,0.99,0.01,baseline,2,10,0.7938732504844666,10,1.2028273344039917,0.37570974230766296,0.07392469048500061,0.9145324230194092,1.1931090354919434
2,0.99,0.01,baseline,2,11,0.7144858837127686,11,1.1652734279632568,0.43854576349258423,0.0543329231441021,0.859679102897644,1.3446296453475952
2,0.99,0.01,baseline,2,12,0.6430373191833496,12,1.0867395401000977,0.35008955001831055,0.049591436982154846,0.9306790232658386,1.1519125699996948
2,0.99,0.01,baseline,2,13,0.578733503818512,13,1.271365761756897,0.40207773447036743,0.07349532097578049,0.8869859576225281,1.2652852535247803
2,0.99,0.01,baseline,2,14,0.5208601951599121,14,1.1596825122833252,0.3197145164012909,0.07736844569444656,0.9127777218818665,1.1969573497772217
2,0.99,0.01,baseline,2,15,0.46877413988113403,15,1.4932836294174194,0.5095925331115723,0.07257368415594101,0.8641324639320374,1.3294600248336792
2,0.99,0.01,baseline,2,16,0.42189672589302063,16,1.188008189201355,0.36042675375938416,0.07074501365423203,0.8070940971374512,1.51568603515625
2,0.99,0.01,baseline,2,17,0.3797070384025574,17,1.4061189889907837,0.45161136984825134,0.07554882764816284,0.8739315271377563,1.3008041381835938
2,0.99,0.01,baseline,2,18,0.3417363464832306,18,1.1712929010391235,0.4877013862133026,0.05243431404232979,0.8885650634765625,1.261532187461853
2,0.99,0.01,baseline,2,19,0.3075626790523529,19,1.1846336126327515,0.31126633286476135,0.0912281796336174,0.7375165820121765,1.7847949266433716
2,0.99,0.01,input_at,0,0,2.2768068313598633,0,1.2263250350952148,0.5057381987571716,0.05495024472475052,0.9377485513687134,1.135767936706543
2,0.99,0.01,input_at,0,1,2.049126148223877,1,1.086503505706787,0.46383604407310486,0.05389564111828804,0.8563585877418518,1.3553177118301392
2,0.99,0.01,input_at,0,2,1.8442133665084839,2,1.3847521543502808,0.5329058766365051,0.06274565309286118,0.8759629130363464,1.2962706089019775
2,0.99,0.01,input_at,0,3,1.6597919464111328,3,1.0755369663238525,0.4731457531452179,0.05635419115424156,0.9273179173469543,1.1614407300949097
2,0.99,0.01,input_at,0,4,1.4938127994537354,4,1.096266269683838,0.40333089232444763,0.06522729247808456,0.8320098519325256,1.4300529956817627
2,0.99,0.01,input_at,0,5,1.3444315195083618,5,1.1959788799285889,0.42906761169433594,0.0694287121295929,0.9246295690536499,1.1669954061508179
2,0.99,0.01,input_at,0,6,1.2099883556365967,6,1.3003945350646973,0.4830189645290375,0.06591854244470596,0.9057841897010803,1.21621572971344
2,0.99,0.01,input_at,0,7,1.088989496231079,7,1.0714634656906128,0.4428299367427826,0.053036175668239594,0.8328196406364441,1.4295060634613037
2,0.99,0.01,input_at,0,8,0.9800904989242554,8,1.1024118661880493,0.4831393361091614,0.04946613684296608,0.8889095187187195,1.2610883712768555
2,0.99,0.01,input_at,0,9,0.8820813894271851,9,1.30704665184021,0.4825582206249237,0.05940577760338783,0.8368793725967407,1.4165737628936768
2,0.99,0.01,input_at,0,10,0.7938732504844666,10,1.2590030431747437,0.4581319987773895,0.06854991614818573,0.8371351361274719,1.4150153398513794
2,0.99,0.01,input_at,0,11,0.7144858837127686,11,1.0735079050064087,0.4585583806037903,0.058965589851140976,0.7686420679092407,1.6672812700271606
2,0.99,0.01,input_at,0,12,0.6430373191833496,12,1.372988224029541,0.4797176420688629,0.07578639686107635,0.9090744853019714,1.2076613903045654
2,0.99,0.01,input_at,0,13,0.578733503818512,13,1.0775970220565796,0.41003739833831787,0.06261273473501205,0.8128598928451538,1.4851713180541992
2,0.99,0.01,input_at,0,14,0.5208601951599121,14,1.2884210348129272,0.45226311683654785,0.06317009776830673,0.7327864766120911,1.8216172456741333
2,0.99,0.01,input_at,0,15,0.46877413988113403,15,1.2069275379180908,0.42369556427001953,0.06849607080221176,0.8754711151123047,1.2956782579421997
2,0.99,0.01,input_at,0,16,0.42189672589302063,16,1.1018645763397217,0.3897472620010376,0.06384005397558212,0.8338258862495422,1.427628755569458
2,0.99,0.01,input_at,0,17,0.3797070384025574,17,1.2055226564407349,0.42977219820022583,0.06922551244497299,0.8612753748893738,1.339134931564331
2,0.99,0.01,input_at,0,18,0.3417363464832306,18,1.2466704845428467,0.3866593837738037,0.0897112488746643,0.8856296539306641,1.2685106992721558
2,0.99,0.01,input_at,0,19,0.3075626790523529,19,1.2004565000534058,0.38186654448509216,0.07459808886051178,0.8899928331375122,1.2556684017181396
2,0.99,0.01,input_at,1,0,2.2768068313598633,0,1.1487253904342651,0.4748328626155853,0.06466641277074814,0.9099368453025818,1.204846739768982
2,0.99,0.01,input_at,1,1,2.049126148223877,1,1.0345056056976318,0.4484791159629822,0.05265321210026741,0.8959320783615112,1.2418326139450073
2,0.99,0.01,input_at,1,2,1.8442133665084839,2,1.0730623006820679,0.4592075049877167,0.055666301399469376,0.8412608504295349,1.4004089832305908
2,0.99,0.01,input_at,1,3,1.6597919464111328,3,1.080238699913025,0.49259912967681885,0.049493949860334396,0.8947453498840332,1.2454146146774292
2,0.99,0.01,input_at,1,4,1.4938127994537354,4,1.099453330039978,0.4196670651435852,0.05731688067317009,0.8954182863235474,1.2434072494506836
2,0.99,0.01,input_at,1,5,1.3444315195083618,5,1.2525463104248047,0.4282265603542328,0.0739821270108223,0.8037320375442505,1.5280096530914307
2,0.99,0.01,input_at,1,6,1.2099883556365967,6,1.2252970933914185,0.4772442579269409,0.05951020494103432,0.9268931150436401,1.1620334386825562
2,0.99,0.01,input_at,1,7,1.088989496231079,7,1.1964329481124878,0.4804489016532898,0.05550480633974075,0.918849527835846,1.1825824975967407
2,0.99,0.01,input_at,1,8,0.9800904989242554,8,1.2999752759933472,0.43230220675468445,0.08207633346319199,0.8699331879615784,1.311608076095581
2,0.99,0.01,input_at,1,9,0.8820813894271851,9,1.0579115152359009,0.4105783998966217,0.06323685497045517,0.8603988289833069,1.3446749448776245
2,0.99,0.01,input_at,1,10,0.7938732504844666,10,1.1905484199523926,0.4186320900917053,0.06872980296611786,0.9396827220916748,1.1312992572784424
2,0.99,0.01,input_at,1,11,0.7144858837127686,11,1.2155851125717163,0.4166184365749359,0.07484028488397598,0.9323210120201111,1.148557424545288
2,0.99,0.01,input_at,1,12,0.6430373191833496,12,1.1874768733978271,0.44806990027427673,0.0630892738699913,0.8708350658416748,1.3113772869110107
2,0.99,0.01,input_at,1,13,0.578733503818512,13,1.2625868320465088,0.4631924629211426,0.06682604551315308,0.8799121379852295,1.2859561443328857
2,0.99,0.01,input_at,1,14,0.5208601951599121,14,1.2584394216537476,0.40563303232192993,0.07043645530939102,0.8644129633903503,1.330863118171692
2,0.99,0.01,input_at,1,15,0.46877413988113403,15,1.247434139251709,0.43312546610832214,0.07264598459005356,0.7606886029243469,1.6913467645645142
2,0.99,0.01,input_at,1,16,0.42189672589302063,16,1.1664687395095825,0.42587804794311523,0.06154649332165718,0.8227759599685669,1.4627312421798706
2,0.99,0.01,input_at,1,17,0.3797070384025574,17,1.4006201028823853,0.4220346510410309,0.09276804327964783,0.7798368334770203,1.6229934692382812
2,0.99,0.01,input_at,1,18,0.3417363464832306,18,1.1310803890228271,0.4872288405895233,0.05993510037660599,0.8506706953048706,1.3729363679885864
2,0.99,0.01,input_at,1,19,0.3075626790523529,19,1.1303311586380005,0.43088966608047485,0.0616503469645977,0.8571382164955139,1.351891040802002
2,0.99,0.01,input_at,2,0,2.2768068313598633,0,0.9381617307662964,0.5028702020645142,0.04707309231162071,0.8589556813240051,1.3480496406555176
2,0.99,0.01,input_at,2,1,2.049126148223877,1,1.0366798639297485,0.4695523977279663,0.05355570837855339,0.8015543818473816,1.5373746156692505
2,0.99,0.01,input_at,2,2,1.8442133665084839,2,1.1541532278060913,0.5895849466323853,0.03630438074469566,0.7852509617805481,1.5924150943756104
2,0.99,0.01,input_at,2,3,1.6597919464111328,3,1.1001592874526978,0.47784876823425293,0.05323641374707222,0.851219892501831,1.3727104663848877
2,0.99,0.01,input_at,2,4,1.4938127994537354,4,0.944754421710968,0.4508697986602783,0.05580491945147514,0.9049063324928284,1.2189085483551025
2,0.99,0.01,input_at,2,5,1.3444315195083618,5,1.1500111818313599,0.4724550247192383,0.0617714561522007,0.8230094909667969,1.4647866487503052
2,0.99,0.01,input_at,2,6,1.2099883556365967,6,1.1360063552856445,0.44155174493789673,0.06314271688461304,0.8612810373306274,1.339614748954773
2,0.99,0.01,input_at,2,7,1.088989496231079,7,1.2819443941116333,0.4223687946796417,0.08896332234144211,0.8253084421157837,1.4487351179122925
2,0.99,0.01,input_at,2,8,0.9800904989242554,8,1.1630059480667114,0.42644980549812317,0.0716295912861824,0.8050758838653564,1.5261719226837158
2,0.99,0.01,input_at,2,9,0.8820813894271851,9,1.1138033866882324,0.4487803280353546,0.06564580649137497,0.8748590350151062,1.3003009557724
2,0.99,0.01,input_at,2,10,0.7938732504844666,10,1.0695774555206299,0.42746782302856445,0.063542939722538,0.8988622426986694,1.2335410118103027
2,0.99,0.01,input_at,2,11,0.7144858837127686,11,1.1180356740951538,0.4783515930175781,0.05957954004406929,0.8631431460380554,1.3331271409988403
2,0.99,0.01,input_at,2,12,0.6430373191833496,12,1.157930850982666,0.46549710631370544,0.06294872611761093,0.9248486757278442,1.165619134902954
2,0.99,0.01,input_at,2,13,0.578733503818512,13,1.1337549686431885,0.4334730803966522,0.059789612889289856,0.8519724607467651,1.3667247295379639
2,0.99,0.01,input_at,2,14,0.5208601951599121,14,1.088967204093933,0.4820539951324463,0.05934290587902069,0.886435329914093,1.2669140100479126
2,0.99,0.01,input_at,2,15,0.46877413988113403,15,1.1137621402740479,0.4201165437698364,0.06561657041311264,0.8560497760772705,1.3539549112319946
2,0.99,0.01,input_at,2,16,0.42189672589302063,16,1.1351687908172607,0.4600525498390198,0.06141931191086769,0.8784114718437195,1.2913355827331543
2,0.99,0.01,input_at,2,17,0.3797070384025574,17,1.1313680410385132,0.41905471682548523,0.0625072494149208,0.8906386494636536,1.2548941373825073
2,0.99,0.01,input_at,2,18,0.3417363464832306,18,1.236620545387268,0.5896475315093994,0.04312878102064133,0.8965430855751038,1.2393155097961426
2,0.99,0.01,input_at,2,19,0.3075626790523529,19,1.2504414319992065,0.4292362630367279,0.08060231804847717,0.8199945688247681,1.4752087593078613
2,0.99,0.01,lat,0,0,2.2768068313598633,0,2.6267306804656982,0.6944388151168823,0.04995252937078476,0.9510273933410645,1.104860782623291
2,0.99,0.01,lat,0,1,2.049126148223877,1,2.2209455966949463,0.5719181895256042,0.05555609613656998,0.9051536321640015,1.2174382209777832
2,0.99,0.01,lat,0,2,1.8442133665084839,2,2.180171251296997,0.5503567457199097,0.06288361549377441,0.8766932487487793,1.2936915159225464
2,0.99,0.01,lat,0,3,1.6597919464111328,3,1.6484966278076172,0.5926685929298401,0.0299487616866827,0.9275923371315002,1.160712718963623
2,0.99,0.01,lat,0,4,1.4938127994537354,4,1.7179419994354248,0.36359721422195435,0.06465193629264832,0.832928478717804,1.4283822774887085
2,0.99,0.01,lat,0,5,1.3444315195083618,5,1.5858122110366821,0.39792677760124207,0.049965765327215195,0.9114707112312317,1.2000133991241455
2,0.99,0.01,lat,0,6,1.2099883556365967,6,1.9144941568374634,0.45434069633483887,0.06352664530277252,0.8985471725463867,1.2347055673599243
2,0.99,0.01,lat,0,7,1.088989496231079,7,2.2051761150360107,0.5593681335449219,0.06123092398047447,0.8797786831855774,1.2871202230453491
2,0.99,0.01,lat,0,8,0.9800904989242554,8,1.7156922817230225,0.40126582980155945,0.0593876950442791,0.873075544834137,1.3054118156433105
2,0.99,0.01,lat,0,9,0.8820813894271851,9,1.8917977809906006,0.39841675758361816,0.0781312957406044,0.8553310632705688,1.3575700521469116
2,0.99,0.01,lat,0,10,0.7938732504844666,10,2.1162538528442383,0.5554927587509155,0.05470171570777893,0.863007128238678,1.3338710069656372
2,0.99,0.01,lat,0,11,0.7144858837127686,11,1.5936672687530518,0.2964399456977844,0.09442335367202759,0.8486762046813965,1.3795664310455322
2,0.99,0.01,lat,0,12,0.6430373191833496,12,1.9600516557693481,0.4040069878101349,0.08645392954349518,0.8537903428077698,1.3611071109771729
2,0.99,0.01,lat,0,13,0.578733503818512,13,1.6852294206619263,0.4504793584346771,0.04704160615801811,0.7548797130584717,1.6918786764144897
2,0.99,0.01,lat,0,14,0.5208601951599121,14,1.7618532180786133,0.36257481575012207,0.07796507328748703,0.7945749163627625,1.5639959573745728
2,0.99,0.01,lat,0,15,0.46877413988113403,15,1.7385261058807373,0.34361791610717773,0.08143911510705948,0.8987252712249756,1.2333062887191772
2,0.99,0.01,lat,0,16,0.42189672589302063,16,1.8775298595428467,0.42376989126205444,0.07928808033466339,0.7356101870536804,1.7983945608139038
2,0.99,0.01,lat,0,17,0.3797070384025574,17,1.8246678113937378,0.3784724473953247,0.07903832197189331,0.8921781778335571,1.2519404888153076
2,0.99,0.01,lat,0,18,0.3417363464832306,18,1.7790919542312622,0.33897852897644043,0.09101579338312149,0.9030945897102356,1.2221237421035767
2,0.99,0.01,lat,0,19,0.3075626790523529,19,1.7257577180862427,0.3971339762210846,0.06324177980422974,0.8827214241027832,1.2748266458511353
2,0.99,0.01,lat,1,0,2.2768068313598633,0,2.2286808490753174,0.611869215965271,0.05103639140725136,0.8481618762016296,1.3784998655319214
2,0.99,0.01,lat,1,1,2.049126148223877,1,2.3449788093566895,0.6281478404998779,0.047911662608385086,0.9073240756988525,1.2116183042526245
2,0.99,0.01,lat,1,2,1.8442133665084839,2,1.7041959762573242,0.40105605125427246,0.06218945235013962,0.8381768465042114,1.4111186265945435
2,0.99,0.01,lat,1,3,1.6597919464111328,3,2.2485342025756836,0.6162723302841187,0.05053836479783058,0.8681961894035339,1.3173794746398926
2,0.99,0.01,lat,1,4,1.4938127994537354,4,2.2169277667999268,0.5912600755691528,0.045702364295721054,0.87179034948349,1.3080836534500122
2,0.99,0.01,lat,1,5,1.3444315195083618,5,1.9767091274261475,0.4419199228286743,0.07614888995885849,0.7298750877380371,1.8046752214431763
2,0.99,0.01,lat,1,6,1.2099883556365967,6,1.9353394508361816,0.5220913290977478,0.052350591868162155,0.950871467590332,1.105193018913269
2,0.99,0.01,lat,1,7,1.088989496231079,7,1.674976110458374,0.360492467880249,0.07371915131807327,0.9037675261497498,1.2203975915908813
2,0.99,0.01,lat,1,8,0.9800904989242554,8,2.314392328262329,0.5117371678352356,0.06864562630653381,0.8922271132469177,1.2517269849777222
2,0.99,0.01,lat,1,9,0.8820813894271851,9,1.6655734777450562,0.3406238555908203,0.06523662060499191,0.9151620268821716,1.1921530961990356
2,0.99,0.01,lat,1,10,0.7938732504844666,10,1.765344500541687,0.32322102785110474,0.08461130410432816,0.9313635230064392,1.1513630151748657
2,0.99,0.01,lat,1,11,0.7144858837127686,11,2.00234317779541,0.4100648760795593,0.0871177464723587,0.8930648565292358,1.2457040548324585
2,0.99,0.01,lat,1,12,0.6430373191833496,12,1.756317138671875,0.394028902053833,0.06900942325592041,0.8571139574050903,1.3508572578430176
2,0.99,0.01,lat,1,13,0.578733503818512,13,1.934189796447754,0.42980027198791504,0.0696786567568779,0.8261827826499939,1.4443858861923218
2,0.99,0.01,lat,1,14,0.5208601951599121,14,1.8697359561920166,0.3378632068634033,0.0922171100974083,0.8431628942489624,1.390220284461975
2,0.99,0.01,lat,1,15,0.46877413988113403,15,1.6846725940704346,0.41610056161880493,0.06279850006103516,0.7011982202529907,1.9523135423660278
2,0.99,0.01,lat,1,16,0.42189672589302063,16,2.110236883163452,0.5031018853187561,0.06445169448852539,0.8298717141151428,1.440679907798767
2,0.99,0.01,lat,1,17,0.3797070384025574,17,1.841185450553894,0.3748861849308014,0.07786744087934494,0.8507492542266846,1.3737517595291138
2,0.99,0.01,lat,1,18,0.3417363464832306,18,1.645239233970642,0.39066436886787415,0.054241325706243515,0.8606278300285339,1.3429040908813477
2,0.99,0.01,lat,1,19,0.3075626790523529,19,1.6734992265701294,0.38238656520843506,0.060456782579422,0.8650110363960266,1.327090859413147
2,0.99,0.01,lat,2,0,2.2768068313598633,0,2.5664708614349365,0.720604658126831,0.05109543725848198,0.8983778953552246,1.2355663776397705
2,0.99,0.01,lat,2,1,2.049126148223877,1,2.0612685680389404,0.6357715725898743,0.049420908093452454,0.7457845211029053,1.7377614974975586
2,0.99,0.01,lat,2,2,1.8442133665084839,2,1.7062593698501587,0.4218645691871643,0.060826338827610016,0.8071600198745728,1.5115482807159424
2,0.99,0.01,lat,2,3,1.6597919464111328,3,2.091787576675415,0.538787841796875,0.060381513088941574,0.9273681640625,1.1613671779632568
2,0.99,0.01,lat,2,4,1.4938127994537354,4,1.6695665121078491,0.3935701549053192,0.049828678369522095,0.8961373567581177,1.241750955581665
2,0.99,0.01,lat,2,5,1.3444315195083618,5,2.301598072052002,0.642244815826416,0.05028199777007103,0.797066330909729,1.5541951656341553
2,0.99,0.01,lat,2,6,1.2099883556365967,6,1.6933317184448242,0.3623307943344116,0.07261667400598526,0.8410328030586243,1.4014642238616943
2,0.99,0.01,lat,2,7,1.088989496231079,7,1.790974736213684,0.421125590801239,0.07131229341030121,0.7815396785736084,1.608356237411499
2,0.99,0.01,lat,2,8,0.9800904989242554,8,1.7998515367507935,0.3797336220741272,0.07460364699363708,0.7066669464111328,1.914803385734558
2,0.99,0.01,lat,2,9,0.8820813894271851,9,1.6812571287155151,0.3898851275444031,0.05869929492473602,0.8879334330558777,1.2635133266448975
2,0.99,0.01,lat,2,10,0.7938732504844666,10,1.9062875509262085,0.4901893138885498,0.06606388837099075,0.8889903426170349,1.2598696947097778
2,0.99,0.01,lat,2,11,0.7144858837127686,11,1.757690191268921,0.4476839601993561,0.05727042630314827,0.8560988903045654,1.3560465574264526
2,0.99,0.01,lat,2,12,0.6430373191833496,12,1.4912232160568237,0.302042156457901,0.056494686752557755,0.9363123774528503,1.1382665634155273
2,0.99,0.01,lat,2,13,0.578733503818512,13,1.7180061340332031,0.429425448179245,0.06314302980899811,0.8886879682540894,1.2600862979888916
2,0.99,0.01,lat,2,14,0.5208601951599121,14,1.4885334968566895,0.32232964038848877,0.06576027721166611,0.9017835259437561,1.2246676683425903
2,0.99,0.01,lat,2,15,0.46877413988113403,15,2.2208213806152344,0.5549802780151367,0.06722968071699142,0.856967031955719,1.3481651544570923
2,0.99,0.01,lat,2,16,0.42189672589302063,16,1.6622179746627808,0.38598743081092834,0.06151122227311134,0.7963059544563293,1.5526636838912964
2,0.99,0.01,lat,2,17,0.3797070384025574,17,1.9820157289505005,0.45311951637268066,0.0707998052239418,0.8756815195083618,1.2952138185501099
2,0.99,0.01,lat,2,18,0.3417363464832306,18,1.8146321773529053,0.5231561064720154,0.05349668860435486,0.8413193821907043,1.3999671936035156
2,0.99,0.01,lat,2,19,0.3075626790523529,19,1.7105016708374023,0.36636924743652344,0.07746853679418564,0.7381912469863892,1.7818349599838257
4,0.8,0.2,baseline,0,0,4.060011386871338,0,1.2402729988098145,0.5093156695365906,0.037624847143888474,0.32576826214790344,5.653607368469238
4,0.8,0.2,baseline,0,1,3.654010057449341,1,1.228381872177124,0.49791353940963745,0.03331177309155464,0.30470502376556396,5.855373382568359
4,0.8,0.2,baseline,0,2,3.288609027862549,2,1.178142786026001,0.4049290716648102,0.15422885119915009,0.5381128787994385,3.1602745056152344
4,0.8,0.2,baseline,0,3,2.9597480297088623,3,1.6193593740463257,0.46890148520469666,0.14420093595981598,0.3411197364330292,5.751931190490723
4,0.8,0.2,baseline,0,4,2.6637730598449707,4,1.2192612886428833,0.49044591188430786,0.03345219045877457,0.301072895526886,5.895022392272949
4,0.8,0.2,baseline,0,5,2.3973958492279053,5,1.35666024684906,0.46784746646881104,0.06538930535316467,0.34426531195640564,5.532059669494629
4,0.8,0.2,baseline,0,6,2.157656192779541,6,1.3274613618850708,0.5021067261695862,0.028896579518914223,0.26385682821273804,6.2674360275268555
4,0.8,0.2,baseline,0,7,1.9418904781341553,7,1.616524577140808,0.49211767315864563,0.04613244906067848,0.26013463735580444,6.900781154632568
4,0.8,0.2,baseline,0,8,1.7477014064788818,8,1.3364802598953247,0.45438265800476074,0.06449324637651443,0.34282681345939636,5.625332832336426
4,0.8,0.2,baseline,0,9,1.572931170463562,9,1.4331086874008179,0.48269468545913696,0.03803730756044388,0.24940526485443115,6.684952259063721
4,0.8,0.2,baseline,0,10,1.4156380891799927,10,1.5995032787322998,0.4816270172595978,0.04702596738934517,0.25588876008987427,6.9629621505737305
4,0.8,0.2,baseline,0,11,1.2740741968154907,11,1.2993961572647095,0.4814358353614807,0.028927382081747055,0.2623388469219208,6.3236403465271
4,0.8,0.2,baseline,0,12,1.1466667652130127,12,1.4150797128677368,0.4697623550891876,0.03908715397119522,0.24612393975257874,6.7439446449279785
4,0.8,0.2,baseline,0,13,1.0320000648498535,13,1.721975326538086,0.45813652873039246,0.06985443085432053,0.2588046193122864,7.002556800842285
4,0.8,0.2,baseline,0,14,0.9288000464439392,14,1.1108930110931396,0.4086572229862213,0.03922870010137558,0.28705114126205444,6.205491542816162
4,0.8,0.2,baseline,0,15,0.835919976234436,15,1.49261474609375,0.39814504981040955,0.14260630309581757,0.3255313038825989,6.050158500671387
4,0.8,0.2,baseline,0,16,0.7523279786109924,16,1.0968458652496338,0.2585526704788208,0.5279078483581543,0.5546765327453613,3.012164354324341
4,0.8,0.2,baseline,0,17,0.6770951747894287,17,1.6797142028808594,0.4376745820045471,0.0666147843003273,0.2502714991569519,7.068611145019531
4,0.8,0.2,baseline,0,18,0.6093856692314148,18,0.3593897819519043,0.027666129171848297,0.5286357998847961,0.3460216820240021,5.794770240783691
4,0.8,0.2,baseline,0,19,0.5484470725059509,19,0.99932461977005,0.22836817800998688,0.3291645646095276,0.26084381341934204,7.040111541748047
4,0.8,0.2,baseline,1,0,4.060011386871338,0,1.3107753992080688,0.8089222311973572,0.014377698302268982,0.32000139355659485,5.830066680908203
4,0.8,0.2,baseline,1,1,3.654010057449341,1,1.430430293083191,0.48597973585128784,0.04022856429219246,0.26483383774757385,6.146378993988037
4,0.8,0.2,baseline,1,2,3.288609027862549,2,1.3200443983078003,0.49271702766418457,0.032810281962156296,0.29038798809051514,5.951959133148193
4,0.8,0.2,baseline,1,3,2.9597480297088623,3,1.3193672895431519,0.4922964572906494,0.03293494135141373,0.29269739985466003,5.859799861907959
4,0.8,0.2,baseline,1,4,2.6637730598449707,4,1.5168697834014893,0.5156375169754028,0.03412122651934624,0.2877620458602905,6.18802547454834
4,0.8,0.2,baseline,1,5,2.3973958492279053,5,1.4074734449386597,0.4703492224216461,0.040604863315820694,0.2603067457675934,6.297021389007568
4,0.8,0.2,baseline,1,6,2.157656192779541,6,1.5198572874069214,0.49467819929122925,0.033496759831905365,0.27392780780792236,6.334964275360107
4,0.8,0.2,baseline,1,7,1.9418904781341553,7,1.5173437595367432,0.4936710298061371,0.034141186624765396,0.27162471413612366,6.379720211029053
4,0.8,0.2,baseline,1,8,1.7477014064788818,8,1.5468775033950806,0.4956929385662079,0.03062337450683117,0.25547724962234497,6.505511283874512
4,0.8,0.2,baseline,1,9,1.572931170463562,9,1.5015690326690674,0.48290786147117615,0.03318898379802704,0.2831451892852783,6.262262344360352
4,0.8,0.2,baseline,1,10,1.4156380891799927,10,1.529264211654663,0.4848370850086212,0.030534936115145683,0.2686830461025238,6.399101257324219
4,0.8,0.2,baseline,1,11,1.2740741968154907,11,1.5083214044570923,0.44298142194747925,0.22183653712272644,0.4569786489009857,4.091493129730225
4,0.8,0.2,baseline,1,12,1.1466667652130127,12,1.5344798564910889,0.4846900999546051,0.050600212067365646,0.3544138967990875,5.483064651489258
4,0.8,0.2,baseline,1,13,1.0320000648498535,13,1.4762578010559082,0.4674517810344696,0.033817265182733536,0.2501293420791626,6.661432266235352
4,0.8,0.2,baseline,1,14,0.9288000464439392,14,1.0853568315505981,0.37433889508247375,0.5375145077705383,0.6073464751243591,2.584113121032715
4,0.8,0.2,baseline,1,15,0.835919976234436,15,1.4700387716293335,0.4211168587207794,0.21717247366905212,0.4584537148475647,4.08540678024292
4,0.8,0.2,baseline,1,16,0.7523279786109924,16,1.499072551727295,0.46263763308525085,0.049122873693704605,0.3478447198867798,5.597752094268799
4,0.8,0.2,baseline,1,17,0.6770951747894287,17,1.3927531242370605,0.4341919720172882,0.03381606191396713,0.2912168502807617,6.2680983543396
4,0.8,0.2,baseline,2,0,4.060011386871338,0,1.354644536972046,0.49472251534461975,0.048376329243183136,0.28047066926956177,6.741033554077148
4,0.8,0.2,baseline,2,1,3.654010057449341,1,0.9486035704612732,0.7532106041908264,0.06435484439134598,0.4507102072238922,4.144435882568359
4,0.8,0.2,baseline,2,2,3.288609027862549,2,1.3053600788116455,0.5135670304298401,0.04733881726861,0.29915255308151245,6.335440635681152
4,0.8,0.2,baseline,2,3,2.9597480297088623,3,1.37531316280365,0.5194265842437744,0.06677494198083878,0.2913913130760193,6.50820255279541
4,0.8,0.2,baseline,2,4,2.6637730598449707,4,1.599493384361267,0.5310327410697937,0.04404856264591217,0.21095703542232513,7.759134769439697
4,0.8,0.2,baseline,2,5,2.3973958492279053,5,1.4277077913284302,0.49728846549987793,0.047020770609378815,0.25961610674858093,7.037045478820801
4,0.8,0.2,baseline,2,6,2.157656192779541,6,1.5432697534561157,0.48713746666908264,0.0380193293094635,0.2458311766386032,7.333754062652588
4,0.8,0.2,baseline,2,7,1.9418904781341553,7,1.5347421169281006,0.4818376302719116,0.038091644644737244,0.24952715635299683,7.269903182983398
4,0.8,0.2,baseline,2,8,1.7477014064788818,8,1.3921607732772827,0.5079399347305298,0.03152015432715416,0.27489858865737915,6.749053001403809
4,0.8,0.2,baseline,2,9,1.572931170463562,9,1.2493492364883423,0.4701352119445801,0.04734344035387039,0.2871986925601959,6.467743873596191
4,0.8,0.2,baseline,2,10,1.4156380891799927,10,1.2840391397476196,0.4443541467189789,0.0486912876367569,0.2747593820095062,6.686484336853027
4,0.8,0.2,baseline,2,11,1.2740741968154907,11,1.3835630416870117,0.4667521119117737,0.046953555196523666,0.25853464007377625,6.978404521942139
4,0.8,0.2,baseline,2,12,1.1466667652130127,12,1.6781903505325317,0.49477943778038025,0.04931576922535896,0.21028433740139008,7.863461017608643
4,0.8,0.2,baseline,2,13,1.0320000648498535,13,1.3541406393051147,0.480270653963089,0.03181701898574829,0.2602897882461548,6.9426188468933105
4,0.8,0.2,baseline,2,14,0.9288000464439392,14,1.6646275520324707,0.4869386851787567,0.04904903471469879,0.20929034054279327,7.931633949279785
4,0.8,0.2,baseline,2,15,0.835919976234436,15,1.2737025022506714,0.44522833824157715,0.06760822236537933,0.2673969268798828,6.938046932220459
4,0.8,0.2,baseline,2,16,0.7523279786109924,16,1.4800500869750977,0.4548620879650116,0.04401245713233948,0.19915185868740082,8.033001899719238
4,0.8,0.2,baseline,2,17,0.6770951747894287,17,0.3342320919036865,0.07932364195585251,0.43376395106315613,0.31395259499549866,6.505753040313721
4,0.8,0.2,baseline,2,18,0.6093856692314148,18,0.8031907677650452,0.475553959608078,0.4354090988636017,0.550163745880127,3.0610177516937256
4,0.8,0.2,input_at,0,0,4.060011386871338,0,1.0564340353012085,0.7576982975006104,0.008684666827321053,0.4626772999763489,3.9895236492156982
4,0.8,0.2,input_at,0,1,3.654010057449341,1,1.1622189283370972,0.49426448345184326,0.030979296192526817,0.3429245948791504,5.468544960021973
4,0.8,0.2,input_at,0,2,3.288609027862549,2,0.9512704610824585,0.681402325630188,0.009979847818613052,0.5099153518676758,3.4384827613830566
4,0.8,0.2,input_at,0,3,2.9597480297088623,3,1.2725718021392822,0.4724620282649994,0.04979940131306648,0.3372426927089691,5.695282459259033
4,0.8,0.2,input_at,0,4,2.6637730598449707,4,1.1619453430175781,0.49400946497917175,0.030974458903074265,0.33834603428840637,5.525568008422852
4,0.8,0.2,input_at,0,5,2.3973958492279053,5,1.1137059926986694,0.5558459162712097,0.061956681311130524,0.4483735263347626,4.158658027648926
4,0.8,0.2,input_at,0,6,2.157656192779541,6,1.3475171327590942,0.49134406447410583,0.035286374390125275,0.27594006061553955,6.504539489746094
4,0.8,0.2,input_at,0,7,1.9418904781341553,7,1.561812400817871,0.44483691453933716,0.07907363772392273,0.3125203847885132,6.277669429779053
4,0.8,0.2,input_at,0,8,1.7477014064788818,8,1.560994029045105,0.4444628357887268,0.0789242684841156,0.3053709864616394,6.436448097229004
4,0.8,0.2,input_at,0,9,1.572931170463562,9,1.5005877017974854,0.4945404529571533,0.028460439294576645,0.22796902060508728,7.1867899894714355
4,0.8,0.2,input_at,0,10,1.4156380891799927,10,1.2692619562149048,0.4698523283004761,0.04992586001753807,0.3304508626461029,5.779941082000732
4,0.8,0.2,input_at,0,11,1.2740741968154907,11,1.3446507453918457,0.4891343116760254,0.035411059856414795,0.27541476488113403,6.430084705352783
4,0.8,0.2,input_at,0,12,1.1466667652130127,12,1.4994267225265503,0.49387261271476746,0.028368091210722923,0.2277761697769165,7.105129718780518
4,0.8,0.2,input_at,0,13,1.0320000648498535,13,1.69110107421875,0.4821663200855255,0.03992607817053795,0.269506573677063,7.159778594970703
4,0.8,0.2,input_at,0,14,0.9288000464439392,14,0.6739352345466614,0.07534688711166382,0.5670289993286133,0.25502482056617737,7.452291965484619
4,0.8,0.2,input_at,0,15,0.835919976234436,15,1.505942940711975,0.37694409489631653,0.5668202042579651,0.2958901822566986,6.6055684089660645
4,0.8,0.2,input_at,0,17,0.6770951747894287,17,1.6809831857681274,0.4761810600757599,0.040572427213191986,0.25411075353622437,7.344553470611572
4,0.8,0.2,input_at,0,19,0.5484470725059509,19,1.590753436088562,0.42021051049232483,0.5663930177688599,0.31377777457237244,6.285511493682861
4,0.8,0.2,input_at,1,0,4.060011386871338,0,1.0571517944335938,0.6230278611183167,0.04629488289356232,0.4451616406440735,4.195516586303711
4,0.8,0.2,input_at,1,1,3.654010057449341,1,1.2114243507385254,0.4781312048435211,0.033985067158937454,0.3319779634475708,5.770096302032471
4,0.8,0.2,input_at,1,2,3.288609027862549,2,1.1267499923706055,0.48618507385253906,0.03006836026906967,0.36159199476242065,5.275981903076172
4,0.8,0.2,input_at,1,3,2.9597480297088623,3,1.1258985996246338,0.48540574312210083,0.030055943876504898,0.3691876530647278,5.197649955749512
4,0.8,0.2,input_at,1,4,2.6637730598449707,4,1.385820984840393,0.4866330325603485,0.027501191943883896,0.2681449055671692,6.707461357116699
4,0.8,0.2,input_at,1,5,2.3973958492279053,5,1.2095260620117188,0.47666335105895996,0.03397080674767494,0.3229588568210602,5.825071811676025
4,0.8,0.2,input_at,1,6,2.157656192779541,6,1.3982336521148682,0.48174962401390076,0.034630876034498215,0.27354857325553894,6.670960903167725
4,0.8,0.2,input_at,1,7,1.9418904781341553,7,1.3851250410079956,0.4861859679222107,0.02749098837375641,0.2725992798805237,6.697524547576904
4,0.8,0.2,input_at,1,8,1.7477014064788818,8,1.3975584506988525,0.4814150631427765,0.034541111439466476,0.2725328505039215,6.699318885803223
4,0.8,0.2,input_at,1,9,1.572931170463562,9,1.5989304780960083,0.4579211473464966,0.051541633903980255,0.23871980607509613,7.274632930755615
4,0.8,0.2,input_at,1,10,1.4156380891799927,10,1.632528305053711,0.4906662106513977,0.0365508496761322,0.2375543862581253,7.476034164428711
4,0.8,0.2,input_at,1,11,1.2740741968154907,11,1.5960392951965332,0.4568759500980377,0.05090658366680145,0.2387942373752594,7.309213638305664
4,0.8,0.2,input_at,1,12,1.1466667652130127,12,1.0141021013259888,0.3599092364311218,0.20545880496501923,0.5089744329452515,3.4441120624542236
4,0.8,0.2,input_at,1,13,1.0320000648498535,13,1.504433512687683,0.45625683665275574,0.05975412577390671,0.28243184089660645,6.759896755218506
4,0.8,0.2,input_at,1,15,0.835919976234436,15,1.2616440057754517,0.22979457676410675,0.47753769159317017,0.29253900051116943,6.75589656829834
4,0.8,0.2,input_at,1,16,0.7523279786109924,16,1.6145864725112915,0.4814014136791229,0.034957803785800934,0.23533515632152557,7.462620258331299
4,0.8,0.2,input_at,1,17,0.6770951747894287,17,1.8241703510284424,0.46734338998794556,0.4855848550796509,0.1995077133178711,8.49410343170166
4,0.8,0.2,input_at,1,19,0.5484470725059509,19,1.4390380382537842,0.43938174843788147,0.042875681072473526,0.2884930670261383,6.581413269042969
4,0.8,0.2,input_at,1,20,0.49360233545303345,20,0.7659603357315063,0.07897314429283142,0.45508918166160583,0.2093585729598999,8.118268013000488
4,0.8,0.2,input_at,1,22,0.39981788396835327,22,0.6994186043739319,0.06885379552841187,0.48650068044662476,0.21642407774925232,8.012413024902344
4,0.8,0.2,input_at,1,39,0.06667832285165787,39,0.3522905111312866,0.017377080395817757,0.4865257441997528,0.20996001362800598,8.080275535583496
4,0.8,0.2,input_at,2,0,4.060011386871338,0,1.083274483680725,0.8470948934555054,0.044752463698387146,0.37559816241264343,5.3371782302856445
4,0.8,0.2,input_at,2,1,3.654010057449341,1,0.9734885692596436,0.8438509106636047,0.06213389337062836,0.4263359606266022,4.506496429443359
4,0.8,0.2,input_at,2,2,3.288609027862549,2,1.0489352941513062,0.8906043767929077,0.033319901674985886,0.37989795207977295,5.2212910652160645
4,0.8,0.2,input_at,2,3,2.9597480297088623,3,1.2427204847335815,0.4920679032802582,0.03145937994122505,0.3202058672904968,6.191146373748779
4,0.8,0.2,input_at,2,4,2.6637730598449707,4,1.262306571006775,0.49253880977630615,0.02664138935506344,0.2990109920501709,6.562383651733398
4,0.8,0.2,input_at,2,5,2.3973958492279053,5,1.3266714811325073,0.49408283829689026,0.028843959793448448,0.27808699011802673,6.9518327713012695
4,0.8,0.2,input_at,2,6,2.157656192779541,6,1.2418030500411987,0.4913255572319031,0.03143399953842163,0.31514349579811096,6.25174617767334
4,0.8,0.2,input_at,2,7,1.9418904781341553,7,1.4206329584121704,0.4920385181903839,0.027129918336868286,0.2657427489757538,7.297663688659668
4,0.8,0.2,input_at,2,8,1.7477014064788818,8,1.3548632860183716,0.4945054054260254,0.026626447215676308,0.28421127796173096,6.862656593322754
4,0.8,0.2,input_at,2,9,1.572931170463562,9,1.2608516216278076,0.4913809895515442,0.026645492762327194,0.3130052089691162,6.345198631286621
4,0.8,0.2,input_at,2,10,1.4156380891799927,10,1.4204195737838745,0.491888165473938,0.027122076600790024,0.2648591697216034,7.242938041687012
4,0.8,0.2,input_at,2,11,1.2740741968154907,11,1.3233824968338013,0.49165597558021545,0.028792275115847588,0.2917882800102234,6.721572399139404
4,0.8,0.2,input_at,2,12,1.1466667652130127,12,1.628836989402771,0.49472054839134216,0.039145443588495255,0.20890609920024872,8.214564323425293
4,0.8,0.2,input_at,2,13,1.0320000648498535,13,1.3529815673828125,0.49320513010025024,0.026661759242415428,0.2798815965652466,6.979954242706299
4,0.8,0.2,input_at,2,14,0.9288000464439392,14,1.6259150505065918,0.493084579706192,0.03830951824784279,0.21067292988300323,8.205987930297852
4,0.8,0.2,input_at,2,15,0.835919976234436,15,0.9117777347564697,0.5838152170181274,0.621200680732727,0.44077199697494507,4.324166297912598
4,0.8,0.2,input_at,2,16,0.7523279786109924,16,0.3386411964893341,0.08051265776157379,0.6212277412414551,0.2423682063817978,7.919219017028809
4,0.8,0.2,lat,0,0,4.060011386871338,0,1.9880589246749878,0.5220762491226196,0.048793718218803406,0.26414865255355835,7.1666154861450195
4,0.8,0.2,lat,0,1,3.654010057449341,1,1.9722341299057007,0.4994557499885559,0.04963963106274605,0.27548903226852417,6.974983215332031
4,0.8,0.2,lat,0,2,3.288609027862549,2,1.766575813293457,0.9565501809120178,0.009913110174238682,0.2998376786708832,6.629772663116455
4,0.8,0.2,lat,0,3,2.9597480297088623,3,2.5470123291015625,0.952700138092041,0.009288208559155464,0.1861623078584671,8.750967979431152
4,0.8,0.2,lat,0,4,2.6637730598449707,4,1.9721202850341797,0.4993811249732971,0.049617595970630646,0.2772664725780487,6.964067459106445
4,0.8,0.2,lat,0,5,2.3973958492279053,5,1.8513470888137817,0.4938375651836395,0.043516356498003006,0.3205934464931488,6.156222343444824
4,0.8,0.2,lat,0,6,2.157656192779541,6,1.8384709358215332,0.49878889322280884,0.04093008488416672,0.30635571479797363,6.36333703994751
4,0.8,0.2,lat,0,7,1.9418904781341553,7,2.1671342849731445,0.49775317311286926,0.037398625165224075,0.23941601812839508,7.63681697845459
4,0.8,0.2,lat,0,8,1.7477014064788818,8,1.8470979928970337,0.49187347292900085,0.04343336448073387,0.3001984655857086,6.545116424560547
4,0.8,0.2,lat,0,9,1.572931170463562,9,1.873327612876892,0.493387907743454,0.04961294308304787,0.3001236319541931,6.566643714904785
4,0.8,0.2,lat,0,10,1.4156380891799927,10,2.159550428390503,0.494375079870224,0.037393491715192795,0.24935764074325562,7.494462966918945
4,0.8,0.2,lat,0,11,1.2740741968154907,11,1.8317453861236572,0.49508005380630493,0.04113112390041351,0.3076472580432892,6.381134033203125
4,0.8,0.2,lat,0,12,1.1466667652130127,12,1.8685003519058228,0.49103525280952454,0.04987097159028053,0.29490938782691956,6.621336936950684
4,0.8,0.2,lat,0,13,1.0320000648498535,13,1.5857924222946167,0.45960181951522827,0.039843566715717316,0.390408456325531,5.043107509613037
4,0.8,0.2,lat,0,14,0.9288000464439392,14,1.8950963020324707,0.47454211115837097,0.04893522709608078,0.24616800248622894,7.495996475219727
4,0.8,0.2,lat,0,15,0.835919976234436,15,0.5409637093544006,0.1751406192779541,0.4516451358795166,0.24820634722709656,7.4429545402526855
4,0.8,0.2,lat,0,16,0.7523279786109924,16,0.9369252324104309,0.5121845006942749,0.45100685954093933,0.38296687602996826,5.132125377655029
4,0.8,0.2,lat,0,17,0.6770951747894287,17,1.5717188119888306,0.4513249695301056,0.03950431942939758,0.39921391010284424,4.8870391845703125
4,0.8,0.2,lat,0,18,0.6093856692314148,18,0.3791498839855194,0.08457556366920471,0.4507817029953003,0.21514225006103516,7.987695217132568
4,0.8,0.2,lat,0,19,0.5484470725059509,19,0.4302457571029663,0.104158416390419,0.4479528069496155,0.20578107237815857,8.223470687866211
4,0.8,0.2,lat,1,0,4.060011386871338,0,2.134439706802368,0.8617838025093079,0.024033427238464355,0.2463819682598114,7.7454328536987305
4,0.8,0.2,lat,1,1,3.654010057449341,1,2.1397900581359863,0.49714580178260803,0.05141417682170868,0.23968395590782166,7.642409324645996
4,0.8,0.2,lat,1,2,3.288609027862549,2,2.0289061069488525,0.49892669916152954,0.03969962149858475,0.25880810618400574,7.281563758850098
4,0.8,0.2,lat,1,3,2.9597480297088623,3,2.028110980987549,0.49853619933128357,0.03973580151796341,0.25843971967697144,7.219648838043213
4,0.8,0.2,lat,1,4,2.6637730598449707,4,2.224236249923706,0.49944424629211426,0.0650227963924408,0.22467103600502014,7.865145683288574
4,0.8,0.2,lat,1,5,2.3973958492279053,5,2.1380250453948975,0.49627453088760376,0.0513727180659771,0.2352786511182785,7.6666717529296875
4,0.8,0.2,lat,1,6,2.157656192779541,6,2.0181632041931152,0.49917367100715637,0.04990342631936073,0.26526564359664917,7.102354526519775
4,0.8,0.2,lat,1,7,1.9418904781341553,7,2.2204341888427734,0.4978161156177521,0.06506972014904022,0.22213594615459442,7.8280510902404785
4,0.8,0.2,lat,1,8,1.7477014064788818,8,2.0138449668884277,0.4971470534801483,0.04978468269109726,0.26905837655067444,7.107738018035889
4,0.8,0.2,lat,1,9,1.572931170463562,9,2.1656579971313477,0.49276694655418396,0.06253822892904282,0.2386312335729599,7.641426086425781
4,0.8,0.2,lat,1,10,1.4156380891799927,10,1.9762284755706787,0.48769813776016235,0.0786949172616005,0.28771671652793884,6.680129051208496
4,0.8,0.2,lat,1,11,1.2740741968154907,11,2.159184217453003,0.4901696741580963,0.062138259410858154,0.24116842448711395,7.587902545928955
4,0.8,0.2,lat,1,12,1.1466667652130127,12,1.7317785024642944,0.4784488379955292,0.08917146176099777,0.3670286536216736,5.448237419128418
4,0.8,0.2,lat,1,13,1.0320000648498535,13,1.6367536783218384,0.4693461060523987,0.09490276873111725,0.39176878333091736,5.014562129974365
4,0.8,0.2,lat,1,14,0.9288000464439392,14,1.7283568382263184,0.47661292552948,0.088129423558712,0.37147489190101624,5.299743175506592
4,0.8,0.2,lat,1,15,0.835919976234436,15,0.9794227480888367,0.35027453303337097,0.2930261194705963,0.34523752331733704,5.832030296325684
4,0.8,0.2,lat,1,16,0.7523279786109924,16,1.9516195058822632,0.47631844878196716,0.07799984514713287,0.2958863079547882,6.679701805114746
4,0.8,0.2,lat,1,17,0.6770951747894287,17,0.8984428644180298,0.2790593206882477,0.29495617747306824,0.31529930233955383,6.365936279296875
4,0.8,0.2,lat,1,20,0.49360233545303345,20,1.6053715944290161,0.45269763469696045,0.09391435980796814,0.38840630650520325,5.077637195587158
4,0.8,0.2,lat,1,22,0.39981788396835327,22,0.4827452301979065,0.08214785903692245,0.29391399025917053,0.2130759060382843,8.233651161193848
4,0.8,0.2,lat,2,0,4.060011386871338,0,1.9894345998764038,0.5039235949516296,0.051422588527202606,0.2866765856742859,7.006302356719971
4,0.8,0.2,lat,2,1,3.654010057449341,1,1.6809543371200562,0.9829620718955994,0.008205361664295197,0.319248229265213,6.366988658905029
4,0.8,0.2,lat,2,2,3.288609027862549,2,1.970442295074463,0.9854733943939209,0.00995574425905943,0.2562980353832245,7.67967414855957
4,0.8,0.2,lat,2,3,2.9597480297088623,3,1.7937244176864624,0.9903347492218018,0.0029384854715317488,0.2960135042667389,6.837093830108643
4,0.8,0.2,lat,2,4,2.6637730598449707,4,1.8943030834197998,0.5004915595054626,0.05503865331411362,0.3078203499317169,6.554834365844727
4,0.8,0.2,lat,2,5,2.3973958492279053,5,1.9187840223312378,0.5023429989814758,0.05787137150764465,0.30133187770843506,6.714632987976074
4,0.8,0.2,lat,2,6,2.157656192779541,6,1.9970041513442993,0.49889397621154785,0.046009816229343414,0.2876187264919281,6.972311496734619
4,0.8,0.2,lat,2,7,1.9418904781341553,7,1.9969676733016968,0.49889272451400757,0.046008117496967316,0.2907714247703552,6.90582275390625
4,0.8,0.2,lat,2,8,1.7477014064788818,8,1.8439799547195435,0.5025463104248047,0.07394669204950333,0.33482852578163147,6.0691022872924805
4,0.8,0.2,lat,2,9,1.572931170463562,9,1.8867149353027344,0.4964645504951477,0.05503900721669197,0.31849437952041626,6.389223575592041
4,0.8,0.2,lat,2,10,1.4156380891799927,10,1.9702825546264648,0.49427253007888794,0.05143141746520996,0.28607138991355896,6.9817399978637695
4,0.8,0.2,lat,2,11,1.2740741968154907,11,1.906731367111206,0.496044784784317,0.05791788920760155,0.3135013282299042,6.449840545654297
4,0.8,0.2,lat,2,12,1.1466667652130127,12,1.9971013069152832,0.4995589852333069,0.07567179203033447,0.2922627925872803,6.8918609619140625
4,0.8,0.2,lat,2,13,1.0320000648498535,13,1.8321387767791748,0.496121346950531,0.07396344095468521,0.3278355300426483,6.1916985511779785
4,0.8,0.2,lat,2,14,0.9288000464439392,14,1.9921211004257202,0.4971485137939453,0.07561620324850082,0.2919424772262573,6.901517391204834
4,0.8,0.2,lat,2,15,0.835919976234436,15,0.5112611651420593,0.16274285316467285,0.3911728858947754,0.20910698175430298,8.430522918701172
4,0.8,0.2,lat,2,17,0.6770951747894287,17,0.5283666849136353,0.17362447082996368,0.3914163112640381,0.22830097377300262,8.1052885055542
4,0.8,0.2,lat,2,18,0.6093856692314148,18,0.9452304244041443,0.5556371212005615,0.3912215232849121,0.3643312156200409,5.54760217666626
4,0.9,0.1,baseline,0,0,4.060011386871338,0,1.2051184177398682,0.4794079065322876,0.045317888259887695,0.4367966055870056,3.9916279315948486
4,0.9,0.1,baseline,0,1,3.654010057449341,1,1.1658464670181274,0.49425753951072693,0.04383518546819687,0.42500442266464233,4.081075668334961
4,0.9,0.1,baseline,0,2,3.288609027862549,2,1.3336344957351685,0.48009610176086426,0.05946463719010353,0.41718870401382446,4.316359996795654
4,0.9,0.1,baseline,0,3,2.9597480297088623,3,1.5031596422195435,0.4567369520664215,0.040854357182979584,0.4463101923465729,4.139523029327393
4,0.9,0.1,baseline,0,4,2.6637730598449707,4,1.1607115268707275,0.49017423391342163,0.04374217242002487,0.4058287739753723,4.312376022338867
4,0.9,0.1,baseline,0,5,2.3973958492279053,5,1.3177729845046997,0.46896061301231384,0.037116438150405884,0.4417089521884918,4.0389227867126465
4,0.9,0.1,baseline,0,6,2.157656192779541,6,1.3006588220596313,0.48604336380958557,0.03616662323474884,0.3649311065673828,4.676748752593994
4,0.9,0.1,baseline,0,7,1.9418904781341553,7,1.7786716222763062,0.48958322405815125,0.05767564848065376,0.35109764337539673,5.423508644104004
4,0.9,0.1,baseline,0,8,1.7477014064788818,8,1.3050655126571655,0.45983001589775085,0.036883819848299026,0.4082779884338379,4.427041530609131
4,0.9,0.1,baseline,0,9,1.572931170463562,9,1.3194268941879272,0.4701305031776428,0.059572331607341766,0.38797077536582947,4.611156940460205
4,0.9,0.1,baseline,0,10,1.4156380891799927,10,1.4469060897827148,0.3570233881473541,0.11068207025527954,0.5689643025398254,2.8748724460601807
4,0.9,0.1,baseline,0,11,1.2740741968154907,11,1.2919285297393799,0.4797879755496979,0.03620452433824539,0.371548593044281,4.7082037925720215
4,0.9,0.1,baseline,0,12,1.1466667652130127,12,1.3548320531845093,0.33145439624786377,0.12048079073429108,0.6278324127197266,2.4323763847351074
4,0.9,0.1,baseline,0,13,1.0320000648498535,13,1.8721911907196045,0.45071351528167725,0.2356635332107544,0.28984683752059937,6.098353862762451
4,0.9,0.1,baseline,0,14,0.9288000464439392,14,1.1621925830841064,0.44562679529190063,0.04530974477529526,0.3945479989051819,4.525979518890381
4,0.9,0.1,baseline,0,15,0.835919976234436,15,1.4609296321868896,0.4310956299304962,0.04067336022853851,0.44762423634529114,4.114450931549072
4,0.9,0.1,baseline,0,16,0.7523279786109924,16,1.348056674003601,0.3360462188720703,0.11213184148073196,0.6192002892494202,2.491252899169922
4,0.9,0.1,baseline,0,17,0.6770951747894287,17,1.898768663406372,0.46273481845855713,0.2306942641735077,0.3062834143638611,5.941806316375732
4,0.9,0.1,baseline,0,18,0.6093856692314148,18,1.441026210784912,0.3458733856678009,0.10781510919332504,0.5791566967964172,2.7928152084350586
4,0.9,0.1,baseline,0,19,0.5484470725059509,19,1.7220287322998047,0.4591893255710602,0.057318296283483505,0.3607631325721741,5.351377010345459
4,0.9,0.1,baseline,0,20,0.49360233545303345,20,0.44872069358825684,0.02989267371594906,0.3086623549461365,0.3571242094039917,5.550489902496338
4,0.9,0.1,baseline,1,0,4.060011386871338,0,1.1503015756607056,0.45468252897262573,0.07463762909173965,0.47505202889442444,3.556729316711426
4,0.9,0.1,baseline,1,1,3.654010057449341,1,1.2446280717849731,0.47360408306121826,0.042436424642801285,0.39242684841156006,4.5008649826049805
4,0.9,0.1,baseline,1,2,3.288609027862549,2,1.3130298852920532,0.49576857686042786,0.03179016336798668,0.3274442255496979,5.103443622589111
4,0.9,0.1,baseline,1,3,2.9597480297088623,3,1.316245675086975,0.49824899435043335,0.03185820206999779,0.3298358917236328,5.067473411560059
4,0.9,0.1,baseline,1,4,2.6637730598449707,4,1.2391451597213745,0.470208078622818,0.0419987328350544,0.40318530797958374,4.362145900726318
4,0.9,0.1,baseline,1,5,2.3973958492279053,5,1.4647592306137085,0.4628039002418518,0.05878443643450737,0.40069881081581116,4.690565586090088
4,0.9,0.1,baseline,1,6,2.157656192779541,6,1.5890498161315918,0.49005696177482605,0.03601459786295891,0.3160058557987213,5.532692909240723
4,0.9,0.1,baseline,1,7,1.9418904781341553,7,1.426174521446228,0.48388656973838806,0.040884315967559814,0.2927665114402771,5.574323654174805
4,0.9,0.1,baseline,1,8,1.7477014064788818,8,1.5115582942962646,0.4752659499645233,0.04167470708489418,0.3469368815422058,5.194329738616943
4,0.9,0.1,baseline,1,9,1.572931170463562,9,1.7041758298873901,0.38511404395103455,0.3180775046348572,0.5236276984214783,3.2836124897003174
4,0.9,0.1,baseline,1,10,1.4156380891799927,10,1.5007575750350952,0.46910586953163147,0.041141364723443985,0.3850656747817993,4.888503551483154
4,0.9,0.1,baseline,1,11,1.2740741968154907,11,1.2372021675109863,0.34304502606391907,0.10544527322053909,0.4519534707069397,3.8794658184051514
4,0.9,0.1,baseline,1,12,1.1466667652130127,12,1.2803219556808472,0.29674726724624634,0.10598262399435043,0.6380200386047363,2.3572189807891846
4,0.9,0.1,baseline,1,13,1.0320000648498535,13,1.5644896030426025,0.47517481446266174,0.0358976349234581,0.31145238876342773,5.620314121246338
4,0.9,0.1,baseline,1,14,0.9288000464439392,14,1.4070850610733032,0.4712981879711151,0.04080554097890854,0.29821667075157166,5.630162715911865
4,0.9,0.1,baseline,1,15,0.835919976234436,15,1.4204610586166382,0.43636730313301086,0.05807529389858246,0.40868818759918213,4.586397647857666
4,0.9,0.1,baseline,1,16,0.7523279786109924,16,1.5954639911651611,0.38023078441619873,0.14847171306610107,0.4657535254955292,3.8263320922851562
4,0.9,0.1,baseline,1,17,0.6770951747894287,17,1.3428527116775513,0.28424474596977234,0.16127538681030273,0.5390719175338745,3.145658254623413
4,0.9,0.1,baseline,1,18,0.6093856692314148,18,1.4791533946990967,0.35376062989234924,0.10168159753084183,0.362514466047287,4.8313679695129395
4,0.9,0.1,baseline,1,19,0.5484470725059509,19,1.1078890562057495,0.19674985110759735,0.3105376660823822,0.6432414650917053,2.325246810913086
4,0.9,0.1,baseline,1,20,0.49360233545303345,20,1.4715241193771362,0.2995744049549103,0.24608275294303894,0.30990105867385864,5.792378902435303
4,0.9,0.1,baseline,1,22,0.39981788396835327,22,1.2341523170471191,0.23086215555667877,0.16645419597625732,0.5075534582138062,3.458845615386963
4,0.9,0.1,baseline,2,0,4.060011386871338,0,1.3396432399749756,0.4644356071949005,0.05646471306681633,0.3824782371520996,4.762966156005859
4,0.9,0.1,baseline,2,1,3.654010057449341,1,1.080209493637085,0.47146451473236084,0.06472937017679214,0.5435035824775696,3.0562479496002197
4,0.9,0.1,baseline,2,2,3.288609027862549,2,1.2996406555175781,0.4989255666732788,0.04583221301436424,0.36544904112815857,4.844818115234375
4,0.9,0.1,baseline,2,3,2.9597480297088623,3,1.5142574310302734,0.4991300404071808,0.05095743015408516,0.3305290937423706,5.508167743682861
4,0.9,0.1,baseline,2,4,2.6637730598449707,4,1.5114256143569946,0.48063692450523376,0.051962558180093765,0.35339102149009705,5.38147497177124
4,0.9,0.1,baseline,2,5,2.3973958492279053,5,1.5096369981765747,0.47964006662368774,0.051845114678144455,0.35593855381011963,5.401139736175537
4,0.9,0.1,baseline,2,6,2.157656192779541,6,1.5017728805541992,0.4472653269767761,0.06380214542150497,0.4297141432762146,4.414585113525391
4,0.9,0.1,baseline,2,7,1.9418904781341553,7,1.4948208332061768,0.44289854168891907,0.06408791989088058,0.4263291358947754,4.412501811981201
4,0.9,0.1,baseline,2,8,1.7477014064788818,8,1.4833167791366577,0.4856257736682892,0.03854774683713913,0.35958147048950195,5.085728168487549
4,0.9,0.1,baseline,2,9,1.572931170463562,9,1.2805190086364746,0.4840865433216095,0.04597281292080879,0.37930238246917725,4.8086090087890625
4,0.9,0.1,baseline,2,10,1.4156380891799927,10,1.307144284248352,0.4420011341571808,0.05646662041544914,0.3758370280265808,4.786016464233398
4,0.9,0.1,baseline,2,11,1.2740741968154907,11,1.4957237243652344,0.4402400255203247,0.09729333966970444,0.43026962876319885,4.3285064697265625
4,0.9,0.1,baseline,2,12,1.1466667652130127,12,1.6461750268936157,0.4086152911186218,0.14096693694591522,0.48126423358917236,3.755201816558838
4,0.9,0.1,baseline,2,13,1.0320000648498535,13,1.4632296562194824,0.4728129506111145,0.03835940733551979,0.3669310510158539,5.128856182098389
4,0.9,0.1,baseline,2,14,0.9288000464439392,14,1.5031851530075073,0.4407825767993927,0.09970197081565857,0.41394081711769104,4.496862411499023
4,0.9,0.1,baseline,2,15,0.835919976234436,15,1.4720653295516968,0.4714387357234955,0.051037292927503586,0.29862067103385925,5.675940990447998
4,0.9,0.1,baseline,2,16,0.7523279786109924,16,1.3317281007766724,0.3294597566127777,0.2113157957792282,0.6017775535583496,2.6190390586853027
4,0.9,0.1,baseline,2,17,0.6770951747894287,17,1.4050813913345337,0.35231852531433105,0.20299628376960754,0.5786663889884949,2.8022632598876953
4,0.9,0.1,baseline,2,18,0.6093856692314148,18,1.645218849182129,0.40630072355270386,0.1396201103925705,0.4409562349319458,4.267126083374023
4,0.9,0.1,baseline,2,20,0.49360233545303345,20,0.999023973941803,0.4010471999645233,0.06563042849302292,0.4985892176628113,3.4886960983276367
4,0.9,0.1,input_at,0,0,4.060011386871338,0,1.1826527118682861,0.49233686923980713,0.028584981337189674,0.43246254324913025,4.184087753295898
4,0.9,0.1,input_at,0,1,3.654010057449341,1,1.1317874193191528,0.49155762791633606,0.0273701474070549,0.4425467550754547,4.1092352867126465
4,0.9,0.1,input_at,0,2,3.288609027862549,2,0.8838650584220886,0.398021936416626,0.11809562146663666,0.6727810502052307,2.142608880996704
4,0.9,0.1,input_at,0,3,2.9597480297088623,3,1.321373701095581,0.3882146179676056,0.12992462515830994,0.5070921778678894,3.4621388912200928
4,0.9,0.1,input_at,0,4,2.6637730598449707,4,1.1316473484039307,0.4914047420024872,0.02733556181192398,0.426148921251297,4.2733612060546875
4,0.9,0.1,input_at,0,5,2.3973958492279053,5,1.242415428161621,0.4506867527961731,0.033844780176877975,0.48331159353256226,3.687983989715576
4,0.9,0.1,input_at,0,6,2.157656192779541,6,1.3081670999526978,0.4905695617198944,0.029042281210422516,0.36178678274154663,5.1300554275512695
4,0.9,0.1,input_at,0,7,1.9418904781341553,7,1.4806290864944458,0.4797693192958832,0.029708076268434525,0.3099326193332672,6.008911609649658
4,0.9,0.1,input_at,0,8,1.7477014064788818,8,1.2411943674087524,0.4499306380748749,0.033871255815029144,0.43668290972709656,4.23390531539917
4,0.9,0.1,input_at,0,9,1.572931170463562,9,1.425600528717041,0.48067447543144226,0.041774895042181015,0.3413247764110565,5.5246710777282715
4,0.9,0.1,input_at,0,10,1.4156380891799927,10,1.4794737100601196,0.4790108799934387,0.029673099517822266,0.3110728859901428,5.909769058227539
4,0.9,0.1,input_at,0,11,1.2740741968154907,11,1.3078420162200928,0.4902994632720947,0.02902776189148426,0.3669053018093109,5.021152973175049
4,0.9,0.1,input_at,0,12,1.1466667652130127,12,1.425121545791626,0.4803364872932434,0.04176238179206848,0.3424905240535736,5.547169208526611
4,0.9,0.1,input_at,0,13,1.0320000648498535,13,1.6310391426086426,0.4707196056842804,0.04995429515838623,0.2665034830570221,6.752346515655518
4,0.9,0.1,input_at,0,14,0.9288000464439392,14,1.1559410095214844,0.47015509009361267,0.02863295003771782,0.3874033987522125,4.79787540435791
4,0.9,0.1,input_at,0,15,0.835919976234436,15,1.3055949211120605,0.3787400722503662,0.1304818093776703,0.5038087964057922,3.48429012298584
4,0.9,0.1,input_at,0,16,0.7523279786109924,16,0.42712703347206116,0.09237857908010483,0.11857498437166214,0.3818429708480835,5.094081401824951
4,0.9,0.1,input_at,0,17,0.6770951747894287,17,1.62615966796875,0.46865394711494446,0.04900004342198372,0.2840235233306885,6.267056465148926
4,0.9,0.1,input_at,0,18,0.6093856692314148,18,0.5769362449645996,0.05696895346045494,0.5570579767227173,0.2760878801345825,7.087894916534424
4,0.9,0.1,input_at,0,19,0.5484470725059509,19,1.6232960224151611,0.4490126669406891,0.557125985622406,0.4557216465473175,4.101309776306152
4,0.9,0.1,input_at,0,33,0.12546704709529877,33,1.2701184749603271,0.27438926696777344,0.5571056008338928,0.3667854964733124,5.436745643615723
4,0.9,0.1,input_at,1,0,4.060011386871338,0,1.1329920291900635,0.4743923544883728,0.03716956079006195,0.48317864537239075,3.678652048110962
4,0.9,0.1,input_at,1,1,3.654010057449341,1,1.1839350461959839,0.48204725980758667,0.033069055527448654,0.44864481687545776,4.1051554679870605
4,0.9,0.1,input_at,1,2,3.288609027862549,2,1.3720190525054932,0.48112380504608154,0.029380306601524353,0.34958890080451965,5.38466739654541
4,0.9,0.1,input_at,1,3,2.9597480297088623,3,1.2155243158340454,0.47802427411079407,0.028069285675883293,0.4172431528568268,4.42974328994751
4,0.9,0.1,input_at,1,4,2.6637730598449707,4,1.3365873098373413,0.48558107018470764,0.028038134798407555,0.381560742855072,5.048888206481934
4,0.9,0.1,input_at,1,5,2.3973958492279053,5,1.1835148334503174,0.4816972315311432,0.03314652293920517,0.4175882935523987,4.505577564239502
4,0.9,0.1,input_at,1,6,2.157656192779541,6,1.306206464767456,0.7904355525970459,0.033054180443286896,0.3780190050601959,5.138160228729248
4,0.9,0.1,input_at,1,7,1.9418904781341553,7,1.335832118988037,0.4849262833595276,0.02805682271718979,0.36379021406173706,5.340844631195068
4,0.9,0.1,input_at,1,8,1.7477014064788818,8,1.4934457540512085,0.47893834114074707,0.030881186947226524,0.3436117470264435,5.668367385864258
4,0.9,0.1,input_at,1,9,1.572931170463562,9,1.430470585823059,0.4713897407054901,0.03240697830915451,0.3590576648712158,5.423861980438232
4,0.9,0.1,input_at,1,10,1.4156380891799927,10,1.2147661447525024,0.47759580612182617,0.028030551970005035,0.4152286946773529,4.491313934326172
4,0.9,0.1,input_at,1,11,1.2740741968154907,11,1.4295871257781982,0.4706999659538269,0.032499153167009354,0.3504509925842285,5.587121963500977
4,0.9,0.1,input_at,1,12,1.1466667652130127,12,0.515927791595459,0.13368536531925201,0.029980521649122238,0.20864121615886688,8.323319435119629
4,0.9,0.1,input_at,1,13,1.0320000648498535,13,1.494446873664856,0.4796127676963806,0.031060785055160522,0.33816999197006226,5.723776817321777
4,0.9,0.1,input_at,1,14,0.9288000464439392,14,1.3657187223434448,0.4768017530441284,0.02926204726099968,0.3616054952144623,5.416807174682617
4,0.9,0.1,input_at,1,15,0.835919976234436,15,1.0653773546218872,0.4201028645038605,0.040698084980249405,0.4277856647968292,4.34399938583374
4,0.9,0.1,input_at,1,16,0.7523279786109924,16,1.6246713399887085,0.4711689054965973,0.17213207483291626,0.3009938895702362,6.32121467590332
4,0.9,0.1,input_at,1,17,0.6770951747894287,17,0.7731500864028931,0.3563758432865143,0.3014478087425232,0.6395817995071411,2.3534576892852783
4,0.9,0.1,input_at,1,20,0.49360233545303345,20,1.2594143152236938,0.30095839500427246,0.22843556106090546,0.3586210012435913,5.52403450012207
4,0.9,0.1,input_at,1,22,0.39981788396835327,22,1.1671926975250244,0.26447054743766785,0.11510813236236572,0.49013447761535645,3.677276134490967
4,0.9,0.1,input_at,2,0,4.060011386871338,0,1.2114272117614746,0.4465189278125763,0.03125670924782753,0.4320887625217438,4.423197269439697
4,0.9,0.1,input_at,2,1,3.654010057449341,1,0.8894863128662109,0.7694122195243835,0.08626466244459152,0.586662769317627,2.739103078842163
4,0.9,0.1,input_at,2,2,3.288609027862549,2,1.1498064994812012,0.4884810447692871,0.02754119783639908,0.43699583411216736,4.348201751708984
4,0.9,0.1,input_at,2,3,2.9597480297088623,3,1.2816318273544312,0.4856641888618469,0.048327796161174774,0.4157544672489166,4.666894435882568
4,0.9,0.1,input_at,2,4,2.6637730598449707,4,1.3887274265289307,0.4930259883403778,0.029310666024684906,0.3376832902431488,5.956766605377197
4,0.9,0.1,input_at,2,5,2.3973958492279053,5,1.2706127166748047,0.48305031657218933,0.02891581878066063,0.38643983006477356,5.105945110321045
4,0.9,0.1,input_at,2,6,2.157656192779541,6,1.3844856023788452,0.46267974376678467,0.04129964858293533,0.3735819458961487,5.325956344604492
4,0.9,0.1,input_at,2,7,1.9418904781341553,7,1.384440302848816,0.4626348912715912,0.04128049686551094,0.3819999098777771,5.213963031768799
4,0.9,0.1,input_at,2,8,1.7477014064788818,8,1.3246792554855347,0.49366331100463867,0.026990776881575584,0.3781607747077942,5.254509925842285
4,0.9,0.1,input_at,2,9,1.572931170463562,9,1.1492985486984253,0.4880056381225586,0.027560094371438026,0.45211261510849,4.144745349884033
4,0.9,0.1,input_at,2,10,1.4156380891799927,10,1.2083674669265747,0.44412118196487427,0.03125835582613945,0.44381651282310486,4.245085716247559
4,0.9,0.1,input_at,2,11,1.2740741968154907,11,1.2699321508407593,0.4825155436992645,0.028918543830513954,0.4002056121826172,4.867237567901611
4,0.9,0.1,input_at,2,12,1.1466667652130127,12,1.5654139518737793,0.4910888671875,0.03399625048041344,0.3035384714603424,6.624885559082031
4,0.9,0.1,input_at,2,13,1.0320000648498535,13,1.3237978219985962,0.493019163608551,0.026983166113495827,0.37179797887802124,5.334652423858643
4,0.9,0.1,input_at,2,14,0.9288000464439392,14,1.5642523765563965,0.49049705266952515,0.033724479377269745,0.3102867007255554,6.483962059020996
4,0.9,0.1,input_at,2,15,0.835919976234436,15,1.2704106569290161,0.477176308631897,0.04851911589503288,0.38225728273391724,5.149889945983887
4,0.9,0.1,input_at,2,16,0.7523279786109924,16,1.373997449874878,0.48261451721191406,0.02943125180900097,0.34784650802612305,5.786032676696777
4,0.9,0.1,input_at,2,17,0.6770951747894287,17,0.45264360308647156,0.15923742949962616,0.5586742758750916,0.31255072355270386,6.420322418212891
4,0.9,0.1,input_at,2,18,0.6093856692314148,18,0.7897181510925293,0.4882657825946808,0.5584072470664978,0.4857062101364136,3.7314534187316895
4,0.9,0.1,lat,0,0,4.060011386871338,0,1.949275255203247,0.48875609040260315,0.0777004137635231,0.36439093947410583,5.2867865562438965
4,0.9,0.1,lat,0,1,3.654010057449341,1,1.8936325311660767,0.49827471375465393,0.05390573665499687,0.3663339912891388,5.329450607299805
4,0.9,0.1,lat,0,2,3.288609027862549,2,1.9311271905899048,0.4962441325187683,0.04366090148687363,0.36477595567703247,5.328866004943848
4,0.9,0.1,lat,0,3,2.9597480297088623,3,2.1141529083251953,0.4903334379196167,0.06531986594200134,0.33537089824676514,5.887572765350342
4,0.9,0.1,lat,0,4,2.6637730598449707,4,1.8942906856536865,0.49861204624176025,0.05391883850097656,0.3513025641441345,5.555628776550293
4,0.9,0.1,lat,0,5,2.3973958492279053,5,1.7632629871368408,0.4857223629951477,0.042274653911590576,0.42948633432388306,4.352879524230957
4,0.9,0.1,lat,0,6,2.157656192779541,6,1.787337064743042,0.4977111518383026,0.04554576426744461,0.38645094633102417,4.905513286590576
4,0.9,0.1,lat,0,7,1.9418904781341553,7,2.0582478046417236,0.4919753670692444,0.06384646892547607,0.328997939825058,5.909872055053711
4,0.9,0.1,lat,0,8,1.7477014064788818,8,1.7623759508132935,0.4854428768157959,0.04226553440093994,0.3829677402973175,4.979612350463867
4,0.9,0.1,lat,0,9,1.572931170463562,9,1.9306731224060059,0.49607276916503906,0.04364441707730293,0.35009923577308655,5.526562690734863
4,0.9,0.1,lat,0,10,1.4156380891799927,10,1.8822290897369385,0.4010246992111206,0.11843400448560715,0.48783016204833984,3.7055444717407227
4,0.9,0.1,lat,0,11,1.2740741968154907,11,1.7859560251235962,0.4969615638256073,0.04554120823740959,0.3991102874279022,4.781904220581055
4,0.9,0.1,lat,0,12,1.1466667652130127,12,1.6808652877807617,0.37407252192497253,0.12209058552980423,0.552407443523407,3.039478063583374
4,0.9,0.1,lat,0,13,1.0320000648498535,13,1.8674263954162598,0.43725910782814026,0.11762181669473648,0.38874348998069763,4.934895038604736
4,0.9,0.1,lat,0,14,0.9288000464439392,14,1.9390239715576172,0.483761727809906,0.0776471421122551,0.34474480152130127,5.697208881378174
4,0.9,0.1,lat,0,15,0.835919976234436,15,2.103102445602417,0.4854438304901123,0.06531572341918945,0.33757728338241577,5.8557963371276855
4,0.9,0.1,lat,0,16,0.7523279786109924,16,1.6575058698654175,0.36934301257133484,0.12275595217943192,0.5458012223243713,3.10384202003479
4,0.9,0.1,lat,0,17,0.6770951747894287,17,1.8600672483444214,0.43525567650794983,0.11767225712537766,0.42871761322021484,4.41193962097168
4,0.9,0.1,lat,0,18,0.6093856692314148,18,1.8505809307098389,0.39141538739204407,0.11926225572824478,0.4873993396759033,3.716761827468872
4,0.9,0.1,lat,0,19,0.5484470725059509,19,2.034259557723999,0.48098844289779663,0.063714899122715,0.3509402275085449,5.635112285614014
4,0.9,0.1,lat,1,0,4.060011386871338,0,2.097262382507324,0.47676989436149597,0.07468676567077637,0.37293314933776855,5.201054096221924
4,0.9,0.1,lat,1,1,3.654010057449341,1,1.9323164224624634,0.49728477001190186,0.0493013821542263,0.39195555448532104,4.8913702964782715
4,0.9,0.1,lat,1,2,3.288609027862549,2,2.0400519371032715,0.4932578504085541,0.0675954669713974,0.36678385734558105,5.275240421295166
4,0.9,0.1,lat,1,3,2.9597480297088623,3,2.002652645111084,0.4935019314289093,0.05122417211532593,0.35809722542762756,5.426807403564453
4,0.9,0.1,lat,1,4,2.6637730598449707,4,1.931260347366333,0.4968436658382416,0.04927884787321091,0.3915441930294037,4.906338214874268
4,0.9,0.1,lat,1,5,2.3973958492279053,5,2.101794481277466,0.45944875478744507,0.0885176807641983,0.38228875398635864,5.149460792541504
4,0.9,0.1,lat,1,6,2.157656192779541,6,1.9799073934555054,0.4235115945339203,0.10749150812625885,0.457017719745636,4.064850807189941
4,0.9,0.1,lat,1,7,1.9418904781341553,7,1.761122226715088,0.4954541027545929,0.04913968965411186,0.4081450402736664,4.682618618011475
4,0.9,0.1,lat,1,8,1.7477014064788818,8,2.006781816482544,0.48562031984329224,0.05169622600078583,0.3829505443572998,5.099334716796875
4,0.9,0.1,lat,1,9,1.572931170463562,9,2.0952467918395996,0.49153444170951843,0.06694507598876953,0.3502413034439087,5.613104343414307
4,0.9,0.1,lat,1,10,1.4156380891799927,10,2.0001888275146484,0.4922732412815094,0.051232822239398956,0.36340755224227905,5.4157562255859375
4,0.9,0.1,lat,1,11,1.2740741968154907,11,2.0958197116851807,0.4917760193347931,0.06698475033044815,0.35686156153678894,5.597614288330078
4,0.9,0.1,lat,1,12,1.1466667652130127,12,2.005385398864746,0.48483559489250183,0.051696594804525375,0.35353654623031616,5.499200344085693
4,0.9,0.1,lat,1,13,1.0320000648498535,13,2.0806288719177246,0.46976596117019653,0.07453584671020508,0.3591371476650238,5.47089958190918
4,0.9,0.1,lat,1,14,0.9288000464439392,14,1.7604413032531738,0.4951809346675873,0.04919109866023064,0.42102518677711487,4.4797186851501465
4,0.9,0.1,lat,1,15,0.835919976234436,15,2.0786077976226807,0.4530928432941437,0.08786974102258682,0.37783282995224,5.204930782318115
4,0.9,0.1,lat,1,16,0.7523279786109924,16,1.5057603120803833,0.42588555812835693,0.20016393065452576,0.5783483386039734,2.8084354400634766
4,0.9,0.1,lat,1,17,0.6770951747894287,17,2.0115432739257812,0.480243444442749,0.0675085112452507,0.3616025447845459,5.5034074783325195
4,0.9,0.1,lat,1,19,0.5484470725059509,19,0.5975707173347473,0.041912805289030075,0.10235566645860672,0.2709689140319824,7.344659328460693
4,0.9,0.1,lat,1,20,0.49360233545303345,20,1.8310396671295166,0.36620962619781494,0.10731208324432373,0.407610148191452,4.773739337921143
4,0.9,0.1,lat,1,22,0.39981788396835327,22,1.490899920463562,0.41678914427757263,0.20001210272312164,0.5636969804763794,2.9369752407073975
4,0.9,0.1,lat,2,0,4.060011386871338,0,1.8497143983840942,0.5005308389663696,0.038286734372377396,0.3684636950492859,5.333744525909424
4,0.9,0.1,lat,2,1,3.654010057449341,1,1.6664884090423584,0.9857911467552185,0.018706265836954117,0.3867068886756897,5.004570007324219
4,0.9,0.1,lat,2,2,3.288609027862549,2,1.758130431175232,0.49905210733413696,0.044640280306339264,0.38371217250823975,5.032876491546631
4,0.9,0.1,lat,2,3,2.9597480297088623,3,1.872247576713562,0.5013747215270996,0.041325680911540985,0.3630780875682831,5.257845401763916
4,0.9,0.1,lat,2,4,2.6637730598449707,4,1.952696681022644,0.5006813406944275,0.038362909108400345,0.333068311214447,5.966494560241699
4,0.9,0.1,lat,2,5,2.3973958492279053,5,1.7480459213256836,0.4970936179161072,0.03826303407549858,0.38817059993743896,5.023049831390381
4,0.9,0.1,lat,2,6,2.157656192779541,6,1.8617092370986938,0.4985607862472534,0.041343651711940765,0.3654663562774658,5.398594856262207
4,0.9,0.1,lat,2,7,1.9418904781341553,7,1.8622119426727295,0.49883878231048584,0.04134893789887428,0.3669924736022949,5.290647029876709
4,0.9,0.1,lat,2,8,1.7477014064788818,8,1.8770346641540527,0.4990871846675873,0.04944607987999916,0.36845219135284424,5.330365180969238
4,0.9,0.1,lat,2,9,1.572931170463562,9,1.7559549808502197,0.4978153705596924,0.04463765025138855,0.39510953426361084,4.856779098510742
4,0.9,0.1,lat,2,10,1.4156380891799927,10,1.8442320823669434,0.497579425573349,0.03828740492463112,0.3670704960823059,5.201941013336182
4,0.9,0.1,lat,2,11,1.2740741968154907,11,1.746281385421753,0.4961470365524292,0.03825942054390907,0.4055754244327545,4.75081729888916
4,0.9,0.1,lat,2,12,1.1466667652130127,12,1.7197014093399048,0.3804199993610382,0.22889064252376556,0.5392508506774902,3.169029712677002
4,0.9,0.1,lat,2,13,1.0320000648498535,13,1.875502586364746,0.4983150362968445,0.049507301300764084,0.3594282865524292,5.401658535003662
4,0.9,0.1,lat,2,14,0.9288000464439392,14,1.8811806440353394,0.4218824803829193,0.22582711279392242,0.49116554856300354,3.68045711517334
4,0.9,0.1,lat,2,15,0.835919976234436,15,1.8623377084732056,0.49611416459083557,0.041278958320617676,0.34906595945358276,5.569667816162109
4,0.9,0.1,lat,2,16,0.7523279786109924,16,1.9398635625839233,0.49427029490470886,0.03829842060804367,0.3370659649372101,5.731281280517578
4,0.9,0.1,lat,2,17,0.6770951747894287,17,1.656212329864502,0.36665448546409607,0.2272462099790573,0.5365639925003052,3.190016508102417
4,0.9,0.1,lat,2,18,0.6093856692314148,18,1.4716707468032837,0.32703953981399536,0.231272891163826,0.5479365587234497,3.0879881381988525
4,0.99,0.01,baseline,0,0,4.060011386871338,0,1.9092183113098145,0.3967495560646057,0.0648755431175232,0.8590825796127319,1.3468360900878906
4,0.99,0.01,baseline,0,1,3.654010057449341,1,1.773858904838562,0.34518954157829285,0.0698229968547821,0.8607873916625977,1.341240644454956
4,0.99,0.01,baseline,0,2,3.288609027862549,2,1.6681156158447266,0.41021621227264404,0.0555838979780674,0.8609976172447205,1.3424205780029297
4,0.99,0.01,baseline,0,3,2.9597480297088623,3,1.7953293323516846,0.33817586302757263,0.08729158341884613,0.736522376537323,1.8057830333709717
4,0.99,0.01,baseline,0,4,2.6637730598449707,4,1.4476853609085083,0.39780092239379883,0.04502355679869652,0.7322875261306763,1.8276985883712769
4,0.99,0.01,baseline,0,5,2.3973958492279053,5,1.5257453918457031,0.37942931056022644,0.05521233379840851,0.8286044597625732,1.4472941160202026
4,0.99,0.01,baseline,0,6,2.157656192779541,6,1.566066861152649,0.36230769753456116,0.06809774786233902,0.8067405223846436,1.5213760137557983
4,0.99,0.01,baseline,0,7,1.9418904781341553,7,1.753286361694336,0.30452796816825867,0.10163741558790207,0.734993577003479,1.815372109413147
4,0.99,0.01,baseline,0,8,1.7477014064788818,8,1.7755690813064575,0.2888798415660858,0.11221420019865036,0.8644594550132751,1.3306411504745483
4,0.99,0.01,baseline,0,9,1.572931170463562,9,1.4832594394683838,0.3197978436946869,0.08163906633853912,0.785015881061554,1.6032713651657104
4,0.99,0.01,baseline,0,10,1.4156380891799927,10,1.9177896976470947,0.4166552722454071,0.08562290668487549,0.753734290599823,1.7295550107955933
4,0.99,0.01,baseline,0,11,1.2740741968154907,11,1.3489257097244263,0.31171074509620667,0.058065757155418396,0.8199278116226196,1.4766583442687988
4,0.99,0.01,baseline,0,12,1.1466667652130127,12,1.538321614265442,0.24023963510990143,0.10232437402009964,0.8461197018623352,1.3861727714538574
4,0.99,0.01,baseline,0,13,1.0320000648498535,13,1.5285347700119019,0.22106383740901947,0.10484801977872849,0.847966730594635,1.3832364082336426
4,0.99,0.01,baseline,0,14,0.9288000464439392,14,1.156619906425476,0.18755203485488892,0.06259723007678986,0.7923245429992676,1.5723973512649536
4,0.99,0.01,baseline,0,15,0.835919976234436,15,1.3875532150268555,0.22209039330482483,0.10102827101945877,0.7626267075538635,1.690885066986084
4,0.99,0.01,baseline,0,16,0.7523279786109924,16,1.2158070802688599,0.1923290193080902,0.07484954595565796,0.7047346234321594,1.9484628438949585
4,0.99,0.01,baseline,0,17,0.6770951747894287,17,1.3542389869689941,0.16770169138908386,0.11116069555282593,0.7304460406303406,1.8296509981155396
4,0.99,0.01,baseline,0,18,0.6093856692314148,18,1.3100041151046753,0.19388800859451294,0.10771828144788742,0.7023230791091919,1.9626795053482056
4,0.99,0.01,baseline,0,19,0.5484470725059509,19,1.530440092086792,0.2746836245059967,0.10386281460523605,0.8200520873069763,1.467800259590149
4,0.99,0.01,baseline,0,20,0.49360233545303345,20,1.217038631439209,0.20200218260288239,0.07624807208776474,0.86966872215271,1.3166069984436035
4,0.99,0.01,baseline,0,21,0.44424208998680115,21,1.3053491115570068,0.21420398354530334,0.09083417803049088,0.7659449577331543,1.6781737804412842
4,0.99,0.01,baseline,0,22,0.39981788396835327,22,1.6092865467071533,0.24406860768795013,0.12999415397644043,0.7518190741539001,1.7376749515533447
4,0.99,0.01,baseline,0,23,0.35983607172966003,23,1.2312493324279785,0.19051848351955414,0.08837132900953293,0.7512283325195312,1.734584927558899
4,0.99,0.01,baseline,0,24,0.32385244965553284,24,1.3782018423080444,0.184005007147789,0.12795594334602356,0.6897657513618469,2.0308988094329834
4,0.99,0.01,baseline,0,25,0.29146718978881836,25,1.238527536392212,0.20407730340957642,0.09920544177293777,0.7954098582267761,1.5621929168701172
4,0.99,0.01,baseline,0,26,0.26232045888900757,26,1.1233391761779785,0.13946785032749176,0.09432287514209747,0.7589166760444641,1.7037265300750732
4,0.99,0.01,baseline,0,27,0.23608842492103577,27,1.3455559015274048,0.1693650484085083,0.13528677821159363,0.6627389788627625,2.1853110790252686
4,0.99,0.01,baseline,0,28,0.2124795764684677,28,1.2404619455337524,0.21031145751476288,0.07839128375053406,0.8004696369171143,1.5448646545410156
4,0.99,0.01,baseline,0,29,0.1912316232919693,29,1.223313331604004,0.14079050719738007,0.13447952270507812,0.779549241065979,1.6226773262023926
4,0.99,0.01,baseline,0,30,0.172108456492424,30,1.1451846361160278,0.12986290454864502,0.11967150121927261,0.7835351824760437,1.6035406589508057
4,0.99,0.01,baseline,0,31,0.15489758551120758,31,1.1622483730316162,0.15161749720573425,0.11572401225566864,0.6293153166770935,2.315054178237915
4,0.99,0.01,baseline,0,32,0.13940782845020294,32,1.1617379188537598,0.13773834705352783,0.128194659948349,0.6657981872558594,2.1549181938171387
4,0.99,0.01,baseline,0,33,0.12546704709529877,33,1.2127262353897095,0.15188820660114288,0.11917144805192947,0.7955727577209473,1.5596845149993896
4,0.99,0.01,baseline,0,34,0.11292034387588501,34,0.9346513748168945,0.09387017041444778,0.12774322926998138,0.47662153840065,3.651216983795166
4,0.99,0.01,baseline,0,35,0.10162830352783203,35,0.8796343803405762,0.09984634816646576,0.09731965512037277,0.5213368535041809,3.193125009536743
4,0.99,0.01,baseline,0,36,0.09146547317504883,36,0.6575989127159119,0.047196026891469955,0.11912932991981506,0.47815605998039246,3.609649419784546
4,0.99,0.01,baseline,0,37,0.08231891691684723,37,0.9275481700897217,0.10231078416109085,0.10004913806915283,0.5819274187088013,2.674553155899048
4,0.99,0.01,baseline,0,38,0.07408702373504639,38,0.4405330419540405,0.026193350553512573,0.09405601769685745,0.4208800196647644,4.294246673583984
4,0.99,0.01,baseline,0,39,0.06667832285165787,39,0.6921154856681824,0.06043253093957901,0.11800073832273483,0.5195935964584351,3.201490879058838
4,0.99,0.01,baseline,1,0,4.060011386871338,0,1.7786775827407837,0.3721707761287689,0.07406125962734222,0.8299691081047058,1.4379338026046753
4,0.99,0.01,baseline,1,1,3.654010057449341,1,1.7862037420272827,0.3782780170440674,0.0655970424413681,0.9088487029075623,1.208214521408081
4,0.99,0.01,baseline,1,2,3.288609027862549,2,2.0030367374420166,0.37220272421836853,0.08754862844944,0.8176799416542053,1.4825332164764404
4,0.99,0.01,baseline,1,3,2.9597480297088623,3,1.3041541576385498,0.24740257859230042,0.06875631958246231,0.7836163640022278,1.605101466178894
4,0.99,0.01,baseline,1,4,2.6637730598449707,4,1.6214975118637085,0.38169023394584656,0.052686501294374466,0.8347160816192627,1.4244438409805298
4,0.99,0.01,baseline,1,5,2.3973958492279053,5,1.6390961408615112,0.32483476400375366,0.07816430926322937,0.6753347516059875,2.0893290042877197
4,0.99,0.01,baseline,1,6,2.157656192779541,6,1.7712047100067139,0.38554733991622925,0.07000785320997238,0.7733425498008728,1.6423028707504272
4,0.99,0.01,baseline,1,7,1.9418904781341553,7,1.697929859161377,0.3167373836040497,0.07674595713615417,0.8497600555419922,1.3749313354492188
4,0.99,0.01,baseline,1,8,1.7477014064788818,8,1.8138407468795776,0.3363780379295349,0.0847460925579071,0.8095629811286926,1.5046824216842651
4,0.99,0.01,baseline,1,9,1.572931170463562,9,1.634929895401001,0.2947483956813812,0.08730978518724442,0.6390025615692139,2.2969348430633545
4,0.99,0.01,baseline,1,10,1.4156380891799927,10,1.384861707687378,0.20922820270061493,0.09859930723905563,0.7628142833709717,1.6887433528900146
4,0.99,0.01,baseline,1,11,1.2740741968154907,11,1.6544251441955566,0.2680101990699768,0.10308416932821274,0.8368605971336365,1.4159507751464844
4,0.99,0.01,baseline,1,12,1.1466667652130127,12,1.385769009590149,0.23013745248317719,0.08184375613927841,0.758243978023529,1.7025461196899414
4,0.99,0.01,baseline,1,13,1.0320000648498535,13,1.31618332862854,0.225929394364357,0.07702726870775223,0.6118727922439575,2.42271089553833
4,0.99,0.01,baseline,1,14,0.9288000464439392,14,1.393311619758606,0.21968212723731995,0.08313354104757309,0.8366459608078003,1.4167611598968506
4,0.99,0.01,baseline,1,15,0.835919976234436,15,1.384099006652832,0.20908276736736298,0.09496251493692398,0.5964240431785583,2.554994583129883
4,0.99,0.01,baseline,1,16,0.7523279786109924,16,1.3759331703186035,0.24734415113925934,0.07318414747714996,0.811640202999115,1.5007388591766357
4,0.99,0.01,baseline,1,17,0.6770951747894287,17,1.6360461711883545,0.23103167116641998,0.10777492076158524,0.820046067237854,1.4760252237319946
4,0.99,0.01,baseline,1,18,0.6093856692314148,18,1.3896563053131104,0.20112507045269012,0.10518795251846313,0.8352272510528564,1.4240443706512451
4,0.99,0.01,baseline,1,19,0.5484470725059509,19,1.2911479473114014,0.22575585544109344,0.08231221139431,0.6884195804595947,2.023507833480835
4,0.99,0.01,baseline,1,20,0.49360233545303345,20,1.5821980237960815,0.28902432322502136,0.08796432614326477,0.7625881433486938,1.6867419481277466
4,0.99,0.01,baseline,1,21,0.44424208998680115,21,1.2207648754119873,0.20552517473697662,0.07298382371664047,0.7466870546340942,1.7403829097747803
4,0.99,0.01,baseline,1,22,0.39981788396835327,22,1.5157603025436401,0.21969811618328094,0.11962978541851044,0.6525335311889648,2.1686511039733887
4,0.99,0.01,baseline,1,23,0.35983607172966003,23,1.375605583190918,0.22149746119976044,0.07832441478967667,0.783756673336029,1.6028631925582886
4,0.99,0.01,baseline,1,24,0.32385244965553284,24,1.3828349113464355,0.2004486620426178,0.09472343325614929,0.7003208994865417,1.9795498847961426
4,0.99,0.01,baseline,1,25,0.29146718978881836,25,1.1449984312057495,0.16742365062236786,0.08536601066589355,0.5578526258468628,2.857415199279785
4,0.99,0.01,baseline,1,26,0.26232045888900757,26,1.4944403171539307,0.26022255420684814,0.07273514568805695,0.6483004093170166,2.250892400741577
4,0.99,0.01,baseline,1,27,0.23608842492103577,27,1.4598252773284912,0.1949252486228943,0.12514559924602509,0.6965168118476868,1.9668885469436646
4,0.99,0.01,baseline,1,28,0.2124795764684677,28,1.2350671291351318,0.17206308245658875,0.09137238562107086,0.7110393047332764,1.9202744960784912
4,0.99,0.01,baseline,1,29,0.1912316232919693,29,1.2391773462295532,0.18805767595767975,0.0837743803858757,0.7211982011795044,1.871910810470581
4,0.99,0.01,baseline,1,30,0.172108456492424,30,1.1931414604187012,0.18024031817913055,0.0855989009141922,0.5657184720039368,2.820573568344116
4,0.99,0.01,baseline,1,31,0.15489758551120758,31,1.2008240222930908,0.17110662162303925,0.09027928858995438,0.7535772323608398,1.7172942161560059
4,0.99,0.01,baseline,1,32,0.13940782845020294,32,1.2178850173950195,0.1540873646736145,0.1152753233909607,0.6605701446533203,2.1830074787139893
4,0.99,0.01,baseline,1,33,0.12546704709529877,33,1.143953561782837,0.14816509187221527,0.10214359313249588,0.696114182472229,1.9757634401321411
4,0.99,0.01,baseline,1,34,0.11292034387588501,34,1.1852866411209106,0.12879495322704315,0.13171233236789703,0.71177077293396,1.912240982055664
4,0.99,0.01,baseline,1,35,0.10162830352783203,35,1.0085581541061401,0.07903072983026505,0.14598658680915833,0.5353277325630188,3.0597519874572754
4,0.99,0.01,baseline,1,36,0.09146547317504883,36,1.1656441688537598,0.13113242387771606,0.12256667762994766,0.6235633492469788,2.4250800609588623
4,0.99,0.01,baseline,1,37,0.08231891691684723,37,1.327214002609253,0.18919716775417328,0.11357086151838303,0.5303060412406921,3.160130739212036
4,0.99,0.01,baseline,1,38,0.07408702373504639,38,0.6488471627235413,0.05001291632652283,0.09102832525968552,0.33723756670951843,5.2606940269470215
4,0.99,0.01,baseline,1,39,0.06667832285165787,39,0.8436587452888489,0.05991622805595398,0.14917340874671936,0.4077056050300598,4.328415393829346
4,0.99,0.01,baseline,2,0,4.060011386871338,0,2.4761886596679688,0.4883360266685486,0.09218507260084152,0.8051918148994446,1.522582769393921
4,0.99,0.01,baseline,2,1,3.654010057449341,1,1.9475994110107422,0.38049033284187317,0.08718778938055038,0.8294867873191833,1.442217469215393
4,0.99,0.01,baseline,2,2,3.288609027862549,2,1.9605714082717896,0.4141443073749542,0.06722907721996307,0.7609283924102783,1.6924419403076172
4,0.99,0.01,baseline,2,3,2.9597480297088623,3,1.7020994424819946,0.34475114941596985,0.06358281522989273,0.8303383588790894,1.4407377243041992
4,0.99,0.01,baseline,2,4,2.6637730598449707,4,1.910949468612671,0.4063390791416168,0.07246749103069305,0.7679083943367004,1.6725683212280273
4,0.99,0.01,baseline,2,5,2.3973958492279053,5,1.645790934562683,0.35969507694244385,0.06874755769968033,0.6840552687644958,2.057558536529541
4,0.99,0.01,baseline,2,6,2.157656192779541,6,2.015612840652466,0.35023218393325806,0.09159978479146957,0.815647542476654,1.4892457723617554
4,0.99,0.01,baseline,2,7,1.9418904781341553,7,2.0435054302215576,0.38623496890068054,0.08862005174160004,0.7817192673683167,1.6101471185684204
4,0.99,0.01,baseline,2,8,1.7477014064788818,8,1.429279088973999,0.3100983798503876,0.056450750678777695,0.676827073097229,2.0932059288024902
4,0.99,0.01,baseline,2,9,1.572931170463562,9,1.4580399990081787,0.2408667951822281,0.08209334313869476,0.7943222522735596,1.5669137239456177
4,0.99,0.01,baseline,2,10,1.4156380891799927,10,1.3350039720535278,0.24518026411533356,0.06418274343013763,0.8182975053787231,1.478729486465454
4,0.99,0.01,baseline,2,11,1.2740741968154907,11,1.8425028324127197,0.3252445161342621,0.0926317647099495,0.742654025554657,1.777807354927063
4,0.99,0.01,baseline,2,12,1.1466667652130127,12,1.8593798875808716,0.3295665383338928,0.09771429002285004,0.831825315952301,1.434018850326538
4,0.99,0.01,baseline,2,13,1.0320000648498535,13,1.3020613193511963,0.19496332108974457,0.08032789081335068,0.7738075256347656,1.6396372318267822
4,0.99,0.01,baseline,2,14,0.9288000464439392,14,1.3015077114105225,0.17090606689453125,0.09152823686599731,0.8703449964523315,1.3143250942230225
4,0.99,0.01,baseline,2,15,0.835919976234436,15,1.5559834241867065,0.28569045662879944,0.08841535449028015,0.6757769584655762,2.1015512943267822
4,0.99,0.01,baseline,2,16,0.7523279786109924,16,1.7000640630722046,0.29833731055259705,0.08317040652036667,0.7831971049308777,1.605940341949463
4,0.99,0.01,baseline,2,17,0.6770951747894287,17,1.5113728046417236,0.2208324670791626,0.11322685331106186,0.7500585913658142,1.7393248081207275
4,0.99,0.01,baseline,2,18,0.6093856692314148,18,1.303544521331787,0.17366263270378113,0.09522697329521179,0.7850573062896729,1.6002213954925537
4,0.99,0.01,baseline,2,19,0.5484470725059509,19,1.5917271375656128,0.24602963030338287,0.10951165854930878,0.6822569370269775,2.0555973052978516
4,0.99,0.01,baseline,2,20,0.49360233545303345,20,1.2309986352920532,0.19586509466171265,0.06944654881954193,0.7393900156021118,1.7836405038833618
4,0.99,0.01,baseline,2,21,0.44424208998680115,21,1.2483363151550293,0.1966623216867447,0.08113812655210495,0.7253667116165161,1.8443162441253662
4,0.99,0.01,baseline,2,22,0.39981788396835327,22,1.497354507446289,0.20211800932884216,0.12373636662960052,0.7348381876945496,1.8129717111587524
4,0.99,0.01,baseline,2,23,0.35983607172966003,23,1.1770970821380615,0.1564519703388214,0.07826480269432068,0.7779281735420227,1.6277694702148438
4,0.99,0.01,baseline,2,24,0.32385244965553284,24,1.0920394659042358,0.11027936637401581,0.09473936259746552,0.7331778407096863,1.819505214691162
4,0.99,0.01,baseline,2,25,0.29146718978881836,25,1.5487334728240967,0.270414263010025,0.0839667096734047,0.6398627161979675,2.3123040199279785
4,0.99,0.01,baseline,2,26,0.26232045888900757,26,1.2510249614715576,0.16680768132209778,0.10343796014785767,0.6607009768486023,2.1767637729644775
4,0.99,0.01,baseline,2,27,0.23608842492103577,27,1.2286765575408936,0.1692962795495987,0.09685903042554855,0.7492488026618958,1.740710973739624
4,0.99,0.01,baseline,2,28,0.2124795764684677,28,1.0683513879776,0.10600723326206207,0.10075145959854126,0.8167225122451782,1.4837597608566284
4,0.99,0.01,baseline,2,29,0.1912316232919693,29,1.0255377292633057,0.10446646809577942,0.08702487498521805,0.7073716521263123,1.9424630403518677
4,0.99,0.01,baseline,2,30,0.172108456492424,30,1.2565135955810547,0.17426571249961853,0.10605628788471222,0.6527833938598633,2.223240852355957
4,0.99,0.01,baseline,2,31,0.15489758551120758,31,1.0567232370376587,0.13174696266651154,0.09248290956020355,0.6373588442802429,2.3435356616973877
4,0.99,0.01,baseline,2,32,0.13940782845020294,32,1.1136794090270996,0.1271207183599472,0.11358978599309921,0.6995058059692383,1.9734457731246948
4,0.99,0.01,baseline,2,33,0.12546704709529877,33,1.4477365016937256,0.2017085999250412,0.11140455305576324,0.6714266538619995,2.1263489723205566
4,0.99,0.01,baseline,2,34,0.11292034387588501,34,1.204877495765686,0.12659315764904022,0.13146384060382843,0.6822919249534607,2.029520273208618
4,0.99,0.01,baseline,2,35,0.10162830352783203,35,0.8641799092292786,0.05748042091727257,0.13314208388328552,0.5753391981124878,2.7996857166290283
4,0.99,0.01,baseline,2,36,0.09146547317504883,36,0.9029026627540588,0.08574840426445007,0.1077595129609108,0.6702709794044495,2.1253321170806885
4,0.99,0.01,baseline,2,37,0.08231891691684723,37,0.788127064704895,0.06047315150499344,0.11384233832359314,0.5795454382896423,2.7357146739959717
4,0.99,0.01,baseline,2,38,0.07408702373504639,38,0.9497925043106079,0.07127030193805695,0.11643386632204056,0.48523998260498047,3.5467681884765625
4,0.99,0.01,baseline,2,39,0.06667832285165787,39,0.7552362084388733,0.06306132674217224,0.11688633263111115,0.6138095259666443,2.4947221279144287
4,0.99,0.01,input_at,0,0,4.060011386871338,0,1.098992109298706,0.3660614490509033,0.06908135861158371,0.8798455595970154,1.2859166860580444
4,0.99,0.01,input_at,0,1,3.654010057449341,1,0.9839673042297363,0.4223221242427826,0.08697595447301865,0.9031763672828674,1.2226290702819824
4,0.99,0.01,input_at,0,2,3.288609027862549,2,1.10398530960083,0.36162862181663513,0.04815191030502319,0.883675754070282,1.275946021080017
4,0.99,0.01,input_at,0,3,2.9597480297088623,3,1.2866730690002441,0.3739830553531647,0.10146458446979523,0.8240254521369934,1.4601452350616455
4,0.99,0.01,input_at,0,4,2.6637730598449707,4,0.9695386290550232,0.42241883277893066,0.11608915030956268,0.7719981074333191,1.656374454498291
4,0.99,0.01,input_at,0,5,2.3973958492279053,5,1.1799124479293823,0.33978351950645447,0.08959011733531952,0.8716214299201965,1.3115859031677246
4,0.99,0.01,input_at,0,6,2.157656192779541,6,1.1102843284606934,0.37079253792762756,0.05321069434285164,0.8857439160346985,1.2704856395721436
4,0.99,0.01,input_at,0,7,1.9418904781341553,7,1.187487006187439,0.3466024398803711,0.07326402515172958,0.7877072691917419,1.5915614366531372
4,0.99,0.01,input_at,0,8,1.7477014064788818,8,1.081669807434082,0.37494605779647827,0.055381324142217636,0.8709688186645508,1.311343789100647
4,0.99,0.01,input_at,0,9,1.572931170463562,9,1.148331880569458,0.3535800576210022,0.05098897963762283,0.8604178428649902,1.3427860736846924
4,0.99,0.01,input_at,0,10,1.4156380891799927,10,1.1573597192764282,0.3796989917755127,0.053072355687618256,0.8424115180969238,1.399695634841919
4,0.99,0.01,input_at,0,11,1.2740741968154907,11,1.2567906379699707,0.3401891887187958,0.07119262218475342,0.8368884325027466,1.4186935424804688
4,0.99,0.01,input_at,0,12,1.1466667652130127,12,1.3792004585266113,0.36174672842025757,0.07337036728858948,0.8640310168266296,1.3314956426620483
4,0.99,0.01,input_at,0,13,1.0320000648498535,13,1.2049821615219116,0.3288818895816803,0.08085238188505173,0.8479546308517456,1.382765293121338
4,0.99,0.01,input_at,0,14,0.9288000464439392,14,1.1372780799865723,0.3318658769130707,0.0782061293721199,0.8129243850708008,1.498351812362671
4,0.99,0.01,input_at,0,15,0.835919976234436,15,1.4426857233047485,0.35655224323272705,0.09016967564821243,0.7416258454322815,1.7747101783752441
4,0.99,0.01,input_at,0,16,0.7523279786109924,16,1.301499843597412,0.33592501282691956,0.08567104488611221,0.7096828818321228,1.9294607639312744
4,0.99,0.01,input_at,0,17,0.6770951747894287,17,1.3733900785446167,0.3303174376487732,0.09713525325059891,0.7327765226364136,1.8212623596191406
4,0.99,0.01,input_at,0,18,0.6093856692314148,18,1.3018685579299927,0.33559712767601013,0.11285698413848877,0.7687915563583374,1.660253643989563
4,0.99,0.01,input_at,0,19,0.5484470725059509,19,1.2658491134643555,0.28851214051246643,0.09726843982934952,0.8716357946395874,1.3001959323883057
4,0.99,0.01,input_at,0,20,0.49360233545303345,20,1.1909816265106201,0.32975509762763977,0.06285861134529114,0.9002934694290161,1.2303872108459473
4,0.99,0.01,input_at,0,21,0.44424208998680115,21,1.2528588771820068,0.2729039490222931,0.12248373031616211,0.8578827381134033,1.3505938053131104
4,0.99,0.01,input_at,0,22,0.39981788396835327,22,1.2623167037963867,0.2880806028842926,0.09974390268325806,0.7554027438163757,1.717111587524414
4,0.99,0.01,input_at,0,23,0.35983607172966003,23,1.0632232427597046,0.28137484192848206,0.058755915611982346,0.7838521003723145,1.5996452569961548
4,0.99,0.01,input_at,0,24,0.32385244965553284,24,1.0734572410583496,0.26613014936447144,0.09611404687166214,0.7334321141242981,1.8161767721176147
4,0.99,0.01,input_at,0,25,0.29146718978881836,25,0.959784746170044,0.1982814520597458,0.10157384723424911,0.8417883515357971,1.4009644985198975
4,0.99,0.01,input_at,0,26,0.26232045888900757,26,0.9030764102935791,0.176176980137825,0.10855451226234436,0.6480544805526733,2.2243382930755615
4,0.99,0.01,input_at,0,27,0.23608842492103577,27,0.5255206227302551,0.05020258575677872,0.1315714716911316,0.32877618074417114,5.523549556732178
4,0.99,0.01,input_at,0,29,0.1912316232919693,29,0.9725905060768127,0.16529296338558197,0.12741534411907196,0.7912933230400085,1.5746443271636963
4,0.99,0.01,input_at,0,33,0.12546704709529877,33,0.5264524221420288,0.04750075936317444,0.15416540205478668,0.4612666368484497,3.6887757778167725
4,0.99,0.01,input_at,1,0,4.060011386871338,0,1.1169335842132568,0.32791849970817566,0.11376706510782242,0.8707788586616516,1.312652826309204
4,0.99,0.01,input_at,1,1,3.654010057449341,1,1.0928258895874023,0.36549443006515503,0.15991708636283875,0.8857029676437378,1.271240472793579
4,0.99,0.01,input_at,1,2,3.288609027862549,2,1.212196707725525,0.36814165115356445,0.060296155512332916,0.8375792503356934,1.4163068532943726
4,0.99,0.01,input_at,1,3,2.9597480297088623,3,1.1263318061828613,0.4115655720233917,0.04772268608212471,0.8541674613952637,1.363627552986145
4,0.99,0.01,input_at,1,4,2.6637730598449707,4,1.2150287628173828,0.33826178312301636,0.07737988978624344,0.8370313048362732,1.4166600704193115
4,0.99,0.01,input_at,1,5,2.3973958492279053,5,1.2054349184036255,0.3392675817012787,0.06532672792673111,0.824003279209137,1.4617671966552734
4,0.99,0.01,input_at,1,6,2.157656192779541,6,1.1891807317733765,0.3642837703227997,0.06475111842155457,0.8208848834037781,1.4686061143875122
4,0.99,0.01,input_at,1,7,1.9418904781341553,7,1.2088980674743652,0.39964231848716736,0.053246576339006424,0.8256624937057495,1.449177861213684
4,0.99,0.01,input_at,1,8,1.7477014064788818,8,1.1906057596206665,0.3617410957813263,0.05828198418021202,0.8260939717292786,1.4499847888946533
4,0.99,0.01,input_at,1,9,1.572931170463562,9,1.4269770383834839,0.35353535413742065,0.09755134582519531,0.6974139213562012,1.9911795854568481
4,0.99,0.01,input_at,1,10,1.4156380891799927,10,1.2990363836288452,0.36789190769195557,0.06778834760189056,0.8394380807876587,1.4089223146438599
4,0.99,0.01,input_at,1,11,1.2740741968154907,11,1.1447515487670898,0.33430811762809753,0.05791798606514931,0.8309574127197266,1.4357911348342896
4,0.99,0.01,input_at,1,12,1.1466667652130127,12,1.3103234767913818,0.35378211736679077,0.07751108705997467,0.8660028576850891,1.3275818824768066
4,0.99,0.01,input_at,1,13,1.0320000648498535,13,1.1272032260894775,0.34619757533073425,0.07996775209903717,0.8051412105560303,1.5221161842346191
4,0.99,0.01,input_at,1,14,0.9288000464439392,14,1.1466690301895142,0.2998965382575989,0.06798770278692245,0.8562818765640259,1.3542875051498413
4,0.99,0.01,input_at,1,15,0.835919976234436,15,1.3928635120391846,0.3219655156135559,0.10539019107818604,0.7045162916183472,1.9458718299865723
4,0.99,0.01,input_at,1,16,0.7523279786109924,16,1.2762120962142944,0.3258931338787079,0.10250116884708405,0.8509072065353394,1.3736838102340698
4,0.99,0.01,input_at,1,17,0.6770951747894287,17,1.0736318826675415,0.2838159501552582,0.06789389252662659,0.8091661334037781,1.51220703125
4,0.99,0.01,input_at,1,18,0.6093856692314148,18,1.1005507707595825,0.31780797243118286,0.10559452325105667,0.8801546096801758,1.2868376970291138
4,0.99,0.01,input_at,1,19,0.5484470725059509,19,1.193396806716919,0.3189888000488281,0.13442929089069366,0.7689491510391235,1.6590310335159302
4,0.99,0.01,input_at,1,20,0.49360233545303345,20,1.366806983947754,0.32653555274009705,0.08806253224611282,0.8287782073020935,1.4432690143585205
4,0.99,0.01,input_at,1,21,0.44424208998680115,21,1.1891984939575195,0.30912333726882935,0.07253139466047287,0.8346595168113708,1.4187183380126953
4,0.99,0.01,input_at,1,22,0.39981788396835327,22,1.2083070278167725,0.2726956307888031,0.09148597717285156,0.761121392250061,1.6764750480651855
4,0.99,0.01,input_at,1,23,0.35983607172966003,23,1.1894959211349487,0.2935623526573181,0.07350493967533112,0.7928181290626526,1.5691343545913696
4,0.99,0.01,input_at,1,24,0.32385244965553284,24,1.01737380027771,0.23652081191539764,0.11706329137086868,0.7449169158935547,1.7682554721832275
4,0.99,0.01,input_at,1,25,0.29146718978881836,25,1.02776300907135,0.25045862793922424,0.0662841945886612,0.632089376449585,2.3552088737487793
4,0.99,0.01,input_at,1,26,0.26232045888900757,26,1.0413784980773926,0.22851711511611938,0.08272629976272583,0.6647891998291016,2.1630337238311768
4,0.99,0.01,input_at,1,27,0.23608842492103577,27,1.1387003660202026,0.23963609337806702,0.09085065126419067,0.7021034955978394,1.9592150449752808
4,0.99,0.01,input_at,1,29,0.1912316232919693,29,0.5852073431015015,0.0823732241988182,0.0755084902048111,0.5016811490058899,3.1933372020721436
4,0.99,0.01,input_at,2,0,4.060011386871338,0,1.1933554410934448,0.3896142840385437,0.11157350987195969,0.7969599962234497,1.553665280342102
4,0.99,0.01,input_at,2,1,3.654010057449341,1,0.9338929653167725,0.3660793900489807,0.041989460587501526,0.8920189142227173,1.2529524564743042
4,0.99,0.01,input_at,2,2,3.288609027862549,2,1.0846636295318604,0.3611942529678345,0.05639149621129036,0.8278230428695679,1.4489508867263794
4,0.99,0.01,input_at,2,3,2.9597480297088623,3,1.1188253164291382,0.35683777928352356,0.06700918078422546,0.8550388216972351,1.3597670793533325
4,0.99,0.01,input_at,2,4,2.6637730598449707,4,1.157323956489563,0.34419700503349304,0.05785689130425453,0.8437171578407288,1.3956156969070435
4,0.99,0.01,input_at,2,5,2.3973958492279053,5,1.159954309463501,0.4378412663936615,0.05919520556926727,0.7800464630126953,1.6216192245483398
4,0.99,0.01,input_at,2,6,2.157656192779541,6,1.1857861280441284,0.3481616675853729,0.05319599434733391,0.8507533669471741,1.3731882572174072
4,0.99,0.01,input_at,2,7,1.9418904781341553,7,1.2775287628173828,0.38888970017433167,0.0642554759979248,0.8526082634925842,1.3619612455368042
4,0.99,0.01,input_at,2,8,1.7477014064788818,8,1.3174246549606323,0.40275585651397705,0.06075657159090042,0.733280599117279,1.812990665435791
4,0.99,0.01,input_at,2,9,1.572931170463562,9,1.1886587142944336,0.30536189675331116,0.08299857378005981,0.8857791423797607,1.2697054147720337
4,0.99,0.01,input_at,2,10,1.4156380891799927,10,1.167623519897461,0.3663542866706848,0.08725236356258392,0.9001412391662598,1.229508638381958
4,0.99,0.01,input_at,2,11,1.2740741968154907,11,1.3128949403762817,0.3359285891056061,0.06633248925209045,0.7628118991851807,1.6836916208267212
4,0.99,0.01,input_at,2,12,1.1466667652130127,12,1.1507017612457275,0.3087550699710846,0.05435718595981598,0.9065762162208557,1.2129567861557007
4,0.99,0.01,input_at,2,13,1.0320000648498535,13,1.3885589838027954,0.3306180536746979,0.07092328369617462,0.8059548735618591,1.5202075242996216
4,0.99,0.01,input_at,2,14,0.9288000464439392,14,1.132683277130127,0.3129296600818634,0.0746893584728241,0.9386061429977417,1.1339895725250244
4,0.99,0.01,input_at,2,15,0.835919976234436,15,1.4041615724563599,0.3243139386177063,0.07760105282068253,0.7727090120315552,1.6483172178268433
4,0.99,0.01,input_at,2,16,0.7523279786109924,16,1.1768817901611328,0.3142687976360321,0.06314566731452942,0.8793938159942627,1.2873029708862305
4,0.99,0.01,input_at,2,17,0.6770951747894287,17,1.3744025230407715,0.3109619617462158,0.09871754050254822,0.8177670240402222,1.4823870658874512
4,0.99,0.01,input_at,2,18,0.6093856692314148,18,1.1254717111587524,0.3090721070766449,0.06561187654733658,0.8298624753952026,1.441396951675415
4,0.99,0.01,input_at,2,19,0.5484470725059509,19,1.3961985111236572,0.32445189356803894,0.1056133434176445,0.6805413961410522,2.060336112976074
4,0.99,0.01,input_at,2,20,0.49360233545303345,20,1.243733525276184,0.29409196972846985,0.10382694751024246,0.804416298866272,1.528696060180664
4,0.99,0.01,input_at,2,21,0.44424208998680115,21,1.1724581718444824,0.2553303837776184,0.1114412322640419,0.7852630019187927,1.5905029773712158
4,0.99,0.01,input_at,2,22,0.39981788396835327,22,1.3962925672531128,0.33778777718544006,0.07318216562271118,0.7964856028556824,1.5559784173965454
4,0.99,0.01,input_at,2,23,0.35983607172966003,23,1.1067825555801392,0.2385956197977066,0.09794041514396667,0.7864320874214172,1.5929535627365112
4,0.99,0.01,input_at,2,24,0.32385244965553284,24,0.5223382115364075,0.05126021057367325,0.17772601544857025,0.3392191529273987,5.096084117889404
4,0.99,0.01,input_at,2,25,0.29146718978881836,25,1.3734159469604492,0.29741358757019043,0.21150527894496918,0.8190599679946899,1.4716155529022217
4,0.99,0.01,input_at,2,26,0.26232045888900757,26,1.2852672338485718,0.25641366839408875,0.08086788654327393,0.7237617373466492,1.8447349071502686
4,0.99,0.01,input_at,2,27,0.23608842492103577,27,1.2092363834381104,0.22218140959739685,0.15437163412570953,0.703525960445404,1.9573172330856323
4,0.99,0.01,input_at,2,28,0.2124795764684677,28,1.1144535541534424,0.21139027178287506,0.19056196510791779,0.7561348080635071,1.7136361598968506
4,0.99,0.01,input_at,2,32,0.13940782845020294,32,0.3051888644695282,0.015418960712850094,0.21363040804862976,0.3523385524749756,4.981675148010254
4,0.99,0.01,lat,0,0,4.060011386871338,0,2.7394726276397705,0.4823693633079529,0.08292131870985031,0.8690625429153442,1.3175607919692993
4,0.99,0.01,lat,0,1,3.654010057449341,1,2.5407028198242188,0.44539374113082886,0.08393687754869461,0.8866464495658875,1.2672311067581177
4,0.99,0.01,lat,0,2,3.288609027862549,2,2.3658878803253174,0.4441586434841156,0.06801210343837738,0.8695058822631836,1.316764235496521
4,0.99,0.01,lat,0,3,2.9597480297088623,3,2.0300133228302,0.28647124767303467,0.07518815249204636,0.6862006783485413,2.05795955657959
4,0.99,0.01,lat,0,4,2.6637730598449707,4,1.8464555740356445,0.32549965381622314,0.051898930221796036,0.7085812091827393,1.9408187866210938
4,0.99,0.01,lat,0,5,2.3973958492279053,5,1.868394136428833,0.3093743920326233,0.06550756841897964,0.8427808880805969,1.3992464542388916
4,0.99,0.01,lat,0,6,2.157656192779541,6,2.243739128112793,0.44568535685539246,0.06030676141381264,0.824811577796936,1.4586448669433594
4,0.99,0.01,lat,0,7,1.9418904781341553,7,2.0318150520324707,0.318025141954422,0.07553283125162125,0.7274268269538879,1.8487173318862915
4,0.99,0.01,lat,0,8,1.7477014064788818,8,2.299236297607422,0.413994163274765,0.07643553614616394,0.8938238024711609,1.2478662729263306
4,0.99,0.01,lat,0,9,1.572931170463562,9,1.7859230041503906,0.30193033814430237,0.06293760985136032,0.8090429306030273,1.5116209983825684
4,0.99,0.01,lat,0,10,1.4156380891799927,10,2.3599517345428467,0.3957211375236511,0.07226233929395676,0.789434015750885,1.583681583404541
4,0.99,0.01,lat,0,11,1.2740741968154907,11,1.8118605613708496,0.2898158133029938,0.07154480367898941,0.8052496314048767,1.5280009508132935
4,0.99,0.01,lat,0,12,1.1466667652130127,12,1.9113068580627441,0.27303987741470337,0.08607154339551926,0.8878417611122131,1.2639528512954712
4,0.99,0.01,lat,0,13,1.0320000648498535,13,2.013493299484253,0.3180140554904938,0.06581415981054306,0.853096067905426,1.3673477172851562
4,0.99,0.01,lat,0,14,0.9288000464439392,14,1.6123441457748413,0.2283041626214981,0.06730986386537552,0.8187498450279236,1.476491928100586
4,0.99,0.01,lat,0,15,0.835919976234436,15,1.81377375125885,0.27866804599761963,0.0939333587884903,0.7734794020652771,1.6419018507003784
4,0.99,0.01,lat,0,16,0.7523279786109924,16,1.7927417755126953,0.24539029598236084,0.0774882510304451,0.6997079849243164,1.97748601436615
4,0.99,0.01,lat,0,17,0.6770951747894287,17,1.7208836078643799,0.19751785695552826,0.08389666676521301,0.7664065957069397,1.6742606163024902
4,0.99,0.01,lat,0,18,0.6093856692314148,18,1.875745415687561,0.2641601264476776,0.09722055494785309,0.7339679598808289,1.8114675283432007
4,0.99,0.01,lat,0,19,0.5484470725059509,19,1.9201403856277466,0.2890569567680359,0.0825401321053505,0.831932783126831,1.4250704050064087
4,0.99,0.01,lat,0,20,0.49360233545303345,20,1.7761142253875732,0.2725098431110382,0.07952215522527695,0.8878676295280457,1.2645212411880493
4,0.99,0.01,lat,0,21,0.44424208998680115,21,1.9140225648880005,0.26745137572288513,0.1333235651254654,0.7771286964416504,1.6330076456069946
4,0.99,0.01,lat,0,22,0.39981788396835327,22,2.0052504539489746,0.3296286463737488,0.08732809126377106,0.7555420398712158,1.7227073907852173
4,0.99,0.01,lat,0,23,0.35983607172966003,23,1.6432580947875977,0.23565737903118134,0.0754232183098793,0.773620069026947,1.641244649887085
4,0.99,0.01,lat,0,24,0.32385244965553284,24,1.7778836488723755,0.22433072328567505,0.0929747149348259,0.7155832648277283,1.9001502990722656
4,0.99,0.01,lat,0,25,0.29146718978881836,25,1.6544665098190308,0.23691977560520172,0.07957716286182404,0.8156601190567017,1.4880030155181885
4,0.99,0.01,lat,0,26,0.26232045888900757,26,1.8807904720306396,0.25114065408706665,0.07477464526891708,0.751829206943512,1.7290183305740356
4,0.99,0.01,lat,0,27,0.23608842492103577,27,1.6920738220214844,0.2002044916152954,0.12139656394720078,0.7126050591468811,1.9169827699661255
4,0.99,0.01,lat,0,28,0.2124795764684677,28,1.9204111099243164,0.27332571148872375,0.08990102261304855,0.7935399413108826,1.5671417713165283
4,0.99,0.01,lat,0,29,0.1912316232919693,29,1.4271575212478638,0.15403462946414948,0.09334705024957657,0.7790755033493042,1.6245489120483398
4,0.99,0.01,lat,0,30,0.172108456492424,30,1.524120569229126,0.1764112114906311,0.09752161055803299,0.8076693415641785,1.514449119567871
4,0.99,0.01,lat,0,31,0.15489758551120758,31,1.1385265588760376,0.11737383902072906,0.08958620578050613,0.622830331325531,2.358394145965576
4,0.99,0.01,lat,0,33,0.12546704709529877,33,1.597487211227417,0.19007223844528198,0.09272725880146027,0.7928086519241333,1.5681709051132202
4,0.99,0.01,lat,0,34,0.11292034387588501,34,0.7077250480651855,0.03665483742952347,0.11535907536745071,0.3584171533584595,5.129408836364746
4,0.99,0.01,lat,0,37,0.08231891691684723,37,0.506804347038269,0.021493474021553993,0.13626451790332794,0.27607840299606323,5.606269359588623
4,0.99,0.01,lat,1,0,4.060011386871338,0,2.5543861389160156,0.445788711309433,0.06846824288368225,0.8584449887275696,1.3492082357406616
4,0.99,0.01,lat,1,1,3.654010057449341,1,2.934626340866089,0.48560959100723267,0.06653296947479248,0.9257683753967285,1.165102243423462
4,0.99,0.01,lat,1,2,3.288609027862549,2,2.860037088394165,0.44777125120162964,0.0734645277261734,0.865786612033844,1.3276429176330566
4,0.99,0.01,lat,1,3,2.9597480297088623,3,1.9462417364120483,0.28377434611320496,0.08111447840929031,0.8125661611557007,1.4988681077957153
4,0.99,0.01,lat,1,4,2.6637730598449707,4,2.7300052642822266,0.4119904041290283,0.08799108117818832,0.8492014408111572,1.3783090114593506
4,0.99,0.01,lat,1,5,2.3973958492279053,5,2.2340810298919678,0.36732906103134155,0.0788506269454956,0.7287502884864807,1.8282649517059326
4,0.99,0.01,lat,1,6,2.157656192779541,6,2.433483600616455,0.4049612283706665,0.07330303639173508,0.8062195777893066,1.5209249258041382
4,0.99,0.01,lat,1,7,1.9418904781341553,7,1.8882964849472046,0.28521785140037537,0.07155174762010574,0.7949429750442505,1.5611767768859863
4,0.99,0.01,lat,1,8,1.7477014064788818,8,2.3413138389587402,0.34142962098121643,0.0796884149312973,0.8375973701477051,1.41215980052948
4,0.99,0.01,lat,1,9,1.572931170463562,9,2.0958364009857178,0.31652453541755676,0.07214051485061646,0.6434767246246338,2.275153398513794
4,0.99,0.01,lat,1,10,1.4156380891799927,10,2.148297071456909,0.2957761883735657,0.09610030800104141,0.7969018220901489,1.5569571256637573
4,0.99,0.01,lat,1,11,1.2740741968154907,11,2.121459484100342,0.28981414437294006,0.08530615270137787,0.837596595287323,1.4155948162078857
4,0.99,0.01,lat,1,12,1.1466667652130127,12,2.05385422706604,0.3172881603240967,0.07419489324092865,0.7374375462532043,1.7928946018218994
4,0.99,0.01,lat,1,13,1.0320000648498535,13,1.8754650354385376,0.26151975989341736,0.07606930285692215,0.6712441444396973,2.0645198822021484
4,0.99,0.01,lat,1,14,0.9288000464439392,14,1.9848816394805908,0.24421627819538116,0.08430533856153488,0.8197469115257263,1.4732959270477295
4,0.99,0.01,lat,1,15,0.835919976234436,15,1.9856737852096558,0.27704134583473206,0.0845324918627739,0.6261295080184937,2.381527900695801
4,0.99,0.01,lat,1,16,0.7523279786109924,16,2.0601634979248047,0.34761497378349304,0.06839193403720856,0.8026847839355469,1.5305379629135132
4,0.99,0.01,lat,1,17,0.6770951747894287,17,1.9732201099395752,0.22511999309062958,0.09366150200366974,0.7860683798789978,1.5997414588928223
4,0.99,0.01,lat,1,18,0.6093856692314148,18,1.9283552169799805,0.23917309939861298,0.09728053212165833,0.8479066491127014,1.3836852312088013
4,0.99,0.01,lat,1,19,0.5484470725059509,19,1.7074558734893799,0.23369935154914856,0.07914626598358154,0.6830306053161621,2.0512912273406982
4,0.99,0.01,lat,1,20,0.49360233545303345,20,1.8633776903152466,0.25308194756507874,0.07710716873407364,0.8293017148971558,1.4440165758132935
4,0.99,0.01,lat,1,21,0.44424208998680115,21,1.8670566082000732,0.2709398865699768,0.07859990000724792,0.7512896656990051,1.728695273399353
4,0.99,0.01,lat,1,22,0.39981788396835327,22,1.9949036836624146,0.22904646396636963,0.13578669726848602,0.7020068168640137,1.9455572366714478
4,0.99,0.01,lat,1,23,0.35983607172966003,23,1.850389838218689,0.24346773326396942,0.06782407313585281,0.8054086565971375,1.5249360799789429
4,0.99,0.01,lat,1,24,0.32385244965553284,24,1.8426285982131958,0.2301524430513382,0.0817699134349823,0.7565281391143799,1.7174632549285889
4,0.99,0.01,lat,1,25,0.29146718978881836,25,1.5336389541625977,0.19547304511070251,0.07094591856002808,0.646779477596283,2.2509799003601074
4,0.99,0.01,lat,1,26,0.26232045888900757,26,1.6826752424240112,0.20153728127479553,0.08548659831285477,0.5477489829063416,2.936039447784424
4,0.99,0.01,lat,1,27,0.23608842492103577,27,1.8844488859176636,0.2097906768321991,0.0914238914847374,0.7110879421234131,1.9006540775299072
4,0.99,0.01,lat,1,28,0.2124795764684677,28,1.4742125272750854,0.1360292285680771,0.09834729880094528,0.732836127281189,1.8214442729949951
4,0.99,0.01,lat,1,29,0.1912316232919693,29,1.8159375190734863,0.2590717673301697,0.07678251713514328,0.7864156365394592,1.5926750898361206
4,0.99,0.01,lat,1,30,0.172108456492424,30,1.5357643365859985,0.15667270123958588,0.11432255059480667,0.4949738681316376,3.3919851779937744
4,0.99,0.01,lat,1,31,0.15489758551120758,31,1.3679916858673096,0.12658652663230896,0.09981037676334381,0.6939367651939392,1.991121768951416
4,0.99,0.01,lat,1,32,0.13940782845020294,32,1.356990098953247,0.10480896383523941,0.12979847192764282,0.43807274103164673,4.0099382400512695
4,0.99,0.01,lat,1,33,0.12546704709529877,33,0.7581599354743958,0.04087941721081734,0.12123414874076843,0.4979509711265564,3.315363645553589
4,0.99,0.01,lat,1,34,0.11292034387588501,34,0.48688650131225586,0.016517123207449913,0.13444465398788452,0.3082129657268524,5.3534064292907715
4,0.99,0.01,lat,1,35,0.10162830352783203,35,0.9897485971450806,0.04928787797689438,0.16155590116977692,0.29592713713645935,6.062005043029785
4,0.99,0.01,lat,1,36,0.09146547317504883,36,0.4962135851383209,0.01619182527065277,0.13072480261325836,0.2991800904273987,5.947056293487549
4,0.99,0.01,lat,1,37,0.08231891691684723,37,1.4252517223358154,0.11498391628265381,0.16781553626060486,0.29048317670822144,5.643337249755859
4,0.99,0.01,lat,1,39,0.06667832285165787,39,0.7445390820503235,0.028902869671583176,0.1704281121492386,0.20214736461639404,7.011749744415283
4,0.99,0.01,lat,2,0,4.060011386871338,0,3.328355073928833,0.5432795286178589,0.0853954330086708,0.8182780742645264,1.4779024124145508
4,0.99,0.01,lat,2,1,3.654010057449341,1,2.5981123447418213,0.47668763995170593,0.0612737201154232,0.8424675464630127,1.4000434875488281
4,0.99,0.01,lat,2,2,3.288609027862549,2,2.808566093444824,0.4976355731487274,0.06035885959863663,0.8040809035301208,1.52817702293396
4,0.99,0.01,lat,2,3,2.9597480297088623,3,2.2712182998657227,0.37319299578666687,0.060611095279455185,0.8185092806816101,1.47931706905365
4,0.99,0.01,lat,2,4,2.6637730598449707,4,2.7261900901794434,0.4819064438343048,0.07032202929258347,0.8368986248970032,1.4185254573822021
4,0.99,0.01,lat,2,5,2.3973958492279053,5,2.2237861156463623,0.3468775749206543,0.05972640961408615,0.68300861120224,2.0615551471710205
4,0.99,0.01,lat,2,6,2.157656192779541,6,2.4611048698425293,0.31610220670700073,0.09573666006326675,0.8287431001663208,1.4448084831237793
4,0.99,0.01,lat,2,7,1.9418904781341553,7,2.5806663036346436,0.37839239835739136,0.08168433606624603,0.8196487426757812,1.4718818664550781
4,0.99,0.01,lat,2,8,1.7477014064788818,8,2.2309441566467285,0.37560978531837463,0.06753762811422348,0.6611215472221375,2.1724746227264404
4,0.99,0.01,lat,2,9,1.572931170463562,9,2.0751190185546875,0.276837021112442,0.07902775704860687,0.8046516180038452,1.5248725414276123
4,0.99,0.01,lat,2,10,1.4156380891799927,10,1.8078563213348389,0.24001869559288025,0.06350772827863693,0.8434973359107971,1.3928004503250122
4,0.99,0.01,lat,2,11,1.2740741968154907,11,2.164702892303467,0.30377939343452454,0.0718393549323082,0.7487657070159912,1.7468494176864624
4,0.99,0.01,lat,2,12,1.1466667652130127,12,2.0190236568450928,0.276283860206604,0.08257906883955002,0.8513932824134827,1.3710570335388184
4,0.99,0.01,lat,2,13,1.0320000648498535,13,1.8530616760253906,0.23360343277454376,0.09029075503349304,0.834286630153656,1.4252076148986816
4,0.99,0.01,lat,2,14,0.9288000464439392,14,2.071101427078247,0.2536386549472809,0.08521772921085358,0.8784350156784058,1.2912994623184204
4,0.99,0.01,lat,2,15,0.835919976234436,15,2.1532256603240967,0.3040536344051361,0.09077470749616623,0.6767204403877258,2.087150812149048
4,0.99,0.01,lat,2,16,0.7523279786109924,16,1.984107494354248,0.26505300402641296,0.08259819447994232,0.8195492029190063,1.473747730255127
4,0.99,0.01,lat,2,17,0.6770951747894287,17,1.9270515441894531,0.2608839273452759,0.08531176298856735,0.7360979914665222,1.7989041805267334
4,0.99,0.01,lat,2,18,0.6093856692314148,18,1.6751911640167236,0.18594202399253845,0.08451291173696518,0.8217377066612244,1.4691749811172485
4,0.99,0.01,lat,2,19,0.5484470725059509,19,2.074342727661133,0.27488720417022705,0.10681100934743881,0.663897693157196,2.1553850173950195
4,0.99,0.01,lat,2,20,0.49360233545303345,20,1.8137798309326172,0.22833994030952454,0.06573789566755295,0.7736349105834961,1.6400033235549927
4,0.99,0.01,lat,2,21,0.44424208998680115,21,1.8160947561264038,0.2330150008201599,0.06978699564933777,0.7182287573814392,1.876595139503479
4,0.99,0.01,lat,2,22,0.39981788396835327,22,1.8260184526443481,0.22452297806739807,0.10048311203718185,0.7606339454650879,1.695702314376831
4,0.99,0.01,lat,2,23,0.35983607172966003,23,1.5927923917770386,0.1592244654893875,0.0690334141254425,0.8301410675048828,1.4396218061447144
4,0.99,0.01,lat,2,24,0.32385244965553284,24,1.5806654691696167,0.15821485221385956,0.09325461834669113,0.7094774842262268,1.9304912090301514
4,0.99,0.01,lat,2,25,0.29146718978881836,25,2.6300008296966553,0.3909158706665039,0.1349051296710968,0.6215916275978088,2.422367811203003
4,0.99,0.01,lat,2,26,0.26232045888900757,26,1.6517757177352905,0.19506561756134033,0.09304726123809814,0.7545337677001953,1.7203035354614258
4,0.99,0.01,lat,2,27,0.23608842492103577,27,1.5813838243484497,0.1628572791814804,0.10157603770494461,0.8064144849777222,1.5233395099639893
4,0.99,0.01,lat,2,28,0.2124795764684677,28,1.5917056798934937,0.16225537657737732,0.07036186754703522,0.7921125292778015,1.5693116188049316
4,0.99,0.01,lat,2,29,0.1912316232919693,29,1.5635340213775635,0.14669393002986908,0.10057944804430008,0.6709117293357849,2.102090835571289
4,0.99,0.01,lat,2,30,0.172108456492424,30,1.6205798387527466,0.17845220863819122,0.08560284972190857,0.6751700043678284,2.091097116470337
4,0.99,0.01,lat,2,31,0.15489758551120758,31,1.4950754642486572,0.1595662236213684,0.09056133776903152,0.5616855621337891,2.8688101768493652
4,0.99,0.01,lat,2,32,0.13940782845020294,32,1.3571220636367798,0.12096351385116577,0.12286705523729324,0.6599539518356323,2.1814005374908447
4,0.99,0.01,lat,2,33,0.12546704709529877,33,1.644041657447815,0.17744165658950806,0.08559907972812653,0.623473584651947,2.391920328140259
4,0.99,0.01,lat,2,34,0.11292034387588501,34,1.1485573053359985,0.06686881184577942,0.1579045206308365,0.5735849738121033,2.663081645965576
4,0.99,0.01,lat,2,36,0.09146547317504883,36,0.6496198773384094,0.025352997705340385,0.13225731253623962,0.2987804114818573,5.280357360839844
4,0.99,0.01,lat,2,38,0.07408702373504639,38,0.43904781341552734,0.009229547344148159,0.14078906178474426,0.2321484237909317,6.465158462524414
4,0.99,0.01,lat,2,39,0.06667832285165787,39,0.3574282228946686,0.009575320407748222,0.11088936030864716,0.26797235012054443,6.252364635467529
8,0.8,0.2,baseline,0,0,8.001750946044922,0,1.3554171323776245,0.4571845233440399,0.039469800889492035,0.3525862395763397,5.579143524169922
8,0.8,0.2,baseline,0,1,7.201575756072998,1,1.4800002574920654,0.493402361869812,0.017724554985761642,0.2765909433364868,6.712945938110352
8,0.8,0.2,baseline,0,2,6.481417655944824,2,1.2672866582870483,0.4775230586528778,0.025315582752227783,0.32243627309799194,5.843881130218506
8,0.8,0.2,baseline,0,3,5.83327579498291,3,1.2337963581085205,0.4645458161830902,0.026239488273859024,0.314734548330307,5.992228031158447
8,0.8,0.2,baseline,0,4,5.249948024749756,4,1.2186493873596191,0.4599674642086029,0.023131657391786575,0.30905428528785706,6.049438953399658
8,0.8,0.2,baseline,0,5,4.7249531745910645,5,1.3315858840942383,0.4403995871543884,0.04121500253677368,0.32843172550201416,5.992178916931152
8,0.8,0.2,baseline,0,6,4.252457618713379,6,1.245477557182312,0.4599617123603821,0.02665652148425579,0.3036364018917084,6.105561256408691
8,0.8,0.2,baseline,0,7,3.82721209526062,7,1.4881678819656372,0.47408461570739746,0.018023831769824028,0.28677865862846375,6.692627429962158
8,0.8,0.2,baseline,0,8,3.444490671157837,8,1.4342308044433594,0.46871861815452576,0.023793699219822884,0.3193442225456238,6.170004367828369
8,0.8,0.2,baseline,0,9,3.100041389465332,9,1.4885733127593994,0.49420493841171265,0.033074960112571716,0.2872113287448883,6.594109535217285
8,0.8,0.2,baseline,0,10,2.7900373935699463,10,1.4108976125717163,0.448174387216568,0.017980467528104782,0.25620657205581665,6.953096389770508
8,0.8,0.2,baseline,0,11,2.511033535003662,11,1.467206358909607,0.46058183908462524,0.018985306844115257,0.27385666966438293,6.821304798126221
8,0.8,0.2,baseline,0,12,2.25993013381958,12,1.3247196674346924,0.46798020601272583,0.031175199896097183,0.29217517375946045,6.3536858558654785
8,0.8,0.2,baseline,0,13,2.0339369773864746,13,1.2252901792526245,0.38260674476623535,0.26214340329170227,0.4981028139591217,3.5727930068969727
8,0.8,0.2,baseline,0,14,1.8305432796478271,14,1.4164897203445435,0.4446755647659302,0.029606128111481667,0.28718602657318115,6.692359924316406
8,0.8,0.2,baseline,0,15,1.6474888324737549,15,1.2698827981948853,0.44152966141700745,0.03558080270886421,0.29849883913993835,6.239255905151367
8,0.8,0.2,baseline,0,16,1.482740044593811,16,1.342956304550171,0.40716567635536194,0.030328141525387764,0.2738390564918518,6.8879475593566895
8,0.8,0.2,baseline,0,17,1.3344659805297852,17,1.911596417427063,0.5973829030990601,0.5157617330551147,0.3380292057991028,5.976096153259277
8,0.8,0.2,baseline,0,19,1.0809173583984375,19,0.5490087866783142,0.07305730879306793,0.06343945860862732,0.26097384095191956,7.360654830932617
8,0.8,0.2,baseline,0,26,0.5169993042945862,26,1.0478172302246094,0.178471639752388,0.5118057727813721,0.25837966799736023,7.49486780166626
8,0.8,0.2,baseline,0,73,0.003654999891296029,73,0.47193583846092224,0.03637223690748215,0.4980293810367584,0.24081434309482574,7.74724817276001
8,0.8,0.2,baseline,1,0,8.001750946044922,0,1.6794204711914062,0.8158439993858337,0.04001060500741005,0.23460255563259125,7.402902126312256
8,0.8,0.2,baseline,1,1,7.201575756072998,1,1.403182029724121,0.4817969799041748,0.06192738562822342,0.3186531960964203,5.883720874786377
8,0.8,0.2,baseline,1,2,6.481417655944824,2,1.2900280952453613,0.457091361284256,0.03974965959787369,0.35463252663612366,5.357471466064453
8,0.8,0.2,baseline,1,3,5.83327579498291,3,1.5481257438659668,0.49746832251548767,0.08431645482778549,0.2721468210220337,6.6396589279174805
8,0.8,0.2,baseline,1,4,5.249948024749756,4,1.3689767122268677,0.4750909209251404,0.04614153504371643,0.3161911368370056,5.910131454467773
8,0.8,0.2,baseline,1,5,4.7249531745910645,5,1.5544387102127075,0.4723377823829651,0.08139074593782425,0.29305940866470337,6.4283599853515625
8,0.8,0.2,baseline,1,6,4.252457618713379,6,1.3602994680404663,0.46918588876724243,0.04581527039408684,0.31644970178604126,5.865047931671143
8,0.8,0.2,baseline,1,7,3.82721209526062,7,1.2548317909240723,0.4317874610424042,0.03975657746195793,0.3402573764324188,5.513976573944092
8,0.8,0.2,baseline,1,8,3.444490671157837,8,1.5413740873336792,0.46446242928504944,0.0819181278347969,0.30135971307754517,6.262312889099121
8,0.8,0.2,baseline,1,9,3.100041389465332,9,1.349075198173523,0.4456274211406708,0.06089138239622116,0.3141985833644867,6.014847755432129
8,0.8,0.2,baseline,1,10,2.7900373935699463,10,1.492250680923462,0.46263638138771057,0.0835268497467041,0.27375563979148865,6.7362589836120605
8,0.8,0.2,baseline,1,11,2.511033535003662,11,1.8319450616836548,0.7432933449745178,0.08949694037437439,0.32625192403793335,6.088921546936035
8,0.8,0.2,baseline,1,12,2.25993013381958,12,1.6929426193237305,0.45672181248664856,0.06857223063707352,0.3282555937767029,5.927632808685303
8,0.8,0.2,baseline,1,13,2.0339369773864746,13,1.4690264463424683,0.4590984284877777,0.03251626342535019,0.3000231683254242,6.162212371826172
8,0.8,0.2,baseline,1,14,1.8305432796478271,14,0.4865938425064087,0.09017488360404968,0.38357195258140564,0.32255324721336365,6.058656215667725
8,0.8,0.2,baseline,1,15,1.6474888324737549,15,1.251030445098877,0.43934011459350586,0.4178387522697449,0.4731380045413971,3.8423118591308594
8,0.8,0.2,baseline,1,16,1.482740044593811,16,1.6762371063232422,0.4474808871746063,0.07121285051107407,0.32643139362335205,5.982604503631592
8,0.8,0.2,baseline,1,17,1.3344659805297852,17,1.4428901672363281,0.44263821840286255,0.03328212723135948,0.29947733879089355,6.1758952140808105
8,0.8,0.2,baseline,2,0,8.001750946044922,0,1.2485401630401611,0.4836254417896271,0.015398037619888783,0.3033938705921173,6.067912578582764
8,0.8,0.2,baseline,2,1,7.201575756072998,1,1.2682702541351318,0.4410112798213959,0.03748646751046181,0.2943441867828369,6.09055757522583
8,0.8,0.2,baseline,2,2,6.481417655944824,2,1.2591474056243896,0.45405471324920654,0.01828153058886528,0.2857520878314972,6.149533748626709
8,0.8,0.2,baseline,2,3,5.83327579498291,3,1.1965621709823608,0.38647031784057617,0.0601046122610569,0.3456874489784241,5.334326267242432
8,0.8,0.2,baseline,2,4,5.249948024749756,4,1.304443359375,0.48741135001182556,0.016587698832154274,0.26081547141075134,6.4242072105407715
8,0.8,0.2,baseline,2,5,4.7249531745910645,5,1.3102666139602661,0.4592728614807129,0.03153428062796593,0.25630807876586914,6.48974084854126
8,0.8,0.2,baseline,2,6,4.252457618713379,6,1.2613447904586792,0.3942635655403137,0.046429816633462906,0.28198766708374023,6.233850002288818
8,0.8,0.2,baseline,2,7,3.82721209526062,7,1.1476465463638306,0.4266310930252075,0.024312907829880714,0.32334262132644653,5.539759635925293
8,0.8,0.2,baseline,2,8,3.444490671157837,8,1.3208330869674683,0.4879818558692932,0.018919726833701134,0.29690343141555786,6.212393760681152
8,0.8,0.2,baseline,2,9,3.100041389465332,9,1.533363938331604,0.4649029076099396,0.07148037105798721,0.31329968571662903,5.995855808258057
8,0.8,0.2,baseline,2,10,2.7900373935699463,10,1.4352778196334839,0.37208929657936096,0.09595637023448944,0.29570722579956055,6.259120941162109
8,0.8,0.2,baseline,2,11,2.511033535003662,11,1.5167007446289062,0.4279877245426178,0.049411341547966,0.23940560221672058,6.717755317687988
8,0.8,0.2,baseline,2,12,2.25993013381958,12,1.3836692571640015,0.39842379093170166,0.053061991930007935,0.2750682234764099,6.475949764251709
8,0.8,0.2,baseline,2,13,2.0339369773864746,13,1.2767376899719238,0.21836300194263458,0.3544340431690216,0.5432589650154114,3.0977981090545654
8,0.8,0.2,baseline,2,14,1.8305432796478271,14,1.4725487232208252,0.43416380882263184,0.028541631996631622,0.2383297234773636,6.837024688720703
8,0.8,0.2,baseline,2,15,1.6474888324737549,15,1.2896233797073364,0.42737022042274475,0.036729440093040466,0.30061396956443787,6.184458255767822
8,0.8,0.2,baseline,2,16,1.482740044593811,16,1.1516448259353638,0.29485633969306946,0.06228724494576454,0.4047681391239166,4.7534871101379395
8,0.8,0.2,baseline,2,17,1.3344659805297852,17,1.150813341140747,0.31532490253448486,0.04058817774057388,0.37385594844818115,5.202591419219971
8,0.8,0.2,baseline,2,21,0.8755429983139038,21,0.5790364742279053,0.027566729113459587,0.643388569355011,0.2672423720359802,7.001848220825195
8,0.8,0.2,baseline,2,22,0.7879887223243713,22,0.3299140930175781,0.008802836760878563,0.6583601832389832,0.2530129849910736,7.225539207458496
8,0.8,0.2,baseline,2,38,0.14601582288742065,38,0.8947591781616211,0.06320913881063461,0.6840565204620361,0.2588614821434021,7.211527347564697
8,0.8,0.2,baseline,2,39,0.1314142495393753,39,0.31259796023368835,0.00771860359236598,0.6815698146820068,0.2680920958518982,6.994351387023926
8,0.8,0.2,baseline,2,40,0.1182728186249733,40,0.7473495602607727,0.04411091282963753,0.6839327216148376,0.2641311287879944,7.0768656730651855
8,0.8,0.2,baseline,2,44,0.07759878784418106,44,0.8052060604095459,0.05115247517824173,0.684025764465332,0.2715233564376831,6.936777114868164
8,0.8,0.2,baseline,2,45,0.06983890384435654,45,0.8818144798278809,0.061952605843544006,0.68145352602005,0.2546510398387909,7.283734321594238
8,0.8,0.2,baseline,2,48,0.050912562757730484,48,0.4122862219810486,0.013425428420305252,0.6830833554267883,0.2626062333583832,7.11065673828125
8,0.8,0.2,baseline,2,52,0.033403728157281876,52,0.7140790224075317,0.0407070554792881,0.6805956959724426,0.2615543007850647,7.103928089141846
8,0.8,0.2,baseline,2,55,0.024351315572857857,55,0.7933701276779175,0.05013258010149002,0.6815372705459595,0.2637709379196167,7.122278213500977
8,0.8,0.2,baseline,2,56,0.021916182711720467,56,0.4943857491016388,0.019294045865535736,0.6834747791290283,0.2614973187446594,7.1238789558410645
8,0.8,0.2,baseline,2,58,0.017752105370163918,58,0.35558632016181946,0.009992185980081558,0.6814737915992737,0.26185232400894165,7.096167087554932
8,0.8,0.2,baseline,2,59,0.01597689650952816,59,0.775725245475769,0.04751073196530342,0.6840449571609497,0.2657707929611206,7.038654804229736
8,0.8,0.2,baseline,2,61,0.012941285036504269,61,0.5256175994873047,0.02207767218351364,0.6801270842552185,0.27218759059906006,6.981956958770752
8,0.8,0.2,baseline,2,63,0.010482440702617168,63,0.6863454580307007,0.03720321133732796,0.6838448643684387,0.268310010433197,7.0141072273254395
8,0.8,0.2,baseline,2,67,0.006877528503537178,67,0.6749972701072693,0.03630739450454712,0.6813470721244812,0.26019105315208435,7.103977680206299
8,0.8,0.2,baseline,2,69,0.005570797715336084,69,0.6599366664886475,0.03471478074789047,0.6808118224143982,0.2722359597682953,6.932835102081299
8,0.8,0.2,baseline,2,70,0.00501371780410409,70,0.3976174294948578,0.012738372199237347,0.6767239570617676,0.25753435492515564,7.138188362121582
8,0.8,0.2,baseline,2,71,0.004512345883995295,71,0.672981858253479,0.036122288554906845,0.680653989315033,0.2808367609977722,6.784561634063721
8,0.8,0.2,baseline,2,72,0.004061111249029636,72,0.5697639584541321,0.025934992358088493,0.6803231835365295,0.2712571322917938,6.970887660980225
8,0.8,0.2,baseline,2,73,0.003654999891296029,73,0.5833148956298828,0.027162183076143265,0.6806080937385559,0.2514367997646332,7.284804821014404
8,0.8,0.2,baseline,2,75,0.0029605496674776077,75,0.33941641449928284,0.009292093105614185,0.6756637692451477,0.2678110897541046,6.999035358428955
8,0.8,0.2,baseline,2,76,0.0026644947938621044,76,0.858272910118103,0.058709632605314255,0.6812692284584045,0.2708547115325928,6.99567174911499
8,0.8,0.2,baseline,2,77,0.0023980452679097652,77,0.7482985258102417,0.04461175948381424,0.6809634566307068,0.24692608416080475,7.380314826965332
8,0.8,0.2,input_at,0,0,8.001750946044922,0,1.9401917457580566,0.7160298824310303,0.02416742593050003,0.4837609529495239,3.3491413593292236
8,0.8,0.2,input_at,0,1,7.201575756072998,1,1.637721300125122,0.5442982316017151,0.07443719357252121,0.39614054560661316,4.105551719665527
8,0.8,0.2,input_at,0,3,5.83327579498291,3,1.6310087442398071,0.5274937748908997,0.08346562087535858,0.6114823818206787,2.4276418685913086
8,0.8,0.2,input_at,0,4,5.249948024749756,4,1.0385993719100952,0.48891139030456543,0.03121311403810978,0.5619445443153381,2.7218594551086426
8,0.8,0.2,input_at,0,5,4.7249531745910645,5,1.1784945726394653,0.4414702355861664,0.032984331250190735,0.5624788999557495,2.717928647994995
8,0.8,0.2,input_at,0,6,4.252457618713379,6,1.2174067497253418,0.39303088188171387,0.05155082419514656,0.5429005026817322,2.860487699508667
8,0.8,0.2,input_at,0,7,3.82721209526062,7,1.7197099924087524,0.46891042590141296,0.058233875781297684,0.41837078332901,3.932429552078247
8,0.8,0.2,input_at,0,8,3.444490671157837,8,0.32654768228530884,0.017771832644939423,0.2517510652542114,0.30302244424819946,4.722597599029541
8,0.8,0.2,input_at,0,9,3.100041389465332,9,0.5049387216567993,0.04479505866765976,0.1413649618625641,0.29701438546180725,4.708429336547852
8,0.8,0.2,input_at,0,10,2.7900373935699463,10,0.7754015922546387,0.19409213960170746,0.03783610090613365,0.44458502531051636,3.6722052097320557
8,0.8,0.2,input_at,0,11,2.511033535003662,11,0.3621939420700073,0.016586290672421455,0.26513439416885376,0.3017657399177551,4.679683685302734
8,0.8,0.2,input_at,0,13,2.0339369773864746,13,1.112637996673584,0.20698775351047516,0.049486659467220306,0.34512338042259216,4.545619964599609
8,0.8,0.2,input_at,0,14,1.8305432796478271,14,0.7821729183197021,0.06683193892240524,0.2214938849210739,0.31079408526420593,4.684662342071533
8,0.8,0.2,input_at,0,15,1.6474888324737549,15,0.6027185320854187,0.06233271583914757,0.24598795175552368,0.30702337622642517,4.782078742980957
8,0.8,0.2,input_at,0,17,1.3344659805297852,17,1.7608888149261475,0.29841503500938416,0.214462012052536,0.3146621286869049,4.659193992614746
8,0.8,0.2,input_at,0,18,1.2010194063186646,18,0.3757246434688568,0.023828091099858284,0.24371811747550964,0.3016497492790222,4.777889251708984
8,0.8,0.2,input_at,0,19,1.0809173583984375,19,0.6302588582038879,0.047045838087797165,0.26506760716438293,0.2940787374973297,4.7364044189453125
8,0.8,0.2,input_at,0,22,0.7879887223243713,22,0.6635054349899292,0.0537174828350544,0.23874524235725403,0.308901309967041,4.587962627410889
8,0.8,0.2,input_at,0,23,0.7091898322105408,23,0.4128880500793457,0.032579705119132996,0.2180386483669281,0.32212284207344055,4.6051130294799805
8,0.8,0.2,input_at,0,24,0.6382707953453064,24,0.5147823691368103,0.04389343410730362,0.2025802880525589,0.30125924944877625,4.668225288391113
8,0.8,0.2,input_at,0,26,0.5169993042945862,26,0.5197350382804871,0.030628295615315437,0.24177739024162292,0.3066360652446747,4.692176342010498
8,0.8,0.2,input_at,0,27,0.4652993679046631,27,0.9384257793426514,0.09582582861185074,0.24629199504852295,0.3021947145462036,4.70698881149292
8,0.8,0.2,input_at,0,28,0.4187694489955902,28,0.353842556476593,0.013006611727178097,0.27667245268821716,0.29513421654701233,4.660200119018555
8,0.8,0.2,input_at,0,29,0.37689247727394104,29,0.43595537543296814,0.02542809769511223,0.23717451095581055,0.3048577904701233,4.664270877838135
8,0.8,0.2,input_at,0,30,0.33920323848724365,30,0.5094611048698425,0.028610149398446083,0.1872953176498413,0.3180848956108093,4.641047477722168
8,0.8,0.2,input_at,0,31,0.3052828907966614,31,0.4363837242126465,0.028251152485609055,0.23532891273498535,0.3034367561340332,4.6806464195251465
8,0.8,0.2,input_at,0,32,0.2747545838356018,32,0.658645749092102,0.04859497398138046,0.2763001620769501,0.3072487711906433,4.704312324523926
8,0.8,0.2,input_at,0,33,0.2472791224718094,33,0.7600302696228027,0.055123697966337204,0.2596610486507416,0.3035881221294403,4.687723159790039
8,0.8,0.2,input_at,0,34,0.22255121171474457,34,0.4644586741924286,0.03752894699573517,0.21918533742427826,0.3026106655597687,4.679577350616455
8,0.8,0.2,input_at,0,35,0.2002960741519928,35,0.6005052924156189,0.07012733072042465,0.17793947458267212,0.3145269453525543,4.618159770965576
8,0.8,0.2,input_at,0,36,0.18026646971702576,36,0.3614577054977417,0.015341590158641338,0.2250693142414093,0.3070736527442932,4.6165337562561035
8,0.8,0.2,input_at,0,37,0.16223981976509094,37,0.46877437829971313,0.021691080182790756,0.23807071149349213,0.3154735267162323,4.6379594802856445
8,0.8,0.2,input_at,0,38,0.14601582288742065,38,0.5542147159576416,0.04625510424375534,0.2430163472890854,0.3008924126625061,4.757274627685547
8,0.8,0.2,input_at,0,39,0.1314142495393753,39,0.5315569639205933,0.03330880030989647,0.24379682540893555,0.29502391815185547,4.738468170166016
8,0.8,0.2,input_at,0,40,0.1182728186249733,40,0.34997302293777466,0.01433939766138792,0.2421955168247223,0.3041113317012787,4.6355977058410645
8,0.8,0.2,input_at,0,42,0.09580098092556,42,0.5479183197021484,0.03362281620502472,0.2603611946105957,0.29821524024009705,4.77361536026001
8,0.8,0.2,input_at,0,43,0.0862208753824234,43,0.4232568144798279,0.019338566809892654,0.2647256553173065,0.30397775769233704,4.734674453735352
8,0.8,0.2,input_at,0,44,0.07759878784418106,44,0.4162212014198303,0.01998356357216835,0.22926031053066254,0.2948487102985382,4.690261363983154
8,0.8,0.2,input_at,0,45,0.06983890384435654,45,0.6438407301902771,0.05391957238316536,0.23630598187446594,0.29231807589530945,4.749050140380859
8,0.8,0.2,input_at,0,46,0.06285501271486282,46,0.6607601046562195,0.05046996846795082,0.24754688143730164,0.29674288630485535,4.768526077270508
8,0.8,0.2,input_at,0,48,0.050912562757730484,48,0.4900493919849396,0.04804759845137596,0.18747760355472565,0.30690112709999084,4.65740442276001
8,0.8,0.2,input_at,0,50,0.041239168494939804,50,0.9617173075675964,0.10564300417900085,0.23265674710273743,0.3132011592388153,4.595959186553955
8,0.8,0.2,input_at,0,51,0.03711525350809097,51,0.8542900085449219,0.09545722603797913,0.24206604063510895,0.30195772647857666,4.805964469909668
8,0.8,0.2,input_at,0,52,0.033403728157281876,52,0.9915556907653809,0.1141035333275795,0.2461117058992386,0.297530859708786,4.742753505706787
8,0.8,0.2,input_at,0,53,0.03006335347890854,53,0.4963937997817993,0.02921076864004135,0.23907175660133362,0.29625755548477173,4.70581579208374
8,0.8,0.2,input_at,0,54,0.027057018131017685,54,0.4822984039783478,0.03390561789274216,0.20064084231853485,0.30582937598228455,4.691385269165039
8,0.8,0.2,input_at,0,55,0.024351315572857857,55,0.5230557322502136,0.0307165440171957,0.23721791803836823,0.30701202154159546,4.686172008514404
8,0.8,0.2,input_at,0,56,0.021916182711720467,56,0.42828017473220825,0.024629153311252594,0.24842168390750885,0.29203152656555176,4.72331428527832
8,0.8,0.2,input_at,0,57,0.019724562764167786,57,0.3523240089416504,0.015333279967308044,0.1993585228919983,0.29757314920425415,4.7231879234313965
8,0.8,0.2,input_at,0,58,0.017752105370163918,58,0.7139749526977539,0.08311604708433151,0.21458345651626587,0.3146772086620331,4.640203475952148
8,0.8,0.2,input_at,0,59,0.01597689650952816,59,1.2464264631271362,0.16276605427265167,0.20950962603092194,0.30577197670936584,4.674508094787598
8,0.8,0.2,input_at,0,60,0.01437920518219471,60,0.3461645245552063,0.025278031826019287,0.1715279221534729,0.2964801490306854,4.707887172698975
8,0.8,0.2,input_at,0,61,0.012941285036504269,61,0.6058327555656433,0.05310914292931557,0.19609972834587097,0.323266863822937,4.556674003601074
8,0.8,0.2,input_at,0,62,0.011647156439721584,62,0.3281005918979645,0.012305190786719322,0.22270680963993073,0.31112101674079895,4.67810583114624
8,0.8,0.2,input_at,0,65,0.008490776643157005,65,0.49727076292037964,0.045263536274433136,0.18267643451690674,0.30557695031166077,4.691509246826172
8,0.8,0.2,input_at,0,66,0.007641698233783245,66,0.5868642926216125,0.046782366931438446,0.21630685031414032,0.30432742834091187,4.7626633644104
8,0.8,0.2,input_at,0,67,0.006877528503537178,67,0.6918284296989441,0.05816962197422981,0.2324213981628418,0.29837340116500854,4.684329509735107
8,0.8,0.2,input_at,0,68,0.00618977565318346,68,0.3799961507320404,0.018120527267456055,0.23166342079639435,0.3005690276622772,4.739100933074951
8,0.8,0.2,input_at,0,69,0.005570797715336084,69,1.0811408758163452,0.12072262167930603,0.20599746704101562,0.31157028675079346,4.655429840087891
8,0.8,0.2,input_at,0,71,0.004512345883995295,71,0.3104122281074524,0.012515227310359478,0.2123650163412094,0.30998650193214417,4.674797058105469
8,0.8,0.2,input_at,0,72,0.004061111249029636,72,0.6210963129997253,0.05211687833070755,0.17642338573932648,0.30444997549057007,4.7013654708862305
8,0.8,0.2,input_at,0,73,0.003654999891296029,73,1.6505210399627686,0.26780733466148376,0.18712089955806732,0.29603299498558044,4.722461700439453
8,0.8,0.2,input_at,0,74,0.003289500018581748,74,0.5140339136123657,0.0374419279396534,0.18511337041854858,0.3002583682537079,4.625940322875977
8,0.8,0.2,input_at,0,75,0.0029605496674776077,75,0.4400610029697418,0.02637634240090847,0.17863400280475616,0.31429538130760193,4.64700984954834
8,0.8,0.2,input_at,0,77,0.0023980452679097652,77,0.6916214823722839,0.07402446866035461,0.2468005269765854,0.3011733293533325,4.690361976623535
8,0.8,0.2,input_at,0,78,0.0021582406479865313,78,0.7025255560874939,0.05965781584382057,0.22083336114883423,0.30015912652015686,4.6940836906433105
8,0.8,0.2,input_at,0,79,0.0019424165366217494,79,0.6075526475906372,0.04137181118130684,0.25111979246139526,0.3018540143966675,4.6335272789001465
8,0.8,0.2,input_at,1,0,8.001750946044922,0,1.1748111248016357,0.8910349607467651,0.01636350527405739,0.3817644417285919,4.890930652618408
8,0.8,0.2,input_at,1,1,7.201575756072998,1,1.7129117250442505,0.5821667909622192,0.20092186331748962,0.3413572609424591,5.4428534507751465
8,0.8,0.2,input_at,1,2,6.481417655944824,2,1.0821270942687988,0.919039249420166,0.004708168096840382,0.4297114908695221,4.256211280822754
8,0.8,0.2,input_at,1,3,5.83327579498291,3,0.8500002026557922,0.16410699486732483,0.31570863723754883,0.27135583758354187,6.6753058433532715
8,0.8,0.2,input_at,1,4,5.249948024749756,4,1.213322639465332,0.6621878743171692,0.0533529594540596,0.42558804154396057,4.340113162994385
8,0.8,0.2,input_at,1,6,4.252457618713379,6,0.3662731349468231,0.041195616126060486,0.07872126996517181,0.21642474830150604,7.456796169281006
8,0.8,0.2,input_at,1,7,3.82721209526062,7,1.4252443313598633,0.6256827116012573,0.11048147827386856,0.3198525905609131,5.910384178161621
8,0.8,0.2,input_at,1,9,3.100041389465332,9,1.1772980690002441,0.4462038576602936,0.04480336979031563,0.44478413462638855,4.101296424865723
8,0.8,0.2,input_at,1,10,2.7900373935699463,10,1.4754983186721802,0.44751647114753723,0.058669090270996094,0.3534785211086273,5.308568954467773
8,0.8,0.2,input_at,1,11,2.511033535003662,11,1.4755403995513916,0.4782089293003082,0.029219472780823708,0.3734487295150757,5.0484843254089355
8,0.8,0.2,input_at,1,12,2.25993013381958,12,1.4784197807312012,0.48042380809783936,0.028785213828086853,0.3747267425060272,5.043437480926514
8,0.8,0.2,input_at,1,13,2.0339369773864746,13,1.4698035717010498,0.4454767107963562,0.05726519599556923,0.365949809551239,5.106171131134033
8,0.8,0.2,input_at,1,14,1.8305432796478271,14,0.3584538996219635,0.02736605331301689,0.29879528284072876,0.25168338418006897,6.923603057861328
8,0.8,0.2,input_at,1,15,1.6474888324737549,15,1.2515208721160889,0.4118049442768097,0.0779966488480568,0.37153854966163635,5.019673824310303
8,0.8,0.2,input_at,1,16,1.482740044593811,16,0.49769675731658936,0.05008804053068161,0.3317575454711914,0.25405848026275635,6.984582424163818
8,0.8,0.2,input_at,1,17,1.3344659805297852,17,0.6685847043991089,0.09255923330783844,0.3120952248573303,0.2937827706336975,6.345136642456055
8,0.8,0.2,input_at,1,18,1.2010194063186646,18,0.3511822521686554,0.024912916123867035,0.33753854036331177,0.23680895566940308,7.164200782775879
8,0.8,0.2,input_at,1,19,1.0809173583984375,19,0.6045127511024475,0.0693276897072792,0.385281503200531,0.275909423828125,6.625097274780273
8,0.8,0.2,input_at,1,39,0.1314142495393753,39,0.3410552144050598,0.01836179569363594,0.6704785227775574,0.21579940617084503,7.441043853759766
8,0.8,0.2,input_at,1,46,0.06285501271486282,46,0.7425552010536194,0.0858016163110733,0.6810643672943115,0.23265588283538818,7.165408134460449
8,0.8,0.2,input_at,1,55,0.024351315572857857,55,0.3387010097503662,0.017770299687981606,0.6838425397872925,0.22471033036708832,7.2962517738342285
8,0.8,0.2,input_at,1,56,0.021916182711720467,56,0.3169728219509125,0.015579378232359886,0.6836605072021484,0.2208559811115265,7.382979869842529
8,0.8,0.2,input_at,1,57,0.019724562764167786,57,0.561791181564331,0.04911387711763382,0.681962788105011,0.2285994291305542,7.265775680541992
8,0.8,0.2,input_at,1,58,0.017752105370163918,58,0.31836339831352234,0.015780983492732048,0.6828539371490479,0.22837741672992706,7.296201705932617
8,0.8,0.2,input_at,1,59,0.01597689650952816,59,0.6263039708137512,0.061088770627975464,0.6809527277946472,0.23317642509937286,7.203420162200928
8,0.8,0.2,input_at,1,61,0.012941285036504269,61,0.3664397597312927,0.021079765632748604,0.6742830872535706,0.21385523676872253,7.439442157745361
8,0.8,0.2,input_at,1,65,0.008490776643157005,65,0.3222797214984894,0.016112113371491432,0.683623731136322,0.21940037608146667,7.326489448547363
8,0.8,0.2,input_at,1,68,0.00618977565318346,68,0.7711610198020935,0.09267739206552505,0.6812521815299988,0.22754700481891632,7.231821060180664
8,0.8,0.2,input_at,1,69,0.005570797715336084,69,0.33024322986602783,0.016912352293729782,0.6840633749961853,0.22148817777633667,7.344542503356934
8,0.8,0.2,input_at,1,73,0.003654999891296029,73,0.7328685522079468,0.08436308056116104,0.6755342483520508,0.22777727246284485,7.233343124389648
8,0.8,0.2,input_at,1,74,0.003289500018581748,74,0.5096442699432373,0.04093336686491966,0.6733850836753845,0.2260330617427826,7.279544353485107
8,0.8,0.2,input_at,1,76,0.0026644947938621044,76,0.3179982602596283,0.015987640246748924,0.6707889437675476,0.2305459827184677,7.273571968078613
8,0.8,0.2,input_at,2,0,8.001750946044922,0,2.4658467769622803,0.8145812153816223,0.01780666783452034,0.7666136026382446,1.665382742881775
8,0.8,0.2,input_at,2,1,7.201575756072998,1,1.2574373483657837,0.4702981412410736,0.057791680097579956,0.5312072038650513,2.8568999767303467
8,0.8,0.2,input_at,2,2,6.481417655944824,2,1.4733814001083374,0.49172720313072205,0.06199431046843529,0.5281932950019836,2.9622392654418945
8,0.8,0.2,input_at,2,3,5.83327579498291,3,1.4210214614868164,0.333804726600647,0.07443965971469879,0.6672937870025635,2.1052632331848145
8,0.8,0.2,input_at,2,4,5.249948024749756,4,1.9068176746368408,0.6044221520423889,0.04436822235584259,0.4893234372138977,3.3403356075286865
8,0.8,0.2,input_at,2,5,4.7249531745910645,5,1.3723379373550415,0.39652395248413086,0.0897679254412651,0.38466009497642517,3.668062925338745
8,0.8,0.2,input_at,2,6,4.252457618713379,6,0.853306770324707,0.12115465104579926,0.18295377492904663,0.41177991032600403,3.964294910430908
8,0.8,0.2,input_at,2,7,3.82721209526062,7,0.33164694905281067,0.010758999735116959,0.3417641818523407,0.45944419503211975,3.634752035140991
8,0.8,0.2,input_at,2,8,3.444490671157837,8,0.41020673513412476,0.024422429502010345,0.21716538071632385,0.44513437151908875,3.7384560108184814
8,0.8,0.2,input_at,2,9,3.100041389465332,9,0.41187942028045654,0.01613103598356247,0.3300362527370453,0.4308631122112274,3.8642282485961914
8,0.8,0.2,input_at,2,10,2.7900373935699463,10,0.6285092830657959,0.044479090720415115,0.28171515464782715,0.4590122103691101,3.613863468170166
8,0.8,0.2,input_at,2,11,2.511033535003662,11,0.37448224425315857,0.012985710054636002,0.35973477363586426,0.43506890535354614,3.860093832015991
8,0.8,0.2,input_at,2,13,2.0339369773864746,13,0.33619362115859985,0.009426842443645,0.36691543459892273,0.4544559419155121,3.6780598163604736
8,0.8,0.2,input_at,2,15,1.6474888324737549,15,0.40748509764671326,0.013681197538971901,0.3585880994796753,0.4538559317588806,3.658008098602295
8,0.8,0.2,input_at,2,18,1.2010194063186646,18,0.32827338576316833,0.020556604489684105,0.2072509378194809,0.4550413489341736,3.6567652225494385
8,0.8,0.2,input_at,2,21,0.8755429983139038,21,0.9020606875419617,0.06530806422233582,0.36728888750076294,0.4599718153476715,3.6044085025787354
8,0.8,0.2,input_at,2,22,0.7879887223243713,22,0.4511350691318512,0.019043801352381706,0.29634329676628113,0.44645386934280396,3.710974931716919
8,0.8,0.2,input_at,2,23,0.7091898322105408,23,0.3776490390300751,0.02421126514673233,0.21355345845222473,0.47343406081199646,3.4960484504699707
8,0.8,0.2,input_at,2,24,0.6382707953453064,24,0.3496023714542389,0.01251181960105896,0.2823953628540039,0.4529711604118347,3.685194492340088
8,0.8,0.2,input_at,2,26,0.5169993042945862,26,0.5866201519966125,0.044165659695863724,0.2692045271396637,0.44815564155578613,3.719311475753784
8,0.8,0.2,input_at,2,27,0.4652993679046631,27,0.5074985027313232,0.04290932044386864,0.23516196012496948,0.4419311285018921,3.7602076530456543
8,0.8,0.2,input_at,2,28,0.4187694489955902,28,0.775338888168335,0.06272759288549423,0.3323976993560791,0.4438158869743347,3.7524919509887695
8,0.8,0.2,input_at,2,29,0.37689247727394104,29,0.3006168007850647,0.014863109216094017,0.27521172165870667,0.453980416059494,3.6512765884399414
8,0.8,0.2,input_at,2,31,0.3052828907966614,31,0.4226992428302765,0.0315144881606102,0.22541335225105286,0.42874354124069214,3.8892641067504883
8,0.8,0.2,input_at,2,32,0.2747545838356018,32,0.318422794342041,0.012041933834552765,0.3001742660999298,0.4481453597545624,3.7060253620147705
8,0.8,0.2,input_at,2,33,0.2472791224718094,33,0.33499354124069214,0.016981109976768494,0.23962068557739258,0.45554232597351074,3.6482152938842773
8,0.8,0.2,input_at,2,38,0.14601582288742065,38,1.0370651483535767,0.09267069399356842,0.30654409527778625,0.44304195046424866,3.774061441421509
8,0.8,0.2,input_at,2,39,0.1314142495393753,39,0.32513418793678284,0.010726743377745152,0.29062625765800476,0.44937193393707275,3.6999852657318115
8,0.8,0.2,input_at,2,40,0.1182728186249733,40,1.2300223112106323,0.12863591313362122,0.325888991355896,0.4616619348526001,3.5874834060668945
8,0.8,0.2,input_at,2,41,0.10644552856683731,41,0.48893973231315613,0.06326133012771606,0.18645845353603363,0.45875149965286255,3.618072748184204
8,0.8,0.2,input_at,2,42,0.09580098092556,42,0.7968897223472595,0.09693528711795807,0.2534988522529602,0.4505314230918884,3.700596809387207
8,0.8,0.2,input_at,2,43,0.0862208753824234,43,0.5385876893997192,0.05497920513153076,0.21241798996925354,0.46428951621055603,3.5592615604400635
8,0.8,0.2,input_at,2,44,0.07759878784418106,44,1.1189308166503906,0.09886271506547928,0.3264985978603363,0.46568313241004944,3.536390542984009
8,0.8,0.2,input_at,2,45,0.06983890384435654,45,0.7317480444908142,0.04252881184220314,0.37057799100875854,0.45679137110710144,3.649733781814575
8,0.8,0.2,input_at,2,46,0.06285501271486282,46,0.3679356873035431,0.025780845433473587,0.14825481176376343,0.4468122124671936,3.711974859237671
8,0.8,0.2,input_at,2,47,0.05656951293349266,47,0.723603367805481,0.08258526772260666,0.23278836905956268,0.45206642150878906,3.6803641319274902
8,0.8,0.2,input_at,2,48,0.050912562757730484,48,0.7015403509140015,0.03877471759915352,0.35984212160110474,0.46031421422958374,3.6032509803771973
8,0.8,0.2,input_at,2,50,0.041239168494939804,50,0.4290459454059601,0.03733989968895912,0.11906199157238007,0.44605696201324463,3.706234931945801
8,0.8,0.2,input_at,2,51,0.03711525350809097,51,0.9226465821266174,0.09063645452260971,0.2793119251728058,0.4670986235141754,3.5552055835723877
8,0.8,0.2,input_at,2,52,0.033403728157281876,52,0.5529859066009521,0.02438034676015377,0.377713143825531,0.4497116506099701,3.704777240753174
8,0.8,0.2,input_at,2,53,0.03006335347890854,53,0.3968067765235901,0.01953178457915783,0.26140591502189636,0.4683276116847992,3.54036283493042
8,0.8,0.2,input_at,2,54,0.027057018131017685,54,0.548637330532074,0.02697502076625824,0.3461904525756836,0.4600963890552521,3.593461036682129
8,0.8,0.2,input_at,2,55,0.024351315572857857,55,0.5093376040458679,0.029903126880526543,0.32378584146499634,0.45794200897216797,3.6199069023132324
8,0.8,0.2,input_at,2,56,0.021916182711720467,56,0.7612634897232056,0.053722091019153595,0.3018711805343628,0.4594525098800659,3.6071956157684326
8,0.8,0.2,input_at,2,58,0.017752105370163918,58,0.7392105460166931,0.045864276587963104,0.32261577248573303,0.44153013825416565,3.779365062713623
8,0.8,0.2,input_at,2,59,0.01597689650952816,59,0.8355879783630371,0.0562112033367157,0.3459855914115906,0.46558356285095215,3.5594987869262695
8,0.8,0.2,input_at,2,60,0.01437920518219471,60,0.3110714554786682,0.016254184767603874,0.1185188740491867,0.4431537687778473,3.7685842514038086
8,0.8,0.2,input_at,2,61,0.012941285036504269,61,0.4038730263710022,0.03092539869248867,0.21084706485271454,0.4629947543144226,3.588376998901367
8,0.8,0.2,input_at,2,62,0.011647156439721584,62,0.5636994242668152,0.0265989787876606,0.3456001281738281,0.42981693148612976,3.8721396923065186
8,0.8,0.2,input_at,2,63,0.010482440702617168,63,1.0650633573532104,0.1003667488694191,0.28008225560188293,0.46538400650024414,3.543872117996216
8,0.8,0.2,input_at,2,65,0.008490776643157005,65,0.4824616014957428,0.024242306128144264,0.22847655415534973,0.4641062617301941,3.5894646644592285
8,0.8,0.2,input_at,2,66,0.007641698233783245,66,0.706404983997345,0.05969267338514328,0.2946198880672455,0.4521145522594452,3.668971061706543
8,0.8,0.2,input_at,2,67,0.006877528503537178,67,0.6093756556510925,0.029648058116436005,0.36628708243370056,0.44820526242256165,3.7184059619903564
8,0.8,0.2,input_at,2,68,0.00618977565318346,68,0.7725950479507446,0.08259741216897964,0.18362833559513092,0.4428310692310333,3.7702085971832275
8,0.8,0.2,input_at,2,69,0.005570797715336084,69,0.7030189633369446,0.05487971007823944,0.26175111532211304,0.4408259689807892,3.7687511444091797
8,0.8,0.2,input_at,2,70,0.00501371780410409,70,0.38564276695251465,0.014891043305397034,0.2940773665904999,0.45015180110931396,3.6958765983581543
8,0.8,0.2,input_at,2,71,0.004512345883995295,71,0.657379150390625,0.044925060123205185,0.29252785444259644,0.44493481516838074,3.751941680908203
8,0.8,0.2,input_at,2,72,0.004061111249029636,72,0.6326465010643005,0.037281397730112076,0.3191151022911072,0.4609469175338745,3.597744941711426
8,0.8,0.2,input_at,2,73,0.003654999891296029,73,0.35418030619621277,0.011810371652245522,0.3610212802886963,0.4477052390575409,3.7290139198303223
8,0.8,0.2,input_at,2,74,0.003289500018581748,74,1.0780271291732788,0.11265287548303604,0.2589789927005768,0.4465823471546173,3.7029781341552734
8,0.8,0.2,input_at,2,75,0.0029605496674776077,75,0.5454162359237671,0.03109101764857769,0.24331602454185486,0.44862285256385803,3.717216968536377
8,0.8,0.2,input_at,2,76,0.0026644947938621044,76,0.7661530375480652,0.04770646616816521,0.36263957619667053,0.4460461437702179,3.742497205734253
8,0.8,0.2,input_at,2,77,0.0023980452679097652,77,0.5243461728096008,0.03278713673353195,0.2891581952571869,0.47037893533706665,3.5216641426086426
8,0.8,0.2,input_at,2,78,0.0021582406479865313,78,0.4445111155509949,0.029354913160204887,0.24709729850292206,0.45241671800613403,3.665386199951172
8,0.8,0.2,input_at,2,79,0.0019424165366217494,79,0.9217816591262817,0.11640879511833191,0.24914862215518951,0.46071210503578186,3.606226921081543
8,0.8,0.2,lat,0,0,8.001750946044922,0,3.487974166870117,0.8468625545501709,0.016095057129859924,0.3117749094963074,6.046291351318359
8,0.8,0.2,lat,0,1,7.201575756072998,1,1.976927638053894,0.4944181442260742,0.0169817004352808,0.2884315848350525,6.38673734664917
8,0.8,0.2,lat,0,3,5.83327579498291,3,1.8376028537750244,0.4968699514865875,0.014286291785538197,0.2948319911956787,6.165476322174072
8,0.8,0.2,lat,0,4,5.249948024749756,4,1.9647070169448853,0.4896375238895416,0.016448767855763435,0.27044883370399475,6.615242004394531
8,0.8,0.2,lat,0,5,4.7249531745910645,5,1.6374679803848267,0.21266113221645355,0.039796650409698486,0.373343288898468,5.047125816345215
8,0.8,0.2,lat,0,6,4.252457618713379,6,1.8302723169326782,0.4884246289730072,0.018111495301127434,0.30144792795181274,6.152693748474121
8,0.8,0.2,lat,0,7,3.82721209526062,7,2.3290205001831055,0.5541369318962097,0.03056437149643898,0.21856659650802612,7.437936305999756
8,0.8,0.2,lat,0,8,3.444490671157837,8,1.9663546085357666,0.6782662868499756,0.03708113729953766,0.32788240909576416,5.789368629455566
8,0.8,0.2,lat,0,9,3.100041389465332,9,1.889035940170288,0.4605568051338196,0.02327822521328926,0.32980382442474365,5.842179298400879
8,0.8,0.2,lat,0,10,2.7900373935699463,10,1.8927559852600098,0.46003225445747375,0.02652643993496895,0.32979175448417664,5.804547309875488
8,0.8,0.2,lat,0,11,2.511033535003662,11,1.5336920022964478,0.42625126242637634,0.023566819727420807,0.4453466236591339,4.15971040725708
8,0.8,0.2,lat,0,12,2.25993013381958,12,2.084986925125122,0.425291508436203,0.019797617569565773,0.2703621983528137,6.717777729034424
8,0.8,0.2,lat,0,13,2.0339369773864746,13,1.4919651746749878,0.41718998551368713,0.02527545765042305,0.436509370803833,4.274549961090088
8,0.8,0.2,lat,0,14,1.8305432796478271,14,1.7037014961242676,0.42678505182266235,0.05880826711654663,0.3467217683792114,5.510701656341553
8,0.8,0.2,lat,0,15,1.6474888324737549,15,1.6301130056381226,0.5161452889442444,0.07766728103160858,0.3414214849472046,5.564596176147461
8,0.8,0.2,lat,0,17,1.3344659805297852,17,1.5710750818252563,0.3066027760505676,0.3290501832962036,0.37445974349975586,5.085930347442627
8,0.8,0.2,lat,0,30,0.33920323848724365,30,0.3448103666305542,0.012909181416034698,0.6331225037574768,0.2166607826948166,7.71425724029541
8,0.8,0.2,lat,0,31,0.3052828907966614,31,0.3199928104877472,0.011378612369298935,0.636122465133667,0.20594771206378937,7.853297233581543
8,0.8,0.2,lat,0,32,0.2747545838356018,32,0.3501993417739868,0.013182871975004673,0.6320220828056335,0.21514581143856049,7.699652194976807
8,0.8,0.2,lat,0,33,0.2472791224718094,33,0.5359805226325989,0.030991774052381516,0.6407472491264343,0.2170405238866806,7.695463180541992
8,0.8,0.2,lat,0,37,0.16223981976509094,37,0.3477359116077423,0.013067313469946384,0.6398410797119141,0.21449443697929382,7.722872257232666
8,0.8,0.2,lat,0,43,0.0862208753824234,43,0.4433961808681488,0.021769067272543907,0.6371400952339172,0.21352866291999817,7.750281810760498
8,0.8,0.2,lat,0,44,0.07759878784418106,44,0.39342525601387024,0.017178531736135483,0.6358402371406555,0.21529103815555573,7.710633277893066
8,0.8,0.2,lat,0,45,0.06983890384435654,45,0.4527515172958374,0.0226900614798069,0.6366692781448364,0.21961697936058044,7.63013219833374
8,0.8,0.2,lat,0,52,0.033403728157281876,52,0.6052637100219727,0.03966939076781273,0.6405846476554871,0.22103703022003174,7.633516311645508
8,0.8,0.2,lat,0,53,0.03006335347890854,53,0.4180769622325897,0.019394202157855034,0.6360709071159363,0.21439531445503235,7.6310954093933105
8,0.8,0.2,lat,0,55,0.024351315572857857,55,0.37632158398628235,0.01532494556158781,0.6415878534317017,0.21606001257896423,7.6994218826293945
8,0.8,0.2,lat,0,56,0.021916182711720467,56,0.3244932293891907,0.011743810959160328,0.6344517469406128,0.2198268473148346,7.648734092712402
8,0.8,0.2,lat,0,57,0.019724562764167786,57,0.34019607305526733,0.012895671650767326,0.6342272162437439,0.20871952176094055,7.775862216949463
8,0.8,0.2,lat,0,59,0.01597689650952816,59,0.4721320569515228,0.02479076385498047,0.6356452107429504,0.20648851990699768,7.819032192230225
8,0.8,0.2,lat,0,69,0.005570797715336084,69,0.7819095253944397,0.06746349483728409,0.6381257772445679,0.2201109081506729,7.604511737823486
8,0.8,0.2,lat,0,72,0.004061111249029636,72,0.3074043393135071,0.010259282775223255,0.640987753868103,0.21388906240463257,7.772470474243164
8,0.8,0.2,lat,0,73,0.003654999891296029,73,1.63404381275177,0.2919805943965912,0.6406752467155457,0.2172420173883438,7.671231746673584
8,0.8,0.2,lat,0,75,0.0029605496674776077,75,0.41125747561454773,0.018839294090867043,0.635354220867157,0.2028343379497528,7.805473327636719
8,0.8,0.2,lat,0,76,0.0026644947938621044,76,0.3021206855773926,0.010242879390716553,0.6323596835136414,0.21217015385627747,7.757114887237549
8,0.8,0.2,lat,0,78,0.0021582406479865313,78,0.4497228264808655,0.021995792165398598,0.6417217254638672,0.21987441182136536,7.604121685028076
8,0.8,0.2,lat,0,79,0.0019424165366217494,79,0.6792124509811401,0.05100925266742706,0.6376299858093262,0.22002030909061432,7.638773441314697
8,0.8,0.2,lat,1,0,8.001750946044922,0,2.461622476577759,0.5206254720687866,0.05907124653458595,0.2042657434940338,8.023818969726562
8,0.8,0.2,lat,1,1,7.201575756072998,1,3.280136823654175,0.7752295732498169,0.08518185466527939,0.36112040281295776,5.42950963973999
8,0.8,0.2,lat,1,2,6.481417655944824,2,1.8991118669509888,0.9667490124702454,0.009992161765694618,0.2689703404903412,7.043469429016113
8,0.8,0.2,lat,1,3,5.83327579498291,3,2.3163511753082275,0.4981212913990021,0.06104343757033348,0.2279353141784668,7.662720203399658
8,0.8,0.2,lat,1,4,5.249948024749756,4,2.1057512760162354,0.49509286880493164,0.03667151555418968,0.2750212848186493,6.8577961921691895
8,0.8,0.2,lat,1,5,4.7249531745910645,5,2.1578407287597656,0.49264824390411377,0.04095807671546936,0.2599397897720337,7.143369197845459
8,0.8,0.2,lat,1,6,4.252457618713379,6,2.1045420169830322,0.4945547580718994,0.03658945485949516,0.27879539132118225,6.777946472167969
8,0.8,0.2,lat,1,7,3.82721209526062,7,1.825998306274414,0.48985081911087036,0.04026876389980316,0.34483540058135986,5.670772075653076
8,0.8,0.2,lat,1,8,3.444490671157837,8,2.156318187713623,0.49188411235809326,0.0409550666809082,0.2674066424369812,6.967135906219482
8,0.8,0.2,lat,1,9,3.100041389465332,9,2.139540672302246,0.3546057343482971,0.14919137954711914,0.3501230478286743,5.618296146392822
8,0.8,0.2,lat,1,10,2.7900373935699463,10,2.291668176651001,0.4876943826675415,0.060941606760025024,0.2302567958831787,7.569900035858154
8,0.8,0.2,lat,1,11,2.511033535003662,11,1.8184608221054077,0.4859769940376282,0.040269989520311356,0.34815606474876404,5.595421314239502
8,0.8,0.2,lat,1,12,2.25993013381958,12,1.8316776752471924,0.42964351177215576,0.12694032490253448,0.40960392355918884,4.700222492218018
8,0.8,0.2,lat,1,13,2.0339369773864746,13,2.341318130493164,0.4710688292980194,0.05834125727415085,0.199129119515419,8.101978302001953
8,0.8,0.2,lat,1,14,1.8305432796478271,14,0.5332488417625427,0.04383072257041931,0.3573589026927948,0.19578063488006592,8.197385787963867
8,0.8,0.2,lat,1,15,1.6474888324737549,15,1.5145539045333862,0.5746484398841858,0.1562213897705078,0.445645272731781,4.171212673187256
8,0.8,0.2,lat,1,16,1.482740044593811,16,0.5176755785942078,0.0399274006485939,0.4477992057800293,0.18172015249729156,8.478652954101562
8,0.8,0.2,lat,1,17,1.3344659805297852,17,1.886561632156372,0.4286220371723175,0.1636146754026413,0.3746681809425354,5.210210800170898
8,0.8,0.2,lat,1,18,1.2010194063186646,18,0.44271525740623474,0.03436325117945671,0.4094652235507965,0.18659749627113342,8.271041870117188
8,0.8,0.2,lat,1,19,1.0809173583984375,19,1.2923861742019653,0.25100019574165344,0.4550991356372833,0.21113134920597076,8.141843795776367
8,0.8,0.2,lat,1,20,0.9728255867958069,20,0.9822697639465332,0.15359385311603546,0.44637057185173035,0.20527832210063934,8.16496753692627
8,0.8,0.2,lat,1,22,0.7879887223243713,22,0.39719894528388977,0.024970846250653267,0.4494019150733948,0.1836368888616562,8.327451705932617
8,0.8,0.2,lat,1,24,0.6382707953453064,24,0.6731768846511841,0.07148046791553497,0.453412264585495,0.1774773746728897,8.522500991821289
8,0.8,0.2,lat,1,27,0.4652993679046631,27,0.3202228546142578,0.01580837368965149,0.45486605167388916,0.18407593667507172,8.461254119873047
8,0.8,0.2,lat,2,0,8.001750946044922,0,2.1944568157196045,0.4847714304924011,0.024910317733883858,0.4199710488319397,4.139445781707764
8,0.8,0.2,lat,2,1,7.201575756072998,1,2.1731116771698,0.4807334244251251,0.021485570818185806,0.419341504573822,4.115799427032471
8,0.8,0.2,lat,2,2,6.481417655944824,2,2.553687572479248,0.49666517972946167,0.01757015660405159,0.4443014860153198,4.049111366271973
8,0.8,0.2,lat,2,3,5.83327579498291,3,1.9776411056518555,0.4975336492061615,0.015062973834574223,0.43166154623031616,3.9277122020721436
8,0.8,0.2,lat,2,4,5.249948024749756,4,2.0807087421417236,0.4890778064727783,0.05333922803401947,0.3862084150314331,4.260426998138428
8,0.8,0.2,lat,2,5,4.7249531745910645,5,1.7815426588058472,0.5037114024162292,0.014094939455389977,0.37983065843582153,4.127503395080566
8,0.8,0.2,lat,2,6,4.252457618713379,6,2.201042890548706,0.505408763885498,0.0533732995390892,0.5030972361564636,3.4059431552886963
8,0.8,0.2,lat,2,7,3.82721209526062,7,2.125627040863037,0.5213473439216614,0.03325777128338814,0.3935540020465851,4.315417766571045
8,0.8,0.2,lat,2,8,3.444490671157837,8,1.9339722394943237,0.48365291953086853,0.018951376900076866,0.588347852230072,2.6657347679138184
8,0.8,0.2,lat,2,9,3.100041389465332,9,2.5776546001434326,0.49224069714546204,0.03154033422470093,0.4294605255126953,4.2069830894470215
8,0.8,0.2,lat,2,10,2.7900373935699463,10,1.7980622053146362,0.485560804605484,0.024423714727163315,0.3860415816307068,4.100541114807129
8,0.8,0.2,lat,2,11,2.511033535003662,11,2.286996841430664,0.5046987533569336,0.12606514990329742,0.4017316997051239,4.175483226776123
8,0.8,0.2,lat,2,12,2.25993013381958,12,2.087388038635254,0.5180442929267883,0.029398996382951736,0.5279764533042908,3.1487441062927246
8,0.8,0.2,lat,2,13,2.0339369773864746,13,2.0307486057281494,0.4794577956199646,0.016294581815600395,0.6162612438201904,2.4798200130462646
8,0.8,0.2,lat,2,15,1.6474888324737549,15,0.5135045051574707,0.027485117316246033,0.3625398576259613,0.46126317977905273,3.870229959487915
8,0.8,0.2,lat,2,17,1.3344659805297852,17,0.7376788258552551,0.05850405991077423,0.3755543828010559,0.4829935133457184,3.644716262817383
8,0.8,0.2,lat,2,20,0.9728255867958069,20,0.5790834426879883,0.037064604461193085,0.3683150112628937,0.4763143062591553,3.712679862976074
8,0.8,0.2,lat,2,21,0.8755429983139038,21,0.6442690491676331,0.04340988025069237,0.2769218683242798,0.47307276725769043,3.7457115650177
8,0.8,0.2,lat,2,22,0.7879887223243713,22,0.5373068451881409,0.029423004016280174,0.329815149307251,0.46676528453826904,3.820479393005371
8,0.8,0.2,lat,2,23,0.7091898322105408,23,0.5317554473876953,0.029278937727212906,0.36342495679855347,0.4754897654056549,3.7189478874206543
8,0.8,0.2,lat,2,25,0.5744436979293823,25,0.6341599225997925,0.04287681356072426,0.3764384090900421,0.5036122798919678,3.429919958114624
8,0.8,0.2,lat,2,28,0.4187694489955902,28,0.6291282176971436,0.04029298573732376,0.33449026942253113,0.4551187753677368,3.9486494064331055
8,0.8,0.2,lat,2,29,0.37689247727394104,29,0.5250120162963867,0.029730770736932755,0.36885789036750793,0.47869086265563965,3.6883339881896973
8,0.8,0.2,lat,2,30,0.33920323848724365,30,0.550783634185791,0.03292596712708473,0.3601284325122833,0.45886921882629395,3.908372402191162
8,0.8,0.2,lat,2,31,0.3052828907966614,31,0.46959352493286133,0.022868068888783455,0.3712644577026367,0.4461166560649872,4.06080961227417
8,0.8,0.2,lat,2,32,0.2747545838356018,32,0.4392472803592682,0.021035529673099518,0.3318832218647003,0.4569995403289795,3.933668375015259
8,0.8,0.2,lat,2,33,0.2472791224718094,33,0.4417671859264374,0.020487716421484947,0.3763066530227661,0.4668525457382202,3.8232109546661377
8,0.8,0.2,lat,2,34,0.22255121171474457,34,0.34648850560188293,0.013030210509896278,0.34402909874916077,0.47215384244918823,3.7587854862213135
8,0.8,0.2,lat,2,38,0.14601582288742065,38,1.0742005109786987,0.10291352868080139,0.2977794110774994,0.4649377763271332,3.8403234481811523
8,0.8,0.2,lat,2,39,0.1314142495393753,39,0.6448351144790649,0.042132314294576645,0.3339877128601074,0.47577059268951416,3.7183475494384766
8,0.8,0.2,lat,2,40,0.1182728186249733,40,0.8912931680679321,0.08055448532104492,0.2996671199798584,0.4596312344074249,3.9009933471679688
8,0.8,0.2,lat,2,44,0.07759878784418106,44,1.0637885332107544,0.10300441831350327,0.2907101809978485,0.47962459921836853,3.6777331829071045
8,0.8,0.2,lat,2,45,0.06983890384435654,45,0.7492284178733826,0.06014300137758255,0.28105688095092773,0.4657001495361328,3.828338384628296
8,0.8,0.2,lat,2,46,0.06285501271486282,46,0.6492143273353577,0.04687459394335747,0.23519569635391235,0.46097442507743835,3.888313055038452
8,0.8,0.2,lat,2,48,0.050912562757730484,48,0.592911958694458,0.032444171607494354,0.28158286213874817,0.4608442187309265,3.883122205734253
8,0.8,0.2,lat,2,50,0.041239168494939804,50,0.6528351306915283,0.07732907682657242,0.14185123145580292,0.4645296633243561,3.8403449058532715
8,0.8,0.2,lat,2,51,0.03711525350809097,51,0.47616907954216003,0.02318892441689968,0.33263853192329407,0.4662453532218933,3.826789379119873
8,0.8,0.2,lat,2,52,0.033403728157281876,52,0.5551928877830505,0.03247174993157387,0.32027480006217957,0.4705599546432495,3.774101495742798
8,0.8,0.2,lat,2,55,0.024351315572857857,55,0.6930742859840393,0.052119746804237366,0.2791784703731537,0.4661274254322052,3.8271396160125732
8,0.8,0.2,lat,2,56,0.021916182711720467,56,0.9757126569747925,0.09639859199523926,0.3295936584472656,0.4725951552391052,3.7473461627960205
8,0.8,0.2,lat,2,58,0.017752105370163918,58,0.6984104514122009,0.050124842673540115,0.2456992119550705,0.45046982169151306,3.9949188232421875
8,0.8,0.2,lat,2,59,0.01597689650952816,59,0.9325069785118103,0.07846331596374512,0.32302433252334595,0.452757865190506,3.9823057651519775
8,0.8,0.2,lat,2,60,0.01437920518219471,60,0.34665003418922424,0.018052922561764717,0.17163921892642975,0.4770765006542206,3.7073171138763428
8,0.8,0.2,lat,2,61,0.012941285036504269,61,0.4084837734699249,0.017356600612401962,0.29222872853279114,0.45434287190437317,3.9561829566955566
8,0.8,0.2,lat,2,62,0.011647156439721584,62,0.6427546143531799,0.03868694603443146,0.3384071886539459,0.47016847133636475,3.7863221168518066
8,0.8,0.2,lat,2,63,0.010482440702617168,63,1.0759729146957397,0.11426649242639542,0.25650131702423096,0.44625723361968994,4.057199478149414
8,0.8,0.2,lat,2,65,0.008490776643157005,65,0.6141445636749268,0.041610024869441986,0.2356821596622467,0.4630705416202545,3.859602451324463
8,0.8,0.2,lat,2,67,0.006877528503537178,67,0.6413748264312744,0.057071905583143234,0.2230459749698639,0.4534822404384613,3.9713475704193115
8,0.8,0.2,lat,2,68,0.00618977565318346,68,0.9600234627723694,0.1733718365430832,0.1320437490940094,0.4796479642391205,3.673647880554199
8,0.8,0.2,lat,2,69,0.005570797715336084,69,0.6980867981910706,0.046498723328113556,0.2901449203491211,0.44512179493904114,4.066758155822754
8,0.8,0.2,lat,2,70,0.00501371780410409,70,0.40177008509635925,0.026262525469064713,0.21282577514648438,0.44864749908447266,4.022388935089111
8,0.8,0.2,lat,2,71,0.004512345883995295,71,0.6322505474090576,0.036505457013845444,0.31502586603164673,0.4714392125606537,3.761613130569458
8,0.8,0.2,lat,2,72,0.004061111249029636,72,0.5824092030525208,0.03163193538784981,0.3004555106163025,0.45973700284957886,3.8986923694610596
8,0.8,0.2,lat,2,73,0.003654999891296029,73,0.543958306312561,0.03520102798938751,0.29235175251960754,0.4660662114620209,3.8280742168426514
8,0.8,0.2,lat,2,74,0.003289500018581748,74,0.6995782852172852,0.05756649747490883,0.21788570284843445,0.46663087606430054,3.8186047077178955
8,0.8,0.2,lat,2,75,0.0029605496674776077,75,0.5793231725692749,0.037214942276477814,0.28916826844215393,0.46322521567344666,3.8601200580596924
8,0.8,0.2,lat,2,76,0.0026644947938621044,76,0.7623218894004822,0.06418711692094803,0.26801878213882446,0.4467563331127167,4.05698299407959
8,0.8,0.2,lat,2,77,0.0023980452679097652,77,0.6289392113685608,0.03562786057591438,0.3104764521121979,0.45529454946517944,3.9376332759857178
8,0.8,0.2,lat,2,78,0.0021582406479865313,78,0.3482171297073364,0.012636816129088402,0.37217798829078674,0.4585713744163513,3.9049947261810303
8,0.8,0.2,lat,2,79,0.0019424165366217494,79,0.46336132287979126,0.025743024423718452,0.27661508321762085,0.4512501060962677,3.993828773498535
8,0.9,0.1,baseline,0,0,8.001750946044922,0,1.2992476224899292,0.5499851107597351,0.0421290397644043,0.5868842601776123,2.733081340789795
8,0.9,0.1,baseline,0,1,7.201575756072998,1,1.320759892463684,0.4735110402107239,0.018729498609900475,0.4110424518585205,4.660682678222656
8,0.9,0.1,baseline,0,2,6.481417655944824,2,1.4027321338653564,0.48651206493377686,0.018127312883734703,0.361795037984848,5.3892316818237305
8,0.9,0.1,baseline,0,3,5.83327579498291,3,1.1596237421035767,0.4773360788822174,0.020698200911283493,0.44330063462257385,4.229577541351318
8,0.9,0.1,baseline,0,4,5.249948024749756,4,1.139745831489563,0.46686476469039917,0.019048934802412987,0.4585309326648712,3.998837947845459
8,0.9,0.1,baseline,0,5,4.7249531745910645,5,1.4861806631088257,0.4606793522834778,0.02389666810631752,0.3375702500343323,5.749204158782959
8,0.9,0.1,baseline,0,6,4.252457618713379,6,1.226474642753601,0.46891722083091736,0.032771848142147064,0.42164233326911926,4.4363017082214355
8,0.9,0.1,baseline,0,7,3.82721209526062,7,1.2192550897598267,0.4465123414993286,0.04013253375887871,0.42088189721107483,4.498911380767822
8,0.9,0.1,baseline,0,8,3.444490671157837,8,1.424943208694458,0.3358503580093384,0.2348049432039261,0.5454042553901672,3.09529447555542
8,0.9,0.1,baseline,0,9,3.100041389465332,9,1.3779985904693604,0.46917301416397095,0.01860046200454235,0.3583233058452606,5.433389186859131
8,0.9,0.1,baseline,0,10,2.7900373935699463,10,1.471292495727539,0.4460732936859131,0.026053447276353836,0.34104248881340027,5.775068283081055
8,0.9,0.1,baseline,0,11,2.511033535003662,11,1.2856839895248413,0.44532984495162964,0.019278040155768394,0.40021389722824097,4.818782806396484
8,0.9,0.1,baseline,0,12,2.25993013381958,12,1.5976321697235107,0.4659808874130249,0.026974061504006386,0.3009084463119507,6.229099273681641
8,0.9,0.1,baseline,0,13,2.0339369773864746,13,1.5864242315292358,0.42763960361480713,0.046392131596803665,0.34480956196784973,5.68569278717041
8,0.9,0.1,baseline,0,14,1.8305432796478271,14,1.1364089250564575,0.33497485518455505,0.09823202341794968,0.4626867473125458,3.9383792877197266
8,0.9,0.1,baseline,0,15,1.6474888324737549,15,1.5217509269714355,0.4299592971801758,0.031404975801706314,0.3717281222343445,5.2837233543396
8,0.9,0.1,baseline,0,17,1.3344659805297852,17,2.0296525955200195,0.44969290494918823,0.43444177508354187,0.33178281784057617,6.078077793121338
8,0.9,0.1,baseline,0,18,1.2010194063186646,18,1.6287516355514526,0.3296041786670685,0.24272960424423218,0.35414376854896545,5.562330722808838
8,0.9,0.1,baseline,0,19,1.0809173583984375,19,1.4772467613220215,0.36481451988220215,0.1110815480351448,0.3850804269313812,5.086317539215088
8,0.9,0.1,baseline,0,21,0.8755429983139038,21,0.8279258012771606,0.13243374228477478,0.2707544267177582,0.28241628408432007,6.812351703643799
8,0.9,0.1,baseline,0,22,0.7879887223243713,22,0.38163065910339355,0.01961049810051918,0.4924587905406952,0.24262495338916779,7.727386474609375
8,0.9,0.1,baseline,0,26,0.5169993042945862,26,1.0929964780807495,0.14539434015750885,0.49492567777633667,0.2515958845615387,7.564347743988037
8,0.9,0.1,baseline,0,27,0.4652993679046631,27,0.6421789526939392,0.052389293909072876,0.4957019090652466,0.2368241846561432,7.799333572387695
8,0.9,0.1,baseline,0,73,0.003654999891296029,73,0.6357908248901367,0.047422513365745544,0.481182724237442,0.19207322597503662,8.592288970947266
8,0.9,0.1,baseline,1,0,8.001750946044922,0,1.410804033279419,0.47856271266937256,0.10817821323871613,0.3889416754245758,4.802767753601074
8,0.9,0.1,baseline,1,1,7.201575756072998,1,1.2968693971633911,0.4757879674434662,0.07164546847343445,0.41577959060668945,4.486568927764893
8,0.9,0.1,baseline,1,2,6.481417655944824,2,1.3314372301101685,0.4760214388370514,0.08757226914167404,0.4042209982872009,4.5828728675842285
8,0.9,0.1,baseline,1,3,5.83327579498291,3,1.3894966840744019,0.4832686185836792,0.0759410709142685,0.375417560338974,5.014740943908691
8,0.9,0.1,baseline,1,4,5.249948024749756,4,1.3821132183074951,0.4784053564071655,0.07582804560661316,0.38600921630859375,4.90217924118042
8,0.9,0.1,baseline,1,5,4.7249531745910645,5,1.5288512706756592,0.48705828189849854,0.06889165192842484,0.32207733392715454,5.791741847991943
8,0.9,0.1,baseline,1,6,4.252457618713379,6,1.3325380086898804,0.45548081398010254,0.0658048763871193,0.4611866772174835,3.905578851699829
8,0.9,0.1,baseline,1,7,3.82721209526062,7,1.4926310777664185,0.4807480275630951,0.0841362476348877,0.35291236639022827,5.29118537902832
8,0.9,0.1,baseline,1,8,3.444490671157837,8,1.4923269748687744,0.43770188093185425,0.06531376391649246,0.4634581506252289,3.979349374771118
8,0.9,0.1,baseline,1,9,3.100041389465332,9,1.278917670249939,0.4627608358860016,0.0716366171836853,0.42955029010772705,4.301730632781982
8,0.9,0.1,baseline,1,10,2.7900373935699463,10,1.6569743156433105,0.4561385214328766,0.06233328953385353,0.4006710350513458,4.883416175842285
8,0.9,0.1,baseline,1,11,2.511033535003662,11,1.478541612625122,0.43027761578559875,0.06492085009813309,0.4668196737766266,3.929029941558838
8,0.9,0.1,baseline,1,12,2.25993013381958,12,1.28980553150177,0.34485822916030884,0.2244773805141449,0.6140528917312622,2.5341849327087402
8,0.9,0.1,baseline,1,13,2.0339369773864746,13,1.3110402822494507,0.4414486289024353,0.06561646610498428,0.42991673946380615,4.330150604248047
8,0.9,0.1,baseline,1,14,1.8305432796478271,14,1.2940561771392822,0.449720174074173,0.08769683539867401,0.40768176317214966,4.53867244720459
8,0.9,0.1,baseline,1,15,1.6474888324737549,15,1.493336796760559,0.4642314314842224,0.06876417994499207,0.30965274572372437,5.867488861083984
8,0.9,0.1,baseline,1,16,1.482740044593811,16,1.3383182287216187,0.4312443435192108,0.10810669511556625,0.35103899240493774,5.289381504058838
8,0.9,0.1,baseline,1,17,1.3344659805297852,17,1.6260159015655518,0.43972140550613403,0.06217687949538231,0.3948966860771179,4.980129241943359
8,0.9,0.1,baseline,1,18,1.2010194063186646,18,0.5410218834877014,0.06193724274635315,0.22698375582695007,0.36134424805641174,5.568480014801025
8,0.9,0.1,baseline,1,19,1.0809173583984375,19,1.156596302986145,0.27661845088005066,0.22400623559951782,0.5689170360565186,2.8906164169311523
8,0.9,0.1,baseline,1,20,0.9728255867958069,20,1.4426676034927368,0.44966283440589905,0.08375620096921921,0.3565325438976288,5.324547290802002
8,0.9,0.1,baseline,2,0,8.001750946044922,0,1.266326665878296,0.4629945158958435,0.024492355063557625,0.42841243743896484,4.316348552703857
8,0.9,0.1,baseline,2,1,7.201575756072998,1,1.208381175994873,0.4172990322113037,0.05775033310055733,0.504492461681366,3.468297004699707
8,0.9,0.1,baseline,2,2,6.481417655944824,2,1.240466594696045,0.4391055405139923,0.042696643620729446,0.4166581630706787,4.49172830581665
8,0.9,0.1,baseline,2,3,5.83327579498291,3,1.2333743572235107,0.445122092962265,0.03601985052227974,0.4505738914012909,4.060661315917969
8,0.9,0.1,baseline,2,4,5.249948024749756,4,1.3229397535324097,0.4666762351989746,0.029467355459928513,0.39611268043518066,4.76450777053833
8,0.9,0.1,baseline,2,5,4.7249531745910645,5,1.3249515295028687,0.4651052951812744,0.030943620949983597,0.38595446944236755,4.928750514984131
8,0.9,0.1,baseline,2,6,4.252457618713379,6,1.2430981397628784,0.45162877440452576,0.018412267789244652,0.4167241156101227,4.452418327331543
8,0.9,0.1,baseline,2,7,3.82721209526062,7,1.2886966466903687,0.49880844354629517,0.024990566074848175,0.488124817609787,3.664680242538452
8,0.9,0.1,baseline,2,8,3.444490671157837,8,1.230215072631836,0.46517378091812134,0.023853234946727753,0.39744824171066284,4.729215621948242
8,0.9,0.1,baseline,2,9,3.100041389465332,9,1.5852118730545044,0.3826366066932678,0.1666395515203476,0.405394971370697,4.744081497192383
8,0.9,0.1,baseline,2,10,2.7900373935699463,10,1.4782992601394653,0.3832928538322449,0.11544476449489594,0.45018067955970764,4.107631683349609
8,0.9,0.1,baseline,2,11,2.511033535003662,11,1.5135705471038818,0.3676750063896179,0.1587221324443817,0.4155634939670563,4.544857025146484
8,0.9,0.1,baseline,2,12,2.25993013381958,12,1.4306071996688843,0.3753530979156494,0.09389859437942505,0.4323497414588928,4.3524627685546875
8,0.9,0.1,baseline,2,13,2.0339369773864746,13,1.2129175662994385,0.46868908405303955,0.017575157806277275,0.42124122381210327,4.428822040557861
8,0.9,0.1,baseline,2,14,1.8305432796478271,14,1.4122685194015503,0.3952169716358185,0.06131380423903465,0.44145163893699646,4.2005791664123535
8,0.9,0.1,baseline,2,15,1.6474888324737549,15,1.5011487007141113,0.2906022369861603,0.3031568229198456,0.4881546199321747,3.674131393432617
8,0.9,0.1,baseline,2,16,1.482740044593811,16,1.129641056060791,0.4252726137638092,0.017446979880332947,0.448142945766449,4.122777462005615
8,0.9,0.1,baseline,2,17,1.3344659805297852,17,1.4240294694900513,0.4108641743659973,0.031741395592689514,0.42380639910697937,4.445925235748291
8,0.9,0.1,baseline,2,18,1.2010194063186646,18,0.413640558719635,0.01738945208489895,0.6950021386146545,0.24000847339630127,7.556840896606445
8,0.9,0.1,baseline,2,19,1.0809173583984375,19,0.4500056505203247,0.021691827103495598,0.6736022233963013,0.2625759243965149,7.179139614105225
8,0.9,0.1,baseline,2,20,0.9728255867958069,20,0.5155112743377686,0.027655338868498802,0.7035248875617981,0.23261430859565735,7.729806900024414
8,0.9,0.1,baseline,2,21,0.8755429983139038,21,0.8669495582580566,0.06994345784187317,0.6502045392990112,0.2526288330554962,7.351935863494873
8,0.9,0.1,baseline,2,25,0.5744436979293823,25,0.4267759621143341,0.01773042045533657,0.730117678642273,0.23086269199848175,7.831823825836182
8,0.9,0.1,baseline,2,27,0.4652993679046631,27,0.4380328357219696,0.018410738557577133,0.7330399751663208,0.22733181715011597,7.796326637268066
8,0.9,0.1,baseline,2,29,0.37689247727394104,29,0.6307253837585449,0.037524476647377014,0.735857367515564,0.22049914300441742,7.8758931159973145
8,0.9,0.1,baseline,2,30,0.33920323848724365,30,0.4763043522834778,0.021404223516583443,0.7360118627548218,0.2422429323196411,7.435853958129883
8,0.9,0.1,baseline,2,32,0.2747545838356018,32,0.5034329295158386,0.023780588060617447,0.7364564538002014,0.24347089231014252,7.5609307289123535
8,0.9,0.1,baseline,2,38,0.14601582288742065,38,0.7255650162696838,0.04867526516318321,0.7364436984062195,0.23094986379146576,7.785205841064453
8,0.9,0.1,baseline,2,40,0.1182728186249733,40,0.7363712787628174,0.05006282776594162,0.7363945841789246,0.2178962677717209,7.821288585662842
8,0.9,0.1,baseline,2,44,0.07759878784418106,44,0.6238881945610046,0.03601878136396408,0.7359739542007446,0.2301977574825287,7.701815605163574
8,0.9,0.1,baseline,2,45,0.06983890384435654,45,0.7013587951660156,0.04555927589535713,0.7370352745056152,0.22401869297027588,7.738466739654541
8,0.9,0.1,baseline,2,48,0.050912562757730484,48,0.35045185685157776,0.01139508280903101,0.7361670136451721,0.24291203916072845,7.5532379150390625
8,0.9,0.1,baseline,2,52,0.033403728157281876,52,0.457766056060791,0.019435564056038857,0.7369687557220459,0.2212403565645218,7.746952533721924
8,0.9,0.1,baseline,2,55,0.024351315572857857,55,0.43180766701698303,0.01729557104408741,0.7372246384620667,0.22213982045650482,7.851644039154053
8,0.9,0.1,baseline,2,56,0.021916182711720467,56,0.4199863374233246,0.016337133944034576,0.7355034351348877,0.23419387638568878,7.5993146896362305
8,0.9,0.1,baseline,2,59,0.01597689650952816,59,0.6489483118057251,0.038971129804849625,0.7363341450691223,0.2281758338212967,7.7595744132995605
8,0.9,0.1,baseline,2,61,0.012941285036504269,61,0.30485960841178894,0.008577167056500912,0.7367326021194458,0.21698781847953796,7.848855972290039
8,0.9,0.1,baseline,2,63,0.010482440702617168,63,0.5272088646888733,0.02570049837231636,0.7362214922904968,0.22784873843193054,7.680558681488037
8,0.9,0.1,baseline,2,67,0.006877528503537178,67,0.4006962776184082,0.014842251315712929,0.7369950413703918,0.22937996685504913,7.755677700042725
8,0.9,0.1,baseline,2,69,0.005570797715336084,69,0.43628156185150146,0.017588762566447258,0.7373016476631165,0.22635704278945923,7.685225009918213
8,0.9,0.1,baseline,2,71,0.004512345883995295,71,0.3526521325111389,0.01151337195187807,0.7370387315750122,0.22428907454013824,7.70873498916626
8,0.9,0.1,baseline,2,72,0.004061111249029636,72,0.3780244290828705,0.013233751989901066,0.737247884273529,0.22581727802753448,7.82188606262207
8,0.9,0.1,baseline,2,76,0.0026644947938621044,76,0.5309318900108337,0.026063304394483566,0.7370052337646484,0.2473044991493225,7.4545745849609375
8,0.9,0.1,baseline,2,77,0.0023980452679097652,77,0.40187007188796997,0.014857519418001175,0.7365338206291199,0.23570744693279266,7.539371967315674
8,0.9,0.1,input_at,0,0,8.001750946044922,0,0.968385636806488,0.6417538523674011,0.05607404559850693,0.6038013100624084,2.5710394382476807
8,0.9,0.1,input_at,0,1,7.201575756072998,1,1.0470072031021118,0.4547922611236572,0.026706214994192123,0.5673434138298035,2.855301856994629
8,0.9,0.1,input_at,0,3,5.83327579498291,3,1.3488246202468872,0.6945781707763672,0.014145184308290482,0.41790062189102173,4.4238409996032715
8,0.9,0.1,input_at,0,4,5.249948024749756,4,1.0625839233398438,0.457781583070755,0.031666990369558334,0.5580118894577026,2.924060583114624
8,0.9,0.1,input_at,0,5,4.7249531745910645,5,1.1532762050628662,0.41855329275131226,0.04940391331911087,0.5264614224433899,3.213303327560425
8,0.9,0.1,input_at,0,6,4.252457618713379,6,1.0828982591629028,0.4161719083786011,0.07437760382890701,0.5596219897270203,2.91326904296875
8,0.9,0.1,input_at,0,8,3.444490671157837,8,1.4661707878112793,0.49058181047439575,0.01479235477745533,0.35828396677970886,5.270519256591797
8,0.9,0.1,input_at,0,9,3.100041389465332,9,1.4667606353759766,0.49095118045806885,0.014866439625620842,0.3734744191169739,4.9752912521362305
8,0.9,0.1,input_at,0,10,2.7900373935699463,10,1.5705153942108154,0.4881443381309509,0.015290189534425735,0.32725679874420166,5.68587064743042
8,0.9,0.1,input_at,0,11,2.511033535003662,11,1.5713638067245483,0.4887044429779053,0.015082689933478832,0.3391270637512207,5.617563247680664
8,0.9,0.1,input_at,0,13,2.0339369773864746,13,1.4967628717422485,0.5019777417182922,0.1907196342945099,0.5005531311035156,3.481682538986206
8,0.9,0.1,input_at,0,14,1.8305432796478271,14,1.25057053565979,0.4800499379634857,0.21177972853183746,0.5503479838371277,3.0053868293762207
8,0.9,0.1,input_at,0,15,1.6474888324737549,15,1.5614012479782104,0.4812717139720917,0.02770015224814415,0.3514765202999115,5.422043800354004
8,0.9,0.1,input_at,0,16,1.482740044593811,16,1.5981825590133667,0.4431611895561218,0.045878391712903976,0.3292991816997528,5.700613498687744
8,0.9,0.1,input_at,0,17,1.3344659805297852,17,1.987375020980835,0.6250430941581726,0.5251151323318481,0.3225972652435303,5.97142219543457
8,0.9,0.1,input_at,0,19,1.0809173583984375,19,0.7609854936599731,0.16676875948905945,0.0751740038394928,0.2841948866844177,6.443583965301514
8,0.9,0.1,input_at,0,22,0.7879887223243713,22,0.6456072330474854,0.07636665552854538,0.4953254461288452,0.2151230275630951,7.678772926330566
8,0.9,0.1,input_at,0,24,0.6382707953453064,24,0.405534952878952,0.030746420845389366,0.5174908638000488,0.19826433062553406,7.387620449066162
8,0.9,0.1,input_at,0,30,0.33920323848724365,30,0.33483773469924927,0.01830930821597576,0.5734246373176575,0.20216859877109528,7.494899749755859
8,0.9,0.1,input_at,0,33,0.2472791224718094,33,0.3291657865047455,0.01741841621696949,0.5608075261116028,0.19667598605155945,7.629936218261719
8,0.9,0.1,input_at,0,73,0.003654999891296029,73,0.7201856970787048,0.08693131059408188,0.549613893032074,0.21353623270988464,7.318577766418457
8,0.9,0.1,input_at,1,0,8.001750946044922,0,1.386223554611206,0.8558176159858704,0.07062991708517075,0.3841201663017273,5.067877769470215
8,0.9,0.1,input_at,1,2,6.481417655944824,2,0.9574453234672546,0.8740965127944946,0.04941532760858536,0.5517697930335999,3.024714231491089
8,0.9,0.1,input_at,1,3,5.83327579498291,3,1.2854448556900024,0.4809633493423462,0.030082395300269127,0.4047849774360657,4.718089580535889
8,0.9,0.1,input_at,1,4,5.249948024749756,4,1.186593770980835,0.48371705412864685,0.01543089747428894,0.4542497396469116,4.04911470413208
8,0.9,0.1,input_at,1,5,4.7249531745910645,5,1.27326500415802,0.4790748655796051,0.027524884790182114,0.41351553797721863,4.575995445251465
8,0.9,0.1,input_at,1,6,4.252457618713379,6,1.1868048906326294,0.48415741324424744,0.015412717126309872,0.4754430949687958,3.7904226779937744
8,0.9,0.1,input_at,1,7,3.82721209526062,7,1.2642481327056885,0.48573336005210876,0.02653207629919052,0.4217588007450104,4.450276851654053
8,0.9,0.1,input_at,1,8,3.444490671157837,8,1.3927977085113525,0.47649794816970825,0.025140678510069847,0.41156092286109924,4.659163951873779
8,0.9,0.1,input_at,1,9,3.100041389465332,9,1.2726284265518188,0.47883325815200806,0.02751481905579567,0.42910459637641907,4.400730133056641
8,0.9,0.1,input_at,1,10,2.7900373935699463,10,1.2887293100357056,0.48387694358825684,0.02995346486568451,0.41531848907470703,4.580225944519043
8,0.9,0.1,input_at,1,11,2.511033535003662,11,1.3442137241363525,0.45451512932777405,0.19170652329921722,0.5067223906517029,3.4800970554351807
8,0.9,0.1,input_at,1,12,2.25993013381958,12,1.2316330671310425,0.3962576687335968,0.09772158414125443,0.5530546307563782,3.0226588249206543
8,0.9,0.1,input_at,1,13,2.0339369773864746,13,1.388391137123108,0.4736432731151581,0.024963805451989174,0.38779687881469727,4.998985767364502
8,0.9,0.1,input_at,1,15,1.6474888324737549,15,1.4741137027740479,0.473217248916626,0.026030084118247032,0.3740120828151703,5.275275707244873
8,0.9,0.1,input_at,1,16,1.482740044593811,16,1.4898070096969604,0.4858943819999695,0.02455737255513668,0.3453797399997711,5.587619304656982
8,0.9,0.1,input_at,1,17,1.3344659805297852,17,0.9684560894966125,0.3051569163799286,0.6666443943977356,0.33767855167388916,5.989229202270508
8,0.9,0.1,input_at,1,18,1.2010194063186646,18,0.40647727251052856,0.05637616664171219,0.6807109713554382,0.23275616765022278,7.947847843170166
8,0.9,0.1,input_at,1,19,1.0809173583984375,19,0.7016807198524475,0.20771200954914093,0.6812641620635986,0.3907616138458252,5.06016731262207
8,0.9,0.1,input_at,1,20,0.9728255867958069,20,1.2365078926086426,0.46516644954681396,0.024586321786046028,0.42159050703048706,4.4583353996276855
8,0.9,0.1,input_at,2,1,7.201575756072998,1,1.139868974685669,0.5476837158203125,0.07462697476148605,0.5429800748825073,3.0796546936035156
8,0.9,0.1,input_at,2,2,6.481417655944824,2,1.1118817329406738,0.46558183431625366,0.014735114760696888,0.4888201951980591,3.595228672027588
8,0.9,0.1,input_at,2,3,5.83327579498291,3,0.9823423027992249,0.44493603706359863,0.07074618339538574,0.5633174180984497,2.8852415084838867
8,0.9,0.1,input_at,2,5,4.7249531745910645,5,1.1774613857269287,0.484862357378006,0.012796329334378242,0.4423850178718567,4.11492395401001
8,0.9,0.1,input_at,2,6,4.252457618713379,6,1.2072099447250366,0.33870717883110046,0.13032811880111694,0.48535922169685364,3.6257596015930176
8,0.9,0.1,input_at,2,7,3.82721209526062,7,1.3812897205352783,0.46562647819519043,0.022508539259433746,0.40271568298339844,4.61003303527832
8,0.9,0.1,input_at,2,8,3.444490671157837,8,1.2460917234420776,0.41298937797546387,0.049245696514844894,0.4158353805541992,4.434960842132568
8,0.9,0.1,input_at,2,9,3.100041389465332,9,1.3845258951187134,0.46023648977279663,0.026510365307331085,0.387067973613739,4.910269737243652
8,0.9,0.1,input_at,2,10,2.7900373935699463,10,1.2747012376785278,0.3594788610935211,0.11617173999547958,0.4808228313922882,3.6527082920074463
8,0.9,0.1,input_at,2,11,2.511033535003662,11,1.2469687461853027,0.4041040241718292,0.06663986295461655,0.564020574092865,2.8991148471832275
8,0.9,0.1,input_at,2,12,2.25993013381958,12,0.40191107988357544,0.039927899837493896,0.12218276411294937,0.2239658534526825,7.562304973602295
8,0.9,0.1,input_at,2,13,2.0339369773864746,13,1.2553237676620483,0.4002252221107483,0.0601949505507946,0.42667078971862793,4.279634475708008
8,0.9,0.1,input_at,2,14,1.8305432796478271,14,1.144091010093689,0.4935798645019531,0.09696810692548752,0.55804443359375,2.944760322570801
8,0.9,0.1,input_at,2,15,1.6474888324737549,15,1.203804612159729,0.3696945607662201,0.06110874190926552,0.4830416738986969,3.6745405197143555
8,0.9,0.1,input_at,2,16,1.482740044593811,16,0.49562299251556396,0.05417586490511894,0.036364685744047165,0.204193577170372,7.507307052612305
8,0.9,0.1,input_at,2,18,1.2010194063186646,18,1.520880937576294,0.44953885674476624,0.04922926053404808,0.34098827838897705,5.671735763549805
8,0.9,0.1,input_at,2,19,1.0809173583984375,19,0.41221582889556885,0.0708138570189476,0.06720291823148727,0.27913275361061096,6.714505195617676
8,0.9,0.1,input_at,2,21,0.8755429983139038,21,1.211897611618042,0.19183440506458282,0.2554674446582794,0.29170167446136475,6.487069606781006
8,0.9,0.1,input_at,2,22,0.7879887223243713,22,1.251469612121582,0.2912614345550537,0.07083234190940857,0.28984007239341736,6.340033531188965
8,0.9,0.1,input_at,2,29,0.37689247727394104,29,0.44440537691116333,0.017453566193580627,0.7102874517440796,0.22510048747062683,7.492265224456787
8,0.9,0.1,input_at,2,32,0.2747545838356018,32,0.3436320126056671,0.010409918613731861,0.7111859917640686,0.21645885705947876,7.503528118133545
8,0.9,0.1,input_at,2,38,0.14601582288742065,38,0.9555709362030029,0.07990819960832596,0.7149677872657776,0.24674513936042786,7.143455505371094
8,0.9,0.1,input_at,2,39,0.1314142495393753,39,0.3263389766216278,0.009300773963332176,0.7153313755989075,0.21173234283924103,7.70628547668457
8,0.9,0.1,input_at,2,40,0.1182728186249733,40,0.9395199418067932,0.07728969305753708,0.7149372100830078,0.19712573289871216,7.6878838539123535
8,0.9,0.1,input_at,2,44,0.07759878784418106,44,0.8778790831565857,0.06743697077035904,0.7149789333343506,0.2045120745897293,7.638585090637207
8,0.9,0.1,input_at,2,45,0.06983890384435654,45,0.7296260595321655,0.04667281731963158,0.7141531109809875,0.24555768072605133,7.192811012268066
8,0.9,0.1,input_at,2,48,0.050912562757730484,48,0.4900331497192383,0.021006900817155838,0.7150909900665283,0.228732630610466,7.30429744720459
8,0.9,0.1,input_at,2,52,0.033403728157281876,52,0.6740644574165344,0.03985191509127617,0.7141039371490479,0.21510319411754608,7.488207817077637
8,0.9,0.1,input_at,2,55,0.024351315572857857,55,0.3876473009586334,0.013200810179114342,0.7134701013565063,0.22774635255336761,7.3923726081848145
8,0.9,0.1,input_at,2,56,0.021916182711720467,56,0.5471551418304443,0.02619587443768978,0.7151304483413696,0.22578385472297668,7.340542316436768
8,0.9,0.1,input_at,2,57,0.019724562764167786,57,0.3116823136806488,0.008532826788723469,0.7129136919975281,0.22060206532478333,7.5645647048950195
8,0.9,0.1,input_at,2,58,0.017752105370163918,58,0.4114263951778412,0.014810653403401375,0.714920699596405,0.21226660907268524,7.539730072021484
8,0.9,0.1,input_at,2,59,0.01597689650952816,59,0.8438981771469116,0.062319785356521606,0.71504145860672,0.2343655377626419,7.246092319488525
8,0.9,0.1,input_at,2,61,0.012941285036504269,61,0.43310001492500305,0.016464952379465103,0.713816225528717,0.24440863728523254,7.096161365509033
8,0.9,0.1,input_at,2,63,0.010482440702617168,63,0.7510428428649902,0.0493631549179554,0.7150658369064331,0.22184531390666962,7.3731184005737305
8,0.9,0.1,input_at,2,67,0.006877528503537178,67,0.5391550064086914,0.025486214086413383,0.714119017124176,0.2348470538854599,7.331206321716309
8,0.9,0.1,input_at,2,68,0.00618977565318346,68,0.30345484614372253,0.008086282759904861,0.713565468788147,0.23668746650218964,7.3100690841674805
8,0.9,0.1,input_at,2,69,0.005570797715336084,69,0.6794162392616272,0.04044364392757416,0.7142473459243774,0.2430191934108734,7.122495174407959
8,0.9,0.1,input_at,2,70,0.00501371780410409,70,0.31416836380958557,0.008673352189362049,0.7129418253898621,0.22639845311641693,7.4070611000061035
8,0.9,0.1,input_at,2,71,0.004512345883995295,71,0.5691620707511902,0.02840706892311573,0.7139367461204529,0.2285677194595337,7.339721202850342
8,0.9,0.1,input_at,2,72,0.004061111249029636,72,0.5932824015617371,0.030849451199173927,0.7143091559410095,0.24029527604579926,7.213794231414795
8,0.9,0.1,input_at,2,74,0.003289500018581748,74,0.4113331139087677,0.014789389446377754,0.7152162194252014,0.20454420149326324,7.743103504180908
8,0.9,0.1,input_at,2,75,0.0029605496674776077,75,0.36880430579185486,0.01193770207464695,0.7135775685310364,0.22143250703811646,7.353608131408691
8,0.9,0.1,input_at,2,76,0.0026644947938621044,76,0.6054958701133728,0.03213462233543396,0.714174211025238,0.21454834938049316,7.500396728515625
8,0.9,0.1,input_at,2,77,0.0023980452679097652,77,0.4769619107246399,0.01993275247514248,0.7143848538398743,0.25507214665412903,7.109365463256836
8,0.9,0.1,lat,0,0,8.001750946044922,0,3.1383156776428223,0.8098821043968201,0.044617194682359695,0.6380290389060974,2.346648693084717
8,0.9,0.1,lat,0,1,7.201575756072998,1,1.9993896484375,0.4779731333255768,0.015327025204896927,0.3366641104221344,5.514817714691162
8,0.9,0.1,lat,0,2,6.481417655944824,2,2.0657601356506348,0.49890223145484924,0.01637750305235386,0.3123714327812195,5.920436382293701
8,0.9,0.1,lat,0,3,5.83327579498291,3,1.935286521911621,0.4507465064525604,0.019000211730599403,0.36246249079704285,5.188850402832031
8,0.9,0.1,lat,0,4,5.249948024749756,4,1.459006428718567,0.19628682732582092,0.025692103430628777,0.5343796610832214,3.1581594944000244
8,0.9,0.1,lat,0,5,4.7249531745910645,5,1.894613265991211,0.4726053476333618,0.016553983092308044,0.3471072316169739,5.334447860717773
8,0.9,0.1,lat,0,6,4.252457618713379,6,1.7566193342208862,0.4683108329772949,0.01864754408597946,0.3875347375869751,4.798198699951172
8,0.9,0.1,lat,0,7,3.82721209526062,7,1.7687948942184448,0.4676622450351715,0.02700461633503437,0.3601187467575073,5.125881671905518
8,0.9,0.1,lat,0,8,3.444490671157837,8,1.9370896816253662,0.45354631543159485,0.017787275835871696,0.3655413091182709,5.1691131591796875
8,0.9,0.1,lat,0,9,3.100041389465332,9,2.054807186126709,0.4861244857311249,0.020972995087504387,0.3205350637435913,5.79353141784668
8,0.9,0.1,lat,0,10,2.7900373935699463,10,1.89329993724823,0.4699151813983917,0.01671539805829525,0.347549170255661,5.424417018890381
8,0.9,0.1,lat,0,11,2.511033535003662,11,1.9901936054229736,0.47060805559158325,0.017907172441482544,0.3269449770450592,5.75062894821167
8,0.9,0.1,lat,0,12,2.25993013381958,12,1.829215168952942,0.39902588725090027,0.03857167065143585,0.38764840364456177,4.775482654571533
8,0.9,0.1,lat,0,13,2.0339369773864746,13,1.855363130569458,0.4125417172908783,0.02787095122039318,0.3727131187915802,5.0293378829956055
8,0.9,0.1,lat,0,14,1.8305432796478271,14,1.7435959577560425,0.37338119745254517,0.03222374618053436,0.3964320421218872,4.6280317306518555
8,0.9,0.1,lat,0,15,1.6474888324737549,15,1.6606440544128418,0.3358957767486572,0.04818933457136154,0.44912880659103394,4.061365604400635
8,0.9,0.1,lat,0,16,1.482740044593811,16,1.738195776939392,0.34147119522094727,0.04780261218547821,0.40567123889923096,4.605087757110596
8,0.9,0.1,lat,0,17,1.3344659805297852,17,1.82308030128479,0.29789042472839355,0.35062533617019653,0.5945489406585693,2.6605873107910156
8,0.9,0.1,lat,0,18,1.2010194063186646,18,1.5262655019760132,0.2845474183559418,0.15525224804878235,0.546302318572998,3.0632336139678955
8,0.9,0.1,lat,0,33,0.2472791224718094,33,0.7746688723564148,0.04754861071705818,0.6604399681091309,0.23329874873161316,7.354848861694336
8,0.9,0.1,lat,0,43,0.0862208753824234,43,0.3190651834011078,0.008175601251423359,0.6614977717399597,0.24684922397136688,7.182121276855469
8,0.9,0.1,lat,0,44,0.07759878784418106,44,0.311397522687912,0.007788291200995445,0.6615399122238159,0.2533145546913147,7.069911479949951
8,0.9,0.1,lat,0,45,0.06983890384435654,45,0.5131876468658447,0.02110256440937519,0.66148442029953,0.23214119672775269,7.304179668426514
8,0.9,0.1,lat,0,52,0.033403728157281876,52,0.6213085651397705,0.030401531606912613,0.6599124670028687,0.2485647052526474,7.180909633636475
8,0.9,0.1,lat,0,53,0.03006335347890854,53,0.43265584111213684,0.015015337616205215,0.6612001061439514,0.23976072669029236,7.300022602081299
8,0.9,0.1,lat,0,54,0.027057018131017685,54,0.40108051896095276,0.012922773137688637,0.6611026525497437,0.23532016575336456,7.381506443023682
8,0.9,0.1,lat,0,55,0.024351315572857857,55,0.3013715147972107,0.007079198490828276,0.6591317653656006,0.23539070785045624,7.3672590255737305
8,0.9,0.1,lat,0,56,0.021916182711720467,56,0.31577160954475403,0.008019011467695236,0.6612316370010376,0.23474667966365814,7.168310642242432
8,0.9,0.1,lat,0,57,0.019724562764167786,57,0.4307505488395691,0.01500428095459938,0.660727322101593,0.24079416692256927,7.247710227966309
8,0.9,0.1,lat,0,59,0.01597689650952816,59,0.650568962097168,0.033867694437503815,0.661271870136261,0.21497705578804016,7.63314151763916
8,0.9,0.1,lat,0,61,0.012941285036504269,61,0.3646603524684906,0.010440181009471416,0.6589771509170532,0.21849212050437927,7.560184001922607
8,0.9,0.1,lat,0,62,0.011647156439721584,62,0.42306816577911377,0.014393082819879055,0.6610789895057678,0.23523980379104614,7.298914909362793
8,0.9,0.1,lat,0,69,0.005570797715336084,69,0.9389811158180237,0.07053972780704498,0.6610963344573975,0.23949024081230164,7.218572616577148
8,0.9,0.1,lat,0,72,0.004061111249029636,72,0.45787087082862854,0.01654142700135708,0.6597864627838135,0.23978158831596375,7.334054470062256
8,0.9,0.1,lat,0,73,0.003654999891296029,73,2.0899577140808105,0.3479507565498352,0.6607526540756226,0.23567840456962585,7.384927272796631
8,0.9,0.1,lat,0,74,0.003289500018581748,74,0.3363511562347412,0.008882381021976471,0.6590456962585449,0.2399269938468933,7.230243682861328
8,0.9,0.1,lat,0,75,0.0029605496674776077,75,0.44997408986091614,0.01631217822432518,0.6607082486152649,0.24785009026527405,7.093302249908447
8,0.9,0.1,lat,0,76,0.0026644947938621044,76,0.39067089557647705,0.012266064062714577,0.6607664227485657,0.22885672748088837,7.420113563537598
8,0.9,0.1,lat,0,78,0.0021582406479865313,78,0.42189788818359375,0.014063873328268528,0.6596460342407227,0.22884295880794525,7.334532260894775
8,0.9,0.1,lat,0,79,0.0019424165366217494,79,0.6104813814163208,0.029827430844306946,0.6614477038383484,0.24969150125980377,7.146669864654541
8,0.9,0.1,lat,1,0,8.001750946044922,0,2.164151191711426,0.5004464983940125,0.06016773357987404,0.3394033908843994,5.789276599884033
8,0.9,0.1,lat,1,1,7.201575756072998,1,2.2978882789611816,0.5911511182785034,0.06845254451036453,0.323096364736557,6.17004919052124
8,0.9,0.1,lat,1,2,6.481417655944824,2,1.8792369365692139,0.4973205029964447,0.04172658175230026,0.396592378616333,4.898361682891846
8,0.9,0.1,lat,1,3,5.83327579498291,3,2.0080654621124268,0.4841441214084625,0.08754971623420715,0.36965081095695496,5.285095691680908
8,0.9,0.1,lat,1,4,5.249948024749756,4,1.875701665878296,0.4961167275905609,0.04929680749773979,0.4036142826080322,4.752615451812744
8,0.9,0.1,lat,1,5,4.7249531745910645,5,2.1343770027160645,0.4943692684173584,0.05834735929965973,0.3317887783050537,5.961292743682861
8,0.9,0.1,lat,1,6,4.252457618713379,6,1.8751214742660522,0.4957958161830902,0.04930189996957779,0.4221864938735962,4.473291873931885
8,0.9,0.1,lat,1,7,3.82721209526062,7,1.8764244318008423,0.4958450496196747,0.04172603785991669,0.3947700262069702,4.867196559906006
8,0.9,0.1,lat,1,8,3.444490671157837,8,2.1313750743865967,0.49302199482917786,0.05840407684445381,0.35747030377388,5.495190620422363
8,0.9,0.1,lat,1,9,3.100041389465332,9,2.041975975036621,0.48893284797668457,0.03462662547826767,0.3744548261165619,5.230936527252197
8,0.9,0.1,lat,1,10,2.7900373935699463,10,2.0040414333343506,0.4824889898300171,0.08746466040611267,0.3700038194656372,5.300306797027588
8,0.9,0.1,lat,1,11,2.511033535003662,11,1.9582843780517578,0.6785900592803955,0.07774472236633301,0.4219685196876526,4.529365539550781
8,0.9,0.1,lat,1,12,2.25993013381958,12,1.6708818674087524,0.41212567687034607,0.14714494347572327,0.5276588201522827,3.2581124305725098
8,0.9,0.1,lat,1,13,2.0339369773864746,13,1.7796295881271362,0.4596659541130066,0.06338074058294296,0.44988277554512024,4.110934257507324
8,0.9,0.1,lat,1,15,1.6474888324737549,15,1.5989707708358765,0.4432089626789093,0.24511410295963287,0.5323672890663147,3.2174689769744873
8,0.9,0.1,lat,1,16,1.482740044593811,16,2.1280946731567383,0.4840596318244934,0.06015432998538017,0.3161000907421112,6.145623207092285
8,0.9,0.1,lat,1,17,1.3344659805297852,17,1.770838975906372,0.45613598823547363,0.06323926150798798,0.4450570344924927,4.213480472564697
8,0.9,0.1,lat,1,18,1.2010194063186646,18,0.46188828349113464,0.03093152865767479,0.14890038967132568,0.1992720514535904,8.307640075683594
8,0.9,0.1,lat,1,19,1.0809173583984375,19,1.6385979652404785,0.44609585404396057,0.23096813261508942,0.5136580467224121,3.4066896438598633
8,0.9,0.1,lat,1,20,0.9728255867958069,20,1.5788058042526245,0.37313687801361084,0.15207572281360626,0.5182362794876099,3.3634138107299805
8,0.9,0.1,lat,2,0,8.001750946044922,0,1.8387733697891235,0.49010753631591797,0.020167194306850433,0.37879541516304016,5.037661075592041
8,0.9,0.1,lat,2,1,7.201575756072998,1,1.8220261335372925,0.4928571283817291,0.014045801013708115,0.3925783038139343,4.859809398651123
8,0.9,0.1,lat,2,2,6.481417655944824,2,1.8458744287490845,0.4989781677722931,0.012937933206558228,0.3545704185962677,5.405210018157959
8,0.9,0.1,lat,2,3,5.83327579498291,3,1.8203580379486084,0.49131539463996887,0.014376822859048843,0.3929165303707123,4.878632068634033
8,0.9,0.1,lat,2,4,5.249948024749756,4,1.8107377290725708,0.4940379559993744,0.014171731658279896,0.3824407160282135,5.033191680908203
8,0.9,0.1,lat,2,5,4.7249531745910645,5,1.8172385692596436,0.4873265326023102,0.019724613055586815,0.3686138391494751,5.23757266998291
8,0.9,0.1,lat,2,6,4.252457618713379,6,1.8287194967269897,0.4962305426597595,0.014677257277071476,0.37284964323043823,5.181386470794678
8,0.9,0.1,lat,2,7,3.82721209526062,7,1.8782936334609985,0.46648943424224854,0.024554671719670296,0.3904702365398407,4.909067153930664
8,0.9,0.1,lat,2,8,3.444490671157837,8,1.6610523462295532,0.45744800567626953,0.024084363132715225,0.43975353240966797,4.240058898925781
8,0.9,0.1,lat,2,9,3.100041389465332,9,1.8483089208602905,0.4964520335197449,0.015128177590668201,0.35311809182167053,5.43123197555542
8,0.9,0.1,lat,2,10,2.7900373935699463,10,1.688455581665039,0.41827359795570374,0.05844831466674805,0.49012887477874756,3.6366159915924072
8,0.9,0.1,lat,2,11,2.511033535003662,11,1.8784575462341309,0.461601197719574,0.027400940656661987,0.3820735514163971,5.045777797698975
8,0.9,0.1,lat,2,12,2.25993013381958,12,1.6384576559066772,0.45192185044288635,0.020053010433912277,0.4647567868232727,3.933645248413086
8,0.9,0.1,lat,2,13,2.0339369773864746,13,1.590895175933838,0.4136398732662201,0.052788130939006805,0.4767163395881653,3.7777609825134277
8,0.9,0.1,lat,2,14,1.8305432796478271,14,1.5820106267929077,0.41855388879776,0.04687602445483208,0.4852607548236847,3.674767017364502
8,0.9,0.1,lat,2,15,1.6474888324737549,15,1.70745849609375,0.4167833626270294,0.06549402326345444,0.4491522014141083,4.114798069000244
8,0.9,0.1,lat,2,16,1.482740044593811,16,1.5981110334396362,0.2886873483657837,0.2062440663576126,0.5196578502655029,3.3338470458984375
8,0.9,0.1,lat,2,17,1.3344659805297852,17,1.3091191053390503,0.2399590164422989,0.1391109675168991,0.5049869418144226,3.4857563972473145
8,0.9,0.1,lat,2,21,0.8755429983139038,21,0.8902060985565186,0.07064631581306458,0.311133474111557,0.3346439599990845,5.872467994689941
8,0.9,0.1,lat,2,25,0.5744436979293823,25,0.3538146913051605,0.006771099753677845,0.7259511947631836,0.19721181690692902,8.122915267944336
8,0.9,0.1,lat,2,27,0.4652993679046631,27,0.3643278181552887,0.007153364364057779,0.727304995059967,0.20230749249458313,8.087711334228516
8,0.9,0.1,lat,2,29,0.37689247727394104,29,0.5059855580329895,0.013744031079113483,0.7281872034072876,0.20406563580036163,7.942458629608154
8,0.9,0.1,lat,2,30,0.33920323848724365,30,0.35840776562690735,0.0068963696248829365,0.7281258702278137,0.19122564792633057,8.185419082641602
8,0.9,0.1,lat,2,32,0.2747545838356018,32,0.48706915974617004,0.012702694162726402,0.7289730310440063,0.2109103947877884,7.9535932540893555
8,0.9,0.1,lat,2,33,0.2472791224718094,33,0.32516974210739136,0.005666628945618868,0.7284934520721436,0.19039426743984222,8.046187400817871
8,0.9,0.1,lat,2,34,0.22255121171474457,34,0.3017670810222626,0.004885099828243256,0.7284673452377319,0.19254982471466064,8.079009056091309
8,0.9,0.1,lat,2,38,0.14601582288742065,38,1.2524491548538208,0.08358898013830185,0.7301177978515625,0.19629035890102386,8.197726249694824
8,0.9,0.1,lat,2,39,0.1314142495393753,39,0.3517959713935852,0.006588967051357031,0.7302886247634888,0.19730858504772186,8.170930862426758
8,0.9,0.1,lat,2,40,0.1182728186249733,40,1.1913639307022095,0.07560762017965317,0.7301864624023438,0.18902617692947388,8.310405731201172
8,0.9,0.1,lat,2,41,0.10644552856683731,41,0.38848045468330383,0.008076672442257404,0.7292382121086121,0.20496830344200134,8.038261413574219
8,0.9,0.1,lat,2,44,0.07759878784418106,44,1.1077545881271362,0.06539925187826157,0.7301373481750488,0.19918985664844513,8.09231948852539
8,0.9,0.1,lat,2,45,0.06983890384435654,45,0.9761725664138794,0.050906043499708176,0.7295889258384705,0.19098055362701416,8.224847793579102
8,0.9,0.1,lat,2,47,0.05656951293349266,47,0.3108844459056854,0.005178868770599365,0.7288973331451416,0.18263070285320282,8.190011978149414
8,0.9,0.1,lat,2,48,0.050912562757730484,48,0.6180163025856018,0.02033512108027935,0.7302663922309875,0.20722030103206635,8.094128608703613
8,0.9,0.1,lat,2,52,0.033403728157281876,52,0.7905120849609375,0.033337317407131195,0.7297216653823853,0.19942045211791992,7.978528022766113
8,0.9,0.1,lat,2,55,0.024351315572857857,55,0.8277886509895325,0.03659234941005707,0.7295738458633423,0.19435276091098785,8.161999702453613
8,0.9,0.1,lat,2,56,0.021916182711720467,56,0.6885611414909363,0.025235915556550026,0.7303118109703064,0.2043941169977188,8.023963928222656
8,0.9,0.1,lat,2,57,0.019724562764167786,57,0.34198442101478577,0.0062525151297450066,0.7294503450393677,0.21077167987823486,7.870884895324707
8,0.9,0.1,lat,2,58,0.017752105370163918,58,0.4814436733722687,0.012339231558144093,0.7302923798561096,0.21669478714466095,7.832766532897949
8,0.9,0.1,lat,2,59,0.01597689650952816,59,1.1005768775939941,0.0645267516374588,0.7302200794219971,0.23749686777591705,7.576748371124268
8,0.9,0.1,lat,2,61,0.012941285036504269,61,0.5553860664367676,0.016465548425912857,0.7297793030738831,0.19357328116893768,8.221258163452148
8,0.9,0.1,lat,2,62,0.011647156439721584,62,0.3975716233253479,0.008410829119384289,0.7303377389907837,0.2025996744632721,7.990327835083008
8,0.9,0.1,lat,2,63,0.010482440702617168,63,0.9607463479042053,0.04917967692017555,0.7301881313323975,0.1911565065383911,8.277900695800781
8,0.9,0.1,lat,2,67,0.006877528503537178,67,0.7542908191680908,0.030371570959687233,0.7297511100769043,0.20176871120929718,8.049376487731934
8,0.9,0.1,lat,2,68,0.00618977565318346,68,0.38758552074432373,0.008015819825232029,0.7293917536735535,0.20036093890666962,8.117082595825195
8,0.9,0.1,lat,2,69,0.005570797715336084,69,0.7591003179550171,0.030741356313228607,0.7298179268836975,0.1932021677494049,8.00949764251709
8,0.9,0.1,lat,2,70,0.00501371780410409,70,0.4314114451408386,0.00994787272065878,0.7294392585754395,0.22015994787216187,7.812832355499268
8,0.9,0.1,lat,2,71,0.004512345883995295,71,0.6958509683609009,0.025848569348454475,0.7297196388244629,0.19675950706005096,7.9431281089782715
8,0.9,0.1,lat,2,72,0.004061111249029636,72,0.6549607515335083,0.02290920354425907,0.7295785546302795,0.21017304062843323,8.048606872558594
8,0.9,0.1,lat,2,73,0.003654999891296029,73,0.5579227805137634,0.016623327508568764,0.7295719385147095,0.20836378633975983,7.992778778076172
8,0.9,0.1,lat,2,74,0.003289500018581748,74,0.3194466233253479,0.005424670409411192,0.730398416519165,0.19674760103225708,8.08092212677002
8,0.9,0.1,lat,2,75,0.0029605496674776077,75,0.40512073040008545,0.008770104497671127,0.7294546365737915,0.2008562684059143,8.06086254119873
8,0.9,0.1,lat,2,76,0.0026644947938621044,76,0.9737945795059204,0.05061863362789154,0.7296615839004517,0.22047783434391022,7.889968395233154
8,0.9,0.1,lat,2,77,0.0023980452679097652,77,0.7696334719657898,0.03161204606294632,0.7297539114952087,0.1963970810174942,8.235112190246582
8,0.99,0.01,baseline,0,0,8.001750946044922,0,1.9452052116394043,0.33206531405448914,0.08101160824298859,0.8663161396980286,1.3243783712387085
8,0.99,0.01,baseline,0,1,7.201575756072998,1,2.083066463470459,0.4228757619857788,0.06923051178455353,0.8978500366210938,1.2368630170822144
8,0.99,0.01,baseline,0,2,6.481417655944824,2,1.8001388311386108,0.361503541469574,0.08497967571020126,0.9235146641731262,1.1709058284759521
8,0.99,0.01,baseline,0,3,5.83327579498291,3,2.488931655883789,0.399173378944397,0.10620300471782684,0.8477439284324646,1.3813782930374146
8,0.99,0.01,baseline,0,4,5.249948024749756,4,1.316943645477295,0.21922017633914948,0.09441767632961273,0.7395687699317932,1.7875111103057861
8,0.99,0.01,baseline,0,5,4.7249531745910645,5,1.8487805128097534,0.4044279456138611,0.04395969212055206,0.8087989091873169,1.5110359191894531
8,0.99,0.01,baseline,0,6,4.252457618713379,6,1.3903312683105469,0.19472132623195648,0.09523820132017136,0.7890853881835938,1.573598027229309
8,0.99,0.01,baseline,0,7,3.82721209526062,7,2.8406903743743896,0.4614504873752594,0.08885210752487183,0.8825992941856384,1.2795333862304688
8,0.99,0.01,baseline,0,8,3.444490671157837,8,1.5380914211273193,0.2582063376903534,0.05718590319156647,0.8440617918968201,1.3926347494125366
8,0.99,0.01,baseline,0,9,3.100041389465332,9,1.8087373971939087,0.27537864446640015,0.09389753639698029,0.8184317946434021,1.4711734056472778
8,0.99,0.01,baseline,0,11,2.511033535003662,11,1.5059250593185425,0.22546246647834778,0.11988332122564316,0.7577748894691467,1.7060508728027344
8,0.99,0.01,baseline,0,12,2.25993013381958,12,1.5637227296829224,0.3014846742153168,0.047878216952085495,0.8439106345176697,1.3940922021865845
8,0.99,0.01,baseline,0,13,2.0339369773864746,13,1.6275354623794556,0.31159839034080505,0.05212107673287392,0.7844804525375366,1.6011790037155151
8,0.99,0.01,baseline,0,14,1.8305432796478271,14,1.5780011415481567,0.21035347878932953,0.11603732407093048,0.7433098554611206,1.7705073356628418
8,0.99,0.01,baseline,0,15,1.6474888324737549,15,1.550209879875183,0.19691163301467896,0.12963159382343292,0.7198746204376221,1.8697260618209839
8,0.99,0.01,baseline,0,16,1.482740044593811,16,1.5554338693618774,0.21004845201969147,0.15928204357624054,0.6268699765205383,2.3676350116729736
8,0.99,0.01,baseline,0,17,1.3344659805297852,17,1.956281304359436,0.25718367099761963,0.2187754511833191,0.6582764387130737,2.1971235275268555
8,0.99,0.01,baseline,0,18,1.2010194063186646,18,1.9090476036071777,0.2725614309310913,0.10879165679216385,0.8293076753616333,1.440582036972046
8,0.99,0.01,baseline,0,19,1.0809173583984375,19,1.5635219812393188,0.21049700677394867,0.08547937124967575,0.8358261585235596,1.417964220046997
8,0.99,0.01,baseline,0,20,0.9728255867958069,20,1.5608036518096924,0.24292710423469543,0.11300406605005264,0.6892760396003723,2.03574538230896
8,0.99,0.01,baseline,0,21,0.8755429983139038,21,1.4768191576004028,0.16138800978660583,0.1428692787885666,0.7969427704811096,1.5549376010894775
8,0.99,0.01,baseline,0,22,0.7879887223243713,22,1.747300624847412,0.2205054759979248,0.08048307150602341,0.8206812739372253,1.4692292213439941
8,0.99,0.01,baseline,0,23,0.7091898322105408,23,1.5282012224197388,0.18925879895687103,0.0753883570432663,0.7120314836502075,1.90656316280365
8,0.99,0.01,baseline,0,24,0.6382707953453064,24,1.9062941074371338,0.21421124041080475,0.29209718108177185,0.6290856599807739,2.371857166290283
8,0.99,0.01,baseline,0,25,0.5744436979293823,25,1.537601351737976,0.18924658000469208,0.08260130137205124,0.7775777578353882,1.6303787231445312
8,0.99,0.01,baseline,0,26,0.5169993042945862,26,1.4877060651779175,0.18537625670433044,0.11784376949071884,0.7113113403320312,1.9014153480529785
8,0.99,0.01,baseline,0,27,0.4652993679046631,27,2.2765755653381348,0.25541648268699646,0.38068071007728577,0.5045453906059265,3.2850916385650635
8,0.99,0.01,baseline,0,28,0.4187694489955902,28,1.5800135135650635,0.1842319518327713,0.12953832745552063,0.6535965800285339,2.125401258468628
8,0.99,0.01,baseline,0,29,0.37689247727394104,29,1.2093795537948608,0.13041500747203827,0.097286157310009,0.7779914736747742,1.6119242906570435
8,0.99,0.01,baseline,0,30,0.33920323848724365,30,1.2597771883010864,0.13619832694530487,0.0718606486916542,0.8287447690963745,1.4395020008087158
8,0.99,0.01,baseline,0,31,0.3052828907966614,31,1.4729288816452026,0.18970626592636108,0.045508213341236115,0.7765226364135742,1.6233271360397339
8,0.99,0.01,baseline,0,32,0.2747545838356018,32,1.3348388671875,0.14652536809444427,0.18066734075546265,0.6707280278205872,2.137847661972046
8,0.99,0.01,baseline,0,33,0.2472791224718094,33,0.35463660955429077,0.0072651272639632225,0.3209015130996704,0.33519595861434937,4.8283257484436035
8,0.99,0.01,baseline,0,34,0.22255121171474457,34,1.0106850862503052,0.07396533340215683,0.17715387046337128,0.5883664488792419,2.6356699466705322
8,0.99,0.01,baseline,0,36,0.18026646971702576,36,0.5614538788795471,0.018156209960579872,0.21820029616355896,0.5324549078941345,2.747661828994751
8,0.99,0.01,baseline,0,38,0.14601582288742065,38,0.6355788111686707,0.03524152189493179,0.19010458886623383,0.43946486711502075,3.926316499710083
8,0.99,0.01,baseline,0,39,0.1314142495393753,39,0.6237443685531616,0.021844029426574707,0.25034859776496887,0.36464473605155945,4.5005998611450195
8,0.99,0.01,baseline,0,40,0.1182728186249733,40,0.5349096059799194,0.01723373495042324,0.3167479634284973,0.44441166520118713,3.948679208755493
8,0.99,0.01,baseline,0,45,0.06983890384435654,45,0.4422355592250824,0.009659649804234505,0.4073971211910248,0.40420910716056824,4.186309337615967
8,0.99,0.01,baseline,0,46,0.06285501271486282,46,0.36522573232650757,0.0067498949356377125,0.36395785212516785,0.21477235853672028,6.9050822257995605
8,0.99,0.01,baseline,0,47,0.05656951293349266,47,0.3340148329734802,0.005470102187246084,0.4026182293891907,0.355388879776001,4.84769868850708
8,0.99,0.01,baseline,0,52,0.033403728157281876,52,0.41922441124916077,0.015381519682705402,0.12905126810073853,0.282242089509964,5.981464862823486
8,0.99,0.01,baseline,0,58,0.017752105370163918,58,0.41826963424682617,0.009063106961548328,0.32901421189308167,0.3534652888774872,5.092441558837891
8,0.99,0.01,baseline,0,59,0.01597689650952816,59,0.46373939514160156,0.012461879290640354,0.3259292244911194,0.29641443490982056,6.054434299468994
8,0.99,0.01,baseline,0,60,0.01437920518219471,60,0.4978714883327484,0.012948226183652878,0.3874262869358063,0.2840340733528137,5.8177056312561035
8,0.99,0.01,baseline,0,69,0.005570797715336084,69,0.5578864216804504,0.015437789261341095,0.405296266078949,0.35707318782806396,4.765498638153076
8,0.99,0.01,baseline,0,73,0.003654999891296029,73,1.3136411905288696,0.10405469685792923,0.25311022996902466,0.39331531524658203,4.671309471130371
8,0.99,0.01,baseline,0,77,0.0023980452679097652,77,0.34917953610420227,0.006016632542014122,0.39660966396331787,0.240091472864151,6.465685844421387
8,0.99,0.01,baseline,1,0,8.001750946044922,0,2.2250828742980957,0.433928519487381,0.09939463436603546,0.8290137648582458,1.4426295757293701
8,0.99,0.01,baseline,1,1,7.201575756072998,1,1.5565813779830933,0.2519773840904236,0.11536358296871185,0.7903479933738708,1.5771636962890625
8,0.99,0.01,baseline,1,2,6.481417655944824,2,1.691201090812683,0.308069109916687,0.0881631076335907,0.7686123251914978,1.6695590019226074
8,0.99,0.01,baseline,1,3,5.83327579498291,3,1.779159665107727,0.29500386118888855,0.10060038417577744,0.8262159824371338,1.4524122476577759
8,0.99,0.01,baseline,1,4,5.249948024749756,4,1.5452755689620972,0.31593552231788635,0.061594828963279724,0.7403062582015991,1.7900261878967285
8,0.99,0.01,baseline,1,5,4.7249531745910645,5,1.7755985260009766,0.322068989276886,0.08750033378601074,0.7490205764770508,1.7404568195343018
8,0.99,0.01,baseline,1,6,4.252457618713379,6,1.6897190809249878,0.2671692669391632,0.12899573147296906,0.8861355781555176,1.2692087888717651
8,0.99,0.01,baseline,1,7,3.82721209526062,7,1.735121488571167,0.2422797679901123,0.15858621895313263,0.7740030884742737,1.6438926458358765
8,0.99,0.01,baseline,1,8,3.444490671157837,8,2.0460197925567627,0.3836529552936554,0.07508639246225357,0.8002423048019409,1.5428813695907593
8,0.99,0.01,baseline,1,9,3.100041389465332,9,1.445680856704712,0.2905174791812897,0.06489315629005432,0.7340702414512634,1.806490182876587
8,0.99,0.01,baseline,1,10,2.7900373935699463,10,1.7917345762252808,0.3517826199531555,0.08692727982997894,0.7423934936523438,1.7788456678390503
8,0.99,0.01,baseline,1,11,2.511033535003662,11,1.3839582204818726,0.1670503169298172,0.10835915803909302,0.7521378993988037,1.7303348779678345
8,0.99,0.01,baseline,1,12,2.25993013381958,12,1.2348461151123047,0.1629929095506668,0.1404193937778473,0.7129669189453125,1.9151387214660645
8,0.99,0.01,baseline,1,13,2.0339369773864746,13,1.5074084997177124,0.28065386414527893,0.06768425554037094,0.7950780391693115,1.5613842010498047
8,0.99,0.01,baseline,1,14,1.8305432796478271,14,1.1971116065979004,0.21576957404613495,0.0890936404466629,0.7141010761260986,1.9018661975860596
8,0.99,0.01,baseline,1,15,1.6474888324737549,15,1.7554322481155396,0.34295862913131714,0.04682515561580658,0.7561907172203064,1.7232627868652344
8,0.99,0.01,baseline,1,16,1.482740044593811,16,1.6870547533035278,0.23973819613456726,0.10639465600252151,0.7298863530158997,1.8379441499710083
8,0.99,0.01,baseline,1,17,1.3344659805297852,17,1.7360811233520508,0.2518560588359833,0.08849368244409561,0.7466139197349548,1.7567360401153564
8,0.99,0.01,baseline,1,18,1.2010194063186646,18,1.4670450687408447,0.2331152707338333,0.09398193657398224,0.7473233342170715,1.7552958726882935
8,0.99,0.01,baseline,1,19,1.0809173583984375,19,1.8533707857131958,0.3441234529018402,0.08338502049446106,0.7586965560913086,1.6985384225845337
8,0.99,0.01,baseline,1,20,0.9728255867958069,20,1.4571588039398193,0.23339958488941193,0.059560131281614304,0.7126661539077759,1.9080795049667358
8,0.99,0.01,baseline,1,21,0.8755429983139038,21,1.811996579170227,0.3081706464290619,0.0755695104598999,0.7848684191703796,1.593759536743164
8,0.99,0.01,baseline,1,22,0.7879887223243713,22,1.3991740942001343,0.16364039480686188,0.22581127285957336,0.8067824840545654,1.51665198802948
8,0.99,0.01,baseline,1,23,0.7091898322105408,23,1.3734157085418701,0.19625943899154663,0.09181588888168335,0.7586823105812073,1.7048439979553223
8,0.99,0.01,baseline,1,24,0.6382707953453064,24,1.6063158512115479,0.263700008392334,0.08384205400943756,0.7146891355514526,1.898226261138916
8,0.99,0.01,baseline,1,25,0.5744436979293823,25,1.8237630128860474,0.2823192775249481,0.07479244470596313,0.731549084186554,1.82364821434021
8,0.99,0.01,baseline,1,26,0.5169993042945862,26,1.5679223537445068,0.2145598828792572,0.08771949261426926,0.6705175638198853,2.1290903091430664
8,0.99,0.01,baseline,1,27,0.4652993679046631,27,1.7043641805648804,0.2399822622537613,0.0938900038599968,0.7827038764953613,1.6114184856414795
8,0.99,0.01,baseline,1,28,0.4187694489955902,28,1.3814889192581177,0.18314580619335175,0.23740869760513306,0.5970122218132019,2.6084487438201904
8,0.99,0.01,baseline,1,29,0.37689247727394104,29,1.3364161252975464,0.1694738268852234,0.07068362832069397,0.7637225985527039,1.6808072328567505
8,0.99,0.01,baseline,1,30,0.33920323848724365,30,1.2968658208847046,0.15508060157299042,0.27992960810661316,0.7178593277931213,1.8975399732589722
8,0.99,0.01,baseline,1,31,0.3052828907966614,31,1.2237046957015991,0.14049507677555084,0.19100560247898102,0.5836734175682068,2.6509358882904053
8,0.99,0.01,baseline,1,32,0.2747545838356018,32,1.114966869354248,0.12166403234004974,0.07595396786928177,0.7419260740280151,1.7705157995224
8,0.99,0.01,baseline,1,33,0.2472791224718094,33,1.1652581691741943,0.14733488857746124,0.08465889096260071,0.6578981876373291,2.199657440185547
8,0.99,0.01,baseline,1,35,0.2002960741519928,35,1.0115631818771362,0.08721973747015,0.15688498318195343,0.6200998425483704,2.4329781532287598
8,0.99,0.01,baseline,1,36,0.18026646971702576,36,0.9969959855079651,0.07578812539577484,0.2892792820930481,0.4853738248348236,3.4602928161621094
8,0.99,0.01,baseline,1,37,0.16223981976509094,37,0.8637895584106445,0.05986662581562996,0.22427937388420105,0.4700644314289093,3.6340484619140625
8,0.99,0.01,baseline,1,38,0.14601582288742065,38,0.7080725431442261,0.05310295149683952,0.1462358981370926,0.4329880177974701,4.202342510223389
8,0.99,0.01,baseline,1,39,0.1314142495393753,39,0.6166039109230042,0.04472486674785614,0.05738378316164017,0.38121360540390015,4.745392322540283
8,0.99,0.01,baseline,1,41,0.10644552856683731,41,0.3566749393939972,0.009978407062590122,0.2555629014968872,0.2336280792951584,6.037835597991943
8,0.99,0.01,baseline,1,42,0.09580098092556,42,0.4257729947566986,0.0164156686514616,0.2861497104167938,0.34484878182411194,4.714391231536865
8,0.99,0.01,baseline,1,54,0.027057018131017685,54,0.3220399022102356,0.006963170599192381,0.4717083275318146,0.25622081756591797,6.434964656829834
8,0.99,0.01,baseline,1,61,0.012941285036504269,61,0.35532307624816895,0.00892031192779541,0.46695592999458313,0.26201289892196655,6.005812644958496
8,0.99,0.01,baseline,1,66,0.007641698233783245,66,0.36703547835350037,0.009283832274377346,0.4687299132347107,0.3158876299858093,4.994804382324219
8,0.99,0.01,baseline,1,70,0.00501371780410409,70,0.6202887892723083,0.026188071817159653,0.47308990359306335,0.2450104057788849,6.602118968963623
8,0.99,0.01,baseline,1,73,0.003654999891296029,73,0.8457687497138977,0.04892953485250473,0.47394999861717224,0.25141263008117676,6.402080059051514
8,0.99,0.01,baseline,1,74,0.003289500018581748,74,0.418867290019989,0.011876248754560947,0.47237730026245117,0.2520192563533783,6.451887607574463
8,0.99,0.01,baseline,1,76,0.0026644947938621044,76,0.5244210958480835,0.018826909363269806,0.4735717177391052,0.2805717885494232,6.294832229614258
8,0.99,0.01,baseline,1,77,0.0023980452679097652,77,0.3155709505081177,0.0067906989715993404,0.46861860156059265,0.3646082878112793,4.909093379974365
8,0.99,0.01,baseline,1,79,0.0019424165366217494,79,0.43283918499946594,0.012913744896650314,0.4735986292362213,0.254143625497818,6.636181831359863
8,0.99,0.01,baseline,2,0,8.001750946044922,0,2.230772018432617,0.45849740505218506,0.06319240480661392,0.8280149102210999,1.4469083547592163
8,0.99,0.01,baseline,2,1,7.201575756072998,1,1.538040041923523,0.31073111295700073,0.08015627413988113,0.8120023012161255,1.5012080669403076
8,0.99,0.01,baseline,2,2,6.481417655944824,2,1.7208874225616455,0.4017565846443176,0.06591025739908218,0.7663026452064514,1.6723947525024414
8,0.99,0.01,baseline,2,3,5.83327579498291,3,1.7267011404037476,0.3140363395214081,0.12811461091041565,0.8065858483314514,1.5228327512741089
8,0.99,0.01,baseline,2,4,5.249948024749756,4,1.7119754552841187,0.24350477755069733,0.16333691775798798,0.8436312079429626,1.39545476436615
8,0.99,0.01,baseline,2,5,4.7249531745910645,5,1.6086758375167847,0.33779823780059814,0.05495329201221466,0.7612340450286865,1.6912351846694946
8,0.99,0.01,baseline,2,6,4.252457618713379,6,1.909566044807434,0.30391207337379456,0.14967508614063263,0.7759319543838501,1.6312716007232666
8,0.99,0.01,baseline,2,7,3.82721209526062,7,1.7068852186203003,0.2681184411048889,0.09812573343515396,0.8369989991188049,1.4173634052276611
8,0.99,0.01,baseline,2,8,3.444490671157837,8,2.0364749431610107,0.3761395514011383,0.09945511072874069,0.7060047388076782,1.9411232471466064
8,0.99,0.01,baseline,2,9,3.100041389465332,9,1.523883581161499,0.22066476941108704,0.09409778565168381,0.6737406253814697,2.122993230819702
8,0.99,0.01,baseline,2,10,2.7900373935699463,10,1.3436146974563599,0.19622965157032013,0.10987305641174316,0.6511598825454712,2.1702659130096436
8,0.99,0.01,baseline,2,11,2.511033535003662,11,1.413140058517456,0.2545241713523865,0.0441843643784523,0.6295386552810669,2.386859655380249
8,0.99,0.01,baseline,2,12,2.25993013381958,12,1.5423082113265991,0.2558625340461731,0.10076241940259933,0.6921334862709045,2.0165834426879883
8,0.99,0.01,baseline,2,13,2.0339369773864746,13,1.686057448387146,0.19434797763824463,0.17649714648723602,0.7870924472808838,1.588914394378662
8,0.99,0.01,baseline,2,14,1.8305432796478271,14,1.7603768110275269,0.2375909686088562,0.18239597976207733,0.8292578458786011,1.4434067010879517
8,0.99,0.01,baseline,2,15,1.6474888324737549,15,1.55361807346344,0.18398815393447876,0.22812725603580475,0.6968644857406616,1.9851536750793457
8,0.99,0.01,baseline,2,16,1.482740044593811,16,1.6298904418945312,0.2573331594467163,0.09912009537220001,0.6301010847091675,2.3760993480682373
8,0.99,0.01,baseline,2,17,1.3344659805297852,17,1.6068658828735352,0.21108821034431458,0.14427822828292847,0.7490082383155823,1.7426424026489258
8,0.99,0.01,baseline,2,18,1.2010194063186646,18,1.4392050504684448,0.1940729320049286,0.09514597058296204,0.7558405995368958,1.711292028427124
8,0.99,0.01,baseline,2,19,1.0809173583984375,19,1.416061282157898,0.2119365930557251,0.06556287407875061,0.6544147729873657,2.220059633255005
8,0.99,0.01,baseline,2,20,0.9728255867958069,20,1.5415077209472656,0.21086393296718597,0.14182494580745697,0.7517297863960266,1.7227001190185547
8,0.99,0.01,baseline,2,21,0.8755429983139038,21,1.3990076780319214,0.15928922593593597,0.16975240409374237,0.7735053896903992,1.6485861539840698
8,0.99,0.01,baseline,2,22,0.7879887223243713,22,1.4589546918869019,0.2062138020992279,0.10998433828353882,0.8002524375915527,1.545301914215088
8,0.99,0.01,baseline,2,23,0.7091898322105408,23,1.479699969291687,0.19862541556358337,0.09088268876075745,0.7712426781654358,1.640478491783142
8,0.99,0.01,baseline,2,24,0.6382707953453064,24,1.416909098625183,0.1620764136314392,0.14292359352111816,0.7136382460594177,1.9105949401855469
8,0.99,0.01,baseline,2,25,0.5744436979293823,25,1.2365317344665527,0.12660692632198334,0.1744907647371292,0.7746096253395081,1.6390278339385986
8,0.99,0.01,baseline,2,26,0.5169993042945862,26,1.5455238819122314,0.21642009913921356,0.11048963665962219,0.731484055519104,1.820265769958496
8,0.99,0.01,baseline,2,27,0.4652993679046631,27,1.323474407196045,0.1877492517232895,0.06998979300260544,0.6833098530769348,2.063065767288208
8,0.99,0.01,baseline,2,28,0.4187694489955902,28,1.3434556722640991,0.17660894989967346,0.09075631946325302,0.797061562538147,1.5557385683059692
8,0.99,0.01,baseline,2,29,0.37689247727394104,29,1.3862380981445312,0.18526318669319153,0.10044391453266144,0.6868844628334045,2.0375282764434814
8,0.99,0.01,baseline,2,30,0.33920323848724365,30,1.177361011505127,0.15875786542892456,0.08555488288402557,0.7061717510223389,1.924478530883789
8,0.99,0.01,baseline,2,31,0.3052828907966614,31,1.249373197555542,0.14444829523563385,0.13391628861427307,0.8171281814575195,1.4839098453521729
8,0.99,0.01,baseline,2,32,0.2747545838356018,32,1.2806073427200317,0.14929944276809692,0.19134639203548431,0.5100203156471252,3.205350160598755
8,0.99,0.01,baseline,2,33,0.2472791224718094,33,1.2500176429748535,0.13608580827713013,0.1315091997385025,0.7249433398246765,1.8531415462493896
8,0.99,0.01,baseline,2,34,0.22255121171474457,34,0.976483941078186,0.09078045934438705,0.2043963074684143,0.5982919931411743,2.555638551712036
8,0.99,0.01,baseline,2,35,0.2002960741519928,35,0.913012683391571,0.06843352317810059,0.21290810406208038,0.5725017786026001,2.7505879402160645
8,0.99,0.01,baseline,2,36,0.18026646971702576,36,1.0171552896499634,0.08061127364635468,0.141799196600914,0.5130784511566162,3.2961461544036865
8,0.99,0.01,baseline,2,38,0.14601582288742065,38,1.1695019006729126,0.10788233578205109,0.18548338115215302,0.4954722821712494,3.4162728786468506
8,0.99,0.01,baseline,2,39,0.1314142495393753,39,0.7200859785079956,0.04581484571099281,0.17528775334358215,0.2931310832500458,5.247712135314941
8,0.99,0.01,baseline,2,40,0.1182728186249733,40,1.038780689239502,0.07515104860067368,0.2032926082611084,0.5355945229530334,3.015516757965088
8,0.99,0.01,baseline,2,41,0.10644552856683731,41,0.37786686420440674,0.013673709705471992,0.16270627081394196,0.31673020124435425,5.476989269256592
8,0.99,0.01,baseline,2,44,0.07759878784418106,44,0.6687689423561096,0.028033817186951637,0.2845551669597626,0.35082030296325684,4.9922332763671875
8,0.99,0.01,baseline,2,45,0.06983890384435654,45,0.3089720606803894,0.0051165358163416386,0.47893187403678894,0.2979486286640167,5.732588768005371
8,0.99,0.01,baseline,2,50,0.041239168494939804,50,0.43469128012657166,0.009840220212936401,0.47920235991477966,0.2671384811401367,6.277313709259033
8,0.99,0.01,baseline,2,52,0.033403728157281876,52,0.35425707697868347,0.006803038064390421,0.47823530435562134,0.24069958925247192,6.304190635681152
8,0.99,0.01,baseline,2,59,0.01597689650952816,59,0.48771288990974426,0.013862391002476215,0.3388516306877136,0.3142205476760864,4.8940558433532715
8,0.99,0.01,baseline,2,62,0.011647156439721584,62,0.31634825468063354,0.005265285726636648,0.4762662947177887,0.3355143666267395,5.277047634124756
8,0.99,0.01,baseline,2,63,0.010482440702617168,63,0.810882031917572,0.034112006425857544,0.46208152174949646,0.4697723686695099,3.711060047149658
8,0.99,0.01,baseline,2,67,0.006877528503537178,67,0.42247435450553894,0.009779810905456543,0.4786182940006256,0.27885013818740845,6.250787734985352
8,0.99,0.01,baseline,2,68,0.00618977565318346,68,0.38112911581993103,0.007718376349657774,0.48117151856422424,0.25004708766937256,6.1926703453063965
8,0.99,0.01,baseline,2,69,0.005570797715336084,69,0.6640575528144836,0.02423933707177639,0.4771524667739868,0.42669281363487244,4.198924541473389
8,0.99,0.01,baseline,2,71,0.004512345883995295,71,0.3020789325237274,0.0049796877428889275,0.4741164445877075,0.3965386152267456,4.367345809936523
8,0.99,0.01,baseline,2,72,0.004061111249029636,72,0.5638888478279114,0.01746016927063465,0.4759504199028015,0.3929411470890045,4.621283531188965
8,0.99,0.01,baseline,2,74,0.003289500018581748,74,0.38129618763923645,0.008365483954548836,0.4602762460708618,0.3154139220714569,5.6768479347229
8,0.99,0.01,baseline,2,75,0.0029605496674776077,75,0.5249666571617126,0.015219778753817081,0.4767058789730072,0.35340359807014465,5.112459659576416
8,0.99,0.01,baseline,2,76,0.0026644947938621044,76,0.6634239554405212,0.02389778569340706,0.4792151153087616,0.3493019938468933,5.0452046394348145
8,0.99,0.01,baseline,2,77,0.0023980452679097652,77,0.49730589985847473,0.013296396471560001,0.47968190908432007,0.3151646554470062,5.87660026550293
8,0.99,0.01,input_at,0,0,8.001750946044922,0,1.300055742263794,0.46828019618988037,0.028953230008482933,0.8918488621711731,1.2525361776351929
8,0.99,0.01,input_at,0,2,6.481417655944824,2,1.2668768167495728,0.41782236099243164,0.055665094405412674,0.9021989703178406,1.2248190641403198
8,0.99,0.01,input_at,0,3,5.83327579498291,3,1.2237402200698853,0.3888358771800995,0.09544242918491364,0.8297616243362427,1.4347922801971436
8,0.99,0.01,input_at,0,4,5.249948024749756,4,1.1205029487609863,0.3778195083141327,0.06862061470746994,0.8929482102394104,1.250524878501892
8,0.99,0.01,input_at,0,5,4.7249531745910645,5,1.1111936569213867,0.3682284355163574,0.022051924839615822,0.8865402936935425,1.2684954404830933
8,0.99,0.01,input_at,0,6,4.252457618713379,6,1.0725438594818115,0.343853622674942,0.07737787812948227,0.9365341663360596,1.1385575532913208
8,0.99,0.01,input_at,0,7,3.82721209526062,7,1.412293791770935,0.43051207065582275,0.0677969753742218,0.8790605068206787,1.2883009910583496
8,0.99,0.01,input_at,0,8,3.444490671157837,8,1.3998939990997314,0.38926565647125244,0.052099522203207016,0.8781823515892029,1.2918758392333984
8,0.99,0.01,input_at,0,9,3.100041389465332,9,1.551462173461914,0.4353253245353699,0.06948286294937134,0.7769503593444824,1.6211427450180054
8,0.99,0.01,input_at,0,11,2.511033535003662,11,1.260377049446106,0.3859339654445648,0.07259439677000046,0.8765473961830139,1.2947739362716675
8,0.99,0.01,input_at,0,13,2.0339369773864746,13,1.2116411924362183,0.3380493223667145,0.03442152217030525,0.8498488068580627,1.375241994857788
8,0.99,0.01,input_at,0,14,1.8305432796478271,14,1.2788234949111938,0.3958786725997925,0.0362514890730381,0.8600661158561707,1.3426799774169922
8,0.99,0.01,input_at,0,15,1.6474888324737549,15,1.35392165184021,0.40800267457962036,0.09731049835681915,0.8120824694633484,1.5004124641418457
8,0.99,0.01,input_at,0,16,1.482740044593811,16,1.4737547636032104,0.45199769735336304,0.11463049054145813,0.7854691743850708,1.5958051681518555
8,0.99,0.01,input_at,0,17,1.3344659805297852,17,1.7082074880599976,0.42442867159843445,0.23583482205867767,0.7879732847213745,1.5866729021072388
8,0.99,0.01,input_at,0,19,1.0809173583984375,19,1.7218327522277832,0.4011111855506897,0.08921119570732117,0.9090477228164673,1.2070847749710083
8,0.99,0.01,input_at,0,22,0.7879887223243713,22,1.8285787105560303,0.4311811327934265,0.15969613194465637,0.7917333245277405,1.5616004467010498
8,0.99,0.01,input_at,0,23,0.7091898322105408,23,0.4672788083553314,0.031051475554704666,0.10026491433382034,0.3799827992916107,4.146552085876465
8,0.99,0.01,input_at,0,24,0.6382707953453064,24,0.30318912863731384,0.009532090276479721,0.3728703260421753,0.33803918957710266,4.79207706451416
8,0.99,0.01,input_at,0,25,0.5744436979293823,25,1.744585394859314,0.3388928174972534,0.3324710428714752,0.7881899476051331,1.5803182125091553
8,0.99,0.01,input_at,0,26,0.5169993042945862,26,0.760033905506134,0.0809459239244461,0.17283618450164795,0.45268160104751587,3.4976189136505127
8,0.99,0.01,input_at,0,27,0.4652993679046631,27,1.2721458673477173,0.18017420172691345,0.16915461421012878,0.5416189432144165,2.7791519165039062
8,0.99,0.01,input_at,0,30,0.33920323848724365,30,0.45147615671157837,0.024936381727457047,0.2338709831237793,0.3282274305820465,4.912674903869629
8,0.99,0.01,input_at,0,41,0.10644552856683731,41,0.30206775665283203,0.011135868728160858,0.5215050578117371,0.3179246187210083,4.836615562438965
8,0.99,0.01,input_at,0,45,0.06983890384435654,45,0.7687544822692871,0.06817953288555145,0.5387181639671326,0.38371333479881287,4.067456245422363
8,0.99,0.01,input_at,0,47,0.05656951293349266,47,0.37543919682502747,0.016846299171447754,0.5315002799034119,0.49717941880226135,2.8923912048339844
8,0.99,0.01,input_at,0,50,0.041239168494939804,50,0.33868762850761414,0.013301897794008255,0.5376304984092712,0.4010598659515381,3.7139885425567627
8,0.99,0.01,input_at,0,52,0.033403728157281876,52,0.5917243361473083,0.04005185887217522,0.4961684048175812,0.4602320194244385,3.227854013442993
8,0.99,0.01,input_at,0,58,0.017752105370163918,58,0.611261785030365,0.04757032170891762,0.426984578371048,0.3798803389072418,4.103858947753906
8,0.99,0.01,input_at,0,59,0.01597689650952816,59,0.8032716512680054,0.07378794252872467,0.5373297333717346,0.294156938791275,5.080405235290527
8,0.99,0.01,input_at,0,69,0.005570797715336084,69,0.6366050243377686,0.04572692885994911,0.5357034802436829,0.3731401562690735,3.9461638927459717
8,0.99,0.01,input_at,0,73,0.003654999891296029,73,1.3240636587142944,0.17996084690093994,0.3465028405189514,0.45085111260414124,3.807185649871826
8,0.99,0.01,input_at,1,0,8.001750946044922,0,1.1649587154388428,0.40506166219711304,0.06727083027362823,0.9097071290016174,1.2057427167892456
8,0.99,0.01,input_at,1,1,7.201575756072998,1,1.1751497983932495,0.4111579954624176,0.039058782160282135,0.8393473625183105,1.408463478088379
8,0.99,0.01,input_at,1,2,6.481417655944824,2,1.1879748106002808,0.3577534258365631,0.13027283549308777,0.8056313991546631,1.5210071802139282
8,0.99,0.01,input_at,1,3,5.83327579498291,3,1.225514531135559,0.3779718279838562,0.06204085424542427,0.8458923101425171,1.3842267990112305
8,0.99,0.01,input_at,1,4,5.249948024749756,4,1.3004928827285767,0.4030105173587799,0.05870464816689491,0.8045821189880371,1.5210152864456177
8,0.99,0.01,input_at,1,5,4.7249531745910645,5,1.2019238471984863,0.34260377287864685,0.10990650951862335,0.8562593460083008,1.3552602529525757
8,0.99,0.01,input_at,1,6,4.252457618713379,6,1.160600185394287,0.3187037706375122,0.1052708700299263,0.9053557515144348,1.2170628309249878
8,0.99,0.01,input_at,1,7,3.82721209526062,7,1.2733418941497803,0.3987947702407837,0.0993323028087616,0.8447590470314026,1.3913191556930542
8,0.99,0.01,input_at,1,8,3.444490671157837,8,1.3408875465393066,0.3667161464691162,0.06049886718392372,0.8193464875221252,1.475216269493103
8,0.99,0.01,input_at,1,9,3.100041389465332,9,1.2341299057006836,0.3224504292011261,0.13826173543930054,0.8199634552001953,1.4737465381622314
8,0.99,0.01,input_at,1,10,2.7900373935699463,10,1.2494734525680542,0.3619867265224457,0.08374357223510742,0.8036273121833801,1.5308704376220703
8,0.99,0.01,input_at,1,11,2.511033535003662,11,1.2715998888015747,0.34762632846832275,0.02897293120622635,0.8045325875282288,1.5228914022445679
8,0.99,0.01,input_at,1,12,2.25993013381958,12,1.346748948097229,0.3555004894733429,0.15133380889892578,0.819693922996521,1.4771487712860107
8,0.99,0.01,input_at,1,13,2.0339369773864746,13,1.1757502555847168,0.3482799530029297,0.056778401136398315,0.8882462382316589,1.2624893188476562
8,0.99,0.01,input_at,1,15,1.6474888324737549,15,1.2995468378067017,0.3835061192512512,0.031595323234796524,0.8179868459701538,1.480620265007019
8,0.99,0.01,input_at,1,16,1.482740044593811,16,1.2843899726867676,0.3404742479324341,0.12953023612499237,0.7410436272621155,1.7723095417022705
8,0.99,0.01,input_at,1,17,1.3344659805297852,17,1.2420157194137573,0.3418275713920593,0.034910719841718674,0.781616747379303,1.6138850450515747
8,0.99,0.01,input_at,1,18,1.2010194063186646,18,1.110318660736084,0.30660608410835266,0.0407516285777092,0.8599585890769958,1.3454378843307495
8,0.99,0.01,input_at,1,19,1.0809173583984375,19,1.1986969709396362,0.35061371326446533,0.02493101730942726,0.8491404056549072,1.3746604919433594
8,0.99,0.01,input_at,1,20,0.9728255867958069,20,1.1712015867233276,0.34025922417640686,0.04447455704212189,0.8041297793388367,1.5224685668945312
8,0.99,0.01,input_at,1,21,0.8755429983139038,21,1.4105333089828491,0.3849312663078308,0.03721548616886139,0.8197998404502869,1.472087025642395
8,0.99,0.01,input_at,1,23,0.7091898322105408,23,1.2514923810958862,0.32687366008758545,0.07999526709318161,0.8025209903717041,1.5342772006988525
8,0.99,0.01,input_at,1,24,0.6382707953453064,24,1.0111654996871948,0.2799297869205475,0.035439927130937576,0.8411381840705872,1.4012929201126099
8,0.99,0.01,input_at,1,25,0.5744436979293823,25,1.174874186515808,0.2929629385471344,0.04028977453708649,0.7936775088310242,1.5604286193847656
8,0.99,0.01,input_at,1,39,0.1314142495393753,39,0.5562341809272766,0.04237046837806702,0.651208758354187,0.28720077872276306,5.747425556182861
8,0.99,0.01,input_at,1,40,0.1182728186249733,40,0.33023548126220703,0.014865211211144924,0.6506773829460144,0.30198219418525696,5.735485553741455
8,0.99,0.01,input_at,1,53,0.03006335347890854,53,0.38001707196235657,0.019907809793949127,0.6504983901977539,0.35626548528671265,4.7066192626953125
8,0.99,0.01,input_at,1,54,0.027057018131017685,54,0.5817404389381409,0.04642731323838234,0.6511979103088379,0.27995970845222473,5.249877452850342
8,0.99,0.01,input_at,1,61,0.012941285036504269,61,0.4443577527999878,0.027015961706638336,0.6509777307510376,0.4080907702445984,4.1904988288879395
8,0.99,0.01,input_at,1,63,0.010482440702617168,63,0.35603654384613037,0.01749531365931034,0.6497671008110046,0.3079434037208557,5.13202428817749
8,0.99,0.01,input_at,1,64,0.009434196166694164,64,0.4216509461402893,0.024399716407060623,0.6515907645225525,0.2936093509197235,5.140344619750977
8,0.99,0.01,input_at,1,66,0.007641698233783245,66,0.3169058859348297,0.01375526376068592,0.6506420969963074,0.4640219807624817,3.3000338077545166
8,0.99,0.01,input_at,1,70,0.00501371780410409,70,0.6221716403961182,0.05304795503616333,0.6516598463058472,0.4196690618991852,3.99916672706604
8,0.99,0.01,input_at,1,73,0.003654999891296029,73,0.9647303819656372,0.12712053954601288,0.6513278484344482,0.2961156368255615,5.221653938293457
8,0.99,0.01,input_at,1,74,0.003289500018581748,74,0.4981764554977417,0.03392574191093445,0.6516350507736206,0.25509852170944214,5.824010848999023
8,0.99,0.01,input_at,1,76,0.0026644947938621044,76,0.5245717167854309,0.03740439936518669,0.650570809841156,0.2675936222076416,5.681943416595459
8,0.99,0.01,input_at,1,77,0.0023980452679097652,77,0.3553464114665985,0.017238572239875793,0.6521614789962769,0.3451281189918518,4.292450904846191
8,0.99,0.01,input_at,1,79,0.0019424165366217494,79,0.4479563534259796,0.027476489543914795,0.6508908271789551,0.27256983518600464,5.468788146972656
8,0.99,0.01,input_at,2,0,8.001750946044922,0,1.2344484329223633,0.3977493345737457,0.04164278879761696,0.8833163976669312,1.275766134262085
8,0.99,0.01,input_at,2,1,7.201575756072998,1,1.325128436088562,0.34446460008621216,0.08693335950374603,0.8034477829933167,1.5278788805007935
8,0.99,0.01,input_at,2,2,6.481417655944824,2,1.2576786279678345,0.3985545337200165,0.02849212847650051,0.8134548664093018,1.4842122793197632
8,0.99,0.01,input_at,2,3,5.83327579498291,3,1.1620540618896484,0.33385246992111206,0.057749390602111816,0.7974473237991333,1.5540430545806885
8,0.99,0.01,input_at,2,4,5.249948024749756,4,1.1951768398284912,0.3362312614917755,0.047616079449653625,0.8207862377166748,1.4676291942596436
8,0.99,0.01,input_at,2,5,4.7249531745910645,5,1.1566332578659058,0.3112531006336212,0.05747586116194725,0.7840051054954529,1.6006791591644287
8,0.99,0.01,input_at,2,6,4.252457618713379,6,1.2487506866455078,0.2804848551750183,0.12535671889781952,0.7985564470291138,1.5424989461898804
8,0.99,0.01,input_at,2,7,3.82721209526062,7,1.1886955499649048,0.30533647537231445,0.0804830864071846,0.8602652549743652,1.342049479484558
8,0.99,0.01,input_at,2,8,3.444490671157837,8,1.4186930656433105,0.3865898549556732,0.04663306102156639,0.7423958778381348,1.774630069732666
8,0.99,0.01,input_at,2,9,3.100041389465332,9,1.4747222661972046,0.41120949387550354,0.037925370037555695,0.8036025762557983,1.5308973789215088
8,0.99,0.01,input_at,2,10,2.7900373935699463,10,1.3014267683029175,0.3143194913864136,0.10183864086866379,0.8327074646949768,1.4281083345413208
8,0.99,0.01,input_at,2,11,2.511033535003662,11,1.496870517730713,0.37457671761512756,0.03447922319173813,0.8006031513214111,1.5434144735336304
8,0.99,0.01,input_at,2,12,2.25993013381958,12,1.1783100366592407,0.21075008809566498,0.22913092374801636,0.7984298467636108,1.5443748235702515
8,0.99,0.01,input_at,2,13,2.0339369773864746,13,1.2542790174484253,0.23594245314598083,0.12961237132549286,0.7819748520851135,1.6073830127716064
8,0.99,0.01,input_at,2,14,1.8305432796478271,14,1.4197787046432495,0.2722313106060028,0.14683204889297485,0.8936669826507568,1.2475029230117798
8,0.99,0.01,input_at,2,15,1.6474888324737549,15,0.4538596272468567,0.013162444345653057,0.6752194166183472,0.30259475111961365,5.280135154724121
8,0.99,0.01,input_at,2,16,1.482740044593811,16,1.23989737033844,0.30037054419517517,0.06274895370006561,0.7729551196098328,1.6489216089248657
8,0.99,0.01,input_at,2,17,1.3344659805297852,17,1.3817236423492432,0.30427610874176025,0.09252271056175232,0.8640910983085632,1.3314218521118164
8,0.99,0.01,input_at,2,18,1.2010194063186646,18,1.3599791526794434,0.31791579723358154,0.051535751670598984,0.877009928226471,1.294751763343811
8,0.99,0.01,input_at,2,19,1.0809173583984375,19,1.2527592182159424,0.2843424677848816,0.08510533720254898,0.7926289439201355,1.5690925121307373
8,0.99,0.01,input_at,2,20,0.9728255867958069,20,1.2813745737075806,0.32211068272590637,0.07060514390468597,0.8221189379692078,1.4654359817504883
8,0.99,0.01,input_at,2,21,0.8755429983139038,21,1.4496817588806152,0.2696080505847931,0.15449470281600952,0.6928355097770691,1.9871175289154053
8,0.99,0.01,input_at,2,22,0.7879887223243713,22,1.2062931060791016,0.24287734925746918,0.10909660905599594,0.8682035207748413,1.3198819160461426
8,0.99,0.01,input_at,2,23,0.7091898322105408,23,1.1403995752334595,0.22739994525909424,0.07419883459806442,0.8092654943466187,1.503038763999939
8,0.99,0.01,input_at,2,26,0.5169993042945862,26,1.106921672821045,0.1645311862230301,0.12377329915761948,0.6373241543769836,2.322901964187622
8,0.99,0.01,input_at,2,38,0.14601582288742065,38,1.0646306276321411,0.07202025502920151,0.6750820279121399,0.27811411023139954,5.413254737854004
8,0.99,0.01,input_at,2,40,0.1182728186249733,40,1.0265687704086304,0.06697522848844528,0.6730638742446899,0.4475613534450531,3.4816441535949707
8,0.99,0.01,input_at,2,44,0.07759878784418106,44,1.1683292388916016,0.08710888028144836,0.675858199596405,0.4323265850543976,3.853410005569458
8,0.99,0.01,input_at,2,45,0.06983890384435654,45,0.6047242283821106,0.02341405861079693,0.6763174533843994,0.3677009344100952,4.341490268707275
8,0.99,0.01,input_at,2,47,0.05656951293349266,47,0.33391958475112915,0.007150913588702679,0.6756695508956909,0.3450816571712494,5.102240085601807
8,0.99,0.01,input_at,2,48,0.050912562757730484,48,0.5534610748291016,0.01953996904194355,0.6751620173454285,0.4980241060256958,2.9858102798461914
8,0.99,0.01,input_at,2,50,0.041239168494939804,50,0.35018277168273926,0.007862508296966553,0.6740865111351013,0.28285056352615356,5.728174209594727
8,0.99,0.01,input_at,2,52,0.033403728157281876,52,0.5336444973945618,0.01822398602962494,0.6760092377662659,0.332839697599411,5.218206882476807
8,0.99,0.01,input_at,2,55,0.024351315572857857,55,0.5831848978996277,0.02179891988635063,0.6757709383964539,0.3332698345184326,4.739500522613525
8,0.99,0.01,input_at,2,56,0.021916182711720467,56,0.4156661033630371,0.011017709970474243,0.6747073531150818,0.2698022723197937,6.2437744140625
8,0.99,0.01,input_at,2,58,0.017752105370163918,58,0.35246700048446655,0.007954948581755161,0.6747028827667236,0.27907320857048035,5.826855182647705
8,0.99,0.01,input_at,2,59,0.01597689650952816,59,0.8614240288734436,0.04721486568450928,0.6756811738014221,0.3995762765407562,4.11880350112915
8,0.99,0.01,input_at,2,62,0.011647156439721584,62,0.421570748090744,0.01139784511178732,0.6734276413917542,0.30036595463752747,4.673555374145508
8,0.99,0.01,input_at,2,63,0.010482440702617168,63,0.9648335576057434,0.059442441910505295,0.6754646897315979,0.3149101734161377,5.092013835906982
8,0.99,0.01,input_at,2,67,0.006877528503537178,67,0.5520200729370117,0.019509507343173027,0.6763274073600769,0.3025571405887604,5.433187484741211
8,0.99,0.01,input_at,2,68,0.00618977565318346,68,0.35345011949539185,0.008007670752704144,0.67537522315979,0.32300108671188354,5.1393585205078125
8,0.99,0.01,input_at,2,69,0.005570797715336084,69,0.9336714744567871,0.05574781447649002,0.6761921644210815,0.3776102364063263,4.47794246673584
8,0.99,0.01,input_at,2,71,0.004512345883995295,71,0.4489419758319855,0.012907357886433601,0.6758958697319031,0.4881892502307892,3.1916189193725586
8,0.99,0.01,input_at,2,72,0.004061111249029636,72,0.7755645513534546,0.0385553278028965,0.67588210105896,0.4146635830402374,3.5281355381011963
8,0.99,0.01,input_at,2,75,0.0029605496674776077,75,0.6550131440162659,0.027539609000086784,0.6754224896430969,0.35887014865875244,4.350959777832031
8,0.99,0.01,input_at,2,76,0.0026644947938621044,76,0.8486020565032959,0.04607659578323364,0.675889790058136,0.42911237478256226,3.8861024379730225
8,0.99,0.01,input_at,2,77,0.0023980452679097652,77,0.6108925938606262,0.023898771032691002,0.6751381158828735,0.2612021565437317,6.5098114013671875
8,0.99,0.01,input_at,2,79,0.0019424165366217494,79,0.4235619306564331,0.011512774042785168,0.6754159927368164,0.29064181447029114,5.650028228759766
8,0.99,0.01,lat,0,0,8.001750946044922,0,2.617501974105835,0.4144631624221802,0.08019507676362991,0.8925658464431763,1.251354694366455
8,0.99,0.01,lat,0,1,7.201575756072998,1,2.6497304439544678,0.44325360655784607,0.07299462705850601,0.896636962890625,1.2395304441452026
8,0.99,0.01,lat,0,2,6.481417655944824,2,2.3527939319610596,0.3389829695224762,0.08827576786279678,0.8789981007575989,1.288881778717041
8,0.99,0.01,lat,0,3,5.83327579498291,3,3.3799984455108643,0.5443710684776306,0.0765872672200203,0.8743388056755066,1.3035207986831665
8,0.99,0.01,lat,0,4,5.249948024749756,4,1.552208662033081,0.23212650418281555,0.060068413615226746,0.7462136745452881,1.757002592086792
8,0.99,0.01,lat,0,5,4.7249531745910645,5,2.25457763671875,0.38480401039123535,0.04682696610689163,0.7934935688972473,1.5652740001678467
8,0.99,0.01,lat,0,6,4.252457618713379,6,1.8440937995910645,0.23119251430034637,0.12310025840997696,0.8456959128379822,1.386178970336914
8,0.99,0.01,lat,0,7,3.82721209526062,7,3.8111627101898193,0.5863694548606873,0.06185202673077583,0.923843264579773,1.170040249824524
8,0.99,0.01,lat,0,8,3.444490671157837,8,1.866098165512085,0.2544611394405365,0.06031753867864609,0.8592905402183533,1.3460686206817627
8,0.99,0.01,lat,0,9,3.100041389465332,9,1.870723843574524,0.2559281587600708,0.07462490350008011,0.8006340861320496,1.535723328590393
8,0.99,0.01,lat,0,11,2.511033535003662,11,2.1175124645233154,0.30553725361824036,0.1656838357448578,0.7699543833732605,1.6593817472457886
8,0.99,0.01,lat,0,12,2.25993013381958,12,2.1560773849487305,0.3361019790172577,0.06693101674318314,0.7887305617332458,1.581263542175293
8,0.99,0.01,lat,0,13,2.0339369773864746,13,1.7831288576126099,0.303288996219635,0.03686916455626488,0.8168651461601257,1.4846410751342773
8,0.99,0.01,lat,0,14,1.8305432796478271,14,1.8607271909713745,0.25133460760116577,0.07836133986711502,0.6878015995025635,2.0375704765319824
8,0.99,0.01,lat,0,15,1.6474888324737549,15,2.0027527809143066,0.3081473708152771,0.11746750771999359,0.8011977076530457,1.5370054244995117
8,0.99,0.01,lat,0,16,1.482740044593811,16,1.8493175506591797,0.2240675985813141,0.1258583962917328,0.6311383247375488,2.3401339054107666
8,0.99,0.01,lat,0,17,1.3344659805297852,17,1.9815973043441772,0.2919161319732666,0.17419493198394775,0.6850696206092834,2.0606088638305664
8,0.99,0.01,lat,0,18,1.2010194063186646,18,1.9228609800338745,0.26323768496513367,0.08276981115341187,0.8514134883880615,1.3699144124984741
8,0.99,0.01,lat,0,19,1.0809173583984375,19,1.9736512899398804,0.3128320872783661,0.06720618903636932,0.8338426351547241,1.4259235858917236
8,0.99,0.01,lat,0,20,0.9728255867958069,20,1.9860053062438965,0.30350905656814575,0.052575722336769104,0.7600275874137878,1.7029261589050293
8,0.99,0.01,lat,0,21,0.8755429983139038,21,2.0789854526519775,0.302649587392807,0.203201562166214,0.8353015184402466,1.4222681522369385
8,0.99,0.01,lat,0,22,0.7879887223243713,22,1.8851368427276611,0.19947421550750732,0.08356728404760361,0.7617394328117371,1.6872103214263916
8,0.99,0.01,lat,0,23,0.7091898322105408,23,1.7596079111099243,0.20735502243041992,0.06284542381763458,0.6921059489250183,1.9981186389923096
8,0.99,0.01,lat,0,24,0.6382707953453064,24,1.9984344244003296,0.26400890946388245,0.2639845311641693,0.7804664373397827,1.6148362159729004
8,0.99,0.01,lat,0,25,0.5744436979293823,25,1.898876667022705,0.2569067180156708,0.05640074610710144,0.7602733969688416,1.6937013864517212
8,0.99,0.01,lat,0,26,0.5169993042945862,26,1.8942902088165283,0.20837794244289398,0.08837544173002243,0.7328128814697266,1.8070385456085205
8,0.99,0.01,lat,0,27,0.4652993679046631,27,1.6917550563812256,0.1529703438282013,0.27254369854927063,0.6435333490371704,2.261815309524536
8,0.99,0.01,lat,0,28,0.4187694489955902,28,0.8212375640869141,0.0444660559296608,0.19326114654541016,0.43471759557724,3.5887060165405273
8,0.99,0.01,lat,0,29,0.37689247727394104,29,1.763647437095642,0.21610862016677856,0.11046681553125381,0.647051215171814,2.1978025436401367
8,0.99,0.01,lat,0,30,0.33920323848724365,30,1.490268588066101,0.1331937313079834,0.08239675313234329,0.8537296056747437,1.3613537549972534
8,0.99,0.01,lat,0,31,0.3052828907966614,31,1.4611395597457886,0.12872843444347382,0.061535824090242386,0.6875234246253967,2.020047426223755
8,0.99,0.01,lat,0,32,0.2747545838356018,32,1.567154049873352,0.1587846875190735,0.10362204164266586,0.6194986701011658,2.4089748859405518
8,0.99,0.01,lat,0,33,0.2472791224718094,33,0.30359145998954773,0.005560004152357578,0.27127954363822937,0.3954654037952423,4.088781833648682
8,0.99,0.01,lat,0,34,0.22255121171474457,34,0.5581873059272766,0.01915920525789261,0.21826918423175812,0.3107164800167084,5.542229652404785
8,0.99,0.01,lat,0,45,0.06983890384435654,45,0.467469185590744,0.011383110657334328,0.45000022649765015,0.41513875126838684,4.2341108322143555
8,0.99,0.01,lat,0,46,0.06285501271486282,46,0.42815133929252625,0.009273693896830082,0.4212114214897156,0.26041895151138306,6.1104230880737305
8,0.99,0.01,lat,0,47,0.05656951293349266,47,0.3390960991382599,0.005784074775874615,0.4476909935474396,0.3679351806640625,4.521646022796631
8,0.99,0.01,lat,0,52,0.033403728157281876,52,0.3478237986564636,0.00911843404173851,0.13923245668411255,0.24947455525398254,6.010874271392822
8,0.99,0.01,lat,0,58,0.017752105370163918,58,0.42623016238212585,0.009395616129040718,0.38961997628211975,0.33132004737854004,5.155554294586182
8,0.99,0.01,lat,0,59,0.01597689650952816,59,0.5282239317893982,0.018546152859926224,0.2954491972923279,0.354819655418396,4.9167704582214355
8,0.99,0.01,lat,0,60,0.01437920518219471,60,0.4647117555141449,0.01181091833859682,0.44673171639442444,0.25525104999542236,6.038415431976318
8,0.99,0.01,lat,0,69,0.005570797715336084,69,0.595706045627594,0.01864633709192276,0.4504455327987671,0.28279274702072144,5.9310431480407715
8,0.99,0.01,lat,0,73,0.003654999891296029,73,1.4018553495407104,0.12379107624292374,0.16987155377864838,0.4553559124469757,3.903231143951416
8,0.99,0.01,lat,0,77,0.0023980452679097652,77,0.33360055088996887,0.005728994030505419,0.4461227059364319,0.24227923154830933,6.440755844116211
8,0.99,0.01,lat,1,0,8.001750946044922,0,3.1301767826080322,0.5437337160110474,0.09432968497276306,0.8610247373580933,1.342283844947815
8,0.99,0.01,lat,1,1,7.201575756072998,1,2.536299705505371,0.37401869893074036,0.12793369591236115,0.871101438999176,1.3119815587997437
8,0.99,0.01,lat,1,2,6.481417655944824,2,2.6525368690490723,0.43767163157463074,0.09364505112171173,0.7741317749023438,1.641019582748413
8,0.99,0.01,lat,1,3,5.83327579498291,3,2.308654546737671,0.3415771722793579,0.0977741926908493,0.8489832878112793,1.3781920671463013
8,0.99,0.01,lat,1,4,5.249948024749756,4,2.259972333908081,0.36718663573265076,0.08244211226701736,0.8114969730377197,1.5032473802566528
8,0.99,0.01,lat,1,5,4.7249531745910645,5,2.4762024879455566,0.3785879909992218,0.08184294402599335,0.7677554488182068,1.6666091680526733
8,0.99,0.01,lat,1,6,4.252457618713379,6,2.181004285812378,0.3287406861782074,0.11250529438257217,0.9114277958869934,1.2016576528549194
8,0.99,0.01,lat,1,7,3.82721209526062,7,2.1411850452423096,0.30456575751304626,0.12212590128183365,0.780090868473053,1.6177456378936768
8,0.99,0.01,lat,1,8,3.444490671157837,8,2.5221540927886963,0.3551511764526367,0.07418933510780334,0.8045356273651123,1.526855707168579
8,0.99,0.01,lat,1,9,3.100041389465332,9,2.18346905708313,0.35010507702827454,0.0735345184803009,0.7228160500526428,1.8519294261932373
8,0.99,0.01,lat,1,10,2.7900373935699463,10,2.0594136714935303,0.2945343554019928,0.13168953359127045,0.7794368267059326,1.621932029724121
8,0.99,0.01,lat,1,11,2.511033535003662,11,2.0639140605926514,0.26526907086372375,0.10181638598442078,0.7907817363739014,1.5786068439483643
8,0.99,0.01,lat,1,12,2.25993013381958,12,1.697807788848877,0.18939034640789032,0.14130666851997375,0.766775369644165,1.6717743873596191
8,0.99,0.01,lat,1,13,2.0339369773864746,13,2.039382219314575,0.3065691590309143,0.0533258356153965,0.7873073816299438,1.5868721008300781
8,0.99,0.01,lat,1,15,1.6474888324737549,15,2.2749929428100586,0.37624046206474304,0.05512663722038269,0.7730313539505005,1.6507588624954224
8,0.99,0.01,lat,1,16,1.482740044593811,16,2.0584380626678467,0.2787868082523346,0.09303930401802063,0.6949732303619385,1.9974193572998047
8,0.99,0.01,lat,1,17,1.3344659805297852,17,1.6501727104187012,0.1764725148677826,0.08668331801891327,0.7574771046638489,1.7102500200271606
8,0.99,0.01,lat,1,18,1.2010194063186646,18,1.9783029556274414,0.293591171503067,0.06846243888139725,0.7772711515426636,1.6320090293884277
8,0.99,0.01,lat,1,19,1.0809173583984375,19,2.09234619140625,0.2992458939552307,0.07261504977941513,0.7353439927101135,1.7911311388015747
8,0.99,0.01,lat,1,20,0.9728255867958069,20,1.8428395986557007,0.2366296499967575,0.06211419031023979,0.752088725566864,1.7318694591522217
8,0.99,0.01,lat,1,21,0.8755429983139038,21,2.317478895187378,0.301795095205307,0.055041953921318054,0.8403098583221436,1.4054206609725952
8,0.99,0.01,lat,1,22,0.7879887223243713,22,1.8199106454849243,0.22397038340568542,0.14659325778484344,0.7933456301689148,1.566107988357544
8,0.99,0.01,lat,1,23,0.7091898322105408,23,1.7103562355041504,0.20037060976028442,0.09980791807174683,0.8084133863449097,1.5135499238967896
8,0.99,0.01,lat,1,24,0.6382707953453064,24,2.058502674102783,0.35996219515800476,0.050674986094236374,0.7606051564216614,1.691680908203125
8,0.99,0.01,lat,1,25,0.5744436979293823,25,1.864374041557312,0.24317705631256104,0.07075630128383636,0.7897438406944275,1.581210970878601
8,0.99,0.01,lat,1,26,0.5169993042945862,26,1.781874179840088,0.22569604218006134,0.07259120047092438,0.7164198756217957,1.887784719467163
8,0.99,0.01,lat,1,27,0.4652993679046631,27,1.992792010307312,0.28975909948349,0.06472429633140564,0.7424529790878296,1.7755322456359863
8,0.99,0.01,lat,1,28,0.4187694489955902,28,1.969318151473999,0.24551117420196533,0.291447252035141,0.5787426233291626,2.7264962196350098
8,0.99,0.01,lat,1,29,0.37689247727394104,29,1.8624743223190308,0.24156638979911804,0.06524689495563507,0.7276531457901001,1.8333988189697266
8,0.99,0.01,lat,1,30,0.33920323848724365,30,1.8604613542556763,0.19927598536014557,0.2865205705165863,0.5739535689353943,2.763075351715088
8,0.99,0.01,lat,1,31,0.3052828907966614,31,1.3766180276870728,0.1311887502670288,0.13987508416175842,0.6144473552703857,2.441007375717163
8,0.99,0.01,lat,1,32,0.2747545838356018,32,0.4848684072494507,0.01800825446844101,0.17609918117523193,0.2618738114833832,6.22377872467041
8,0.99,0.01,lat,1,33,0.2472791224718094,33,1.2724833488464355,0.1150999441742897,0.07381239533424377,0.6334015727043152,2.348761796951294
8,0.99,0.01,lat,1,35,0.2002960741519928,35,0.9210081696510315,0.05119926854968071,0.15565478801727295,0.482329785823822,3.505253791809082
8,0.99,0.01,lat,1,36,0.18026646971702576,36,0.7337431311607361,0.02723369561135769,0.306883305311203,0.3995485305786133,4.201509952545166
8,0.99,0.01,lat,1,37,0.16223981976509094,37,0.5073434710502625,0.014239402487874031,0.2548510432243347,0.2776833176612854,5.506063938140869
8,0.99,0.01,lat,1,39,0.1314142495393753,39,0.41114717721939087,0.008215157315135002,0.48884767293930054,0.23742450773715973,6.016475200653076
8,0.99,0.01,lat,1,40,0.1182728186249733,40,0.3418734073638916,0.005647525656968355,0.49226075410842896,0.28047558665275574,5.701893329620361
8,0.99,0.01,lat,1,54,0.027057018131017685,54,0.31223636865615845,0.0047777858562767506,0.48930326104164124,0.26066121459007263,5.413824081420898
8,0.99,0.01,lat,1,61,0.012941285036504269,61,0.380720853805542,0.006985302548855543,0.49106907844543457,0.31662240624427795,5.313071250915527
8,0.99,0.01,lat,1,66,0.007641698233783245,66,0.3392588496208191,0.0056035337038338184,0.48943835496902466,0.3497752547264099,4.50140905380249
8,0.99,0.01,lat,1,67,0.006877528503537178,67,0.3066234886646271,0.0045522418804466724,0.48407068848609924,0.36151009798049927,4.4665913581848145
8,0.99,0.01,lat,1,70,0.00501371780410409,70,0.5800595283508301,0.016353033483028412,0.4909989535808563,0.3522312343120575,4.9128875732421875
8,0.99,0.01,lat,1,73,0.003654999891296029,73,0.8235396146774292,0.03294682130217552,0.490898996591568,0.22212918102741241,6.581916809082031
8,0.99,0.01,lat,1,74,0.003289500018581748,74,0.4520825147628784,0.009956106543540955,0.49094676971435547,0.30593764781951904,5.601800918579102
8,0.99,0.01,lat,1,76,0.0026644947938621044,76,0.46767085790634155,0.010470916517078876,0.49128568172454834,0.34343716502189636,5.171533107757568
8,0.99,0.01,lat,1,79,0.0019424165366217494,79,0.4260847568511963,0.008837418630719185,0.4912128150463104,0.3029455542564392,5.778234481811523
8,0.99,0.01,lat,2,0,8.001750946044922,0,2.507812738418579,0.441650927066803,0.07926587015390396,0.8701091408729553,1.314258337020874
8,0.99,0.01,lat,2,1,7.201575756072998,1,1.9102884531021118,0.3842516541481018,0.08742974698543549,0.8157828450202942,1.4856469631195068
8,0.99,0.01,lat,2,2,6.481417655944824,2,2.0641117095947266,0.40089917182922363,0.0785985141992569,0.7744878530502319,1.6342723369598389
8,0.99,0.01,lat,2,3,5.83327579498291,3,2.017655849456787,0.3698001205921173,0.08673989027738571,0.8098157048225403,1.5078924894332886
8,0.99,0.01,lat,2,4,5.249948024749756,4,2.4531989097595215,0.43850746750831604,0.09984748065471649,0.8400211930274963,1.4048821926116943
8,0.99,0.01,lat,2,5,4.7249531745910645,5,1.9990390539169312,0.34499362111091614,0.07368799299001694,0.8194423913955688,1.4756361246109009
8,0.99,0.01,lat,2,6,4.252457618713379,6,2.1358017921447754,0.35031744837760925,0.08970358222723007,0.797322154045105,1.549376130104065
8,0.99,0.01,lat,2,7,3.82721209526062,7,2.0449624061584473,0.33203694224357605,0.06944172829389572,0.8089368939399719,1.5115339756011963
8,0.99,0.01,lat,2,8,3.444490671157837,8,2.322700023651123,0.41059163212776184,0.06077529862523079,0.7053992748260498,1.9412710666656494
8,0.99,0.01,lat,2,9,3.100041389465332,9,1.8233726024627686,0.2699342668056488,0.07966348528862,0.6829960942268372,2.0674259662628174
8,0.99,0.01,lat,2,10,2.7900373935699463,10,1.7950620651245117,0.287965327501297,0.09393154084682465,0.6593362092971802,2.142306089401245
8,0.99,0.01,lat,2,11,2.511033535003662,11,1.705592155456543,0.28768354654312134,0.10513817518949509,0.7287805080413818,1.8361750841140747
8,0.99,0.01,lat,2,12,2.25993013381958,12,1.6426399946212769,0.25604450702667236,0.11820405721664429,0.7296361923217773,1.8275277614593506
8,0.99,0.01,lat,2,13,2.0339369773864746,13,1.9237889051437378,0.24739791452884674,0.08111850172281265,0.8347381353378296,1.4232542514801025
8,0.99,0.01,lat,2,14,1.8305432796478271,14,2.0661916732788086,0.30621811747550964,0.08280603587627411,0.897864818572998,1.2374054193496704
8,0.99,0.01,lat,2,15,1.6474888324737549,15,0.3575097918510437,0.008013065904378891,0.4419369399547577,0.3965049982070923,4.6039886474609375
8,0.99,0.01,lat,2,16,1.482740044593811,16,1.9380137920379639,0.2808836102485657,0.07308582216501236,0.6631919741630554,2.1773550510406494
8,0.99,0.01,lat,2,17,1.3344659805297852,17,1.8354663848876953,0.25539958477020264,0.094647116959095,0.7649763226509094,1.6735632419586182
8,0.99,0.01,lat,2,18,1.2010194063186646,18,1.6592628955841064,0.21980620920658112,0.1035071387887001,0.8414238691329956,1.4001041650772095
8,0.99,0.01,lat,2,19,1.0809173583984375,19,1.9045376777648926,0.27395808696746826,0.08040937781333923,0.7277666330337524,1.8336502313613892
8,0.99,0.01,lat,2,20,0.9728255867958069,20,1.731083869934082,0.25771087408065796,0.09163866192102432,0.7711407542228699,1.646657109260559
8,0.99,0.01,lat,2,21,0.8755429983139038,21,1.7965106964111328,0.25004372000694275,0.12293331325054169,0.8274222612380981,1.4492448568344116
8,0.99,0.01,lat,2,22,0.7879887223243713,22,1.7927685976028442,0.26865801215171814,0.1152038723230362,0.8285535573959351,1.444819450378418
8,0.99,0.01,lat,2,23,0.7091898322105408,23,2.2085602283477783,0.3452106714248657,0.09971930086612701,0.7828095555305481,1.5969847440719604
8,0.99,0.01,lat,2,24,0.6382707953453064,24,1.892516851425171,0.24975214898586273,0.08251304924488068,0.749667763710022,1.7472453117370605
8,0.99,0.01,lat,2,25,0.5744436979293823,25,1.6154855489730835,0.20379522442817688,0.11912371218204498,0.7925480604171753,1.5693930387496948
8,0.99,0.01,lat,2,26,0.5169993042945862,26,1.9703481197357178,0.2725805640220642,0.08256006985902786,0.792502224445343,1.5669736862182617
8,0.99,0.01,lat,2,27,0.4652993679046631,27,1.7037057876586914,0.2352851778268814,0.10309112817049026,0.7135006785392761,1.9095227718353271
8,0.99,0.01,lat,2,28,0.4187694489955902,28,1.7560280561447144,0.24228079617023468,0.13352544605731964,0.7299758791923523,1.8255038261413574
8,0.99,0.01,lat,2,29,0.37689247727394104,29,1.4413936138153076,0.15813997387886047,0.15543563663959503,0.5858863592147827,2.579279661178589
8,0.99,0.01,lat,2,30,0.33920323848724365,30,1.4262460470199585,0.18459847569465637,0.14003422856330872,0.7076534032821655,1.913633942604065
8,0.99,0.01,lat,2,31,0.3052828907966614,31,0.9516357183456421,0.07428047806024551,0.14565518498420715,0.5785202980041504,2.7369472980499268
8,0.99,0.01,lat,2,32,0.2747545838356018,32,0.9917957782745361,0.09032444655895233,0.12956185638904572,0.4388093054294586,3.7611846923828125
8,0.99,0.01,lat,2,33,0.2472791224718094,33,0.7774789333343506,0.04752957448363304,0.113514743745327,0.38413193821907043,4.555334568023682
8,0.99,0.01,lat,2,34,0.22255121171474457,34,0.6303104162216187,0.043066512793302536,0.13281965255737305,0.3425629138946533,4.784292697906494
8,0.99,0.01,lat,2,35,0.2002960741519928,35,0.4136312007904053,0.015379262156784534,0.12972165644168854,0.37764960527420044,4.87681770324707
8,0.99,0.01,lat,2,38,0.14601582288742065,38,0.7021461129188538,0.038654398173093796,0.13251060247421265,0.4259606599807739,4.242101192474365
8,0.99,0.01,lat,2,40,0.1182728186249733,40,0.5773502588272095,0.024704396724700928,0.15528437495231628,0.4503813087940216,3.607842206954956
8,0.99,0.01,lat,2,44,0.07759878784418106,44,0.5856578946113586,0.02090764045715332,0.40416568517684937,0.37680211663246155,4.706180572509766
8,0.99,0.01,lat,2,50,0.041239168494939804,50,0.37258633971214294,0.00904688611626625,0.44934386014938354,0.3057461977005005,5.656551361083984
8,0.99,0.01,lat,2,63,0.010482440702617168,63,0.6684122681617737,0.027181288227438927,0.4268926680088043,0.47758063673973083,3.565823554992676
8,0.99,0.01,lat,2,69,0.005570797715336084,69,0.4874586760997772,0.017194680869579315,0.44270768761634827,0.44291314482688904,3.963412284851074
8,0.99,0.01,lat,2,72,0.004061111249029636,72,0.39842140674591064,0.01148657314479351,0.4387618899345398,0.4532415568828583,3.7091243267059326
8,0.99,0.01,lat,2,74,0.003289500018581748,74,0.30946195125579834,0.007153681945055723,0.4352544844150543,0.36219391226768494,4.833182334899902
8,0.99,0.01,lat,2,75,0.0029605496674776077,75,0.36450865864753723,0.009393595159053802,0.44591522216796875,0.39020413160324097,4.5821356773376465
8,0.99,0.01,lat,2,76,0.0026644947938621044,76,0.43262699246406555,0.013103303499519825,0.4470826983451843,0.39518624544143677,4.415183067321777
8,0.99,0.01,lat,2,77,0.0023980452679097652,77,0.33901387453079224,0.008070025593042374,0.4452784061431885,0.33353203535079956,5.697387218475342
